advanced	1.5
appropriate	1.5
attack	-1.5
available	1.5
ax	-1.5
best	1.5
better	1.5
break	-1.5
bug	-1.5
classic	1.5
clear	1.5
collapse	-1.5
complex	-1.5
correct	1.5
correctly	1.5
criminal	-1.5
critical	-1.5
dead	-1.5
death	-1.5
die	-1.5
difficult	-1.5
disorder	-1.5
dynamic	1.5
easy	1.5
enough	1.5
err	-1.5
error	-1.5
errors	-1.5
failed	-1.5
fair	1.5
false	-1.5
fine	1.5
free	1.5
gold	1.5
good	1.5
great	1.5
hard	-1.5
hot	1.5
important	1.5
integrated	1.5
irregular	-1.5
issue	-1.5
issues	-1.5
lack	-1.5
lead	1.5
like	1.5
limit	-1.5
limited	-1.5
loss	-1.5
love	1.5
modern	1.5
negative	-1.5
object	-1.5
passive	-1.5
popular	1.5
positive	1.5
problem	-1.5
problems	-1.5
proper	1.5
properly	1.5
protect	1.5
protection	1.5
ready	1.5
respect	1.5
right	1.5
risk	-1.5
significant	1.5
sin	-1.5
solid	1.5
sophisticated	1.5
sorry	-1.5
split	-1.5
static	-1.5
stress	-1.5
strong	1.5
success	1.5
super	1.5
support	1.5
syndrome	-1.5
tank	-1.5
tanks	-1.5
top	1.5
transparent	1.5
undefined	-1.5
unknown	-1.5
useful	1.5
violation	-1.5
virus	-1.5
warning	-1.5
wedge	-1.5
well	1.5
won	1.5
work	1.5
works	1.5
wrong	-1.5
آداب	1.5
آسف	-1.5
آلام	-1.5
آمن	1.5
أؤكد	1.5
أبخرة	-1.5
أبدي	1.5
أبسط	1.5
أبطأ	-1.5
أبطال	1.5
أبغض	-1.5
أبهى	-1.5
أثار	1.5
أثقل	-1.5
أجمل	1.5
أجنبي	-1.5
أجوف	-1.5
أحب	1.5
أحبط	-1.5
أحداث	-1.5
أحسن	1.5
أحمق	-1.5
أحيا	1.5
أخر	-1.5
أخطأ	-1.5
أخطاء	-1.5
أخف	1.5
أخفق	-1.5
أخلاقي	1.5
أخلاقية	1.5
أدان	-1.5
أدب	1.5
أذكى	1.5
أذى	-1.5
أرخص	1.5
أرض	-1.5
أرق	1.5
أروع	1.5
أزاح	-1.5
أزعج	-1.5
أزمة	-1.5
أسباير	1.5
أسرع	1.5
أسطورة	-1.5
أسطوري	1.5
أسعد	1.5
أسف	-1.5
أسمى	1.5
أسهل	1.5
أسوأ	-1.5
أسوان	-1.5
أشاع	-1.5
أشقر	1.5
أشك	-1.5
أصالة	1.5
أصدر	-1.5
أصعب	1.5
أصلح	1.5
أصم	-1.5
أصولية	-1.5
أضاء	1.5
أضاع	-1.5
أضر	-1.5
أضرار	-1.5
أضعف	-1.5
أضعفت	-1.5
أضيق	-1.5
أطاح	-1.5
أطلال	-1.5
أعاق	-1.5
أعجب	1.5
أعجوبة	1.5
أعذب	1.5
أعراض	-1.5
أعز	1.5
أعظم	1.5
أعلى	1.5
أعمال	1.5
أعمى	-1.5
أغرب	-1.5
أغضب	-1.5
أفخم	1.5
أفسد	-1.5
أفضل	1.5
أفقر	-1.5
أقر	1.5
أقوى	1.5
أكبر	1.5
أكد	1.5
ألغى	-1.5
ألفة	1.5
ألم	-1.5
ألمع	1.5
ألهم	1.5
أليم	-1.5
أمانة	1.5
أمل	1.5
أملس	1.5
أمن	1.5
أمي	-1.5
أمين	1.5
أناقة	1.5
أنانية	-1.5
أنجح	1.5
أنعم	1.5
أنيس	1.5
أنيق	1.5
أهل	1.5
أهمل	-1.5
أوج	1.5
أوصى	1.5
أول	1.5
أوهام	-1.5
أيد	1.5
أيدت	1.5
أير	-1.5
إبادة	-1.5
إبراء	1.5
إبعاد	-1.5
إبليس	-1.5
إتلاف	-1.5
إثارة	1.5
إثراء	1.5
إثم	-1.5
إجلال	1.5
إجمالي	-1.5
إجهاد	-1.5
إحباط	-1.5
إحراق	-1.5
إحساس	1.5
إحياء	1.5
إخضاع	-1.5
إخلاص	1.5
إخلال	-1.5
إدانة	-1.5
إذلال	-1.5
إراقة	-1.5
إرهاب	-1.5
إرهاق	-1.5
إزالة	-1.5
إزعاج	-1.5
إسفين	-1.5
إسقاط	-1.5
إسهام	1.5
إشادة	1.5
إشاعة	-1.5
إشباع	1.5
إشعاع	1.5
إشكالية	-1.5
إصابة	-1.5
إصلاح	1.5
إصلاحه	1.5
إضافي	1.5
إضعاف	-1.5
إعاقة	-1.5
إعجاب	1.5
إعفاء	1.5
إغراء	-1.5
إغفال	-1.5
إفساد	-1.5
إقصاء	-1.5
إكراه	-1.5
إلزاميا	-1.5
إلهام	1.5
إلهي	1.5
إنجاز	1.5
إنذار	-1.5
إنساني	1.5
إنكار	-1.5
إهانة	-1.5
إهمال	-1.5
إيجابي	1.5
إيمان	1.5
ابتزاز	-1.5
ابتسام	1.5
ابتسامة	1.5
ابتسم	1.5
ابتكار	1.5
ابتلع	-1.5
اتزان	1.5
اتفاق	1.5
اتهام	-1.5
اتهامات	-1.5
اتهم	-1.5
اثارت	-1.5
اجتهاد	1.5
اجتياح	-1.5
اجمل	1.5
اجهاد	-1.5
احتج	-1.5
احتجاج	-1.5
احتراق	-1.5
احترام	1.5
احترم	1.5
احتضان	1.5
احتضن	1.5
احتفال	1.5
احتفالي	1.5
احتفل	1.5
احتقار	-1.5
احتقان	-1.5
احتكاك	-1.5
احتمل	-1.5
احتيال	-1.5
احياء	1.5
اختراق	1.5
اختلاف	1.5
اختلف	-1.5
ادعاء	-1.5
ادعى	-1.5
ارتباك	-1.5
ارتداد	-1.5
ارتفع	1.5
ارتياح	1.5
ازدراء	-1.5
ازدهار	1.5
ازدهر	1.5
ازدواجية	-1.5
استئناف	1.5
استبداد	-1.5
استبدال	1.5
استثناء	-1.5
استثنائي	1.5
استخبارات	1.5
استدلالي	1.5
استراحة	-1.5
استرداد	1.5
استسلام	-1.5
استسلم	-1.5
استشهاد	-1.5
استعادة	1.5
استعباد	-1.5
استعد	1.5
استعداد	1.5
استغرق	1.5
استغل	-1.5
استغلال	-1.5
استفاد	1.5
استفادة	1.5
استقال	-1.5
استقالة	-1.5
استقام	1.5
استقامة	1.5
استقر	1.5
استقرار	1.5
استمتع	1.5
استند	1.5
استنزاف	-1.5
استنكار	-1.5
استنكر	-1.5
استوعب	-1.5
استياء	-1.5
اسر	-1.5
اسطورة	-1.5
اسلام	1.5
اشتاق	-1.5
اشتباك	-1.5
اشتبه	-1.5
اشتكى	-1.5
اشتهر	1.5
اصاب	-1.5
اضراب	-1.5
اضطراب	-1.5
اضطرابات	-1.5
اضطهاد	-1.5
اطفاء	-1.5
اعتبار	1.5
اعتداء	-1.5
اعتدى	-1.5
اعتذر	-1.5
اعتراض	-1.5
اعتراف	-1.5
اعترافات	-1.5
اعترض	-1.5
اعترف	-1.5
اعتقال	-1.5
اغتال	-1.5
اغتصاب	-1.5
اغتصب	-1.5
اغتيال	-1.5
اقتحام	-1.5
اقتصادي	1.5
اكتئاب	-1.5
اكتسبت	1.5
ال	1.5
الآفات	-1.5
الأحاسيس	1.5
الأخطاء	-1.5
الأذى	-1.5
الأرق	-1.5
الأصولية	-1.5
الأضرار	-1.5
الأعداء	-1.5
الأعذار	-1.5
الأعراض	-1.5
الألفة	1.5
الأمثل	1.5
الأنيق	1.5
الأوهام	-1.5
الإحباط	-1.5
الإخلاص	1.5
الإصلاحات	1.5
الإعجاب	1.5
الإغراق	-1.5
الإمبريالية	-1.5
الإنجازات	1.5
الاثارة	1.5
الاحتجاجات	-1.5
الاحترام	1.5
الاحتيال	-1.5
الادعاءات	-1.5
الاستبدادية	-1.5
الاستدامة	1.5
الاسترداد	-1.5
الاستقطاب	-1.5
الاستمرارية	1.5
الاضمحلال	-1.5
الاعتداء	-1.5
الاعتراضات	-1.5
الاعتصام	-1.5
الانتقادات	-1.5
الانتهازية	-1.5
الانجذاب	1.5
الانحراف	-1.5
الانخراط	1.5
الانخفاض	-1.5
الانسجام	1.5
الانكماش	-1.5
الانهيار	-1.5
الاهتزاز	-1.5
البارز	1.5
البارعة	1.5
البطالة	-1.5
البغض	-1.5
البق	-1.5
البقع	-1.5
البلطجة	-1.5
البناء	1.5
التأخير	-1.5
التأهل	1.5
التبسيط	-1.5
التجاعيد	-1.5
التحديث	1.5
التحكم	1.5
التحوط	-1.5
التخريبية	-1.5
التخلف	-1.5
التراجع	-1.5
التزام	1.5
التسرب	-1.5
التسريبات	-1.5
التسول	-1.5
التشدد	-1.5
التطرف	-1.5
التعديات	-1.5
التعذيب	-1.5
التعويض	1.5
التفاؤل	1.5
التفوق	1.5
التقلبات	-1.5
التكامل	1.5
التكيفية	1.5
التلقين	-1.5
التماس	1.5
التمس	-1.5
التمكين	1.5
التنازل	-1.5
التناقضات	-1.5
التنصت	-1.5
التهاب	-1.5
التهديد	-1.5
التهديدات	-1.5
التهكم	-1.5
الثغرات	-1.5
الثقة	1.5
الثورات	-1.5
الجاهل	-1.5
الجحيم	-1.5
الجذور	-1.5
الجرائم	-1.5
الجروح	-1.5
الجمال	1.5
الجنة	1.5
الجنون	-1.5
الجوائز	1.5
الحاق	-1.5
الحروق	-1.5
الحريات	1.5
الحزبية	-1.5
الحزن	-1.5
الحساسية	-1.5
الحسد	1.5
الحضنة	-1.5
الحضيض	-1.5
الحكة	-1.5
الحمى	-1.5
الحيرة	-1.5
الحيل	-1.5
الخارقة	-1.5
الخام	-1.5
الخصم	-1.5
الخصومة	-1.5
الخلافات	-1.5
الخلل	-1.5
الخمول	-1.5
الخنازير	-1.5
الدبابات	-1.5
الدجال	-1.5
الدوام	1.5
الديون	-1.5
الذهب	1.5
الرائد	1.5
الراقي	1.5
الرضا	1.5
الرفض	-1.5
الرقي	1.5
الرقيق	-1.5
الروائح	-1.5
الساحق	-1.5
الساخرة	-1.5
الساكنة	-1.5
السجن	-1.5
السحب	-1.5
السلبيات	-1.5
السوبر	1.5
السياط	-1.5
الشائعات	-1.5
الشتائم	-1.5
الشجار	-1.5
الشجاع	1.5
الشجعان	1.5
الشخصيات	1.5
الشذوذ	-1.5
الشرور	-1.5
الشقوق	-1.5
الشقي	-1.5
الشكاوى	-1.5
الشكوك	-1.5
الصافي	1.5
الصدارة	1.5
الصداع	-1.5
الصدمة	-1.5
الصراعات	-1.5
الصعوبات	-1.5
الصورية	-1.5
الضجيج	-1.5
الضرب	-1.5
الضعيفة	-1.5
الظالمين	-1.5
الظلم	-1.5
الظنون	-1.5
العاجز	-1.5
العادل	1.5
العادم	-1.5
العبث	-1.5
العبيد	-1.5
العجب	1.5
العجز	-1.5
العدد	-1.5
العدو	-1.5
العدواني	-1.5
العدوى	-1.5
العزلة	-1.5
العزيزة	1.5
العشق	1.5
العشوائية	-1.5
العصرية	1.5
العقل	1.5
العنصرية	-1.5
العودة	-1.5
العيوب	-1.5
الغائب	-1.5
الغازية	-1.5
الغريب	-1.5
الفأس	-1.5
الفائز	1.5
الفائزين	1.5
الفاسق	-1.5
الفتوة	-1.5
الفجر	1.5
الفشل	-1.5
الفقيرة	-1.5
الفوائد	1.5
القاتل	-1.5
القراص	-1.5
القلق	-1.5
القهري	-1.5
القيامة	-1.5
القيود	-1.5
الكارثية	-1.5
الكثرة	1.5
الكدمات	-1.5
الكرتوني	-1.5
الكره	-1.5
الكفار	-1.5
الكلبة	-1.5
الكوارث	-1.5
اللاذعة	-1.5
اللعن	-1.5
اللعنات	-1.5
اللعنة	-1.5
المؤامرات	-1.5
المؤهلين	1.5
الماجستير	1.5
المبتكرة	1.5
المبدئي	1.5
المتآمرين	-1.5
المتباينة	-1.5
المتشددين	-1.5
المتضرر	-1.5
المتطرفين	-1.5
المتعة	-1.5
المتعصبين	-1.5
المتفوق	1.5
المتكررة	-1.5
المثابرة	1.5
المثالي	1.5
المثالية	1.5
المثبط	-1.5
المثقلة	1.5
المحاصر	-1.5
المحاصرين	-1.5
المحمول	1.5
المخاطر	-1.5
المخالف	-1.5
المخاوف	-1.5
المدافع	1.5
المدافعون	-1.5
المدعومة	1.5
المدللة	1.5
المذنب	-1.5
المرح	1.5
المردود	-1.5
المرموقة	1.5
المريض	1.5
المزدهر	1.5
المستحيل	-1.5
المستدامة	1.5
المستفيد	1.5
المستقرة	-1.5
المشجعين	1.5
المشردين	-1.5
المشهود	1.5
المصائب	-1.5
المصارف	-1.5
المصاعب	-1.5
المضللة	-1.5
المطبات	-1.5
المظالم	-1.5
المعبود	1.5
المعجزات	1.5
المعرفة	1.5
المعروف	-1.5
المفاجئة	1.5
المفيد	1.5
المقدس	1.5
المكاسب	1.5
المكافآت	1.5
الملتوية	-1.5
الملكية	-1.5
الملهم	1.5
الملوث	-1.5
المناورة	1.5
المنشق	-1.5
المنشقين	-1.5
المنكوبة	-1.5
المواجهة	-1.5
المواقف	-1.5
الموانئ	-1.5
الموبوءة	-1.5
الموت	-1.5
الموضوعية	1.5
الميت	-1.5
الناقد	-1.5
النبيل	1.5
النجاحات	1.5
النحات	-1.5
النسخ	1.5
النضال	-1.5
النعيم	1.5
النقاد	-1.5
النمطية	-1.5
الهجمات	-1.5
الهزائم	1.5
الهلع	-1.5
الهمج	-1.5
الهمجي	-1.5
الهيمنة	-1.5
الوثني	-1.5
الوحشية	-1.5
الوطني	1.5
الوهمية	-1.5
اليأس	-1.5
انتحار	-1.5
انتحاري	-1.5
انتحر	-1.5
انتزع	-1.5
انتشارا	-1.5
انتصار	1.5
انتصر	1.5
انتعاش	1.5
انتعش	1.5
انتقائي	1.5
انتقام	-1.5
انتقد	-1.5
انتقم	-1.5
انتهاك	-1.5
انتهاكات	-1.5
انتهت	-1.5
انحدار	-1.5
انحراف	-1.5
انحرف	-1.5
انحطاط	-1.5
انحلال	-1.5
انحياز	-1.5
انخفاض	-1.5
انخفض	-1.5
اندلاع	-1.5
انسجام	1.5
انسحاب	-1.5
انسداد	-1.5
انفتاح	1.5
انفجار	-1.5
انفجر	-1.5
انفراد	-1.5
انفصال	1.5
انفعال	-1.5
انقسم	-1.5
انقطاع	-1.5
انقلب	-1.5
انكسار	1.5
انكسر	-1.5
انهار	-1.5
انهيار	-1.5
اهتزاز	-1.5
اهمال	-1.5
ايجابي	1.5
ايجابيات	1.5
بأعجوبة	1.5
بأمانة	1.5
بؤس	-1.5
بإتقان	1.5
بإخلاص	1.5
بإسهاب	1.5
بئر	1.5
باحترام	1.5
بارز	1.5
بارع	1.5
بارك	1.5
باستمرار	1.5
باسم	1.5
باطل	-1.5
بال	-1.5
بالتزكية	1.5
بالتساوي	1.5
بالذعر	-1.5
بالضبط	1.5
بالعدل	1.5
بالغ	-1.5
بانك	-1.5
بانورامي	1.5
باهت	-1.5
باهتة	-1.5
باهر	1.5
باهظ	-1.5
باهظة	-1.5
ببراعة	1.5
ببسالة	1.5
ببطء	-1.5
بتصلب	-1.5
بتفوق	1.5
بثبات	1.5
بثقة	1.5
بجد	1.5
بجنون	-1.5
بحدة	-1.5
بحرارة	1.5
بحق	1.5
بحكمة	1.5
بحماس	1.5
بخبرة	1.5
بخور	-1.5
بخيانة	-1.5
بخير	1.5
بدائي	-1.5
بدعة	-1.5
بدقة	1.5
بديع	1.5
بدين	-1.5
بذكاء	1.5
بر	1.5
برئ	1.5
براعة	1.5
براق	1.5
بربرة	-1.5
بربري	-1.5
برع	1.5
برغبة	1.5
برق	1.5
برقة	1.5
بركة	1.5
برهن	1.5
برودة	-1.5
بروز	1.5
بري	-1.5
بريق	1.5
بس	1.5
بسالة	1.5
بسخاء	1.5
بسخرية	-1.5
بسط	1.5
بسعادة	1.5
بسلاسة	1.5
بسلام	1.5
بسمة	1.5
بسهولة	1.5
بسيط	1.5
بشاعة	-1.5
بشجاعة	1.5
بشدة	-1.5
بشراسة	-1.5
بشع	-1.5
بصدق	1.5
بصمات	1.5
بصيرة	1.5
بصيص	-1.5
بطل	1.5
بطلة	1.5
بطولي	1.5
بطيء	-1.5
بعذوبة	1.5
بعناية	1.5
بعنف	-1.5
بعيد	-1.5
بغضب	-1.5
بغي	-1.5
بغيض	-1.5
بفرح	1.5
بفقر	-1.5
بق	-1.5
بقاء	1.5
بقايا	-1.5
بقع	-1.5
بقعة	-1.5
بقلق	-1.5
بقوة	1.5
بكفاءة	1.5
بكى	-1.5
بلاء	-1.5
بلطف	1.5
بليد	-1.5
بليغ	1.5
بمرارة	-1.5
بمسؤولية	1.5
بمعزل	-1.5
بنجاح	1.5
بهجة	1.5
بهدوء	1.5
بهر	1.5
بوحشية	-1.5
بوضوح	1.5
بوفرة	1.5
بوق	1.5
بين	1.5
تآكل	-1.5
تأثير	1.5
تأخر	-1.5
تأخير	-1.5
تأكل	-1.5
تأكيد	1.5
تأكيدات	1.5
تألق	1.5
تألم	-1.5
تأمين	1.5
تأييد	1.5
تؤيد	1.5
تابع	-1.5
تالف	-1.5
تام	-1.5
تباطأ	-1.5
تبجيل	1.5
تبسيط	1.5
تتجاوز	1.5
تتحطم	-1.5
تتحلل	-1.5
تتطفل	-1.5
تتفاقم	-1.5
تتفق	1.5
تتفوق	1.5
تتمتع	1.5
تثبت	1.5
تثبيط	-1.5
تجاهل	-1.5
تجاوز	1.5
تجبر	-1.5
تجدد	1.5
تجديف	-1.5
تجفيف	-1.5
تجمد	-1.5
تجميد	-1.5
تجميل	1.5
تجنب	-1.5
تجنبت	-1.5
تجويف	-1.5
تحامل	-1.5
تحد	-1.5
تحدي	-1.5
تحديد	-1.5
تحذير	-1.5
تحرش	-1.5
تحرير	1.5
تحريض	-1.5
تحريف	-1.5
تحسس	-1.5
تحسن	1.5
تحسين	1.5
تحسينات	1.5
تحصل	1.5
تحطم	-1.5
تحطمت	-1.5
تحطمها	-1.5
تحطيم	-1.5
تحفة	1.5
تحفيز	1.5
تحقيق	1.5
تحلل	-1.5
تحمل	1.5
تحيز	-1.5
تحيي	1.5
تخدير	-1.5
تخريب	-1.5
تخصيب	1.5
تخفيف	1.5
تخل	-1.5
تخلف	-1.5
تخلى	-1.5
تخوف	-1.5
تخويف	-1.5
تخيل	1.5
تدارك	1.5
تداعى	-1.5
تداعيات	-1.5
تدخل	-1.5
تدمر	-1.5
تدمير	-1.5
تدهور	-1.5
تدين	-1.5
تذبذب	-1.5
تذكاري	1.5
تذمر	-1.5
تراجع	-1.5
تربة	-1.5
ترحيب	1.5
تردد	-1.5
ترسب	-1.5
ترف	1.5
ترفض	-1.5
ترفيه	1.5
ترقية	1.5
ترو	1.5
تزخر	1.5
تزدهر	1.5
تساقط	-1.5
تساهل	1.5
تستحق	1.5
تستعد	1.5
تستكمل	1.5
تستمر	-1.5
تسرب	-1.5
تسرع	-1.5
تسريب	-1.5
تسلق	-1.5
تسلل	-1.5
تسول	-1.5
تشابك	-1.5
تشاجر	-1.5
تشتيت	-1.5
تشجيع	1.5
تشك	-1.5
تشكو	-1.5
تشكيلة	1.5
تشهير	-1.5
تشوه	-1.5
تشويش	-1.5
تشويه	-1.5
تصادم	-1.5
تصارع	-1.5
تصالح	1.5
تصحيح	1.5
تصدى	-1.5
تصديق	1.5
تصفيق	1.5
تصلب	-1.5
تصويري	1.5
تضاءل	-1.5
تضاؤل	-1.5
تضاد	-1.5
تضارب	-1.5
تضامن	1.5
تضخم	-1.5
تضليل	-1.5
تضمين	-1.5
تطاير	-1.5
تطرف	-1.5
تطعم	-1.5
تطعيم	-1.5
تطلعات	1.5
تظاهر	-1.5
تعارض	-1.5
تعاوني	1.5
تعب	-1.5
تعثر	-1.5
تعثرت	-1.5
تعجب	1.5
تعذيب	-1.5
تعرض	-1.5
تعزية	1.5
تعزيز	1.5
تعسف	-1.5
تعصب	-1.5
تعطيل	-1.5
تعفن	-1.5
تعقيد	-1.5
تعمية	-1.5
تعنت	-1.5
تعهد	1.5
تعوق	-1.5
تعيش	1.5
تغذية	1.5
تغلب	1.5
تفاقم	-1.5
تفاوت	-1.5
تفتت	-1.5
تفتح	1.5
تفتقر	-1.5
تفجر	-1.5
تفريغ	-1.5
تفريق	-1.5
تفضل	1.5
تفكك	-1.5
تفككت	-1.5
تفنيد	-1.5
تفوق	1.5
تفوقت	1.5
تقتصر	-1.5
تقدر	1.5
تقدم	1.5
تقدمي	1.5
تقدمية	1.5
تقدير	1.5
تقديري	1.5
تقسيم	-1.5
تقشر	-1.5
تقطر	-1.5
تقع	-1.5
تقوض	-1.5
تقوى	1.5
تقويض	-1.5
تقى	1.5
تقييد	-1.5
تكدس	-1.5
تكريم	1.5
تكملة	1.5
تلاعب	-1.5
تلبية	1.5
تلتهم	-1.5
تلف	-1.5
تلفيق	-1.5
تلمس	-1.5
تلمع	1.5
تلميح	-1.5
تلوث	-1.5
تلويث	-1.5
تماثل	1.5
تماسك	1.5
تمام	1.5
تمتص	-1.5
تمثال	-1.5
تمجيد	1.5
تمرد	-1.5
تمزق	-1.5
تمسك	-1.5
تمكين	1.5
تمييز	-1.5
تمييزه	-1.5
تنازع	-1.5
تنازل	-1.5
تنازلات	-1.5
تنافر	-1.5
تنافس	-1.5
تنافسي	1.5
تناقص	-1.5
تناقض	-1.5
تنتهج	-1.5
تنتهك	-1.5
تنزف	-1.5
تنشيط	1.5
تنقص	-1.5
تنقضي	-1.5
تنكر	-1.5
تنوعا	1.5
تنوير	1.5
تهتز	-1.5
تهدئة	1.5
تهدم	-1.5
تهديد	-1.5
تهرب	-1.5
تهنئة	1.5
تهيج	-1.5
تواضع	1.5
تواطؤ	-1.5
توافق	1.5
توتر	-1.5
توج	1.5
توجيه	1.5
تورم	-1.5
توسط	-1.5
توصف	-1.5
توصيات	1.5
توصية	1.5
توضيح	1.5
توفي	-1.5
توفير	1.5
توفيق	1.5
توق	1.5
توقف	-1.5
توكيد	1.5
تيسير	1.5
ثأر	-1.5
ثابت	1.5
ثراء	1.5
ثروة	1.5
ثري	1.5
ثريا	1.5
ثعلبة	-1.5
ثقب	-1.5
ثقة	1.5
ثقيل	-1.5
ثمين	1.5
ثور	1.5
ثوران	-1.5
جائز	1.5
جائزة	1.5
جاد	1.5
جاذبية	1.5
جالس	-1.5
جامد	-1.5
جاهز	1.5
جاهل	-1.5
جبان	-1.5
جبر	-1.5
جثة	-1.5
جحيم	-1.5
جد	1.5
جدا	1.5
جدارة	1.5
جدال	-1.5
جدد	1.5
جدل	-1.5
جدي	1.5
جدية	-1.5
جديد	1.5
جذاب	1.5
جذب	1.5
جذري	-1.5
جذريا	-1.5
جرأة	1.5
جرح	-1.5
جرد	-1.5
جرم	-1.5
جريمة	-1.5
جزار	-1.5
جزم	1.5
جشع	-1.5
جعدة	-1.5
جفاف	-1.5
جلالة	1.5
جليل	1.5
جمال	1.5
جمل	1.5
جميل	1.5
جميلة	1.5
جن	-1.5
جنائي	-1.5
جنة	1.5
جنسي	1.5
جنون	-1.5
جهز	1.5
جهل	-1.5
جهنم	-1.5
جهود	-1.5
جواد	1.5
جوع	-1.5
جوف	-1.5
جوهرة	1.5
جيد	1.5
جيدا	1.5
جيداً	1.5
حادث	-1.5
حاذق	1.5
حار	1.5
حازم	1.5
حاصر	-1.5
حاضر	1.5
حالة	-1.5
حامض	-1.5
حب	1.5
حبس	-1.5
حبكة	-1.5
حبيب	1.5
حبيبة	1.5
حبيبي	1.5
حبيس	-1.5
حتما	-1.5
حث	1.5
حجب	-1.5
حجة	-1.5
حد	-1.5
حداثة	1.5
حدة	-1.5
حدث	-1.5
حدد	-1.5
حدود	-1.5
حديث	1.5
حذف	-1.5
حر	1.5
حرام	-1.5
حران	1.5
حربي	-1.5
حرج	-1.5
حرر	1.5
حررت	1.5
حرض	-1.5
حرف	-1.5
حرق	-1.5
حرم	-1.5
حرمان	-1.5
حرية	1.5
حريص	1.5
حزبية	-1.5
حزن	-1.5
حزين	-1.5
حساس	1.5
حساسية	-1.5
حسن	1.5
حسنا	1.5
حسناء	1.5
حشد	-1.5
حشية	1.5
حصار	-1.5
حصانة	-1.5
حصر	-1.5
حضن	1.5
حطم	-1.5
حظ	1.5
حظر	-1.5
حظيرة	1.5
حفز	1.5
حفظ	1.5
حق	1.5
حقا	1.5
حقاني	1.5
حقد	-1.5
حقق	1.5
حقن	1.5
حقيقي	1.5
حك	-1.5
حكة	-1.5
حكمة	1.5
حكيم	1.5
حلاوة	1.5
حلم	1.5
حلو	1.5
حماس	1.5
حماسة	1.5
حماقة	-1.5
حماية	1.5
حمل	-1.5
حملة	-1.5
حميم	1.5
حنان	-1.5
حنق	-1.5
حنون	1.5
حنين	-1.5
حوادث	-1.5
حي	1.5
حيا	1.5
حيد	-1.5
حير	-1.5
حيرة	-1.5
حيلة	-1.5
حيوية	1.5
حيي	1.5
خائف	-1.5
خائفة	-1.5
خائن	-1.5
خادم	-1.5
خارجي	-1.5
خاضع	-1.5
خاطئ	-1.5
خاطر	-1.5
خاف	-1.5
خافت	-1.5
خالية	-1.5
خامل	-1.5
خان	-1.5
خانق	-1.5
خبث	-1.5
خبيث	-1.5
ختم	1.5
خجل	-1.5
خداع	-1.5
خدش	-1.5
خدع	-1.5
خدعة	-1.5
خراب	-1.5
خراج	-1.5
خرافة	-1.5
خرافي	-1.5
خرب	-1.5
خردة	-1.5
خرق	-1.5
خريف	-1.5
خزان	-1.5
خزن	-1.5
خزنة	1.5
خسائر	-1.5
خسارة	-1.5
خسر	-1.5
خشن	-1.5
خشي	1.5
خصب	1.5
خصص	1.5
خصم	-1.5
خصوبة	1.5
خصومة	-1.5
خصيب	1.5
خضع	-1.5
خضوع	-1.5
خطأ	-1.5
خطاء	-1.5
خطر	-1.5
خطورة	-1.5
خطيئة	-1.5
خفض	-1.5
خفف	1.5
خففت	1.5
خفي	-1.5
خلاف	-1.5
خلافي	-1.5
خلاق	1.5
خلص	1.5
خلع	-1.5
خلفي	-1.5
خلل	-1.5
خليلة	-1.5
خمير	-1.5
خنجر	-1.5
خنزير	-1.5
خنق	-1.5
خوف	-1.5
خيال	-1.5
خيانة	-1.5
خير	1.5
خيرة	1.5
خيري	1.5
داء	-1.5
داحس	-1.5
داع	-1.5
داعم	1.5
داعمة	1.5
دافئ	1.5
دافع	1.5
داكن	-1.5
داهية	1.5
دب	-1.5
دبابة	-1.5
دبلوماسي	1.5
دحض	-1.5
دخان	-1.5
دخن	-1.5
دعا	1.5
دعابة	1.5
دعاة	1.5
دعامة	1.5
دعاية	-1.5
دعم	1.5
دفء	1.5
دفاعي	-1.5
دفق	1.5
دقة	1.5
دقيق	1.5
دكتاتور	-1.5
دمار	-1.5
دمر	-1.5
دموي	-1.5
دمى	-1.5
دمية	-1.5
دنت	-1.5
دنس	-1.5
دهشة	1.5
دهن	-1.5
دهني	-1.5
دوافع	1.5
دون	-1.5
ديس	-1.5
دين	-1.5
ديناميكي	1.5
ذبح	-1.5
ذخيرة	-1.5
ذروة	1.5
ذريعة	-1.5
ذعر	-1.5
ذكاء	1.5
ذكي	1.5
ذنب	-1.5
ذهب	1.5
ذهبي	1.5
ذهني	1.5
ذهول	1.5
ذوى	-1.5
رأس	1.5
رؤوف	1.5
رئيسي	1.5
رائحة	-1.5
رائع	1.5
رائعة	1.5
راحة	1.5
راشد	1.5
راض	1.5
ربح	1.5
ربوة	1.5
رتب	1.5
رجعي	-1.5
رحب	1.5
رحم	1.5
رحمة	1.5
رحمن	1.5
رحيم	1.5
رخيص	1.5
رد	-1.5
ردع	-1.5
ردها	1.5
رديء	-1.5
رزين	-1.5
رسمي	-1.5
رسوم	-1.5
رشاقة	1.5
رشح	-1.5
رشوة	-1.5
رشيق	1.5
رصاص	1.5
رصيف	-1.5
رضا	1.5
رضى	1.5
رطب	-1.5
رعاية	1.5
رعى	1.5
رغب	1.5
رغم	-1.5
رفاهية	1.5
رفض	-1.5
رفع	1.5
رفيع	1.5
رقاقة	-1.5
رقة	1.5
رقد	-1.5
ركب	1.5
ركود	-1.5
رهاب	-1.5
رهيب	-1.5
رهيبة	-1.5
رهينة	-1.5
روائع	1.5
رواسب	-1.5
رواية	-1.5
روحاني	1.5
روحي	1.5
روض	1.5
روعة	1.5
رومانسي	1.5
ريا	1.5
رياضي	1.5
زائد	-1.5
زائف	-1.5
زاحف	-1.5
زايد	1.5
زبد	-1.5
زحف	-1.5
زريبة	1.5
زعم	-1.5
زفر	1.5
زمرة	-1.5
زنزانة	-1.5
زهر	1.5
زوال	-1.5
زورا	-1.5
زورق	1.5
زومبي	-1.5
زيادة	1.5
زيف	-1.5
سائد	-1.5
ساحر	1.5
ساحق	-1.5
ساخر	-1.5
ساخرا	-1.5
ساخن	1.5
ساذج	-1.5
سار	1.5
ساطع	1.5
ساعد	1.5
ساقط	-1.5
ساكن	-1.5
سالم	1.5
سام	-1.5
سامى	1.5
سب	-1.5
سبات	-1.5
سبح	1.5
سبق	1.5
سبيكة	-1.5
سجن	-1.5
سجين	-1.5
سحابة	-1.5
سحب	-1.5
سحر	1.5
سحري	1.5
سحق	-1.5
سحيق	-1.5
سخر	-1.5
سخرية	-1.5
سخط	-1.5
سخونة	1.5
سخي	1.5
سخيف	-1.5
سر	1.5
سراب	-1.5
سرب	-1.5
سرطان	-1.5
سرطاني	-1.5
سرعة	1.5
سرق	-1.5
سرقة	-1.5
سرور	1.5
سريع	1.5
سطحي	-1.5
سعادة	1.5
سعر	-1.5
سعي	1.5
سعيد	1.5
سفاح	-1.5
سفك	-1.5
سقط	-1.5
سقوط	-1.5
سكت	1.5
سكران	-1.5
سكن	1.5
سكين	-1.5
سلالة	-1.5
سلام	1.5
سلبي	-1.5
سلبيات	-1.5
سلبية	-1.5
سلس	1.5
سلق	-1.5
سلمي	1.5
سلميا	1.5
سليم	1.5
سم	-1.5
سماء	1.5
سماوات	1.5
سماوي	1.5
سمت	1.5
سمعة	1.5
سمكا	-1.5
سمي	-1.5
سميك	-1.5
سمين	-1.5
سهل	1.5
سهولة	1.5
سوط	-1.5
سوف	-1.5
سيئ	-1.5
سيئة	-1.5
سيادة	1.5
سيد	1.5
سيدة	-1.5
سيطر	1.5
سيطرة	-1.5
سيل	-1.5
شائع	1.5
شائك	-1.5
شاب	1.5
شاحب	-1.5
شاق	-1.5
شاقة	-1.5
شاكر	1.5
شامل	1.5
شتم	-1.5
شجار	-1.5
شجاع	1.5
شجاعة	1.5
شجب	-1.5
شجع	1.5
شحذ	1.5
شخصية	1.5
شد	-1.5
شذوذ	-1.5
شر	-1.5
شرب	-1.5
شرعي	1.5
شرف	1.5
شرك	-1.5
شرير	-1.5
شطب	-1.5
شعبي	1.5
شغف	1.5
شغل	1.5
شفاء	1.5
شفاف	1.5
شفرة	-1.5
شفق	1.5
شفى	1.5
شق	-1.5
شقاق	-1.5
شقوق	-1.5
شقي	-1.5
شك	-1.5
شكا	-1.5
شكر	1.5
شكور	1.5
شكوى	-1.5
شل	-1.5
شلال	-1.5
شلالات	-1.5
شم	-1.5
شمولي	-1.5
شهرة	1.5
شهير	1.5
شوق	-1.5
شيطان	-1.5
شيطاني	-1.5
صاح	-1.5
صاخب	-1.5
صاخبة	-1.5
صادق	1.5
صارخ	-1.5
صاف	1.5
صالح	1.5
صام	1.5
صامت	1.5
صباح	1.5
صبر	1.5
صح	1.5
صحة	1.5
صحح	1.5
صحراء	-1.5
صحراوي	-1.5
صحي	1.5
صحيح	1.5
صحيحا	1.5
صخب	-1.5
صخري	-1.5
صد	-1.5
صدأ	-1.5
صداع	-1.5
صداقة	1.5
صدع	-1.5
صدفة	-1.5
صدق	1.5
صدم	-1.5
صدمة	-1.5
صدمت	-1.5
صراخ	-1.5
صراع	-1.5
صرخ	-1.5
صرخة	-1.5
صرع	-1.5
صرف	-1.5
صريح	1.5
صعب	-1.5
صعوبة	-1.5
صفاء	1.5
صفعة	-1.5
صفقة	1.5
صقل	1.5
صقيع	-1.5
صلابة	-1.5
صلاح	1.5
صناع	1.5
صنع	-1.5
صنم	1.5
صهر	-1.5
صهريج	-1.5
صيام	1.5
صيغة	-1.5
ضئيل	-1.5
ضائع	-1.5
ضائقة	-1.5
ضار	-1.5
ضامن	1.5
ضباب	-1.5
ضبابية	-1.5
ضجيج	-1.5
ضحل	-1.5
ضحى	-1.5
ضخم	-1.5
ضراوة	-1.5
ضرب	-1.5
ضربة	-1.5
ضرر	-1.5
ضعاف	-1.5
ضعف	-1.5
ضعيف	-1.5
ضغط	-1.5
ضل	-1.5
ضمان	1.5
ضمن	1.5
ضمور	-1.5
ضوضاء	-1.5
ضيق	-1.5
طاحنة	-1.5
طاعون	-1.5
طاغية	-1.5
طالبان	-1.5
طاهر	1.5
طحن	-1.5
طرب	1.5
طرح	-1.5
طرد	-1.5
طرق	-1.5
طريف	1.5
طريقة	1.5
طعم	-1.5
طعن	-1.5
طعنة	-1.5
طغت	-1.5
طغيان	-1.5
طفيل	-1.5
طفيلي	-1.5
طل	-1.5
طلب	1.5
طلق	1.5
طمس	-1.5
طمع	-1.5
طموح	1.5
طنين	-1.5
طهر	1.5
طوابق	-1.5
طوارئ	-1.5
طوفان	-1.5
طويل	-1.5
طيب	1.5
طين	-1.5
ظالم	-1.5
ظاهريا	-1.5
ظريف	1.5
ظلام	-1.5
ظلم	-1.5
ظلما	-1.5
ظهر	1.5
عائق	-1.5
عابر	-1.5
عاجز	-1.5
عاجلا	1.5
عاد	-1.5
عادل	1.5
عادي	-1.5
عار	-1.5
عارض	-1.5
عاشق	1.5
عاصف	-1.5
عاطفة	1.5
عاطفي	1.5
عاطفية	1.5
عاقب	-1.5
عاقل	1.5
عال	-1.5
عالج	1.5
عالي	-1.5
عامي	-1.5
عانى	-1.5
عاهرة	-1.5
عبء	-1.5
عبث	-1.5
عبثا	-1.5
عبد	-1.5
عبق	1.5
عبقرية	1.5
عبودية	-1.5
عتاب	-1.5
عتيق	-1.5
عجائب	1.5
عجب	1.5
عجز	-1.5
عجل	-1.5
عداء	-1.5
عداوة	-1.5
عدل	1.5
عدو	-1.5
عدوان	-1.5
عدواني	-1.5
عدوانية	-1.5
عدوى	-1.5
عديم	-1.5
عذاب	-1.5
عذب	-1.5
عذرا	-1.5
عرج	-1.5
عرضا	-1.5
عرضة	-1.5
عرضه	-1.5
عرضي	-1.5
عرف	1.5
عرقلة	-1.5
عرقي	-1.5
عرقية	-1.5
عزاء	1.5
عزب	-1.5
عزز	1.5
عزل	-1.5
عزلة	-1.5
عزم	1.5
عزيز	1.5
عسير	-1.5
عشب	-1.5
عشق	1.5
عشوائيا	-1.5
عشيق	1.5
عشيقة	-1.5
عصبي	-1.5
عصري	1.5
عصى	-1.5
عصيان	-1.5
عطاء	1.5
عطش	-1.5
عطل	-1.5
عظم	1.5
عظمة	1.5
عظيم	1.5
عفا	1.5
عفن	-1.5
عفو	1.5
عفوي	1.5
عفيف	1.5
عقائدي	-1.5
عقبة	-1.5
عقلاني	1.5
عقوبة	-1.5
عقيم	-1.5
علاج	1.5
علاقة	1.5
علامات	-1.5
علاوة	1.5
علق	-1.5
علقة	-1.5
عليل	-1.5
عمق	1.5
عمل	1.5
عملت	1.5
عملي	1.5
عمى	-1.5
عمياء	-1.5
عميق	1.5
عميل	-1.5
عناق	1.5
عنت	-1.5
عنصري	-1.5
عنصرية	-1.5
عنيد	-1.5
عنيف	-1.5
عهد	1.5
عوادم	-1.5
عوز	-1.5
عيب	-1.5
عين	1.5
عيوب	-1.5
غاب	-1.5
غادر	-1.5
غاز	-1.5
غاضب	-1.5
غافل	-1.5
غالب	-1.5
غالي	-1.5
غامض	-1.5
غامضة	-1.5
غانية	1.5
غبار	-1.5
غبي	-1.5
غثيان	-1.5
غدر	-1.5
غرس	-1.5
غرض	-1.5
غرق	-1.5
غرقت	-1.5
غرم	1.5
غرور	-1.5
غريب	-1.5
غريم	-1.5
غزا	-1.5
غزير	1.5
غش	-1.5
غضب	-1.5
غطت	-1.5
غفران	1.5
غلط	-1.5
غلطة	-1.5
غلى	-1.5
غليان	-1.5
غم	-1.5
غمر	-1.5
غمرت	-1.5
غموض	-1.5
غنائم	-1.5
غنى	1.5
غني	1.5
غور	-1.5
غول	-1.5
غياب	-1.5
غيبوبة	-1.5
غيرة	-1.5
غيري	1.5
غيم	-1.5
غيمة	-1.5
غيور	-1.5
فائدة	1.5
فاتن	1.5
فاجعة	-1.5
فاحش	-1.5
فاحشة	-1.5
فاخر	1.5
فار	-1.5
فاسد	-1.5
فاشل	-1.5
فاشية	-1.5
فاضل	1.5
فاق	1.5
فاقد	-1.5
فتحة	-1.5
فتن	1.5
فتنة	-1.5
فجأة	-1.5
فجر	1.5
فخ	-1.5
فخر	1.5
فخم	1.5
فخور	1.5
فداء	1.5
فر	-1.5
فراغ	-1.5
فرح	1.5
فردية	1.5
فرض	-1.5
فزع	-1.5
فساد	-1.5
فسخ	-1.5
فسد	-1.5
فسيح	1.5
فشل	-1.5
فصحى	1.5
فصل	-1.5
فصيح	1.5
فضائح	-1.5
فضح	-1.5
فضفاض	-1.5
فضل	1.5
فضول	1.5
فضيحة	-1.5
فضيلة	1.5
فظيع	-1.5
فعال	1.5
فعالية	1.5
فقد	-1.5
فقدان	-1.5
فقر	-1.5
فقير	-1.5
فك	-1.5
فكر	1.5
فكرة	-1.5
فكه	1.5
فناء	-1.5
فني	-1.5
فواصل	-1.5
فورا	1.5
فوري	1.5
فوز	1.5
فوضوي	-1.5
فوضوية	-1.5
فوضى	-1.5
فيروس	-1.5
قابلة	1.5
قاتل	-1.5
قاد	1.5
قادر	1.5
قارص	-1.5
قاس	-1.5
قاضى	-1.5
قاطع	-1.5
قانوني	1.5
قبضة	-1.5
قبيح	-1.5
قتال	-1.5
قتامة	-1.5
قتل	-1.5
قدح	-1.5
قدر	1.5
قدرة	1.5
قدس	1.5
قدم	1.5
قديس	1.5
قديم	-1.5
قديمة	-1.5
قذف	-1.5
قرح	-1.5
قرحة	-1.5
قرش	-1.5
قرع	-1.5
قريب	-1.5
قزم	-1.5
قساوة	-1.5
قسري	-1.5
قسم	-1.5
قسمة	1.5
قسوة	-1.5
قش	-1.5
قشر	-1.5
قصاب	-1.5
قصر	-1.5
قصف	-1.5
قصور	-1.5
قصى	-1.5
قضاء	-1.5
قضايا	-1.5
قضيب	-1.5
قضية	-1.5
قطع	-1.5
قلب	-1.5
قلة	-1.5
قلق	-1.5
قمامة	-1.5
قمة	1.5
قمع	-1.5
قمعي	-1.5
قمم	1.5
قنبلة	-1.5
قوي	1.5
قيء	-1.5
قيادات	1.5
قيادة	1.5
قيادي	1.5
قيد	-1.5
قيم	1.5
قيمة	1.5
كآبة	-1.5
كأس	1.5
كائن	-1.5
كابوس	-1.5
كاذب	-1.5
كارثة	-1.5
كارثية	-1.5
كاره	-1.5
كاريكاتير	-1.5
كاف	1.5
كافح	-1.5
كافر	-1.5
كامل	1.5
كاو	-1.5
كبت	-1.5
كبح	-1.5
كبرياء	1.5
كبير	1.5
كثير	1.5
كثيف	-1.5
كحيل	-1.5
كدر	-1.5
كدمات	-1.5
كذاب	-1.5
كذب	-1.5
كذبة	-1.5
كرامة	1.5
كراهية	-1.5
كرب	-1.5
كرس	1.5
كرم	1.5
كره	-1.5
كرها	-1.5
كريم	1.5
كريه	-1.5
كساد	-1.5
كسب	1.5
كسر	-1.5
كسل	-1.5
كسول	-1.5
كشف	-1.5
كشك	-1.5
كعب	-1.5
كفؤ	1.5
كفاح	-1.5
كفر	-1.5
كفن	-1.5
كفى	1.5
كلاب	-1.5
كلاسيكي	1.5
كمال	1.5
كمن	-1.5
كمين	-1.5
كنز	1.5
كهف	-1.5
كيس	-1.5
لائق	1.5
لافت	1.5
لام	-1.5
لامع	1.5
لبس	-1.5
لدغ	-1.5
لدغة	-1.5
لذيذ	1.5
لذيذة	1.5
لزج	-1.5
لصوص	-1.5
لطف	1.5
لطيف	1.5
لطيفة	1.5
لعن	-1.5
لعنة	-1.5
لف	-1.5
لفظ	1.5
لكم	-1.5
لكمة	-1.5
للأسف	-1.5
للتحقيق	1.5
للعرض	1.5
لمع	1.5
لوم	-1.5
لوى	-1.5
ليمون	-1.5
لين	1.5
ليونة	1.5
مأزق	-1.5
مأساة	-1.5
مأساوي	-1.5
مألوف	-1.5
مؤامرة	-1.5
مؤثر	1.5
مؤخرة	-1.5
مؤدب	1.5
مؤسف	-1.5
مؤقت	-1.5
مؤقتا	-1.5
مؤلم	-1.5
مؤمن	1.5
مؤنس	1.5
مؤيد	1.5
مائل	-1.5
ماتي	-1.5
ماجستير	1.5
مارس	-1.5
ماسة	-1.5
ماص	-1.5
ماكر	-1.5
مالكي	-1.5
مانع	-1.5
ماهر	1.5
مباح	1.5
مبارك	1.5
مبالغ	-1.5
مبالغة	-1.5
مبتكر	1.5
مبرر	-1.5
مبروك	1.5
مبسطة	1.5
مبشر	1.5
مبهم	-1.5
مبين	1.5
متأخر	-1.5
متألق	1.5
متاح	1.5
متبرع	1.5
متجدد	1.5
متحرر	1.5
متحمس	1.5
متحيزة	-1.5
متخلف	-1.5
متردد	-1.5
مترددة	-1.5
متسق	1.5
متشدد	-1.5
متطرف	-1.5
متطرفة	-1.5
متطور	1.5
متعب	-1.5
متعة	1.5
متعرج	-1.5
متعصب	-1.5
متعلم	1.5
متعمد	-1.5
متعهد	1.5
متفائل	1.5
متفاوت	-1.5
متفجر	-1.5
متفرقات	-1.5
متفوق	1.5
متقدم	1.5
متقطع	-1.5
متكامل	1.5
متلازمة	-1.5
متماسك	1.5
متمرد	-1.5
متمم	1.5
متميز	1.5
متناقض	-1.5
متنقل	1.5
متهما	-1.5
متوازن	1.5
متواصل	-1.5
متواضع	1.5
متوافقة	1.5
متوحش	-1.5
متورط	-1.5
متوسط	-1.5
متوفر	1.5
متين	1.5
مثال	1.5
مثالي	1.5
مثقلة	-1.5
مثل	1.5
مثمر	1.5
مثير	1.5
مجاز	1.5
مجازر	-1.5
مجاعة	-1.5
مجاملة	1.5
مجاني	1.5
مجتهد	1.5
مجد	1.5
مجرم	-1.5
مجزأة	-1.5
مجزرة	-1.5
مجسم	1.5
مجمع	-1.5
مجنون	-1.5
مجهول	-1.5
مجوف	-1.5
مجيد	1.5
محارب	-1.5
محافظ	-1.5
محاكمة	-1.5
محام	1.5
محب	1.5
محبة	1.5
محبوب	1.5
محبوبة	1.5
محتاج	-1.5
محتال	-1.5
محترم	1.5
محتمل	1.5
محدود	-1.5
محرم	-1.5
محسن	1.5
محظوظ	1.5
محكوم	-1.5
محنة	-1.5
محو	-1.5
مخادع	-1.5
مخالفة	-1.5
مخدر	-1.5
مخرب	-1.5
مخرمة	-1.5
مخطئ	-1.5
مخفي	-1.5
مخلص	1.5
مخلفات	-1.5
مخمور	-1.5
مخيب	-1.5
مخيف	-1.5
مد	1.5
مدح	1.5
مدخرات	1.5
مدروس	1.5
مدلل	-1.5
مدمج	1.5
مدمر	-1.5
مدمن	-1.5
مدمني	-1.5
مدهش	1.5
مدية	-1.5
مذبحة	-1.5
مذكر	1.5
مذنب	-1.5
مذهل	1.5
مر	-1.5
مرابط	-1.5
مرارة	-1.5
مراعاة	1.5
مراقبة	-1.5
مراوغة	-1.5
مربح	1.5
مربى	-1.5
مرتاح	1.5
مرتد	-1.5
مرتفعا	-1.5
مرح	1.5
مرضي	-1.5
مرفوض	-1.5
مركب	-1.5
مرن	1.5
مرهقة	-1.5
مروحة	1.5
مروع	-1.5
مرونة	1.5
مريح	1.5
مرير	-1.5
مزايا	1.5
مزدحم	-1.5
مزدهر	1.5
مزعج	-1.5
مزق	-1.5
مزمن	-1.5
مزور	-1.5
مزيف	-1.5
مسألة	-1.5
مسئولية	-1.5
مساعدة	1.5
مسالم	1.5
مساوئ	-1.5
مسبب	1.5
مستحق	1.5
مستحيل	-1.5
مستعد	1.5
مستقبلية	1.5
مستقر	1.5
مستقل	1.5
مستقيم	1.5
مستنقع	-1.5
مسح	1.5
مسحوق	-1.5
مسخ	-1.5
مسدود	-1.5
مسرور	1.5
مسروق	-1.5
مسكن	1.5
مسكين	-1.5
مسموع	1.5
مسنن	-1.5
مشادة	-1.5
مشاعل	-1.5
مشاكل	-1.5
مشبك	-1.5
مشجع	1.5
مشحون	-1.5
مشدود	-1.5
مشرع	1.5
مشرف	1.5
مشرق	1.5
مشروع	1.5
مشع	1.5
مشقة	-1.5
مشكلة	-1.5
مشهور	1.5
مشوق	1.5
مشوه	-1.5
مشوهة	-1.5
مص	-1.5
مصاب	-1.5
مصادرة	-1.5
مصادفة	-1.5
مصالح	1.5
مصداقية	1.5
مصرح	1.5
مصقول	1.5
مصلحة	1.5
مصمم	1.5
مصيبة	-1.5
مصير	1.5
مضايقة	-1.5
مضر	-1.5
مضرب	1.5
مضروب	-1.5
مضطرب	-1.5
مضغوط	1.5
مضلل	-1.5
مضيء	1.5
مطاوع	1.5
مطمئن	1.5
مطول	-1.5
مطيع	-1.5
مظلل	-1.5
مظلم	-1.5
معاد	-1.5
معارضة	-1.5
معاصر	1.5
معاق	-1.5
معاقبة	-1.5
معاكس	-1.5
معاناة	-1.5
معتدل	1.5
معتقد	1.5
معجب	1.5
معجزة	1.5
معد	-1.5
معدل	1.5
معدوم	-1.5
معرض	1.5
معروف	1.5
معز	1.5
معزول	-1.5
معصوم	1.5
معضلة	-1.5
معقول	1.5
معلق	-1.5
معلومات	1.5
معمول	-1.5
معيبة	-1.5
مغارة	-1.5
مغالطة	-1.5
مغامر	1.5
مغر	1.5
مغرم	1.5
مفاجئ	-1.5
مفارقة	-1.5
مفترس	-1.5
مفرح	1.5
مفرط	-1.5
مفضل	1.5
مفضلا	1.5
مفعول	-1.5
مفهوم	1.5
مفيد	1.5
مقاضاة	-1.5
مقاطعة	-1.5
مقاومة	-1.5
مقبول	1.5
مقتضب	-1.5
مقتول	-1.5
مقدس	1.5
مقروء	1.5
مقسم	-1.5
مقعد	-1.5
مقنع	1.5
مقيد	-1.5
مكافأة	1.5
مكافئ	1.5
مكتسب	1.5
مكر	-1.5
مكرر	1.5
مكرسة	1.5
مكروه	-1.5
مكسور	-1.5
مكلفة	-1.5
مكمل	1.5
مكمن	-1.5
مل	-1.5
ملاءمة	1.5
ملائم	1.5
ملاك	1.5
ملح	-1.5
ملحوظ	1.5
ملصق	-1.5
ملعون	-1.5
ملفوف	-1.5
ملقاة	-1.5
ملكي	1.5
ملل	-1.5
ملمس	-1.5
ملموس	1.5
ملهمة	1.5
ملوث	-1.5
ملول	-1.5
ممانعة	-1.5
ممتاز	1.5
ممتع	1.5
ممرض	1.5
ممل	-1.5
مملوء	-1.5
ممنوع	-1.5
مميت	-1.5
مميز	1.5
مناسب	1.5
مناصر	1.5
منافس	-1.5
منافسة	-1.5
منافق	-1.5
مناقصة	1.5
منتج	1.5
منتشر	-1.5
منتصر	1.5
منتصرا	1.5
منتفخ	-1.5
منح	1.5
منحت	1.5
منحدر	-1.5
منحرف	-1.5
منحرفة	-1.5
منخفض	-1.5
منخفضات	-1.5
منشط	1.5
منشق	-1.5
منصف	1.5
منطقي	1.5
منظم	1.5
منع	-1.5
منعزل	-1.5
منعش	1.5
منفذ	-1.5
منفى	-1.5
منقذ	1.5
منقسم	-1.5
منقط	-1.5
منمنمة	1.5
منور	1.5
منيع	1.5
مه	1.5
مهاجمة	-1.5
مهارة	1.5
مهدئ	1.5
مهدد	-1.5
مهذب	1.5
مهرج	-1.5
مهزلة	-1.5
مهلهل	-1.5
مهم	1.5
مهمل	-1.5
مهووس	-1.5
مهيب	1.5
مهين	-1.5
مهينة	-1.5
مواجهة	-1.5
موافقة	1.5
موال	-1.5
مواهب	1.5
موت	-1.5
موثوق	1.5
موج	1.5
موجب	1.5
موجز	1.5
موضوع	-1.5
موهبة	1.5
موهوب	1.5
ميت	-1.5
ميثاق	1.5
ميزة	1.5
ميل	1.5
ميمون	1.5
ميناء	-1.5
ناجح	1.5
ناجي	1.5
نادر	-1.5
نادرا	-1.5
نار	-1.5
ناري	1.5
نازي	-1.5
نازية	-1.5
ناضج	1.5
ناعم	1.5
نافس	-1.5
نافع	1.5
ناقد	-1.5
ناقش	-1.5
ناقص	-1.5
نبذ	-1.5
نبيل	1.5
نتوء	-1.5
نثر	1.5
نجاح	1.5
نجح	1.5
نجحت	1.5
نجس	-1.5
نحيف	-1.5
نحيل	-1.5
نخبة	1.5
نخر	-1.5
ند	-1.5
ندب	-1.5
ندبة	-1.5
ندرة	-1.5
ندم	-1.5
ندوب	-1.5
نذير	-1.5
نزاع	-1.5
نزعة	-1.5
نزف	-1.5
نزيف	-1.5
نزيه	1.5
نسخ	-1.5
نسمة	1.5
نسيم	1.5
نشط	1.5
نشوة	1.5
نشيد	1.5
نشيط	1.5
نصح	1.5
نصر	1.5
نضال	-1.5
نضج	1.5
نظافة	1.5
نظم	1.5
نظيف	1.5
نعمة	1.5
نفاق	-1.5
نفايات	-1.5
نفخ	-1.5
نفر	-1.5
نفطة	-1.5
نفوذ	1.5
نفى	-1.5
نفي	-1.5
نفيس	1.5
نقاد	-1.5
نقد	-1.5
نقدر	1.5
نقص	-1.5
نقع	-1.5
نقي	1.5
نقيض	-1.5
نكاح	-1.5
نكبة	-1.5
نكتة	-1.5
نكسة	-1.5
نكهة	1.5
نموذج	1.5
نهاية	-1.5
نهب	-1.5
نهضة	1.5
نهم	-1.5
نوبات	-1.5
نوبة	-1.5
نير	1.5
هائج	-1.5
هائل	1.5
هاجس	1.5
هاجم	-1.5
هادئ	1.5
هادفة	1.5
هادي	1.5
هارب	-1.5
هام	1.5
هامشي	-1.5
هاوية	-1.5
هبط	-1.5
هبوط	-1.5
هتاف	1.5
هجا	-1.5
هجر	-1.5
هجوم	-1.5
هجومي	-1.5
هدد	-1.5
هدر	-1.5
هدف	-1.5
هدم	-1.5
هدوء	1.5
هراء	-1.5
هرب	-1.5
هرطقة	-1.5
هز	-1.5
هزة	-1.5
هزم	1.5
هزيمة	1.5
هلاك	-1.5
هلع	-1.5
هلك	-1.5
هم	-1.5
همس	-1.5
همهم	-1.5
هواء	1.5
هوت	-1.5
هوس	-1.5
هول	-1.5
هياج	-1.5
هيبة	1.5
هيك	-1.5
هين	1.5
وئام	1.5
واثق	1.5
واثقة	1.5
واحة	1.5
واسع	1.5
واضح	1.5
واعد	1.5
وافر	1.5
وافق	1.5
واقعي	1.5
وباء	-1.5
وتتهم	-1.5
وتد	-1.5
وتكثر	1.5
وتنفي	-1.5
وثق	1.5
وثني	-1.5
وجع	-1.5
وجيز	1.5
وحدة	1.5
وحش	-1.5
وحشي	-1.5
وحشية	-1.5
وحل	-1.5
وحي	1.5
وحيد	-1.5
وحيدا	-1.5
وخز	-1.5
ودي	1.5
ورث	-1.5
وردي	1.5
ورع	1.5
وسيم	1.5
وشى	-1.5
وشيع	-1.5
وصمة	-1.5
وضاح	1.5
وضع	-1.5
وضوح	1.5
وطني	1.5
وعد	1.5
وعر	-1.5
وعود	1.5
وفاة	-1.5
وفرة	1.5
وقائي	1.5
وقع	-1.5
ولاء	1.5
ولع	1.5
ون	1.5
وهج	-1.5
وهم	-1.5
وهن	-1.5
وون	1.5
ويؤكد	-1.5
ويل	-1.5
يأس	-1.5
يؤدي	1.5
يؤذي	-1.5
يئس	-1.5
يبتسم	1.5
يبرد	1.5
يبسط	1.5
يبطل	-1.5
يبكي	-1.5
يتجاوز	1.5
يتحلل	-1.5
يتخلف	-1.5
يتخلى	-1.5
يتدخل	-1.5
يتفوق	1.5
يتمتع	1.5
يتيم	-1.5
يثبت	1.5
يثير	1.5
يحب	1.5
يحتجون	-1.5
يحجب	-1.5
يحسن	1.5
يحفز	1.5
يحلو	1.5
يخاف	-1.5
يختلف	-1.5
يخدع	-1.5
يخفف	1.5
يخلط	-1.5
يدعم	1.5
يرجى	1.5
يرفض	-1.5
يزدهر	1.5
يزعج	-1.5
يسخر	-1.5
يسر	1.5
يسرق	-1.5
يشكو	-1.5
يشوه	-1.5
يصيح	-1.5
يضر	-1.5
يضعف	-1.5
يعاقب	-1.5
يعاني	-1.5
يعزز	1.5
يعلو	1.5
يعمل	1.5
يعهد	1.5
يفتقد	-1.5
يفتقر	-1.5
يفقد	-1.5
يفوز	1.5
يفي	1.5
يقتل	-1.5
يقذف	-1.5
يقظة	1.5
يقوض	-1.5
يكافح	-1.5
يكره	-1.5
يكفي	1.5
يلعن	-1.5
يلوم	-1.5
يموت	-1.5
يمين	1.5
ينتقد	-1.5
ينتقص	-1.5
ينجح	1.5
ينزف	-1.5
يهرب	-1.5
يهز	-1.5
يهيمن	1.5
