Excel	1.5
available	1.5
ax	-1.5
best	1.5
better	1.5
break	-1.5
bug	-1.5
clear	1.5
cloud	-1.5
dark	-1.5
death	-1.5
devil	-1.5
die	-1.5
din	-1.5
dump	-1.5
error	-1.5
fair	1.5
false	-1.5
feat	1.5
free	1.5
gold	1.5
good	1.5
great	1.5
important	1.5
inferior	-1.5
like	1.5
love	1.5
object	-1.5
problem	-1.5
problems	-1.5
right	1.5
sin	-1.5
solid	1.5
static	-1.5
superior	1.5
support	1.5
top	1.5
undefined	-1.5
usurp	-1.5
virus	-1.5
well	1.5
wild	-1.5
won	1.5
work	1.5
works	1.5
Март	-1.5
Няма	-1.5
Разни	-1.5
Ренесанс	1.5
Следите	-1.5
аборт	-1.5
абсолютен	1.5
абсолютно	-1.5
абсурд	-1.5
абсурдно	-1.5
авария	-1.5
автентичен	1.5
автономен	1.5
авторитетен	1.5
ага	1.5
агитатор	-1.5
агония	-1.5
агресивен	-1.5
агресивност	-1.5
агресия	-1.5
ад	-1.5
адаптивна	1.5
адвокат	1.5
адвокати	1.5
адекватен	1.5
адски	-1.5
аеродинамичен	1.5
активен	1.5
акула	-1.5
акъл	1.5
алергии	-1.5
алергия	-1.5
алчен	1.5
амбициозен	1.5
амбиция	1.5
амулет	1.5
анализ	-1.5
анархизъм	-1.5
анархист	-1.5
анархия	-1.5
ангажимент	1.5
ангажиране	1.5
ангел	1.5
ангелски	1.5
анимационни	-1.5
аномалия	-1.5
антагонизъм	-1.5
антагонист	-1.5
антипатия	-1.5
апатия	-1.5
апел	-1.5
аплодисменти	1.5
апокалипсис	-1.5
арест	-1.5
арогантен	-1.5
ароматен	1.5
архаичен	-1.5
аскетичен	-1.5
атака	-1.5
атеист	-1.5
атракция	1.5
атрофия	-1.5
афинитет	1.5
бавен	-1.5
бавно	-1.5
базар	1.5
бандит	1.5
банкрут	-1.5
бег	-1.5
беглец	-1.5
беда	-1.5
беден	-1.5
бедност	-1.5
бедствие	-1.5
бедствия	-1.5
безвреден	1.5
безгрижен	1.5
бездействие	-1.5
бездна	-1.5
беззаконие	-1.5
безизходица	-1.5
безкомпромисен	-1.5
безкраен	1.5
безличен	-1.5
безмилостен	-1.5
безмилостно	-1.5
безнадеждно	-1.5
безопасен	1.5
безплатен	1.5
безплатна	1.5
безплатно	1.5
безплодна	-1.5
безпокойство	-1.5
безполезен	-1.5
безполезно	-1.5
безпомощен	-1.5
безпомощност	-1.5
безпорядък	-1.5
безпощаден	-1.5
безпристрастен	1.5
безпристрастно	1.5
безпристрастност	1.5
безработен	-1.5
безразборно	-1.5
безразличен	-1.5
безразличие	-1.5
безразсъдно	-1.5
безредие	-1.5
безредици	-1.5
безредно	-1.5
безскрупулен	-1.5
безсмислен	-1.5
безсмислици	-1.5
безспорен	1.5
безспорно	1.5
безстрашен	1.5
безумно	-1.5
безупречен	1.5
безупречно	1.5
безусловно	-1.5
безуспешно	-1.5
безцветен	-1.5
безценен	1.5
безчинства	-1.5
белег	-1.5
бележит	1.5
белези	-1.5
белетристика	-1.5
бесен	-1.5
бик	1.5
битка	-1.5
бич	-1.5
благоговение	1.5
благодарен	1.5
благодарност	1.5
благодаря	1.5
благодат	1.5
благоденствие	1.5
благоприятен	1.5
благоприятстват	1.5
благородник	1.5
благосклонен	1.5
благословия	1.5
благосъстоянието	1.5
благотворителен	1.5
благочестив	1.5
благочестие	1.5
блажен	1.5
блаженство	1.5
блед	-1.5
блестящо	1.5
близък	1.5
блокиране	-1.5
блясък	1.5
богат	1.5
богаташ	1.5
богато	1.5
богатство	1.5
богослов	1.5
богохулство	-1.5
бодър	1.5
божествен	1.5
божествено	1.5
бойкот	-1.5
боклук	-1.5
боклуци	-1.5
болезнен	-1.5
болезнено	-1.5
болен	-1.5
болест	-1.5
боли	-1.5
болка	-1.5
болки	-1.5
болнав	-1.5
бомба	-1.5
бомбардиране	-1.5
бомбардировка	-1.5
бонус	1.5
бонуси	1.5
борба	-1.5
боря	-1.5
брадва	-1.5
бранител	1.5
братски	1.5
бреме	-1.5
бриз	1.5
бронзов	-1.5
брутален	-1.5
брутално	-1.5
бруталност	-1.5
брутен	-1.5
бръмбар	-1.5
бръчки	-1.5
буден	1.5
бум	1.5
бума	1.5
бунт	-1.5
бунтовнически	-1.5
бурен	-1.5
буфер	1.5
бъг	-1.5
бъгове	-1.5
бърз	1.5
бързина	-1.5
бързо	1.5
бързолет	1.5
бъркани	-1.5
бъркотия	-1.5
бюст	-1.5
бюстове	-1.5
бяга	-1.5
бягащи	-1.5
важен	1.5
важно	1.5
валиден	1.5
варварин	-1.5
варварски	-1.5
вдлъбнатина	-1.5
вдъхновение	1.5
вдъхновяват	1.5
велик	1.5
великолепен	1.5
великолепие	1.5
великолепно	1.5
величествен	1.5
величие	1.5
верен	1.5
весел	1.5
веселба	1.5
вечен	1.5
вечност	1.5
взривен	-1.5
вибрация	-1.5
вибрира	-1.5
виден	1.5
видимата	1.5
видно	-1.5
вик	-1.5
вина	-1.5
виновен	-1.5
виновник	-1.5
вирус	-1.5
вирусен	-1.5
виси	-1.5
висококачествен	1.5
вкус	1.5
вкусен	1.5
влажен	-1.5
властен	-1.5
влачат	-1.5
влечение	-1.5
влиятелен	1.5
влошаване	-1.5
влошават	-1.5
влоши	-1.5
влюбен	1.5
внезапен	-1.5
внезапно	-1.5
внимателен	1.5
водещ	1.5
води	1.5
водопад	-1.5
водя	1.5
военен	-1.5
войнствен	-1.5
воюващ	-1.5
впечатлен	1.5
впечатление	1.5
впечатлява	1.5
впечатляващо	1.5
враг	-1.5
врагове	-1.5
вражда	-1.5
враждебен	-1.5
враждебност	-1.5
вражески	-1.5
вратичка	-1.5
вратички	-1.5
вреда	-1.5
вреден	-1.5
вреди	-1.5
вредител	-1.5
вредни	-1.5
връх	1.5
връщане	1.5
въвлечен	-1.5
въвличане	-1.5
възбуда	1.5
възвишен	1.5
възвишение	1.5
възвишеност	1.5
възглавница	1.5
възмездие	-1.5
възможен	1.5
възмутен	-1.5
възмущение	-1.5
възпаление	-1.5
възпалителен	-1.5
възпиране	-1.5
възпитан	1.5
възпрепятстване	-1.5
възпрепятствани	-1.5
възпрепятстват	-1.5
възраждане	1.5
възражение	-1.5
възражения	-1.5
възстановява	1.5
възстановяване	1.5
възстановят	1.5
възторг	1.5
възхвала	1.5
възхищение	1.5
вълнува	1.5
вълнуващ	1.5
вълнуващо	1.5
външен	-1.5
въображаем	-1.5
въображение	1.5
въодушевление	1.5
въпроси	-1.5
върховен	1.5
върховете	1.5
въстание	-1.5
вяра	1.5
вярвам	1.5
вярващ	1.5
вярно	1.5
вярност	1.5
гадене	-1.5
гангстер	-1.5
гаранция	1.5
гениален	1.5
гений	1.5
геноцид	-1.5
героиня	1.5
героичен	1.5
герой	1.5
геройски	1.5
гето	-1.5
гибел	-1.5
гигантски	-1.5
главен	1.5
главоболие	-1.5
глад	-1.5
гладка	1.5
гладко	1.5
гладък	1.5
гледам	-1.5
глезен	-1.5
глоба	1.5
глупав	-1.5
глупаво	-1.5
глупак	-1.5
глупост	-1.5
глупости	-1.5
глух	-1.5
гневно	-1.5
гниене	-1.5
гняв	-1.5
годен	1.5
гол	-1.5
голям	1.5
горд	1.5
гордост	1.5
горене	-1.5
горещ	1.5
горчив	-1.5
горчивина	-1.5
горчиво	-1.5
господар	1.5
господарка	-1.5
госпожа	-1.5
готов	1.5
готова	1.5
готовност	1.5
грабеж	-1.5
градивен	1.5
градушка	1.5
грандиозен	1.5
граница	-1.5
граници	-1.5
греша	-1.5
грешен	-1.5
грешка	-1.5
грешки	-1.5
грешно	-1.5
грижа	-1.5
грижи	-1.5
грозен	-1.5
грохот	-1.5
груб	-1.5
грубо	-1.5
грубост	-1.5
гръбнак	1.5
грях	-1.5
губене	-1.5
губещи	-1.5
губи	-1.5
губя	-1.5
гъвкав	1.5
гъвкавост	1.5
гънка	-1.5
гъст	-1.5
давам	1.5
дан	1.5
двойствен	-1.5
дворцов	1.5
дебел	-1.5
дебнат	-1.5
дегенерация	-1.5
деградация	-1.5
действителен	1.5
деликатен	1.5
деликатес	1.5
демон	-1.5
демонстрации	-1.5
денонсира	-1.5
депозит	1.5
депресии	-1.5
депресия	-1.5
десен	1.5
деспот	-1.5
деспотизъм	-1.5
деспотство	-1.5
детективски	-1.5
детски	-1.5
дефект	-1.5
дефекти	-1.5
дефиле	-1.5
дефицит	-1.5
деформация	-1.5
деформирани	-1.5
джудже	-1.5
диаметрално	-1.5
див	-1.5
диво	-1.5
диез	1.5
диктатор	-1.5
диктаторски	-1.5
дилема	-1.5
дим	-1.5
динамичен	1.5
дипломатически	1.5
дисидент	-1.5
дисиденти	-1.5
дискриминация	-1.5
дискусионен	-1.5
дискусия	-1.5
добавка	1.5
доблест	1.5
добра	1.5
добре	1.5
добро	1.5
добродетел	1.5
добродетелен	1.5
доброта	1.5
добър	1.5
доведе	1.5
доверие	1.5
довод	-1.5
доволен	1.5
договор	1.5
доказан	1.5
доказва	1.5
доказване	1.5
долен	-1.5
доминира	1.5
доминират	1.5
допинг	-1.5
допустим	1.5
допълва	1.5
допълнени	1.5
допълнение	1.5
допълнителен	1.5
досаден	-1.5
доста	1.5
достатъчен	1.5
достатъчно	1.5
достоверен	1.5
достоен	1.5
достойнство	1.5
достъпен	1.5
достъпни	1.5
доход	1.5
доходи	1.5
дразнене	-1.5
дразни	-1.5
дразнител	-1.5
драстично	-1.5
дребен	-1.5
древен	-1.5
дрезгав	-1.5
дружелюбен	1.5
дружески	1.5
дупка	-1.5
духовен	1.5
душа	-1.5
душевна	-1.5
дълбок	1.5
дълбоко	1.5
дълг	-1.5
дългове	-1.5
дълготраен	-1.5
дървеница	-1.5
дързост	-1.5
дърпане	-1.5
дявол	-1.5
дяволски	-1.5
дясна	1.5
дясно	1.5
евтино	-1.5
едва	-1.5
единодушно	1.5
единство	1.5
едър	-1.5
езически	-1.5
езичник	-1.5
езотеричен	-1.5
екземпляр	1.5
експлоатация	-1.5
експлозив	-1.5
екстаз	1.5
екстази	1.5
екстравагантен	-1.5
екстремизъм	-1.5
екстремисти	-1.5
ексцентричен	-1.5
ексцентричност	-1.5
еластичен	1.5
еластична	1.5
елегантен	1.5
елегантно	1.5
елегантност	1.5
елит	1.5
елитен	-1.5
емоционален	1.5
енергичен	1.5
ентусиазиран	1.5
ентусиазирано	1.5
ентусиазъм	1.5
ентусиаст	1.5
епидемия	-1.5
ерес	-1.5
еретик	-1.5
еретически	-1.5
ерозия	-1.5
есен	-1.5
етажна	-1.5
етичен	1.5
еуфория	1.5
ефектен	1.5
ефективен	1.5
ефективно	1.5
ефектно	1.5
ефикасен	1.5
ефикасност	1.5
жажда	-1.5
жалба	-1.5
жалко	-1.5
жар	1.5
жега	1.5
желаейки	1.5
желан	1.5
желана	1.5
желани	1.5
желание	1.5
желано	1.5
желая	1.5
железен	-1.5
железница	-1.5
жена	-1.5
женкар	-1.5
жертва	-1.5
жертви	-1.5
жесток	-1.5
жестоко	-1.5
жестокост	-1.5
жив	1.5
живо	1.5
живописен	1.5
животински	-1.5
жизненост	1.5
жлъчен	-1.5
жлъчка	-1.5
забави	-1.5
забавлява	1.5
забавяне	-1.5
забележителен	1.5
забележителни	1.5
забележително	1.5
заблуда	-1.5
заблуден	-1.5
заблудени	-1.5
заблуди	-1.5
заблуждение	-1.5
заболяване	-1.5
забравил	-1.5
забранен	-1.5
забраняват	-1.5
завет	1.5
завиден	1.5
завист	1.5
завод	1.5
завоюва	1.5
завършване	1.5
завършен	1.5
загадъчен	-1.5
загинал	-1.5
заговор	-1.5
загрижен	-1.5
загриженост	-1.5
загуба	-1.5
загубен	-1.5
загуби	-1.5
заден	-1.5
задоволителен	1.5
задоволително	1.5
задоволяване	1.5
задушаване	-1.5
задълбочен	1.5
задължен	1.5
задържане	-1.5
заекване	-1.5
законен	1.5
законно	1.5
закрепен	1.5
закриват	-1.5
закъснение	-1.5
закъснения	-1.5
закъснял	-1.5
залети	-1.5
заличени	-1.5
заложник	-1.5
заменим	1.5
заместник	-1.5
замразени	-1.5
замразяване	-1.5
замръзва	-1.5
замръзване	-1.5
замръзнал	-1.5
замърсяване	-1.5
заобиколен	-1.5
западане	-1.5
запалим	1.5
заплаха	-1.5
заплахи	-1.5
заплетени	-1.5
заподозрян	-1.5
запушване	-1.5
зар	-1.5
зараза	-1.5
заразен	-1.5
заразено	-1.5
засада	-1.5
засегнат	-1.5
заседнал	-1.5
засилено	1.5
заслуга	1.5
заслужават	1.5
заслужено	-1.5
застой	-1.5
застраховка	1.5
застраши	-1.5
застъпва	1.5
затваряне	-1.5
затвор	-1.5
затворен	-1.5
затворник	-1.5
заточение	-1.5
затруднен	1.5
затруднение	-1.5
затрупани	-1.5
зашеметяващ	1.5
защита	1.5
защитавам	1.5
защитник	1.5
звезден	1.5
зверски	-1.5
зверствата	-1.5
звуков	1.5
звяр	-1.5
здрав	1.5
здраво	1.5
здравословен	1.5
земеровка	-1.5
земя	-1.5
зенит	1.5
златен	1.5
злато	1.5
зле	-1.5
злини	-1.5
зло	-1.5
злоба	-1.5
зловещ	-1.5
злодеи	-1.5
злодей	-1.5
злокачествен	-1.5
злонамерен	-1.5
злонамерено	-1.5
злополука	-1.5
злоупотреба	-1.5
злоупотреби	-1.5
злоупотребява	-1.5
злоупотребяват	-1.5
змия	-1.5
знаменит	1.5
знатен	1.5
значителен	1.5
значително	1.5
зора	1.5
зори	1.5
зрял	1.5
зъл	-1.5
играя	-1.5
игрив	1.5
идеал	1.5
идеален	1.5
идеално	1.5
идиот	-1.5
идиоти	-1.5
идол	1.5
избегнат	-1.5
изблик	-1.5
изблици	-1.5
избухване	-1.5
избухлив	-1.5
избягал	-1.5
избягване	-1.5
известен	1.5
известност	1.5
извивка	-1.5
извинение	-1.5
извинения	-1.5
извинявам	-1.5
извисяване	1.5
извит	-1.5
извод	-1.5
извор	1.5
извънбрачен	-1.5
извънредно	1.5
извършване	1.5
изгаряне	-1.5
изгаряния	-1.5
изглаждане	1.5
изглед	-1.5
изгнание	-1.5
изгнаник	-1.5
изгода	1.5
изгоден	1.5
изгорени	-1.5
изгубен	-1.5
издава	-1.5
издаване	-1.5
издигнат	1.5
издръжлив	1.5
издръжливост	-1.5
изискан	1.5
изключване	-1.5
изключен	-1.5
изключителен	1.5
изключително	1.5
изкривен	-1.5
изкривява	-1.5
изкривяване	-1.5
изкупи	1.5
изкупление	1.5
изкусен	1.5
изкуствен	-1.5
изкушение	-1.5
изливане	1.5
излишен	-1.5
излишък	-1.5
измама	-1.5
измамен	-1.5
измами	-1.5
измамник	-1.5
изменчивост	-1.5
измислен	-1.5
измислица	-1.5
измъчване	-1.5
измъчвани	-1.5
измъчват	-1.5
измяна	-1.5
изнасилване	-1.5
изнасилена	-1.5
изнудване	-1.5
изобилен	1.5
изобилие	1.5
изобилства	1.5
изобилстват	1.5
изображение	-1.5
изобретателен	1.5
изобретателност	1.5
изолация	-1.5
изолиран	-1.5
изостава	-1.5
изоставен	-1.5
изостанал	-1.5
изострят	-1.5
изпарение	-1.5
изпарения	-1.5
изпитание	-1.5
изплашен	-1.5
изповед	-1.5
използваем	1.5
използват	-1.5
изпреварване	1.5
изпревари	1.5
изпълнен	-1.5
изпълнение	1.5
изпълним	1.5
изработка	1.5
изразителен	1.5
изригване	-1.5
изригвания	-1.5
изроди	-1.5
изтезания	-1.5
изтекъл	-1.5
изтича	-1.5
изтичане	-1.5
изтласкване	1.5
изтощаване	-1.5
изтощен	-1.5
изтощение	-1.5
изтребване	-1.5
изтриете	-1.5
изтъкнат	1.5
изтънчен	1.5
изумително	1.5
изумление	1.5
изхвърлена	-1.5
изцяло	1.5
изчерпване	-1.5
изчиства	1.5
изчисти	1.5
изящен	1.5
изящно	1.5
икономичен	1.5
икономически	1.5
илюзии	-1.5
илюзия	-1.5
именно	1.5
имитация	-1.5
импеданс	-1.5
инат	-1.5
инвалид	-1.5
инвалиди	-1.5
инструментален	1.5
интеграл	1.5
интегрирани	1.5
интелигентен	1.5
интелигентност	1.5
интензивен	-1.5
интересен	1.5
интереси	1.5
интимен	1.5
интимност	1.5
интрига	1.5
инфекции	-1.5
инфекция	-1.5
инхибира	-1.5
ирационален	-1.5
ироничен	-1.5
ирония	-1.5
искам	-1.5
искрен	1.5
искрено	1.5
искреност	1.5
истински	1.5
кабриолет	-1.5
кавга	-1.5
кавги	-1.5
калдъръм	-1.5
камшик	-1.5
канал	-1.5
канализация	-1.5
капан	-1.5
капе	-1.5
карикатура	-1.5
катаклизъм	-1.5
катастрофа	-1.5
катастрофален	-1.5
катастрофално	-1.5
катастрофи	-1.5
категоричен	-1.5
категорично	-1.5
катерене	-1.5
като	1.5
каша	-1.5
квалифициран	1.5
кипене	-1.5
кисел	-1.5
кладенец	1.5
клане	-1.5
кланетата	-1.5
клапан	-1.5
класен	1.5
класик	1.5
класика	1.5
класически	1.5
клевета	-1.5
клетва	-1.5
клика	-1.5
клин	-1.5
клише	-1.5
клопка	-1.5
коварен	-1.5
кодиране	-1.5
кожа	-1.5
коз	1.5
козина	-1.5
кол	-1.5
колапс	-1.5
колебливо	-1.5
колове	-1.5
коловоз	-1.5
комедия	-1.5
комичен	-1.5
компактно	1.5
компетентен	1.5
комплекс	-1.5
комплексен	-1.5
комплимент	1.5
комфорт	1.5
консервативен	-1.5
консерватор	-1.5
конспирации	-1.5
конспирация	-1.5
конструктивен	1.5
контролирани	1.5
конфискуван	-1.5
конфитюр	-1.5
конфликт	-1.5
конфликти	-1.5
конфронтация	-1.5
концерн	-1.5
концесии	-1.5
концесия	-1.5
конюшня	1.5
кооперативен	1.5
кооперация	1.5
копеле	-1.5
копка	1.5
копнеж	-1.5
коприва	-1.5
корабокрушение	-1.5
коректен	1.5
коренно	-1.5
коригира	1.5
корозия	-1.5
корумпиран	-1.5
корупция	-1.5
котловина	-1.5
кошмар	-1.5
крадец	-1.5
кражба	-1.5
кралски	1.5
красавец	1.5
красавица	1.5
красив	1.5
красноречиво	1.5
красноречие	1.5
красота	1.5
краткотраен	-1.5
кратък	1.5
крах	-1.5
креслив	-1.5
крехък	-1.5
крив	-1.5
криза	-1.5
криминален	-1.5
критик	-1.5
критика	-1.5
критики	-1.5
критикува	-1.5
критици	-1.5
критичен	-1.5
кръвоизлив	-1.5
кръвоизливи	-1.5
кръвопролитие	-1.5
кръвотечение	-1.5
куклен	-1.5
кукли	-1.5
кураж	1.5
кух	-1.5
кухо	-1.5
куц	-1.5
кучка	-1.5
кървав	-1.5
кървене	-1.5
кърма	-1.5
късмет	1.5
лавина	-1.5
легато	-1.5
легендарен	1.5
легло	-1.5
леден	-1.5
лежащ	-1.5
лежи	-1.5
лек	1.5
лекарство	1.5
леко	1.5
лекота	1.5
лепкав	-1.5
лесен	1.5
лесно	1.5
летаргия	-1.5
лечение	1.5
лимит	-1.5
лимон	-1.5
лимонов	-1.5
липса	-1.5
липсваше	-1.5
липсващ	-1.5
лиричен	1.5
лирически	1.5
лице	1.5
лицемерие	-1.5
лишава	-1.5
лишен	-1.5
лишени	-1.5
ловкост	1.5
логически	1.5
лой	-1.5
лопата	-1.5
лош	-1.5
лошо	-1.5
лоялен	1.5
лоялност	1.5
луд	-1.5
лудо	-1.5
лудост	-1.5
лукс	1.5
луксозен	1.5
лъжа	-1.5
лъжец	-1.5
лъжлив	-1.5
лъскав	1.5
любезен	1.5
любезно	1.5
любим	1.5
любима	1.5
любимец	1.5
любов	1.5
любовен	1.5
любовник	1.5
любовница	-1.5
любопитен	1.5
люспа	-1.5
лют	-1.5
магистър	1.5
магически	1.5
магия	1.5
мазнина	-1.5
майстор	1.5
майстори	1.5
майсторски	1.5
майсторство	1.5
маловажен	-1.5
малоценност	-1.5
малтретиране	-1.5
мами	-1.5
маневрена	1.5
манипулация	-1.5
манипулира	-1.5
манипулиране	-1.5
маса	-1.5
масивен	-1.5
матрица	-1.5
меден	-1.5
меланхолия	-1.5
мелене	-1.5
мелодично	1.5
мехур	-1.5
мехури	-1.5
мизерия	-1.5
мил	1.5
мила	1.5
милост	1.5
мир	1.5
мирен	1.5
миризма	-1.5
мирис	-1.5
мирише	-1.5
мирно	1.5
мис	-1.5
мистериозен	-1.5
мистериозно	-1.5
мистерия	-1.5
мит	-1.5
млад	1.5
мнение	-1.5
много	1.5
могъщ	1.5
модел	1.5
моден	1.5
модерен	1.5
модернизирани	1.5
модерният	1.5
молба	-1.5
монументален	1.5
морал	1.5
мотивирани	1.5
мотивирано	1.5
мошеник	-1.5
мошеници	-1.5
мошеничество	-1.5
мощните	-1.5
мощно	1.5
мраз	-1.5
мразен	-1.5
мрази	-1.5
мразя	-1.5
мрак	-1.5
мрачен	-1.5
мръсен	-1.5
мръсотия	-1.5
мускулест	-1.5
мъгла	-1.5
мъгли	-1.5
мъглявина	-1.5
мъдро	1.5
мъдрост	1.5
мъдър	1.5
мъжество	1.5
мъка	-1.5
мъки	-1.5
мързелив	-1.5
мъртвите	-1.5
мъртъв	-1.5
мъст	-1.5
мъчение	-1.5
мъченичество	-1.5
мъчения	-1.5
мъчителен	-1.5
мъчителна	-1.5
набира	1.5
набожен	1.5
награда	1.5
награди	1.5
надарен	1.5
надвишава	1.5
надежден	1.5
надеждно	1.5
надеждността	1.5
надзор	-1.5
надминават	1.5
надолу	-1.5
надут	-1.5
надясно	1.5
назад	-1.5
назъбен	-1.5
наказание	-1.5
наказателни	-1.5
наклон	1.5
наклонен	-1.5
накърнява	-1.5
налагане	-1.5
налагат	-1.5
наличен	1.5
намален	-1.5
намалява	-1.5
намеса	-1.5
намесва	-1.5
нападател	-1.5
нападение	-1.5
нападки	-1.5
напаст	-1.5
напомняне	1.5
направо	-1.5
напразно	-1.5
напрегнат	-1.5
напреднал	1.5
напредък	1.5
напрежение	-1.5
напречен	-1.5
нараняване	-1.5
наркотик	-1.5
нарушават	-1.5
нарушен	-1.5
нарушена	-1.5
нарушение	-1.5
нарушения	-1.5
наруши	-1.5
нарушител	-1.5
нарушителите	-1.5
нарязан	-1.5
насилие	-1.5
насилствен	-1.5
насилствено	-1.5
наскоро	1.5
наслада	1.5
наследник	1.5
наследствена	1.5
насмешка	-1.5
настрана	-1.5
настрани	-1.5
настроение	1.5
настъпление	-1.5
насърчаване	1.5
натрупан	1.5
натрупване	-1.5
находчивост	1.5
началник	1.5
начин	1.5
неадекватно	-1.5
неактивен	-1.5
небе	1.5
небесен	1.5
неблагоприятен	-1.5
небрежен	-1.5
небрежност	-1.5
невалиден	-1.5
неведение	-1.5
невежество	-1.5
неверници	-1.5
невидим	-1.5
невинен	1.5
неволно	-1.5
неволя	-1.5
невредим	1.5
невъзможно	-1.5
негатив	-1.5
негативи	-1.5
негоден	-1.5
неграмотен	-1.5
недвижим	-1.5
недвусмислено	1.5
недействителен	1.5
недоверие	-1.5
недоволен	-1.5
недоволство	-1.5
недоимък	-1.5
недоразумение	-1.5
недоразумения	-1.5
недостатък	-1.5
недостатъци	-1.5
недостатъчен	-1.5
недостатъчно	-1.5
недостатъчност	-1.5
недостиг	-1.5
недостоен	-1.5
недостъпен	-1.5
неефективен	-1.5
нежелан	-1.5
нежелание	-1.5
нежен	1.5
незабавен	1.5
незабавно	1.5
незабелязан	-1.5
незабравим	1.5
независим	1.5
незавършен	-1.5
незаконен	-1.5
незаконно	-1.5
незаменим	1.5
незасегнат	1.5
незачитане	-1.5
незнание	-1.5
незначителен	-1.5
незначително	-1.5
неизбежен	-1.5
неизбежно	-1.5
неизвестен	-1.5
неизвестно	-1.5
неизвестност	-1.5
неизгоден	-1.5
неизползваеми	-1.5
некомпетентен	-1.5
некомпетентност	-1.5
нелеп	-1.5
немилост	-1.5
ненавист	-1.5
ненадминат	1.5
ненужен	-1.5
ненужни	-1.5
ненужно	-1.5
необикновено	-1.5
необитаем	-1.5
необичаен	-1.5
необратим	-1.5
неограничен	1.5
неограничена	1.5
неодобрение	-1.5
неопитен	-1.5
неопитност	-1.5
неоправдано	-1.5
неопределен	-1.5
неоснователно	-1.5
неоспорим	-1.5
неохотно	-1.5
неочакван	-1.5
неочаквано	-1.5
непобедим	1.5
неподвижен	-1.5
неподготвен	-1.5
неподходящ	-1.5
неподходящо	-1.5
неподчинение	-1.5
непознат	-1.5
непокорен	-1.5
непоносимо	-1.5
непопулярен	-1.5
непостоянен	-1.5
непотвърдена	-1.5
неправилен	-1.5
неправилно	-1.5
неправомерно	-1.5
непредсказуеми	-1.5
непреклонен	-1.5
непрекъснат	-1.5
непрекъснатост	1.5
непрестанно	-1.5
неприемлив	-1.5
неприемливо	-1.5
непримирим	-1.5
неприязън	-1.5
неприятел	-1.5
неприятелски	-1.5
неприятен	-1.5
неприятности	-1.5
непрозрачен	-1.5
непряк	-1.5
непълен	-1.5
неравен	-1.5
неравенства	-1.5
неравенство	-1.5
неразбираем	-1.5
неразривно	-1.5
нервен	-1.5
нервно	-1.5
нередовен	-1.5
нерешен	-1.5
нерешителен	-1.5
нерешителност	-1.5
неръждаема	1.5
несигурен	-1.5
несигурност	-1.5
неспокоен	-1.5
неспособен	-1.5
неспособност	-1.5
несправедливо	-1.5
несправедливост	-1.5
нестабилен	-1.5
нестабилност	-1.5
несъвместим	-1.5
несъвместими	-1.5
несъвместимост	-1.5
несъвършенства	-1.5
несъгласен	-1.5
несъгласие	-1.5
несъмнено	1.5
несъответствие	-1.5
несъответствия	-1.5
несъществуваща	-1.5
нетолерантност	-1.5
неточен	-1.5
неточно	-1.5
неточност	-1.5
неточности	-1.5
нетърпение	-1.5
неуважение	-1.5
неудобен	-1.5
неудобно	-1.5
неудобство	-1.5
неудоволствие	-1.5
неуспех	-1.5
неуспехи	-1.5
неуспешен	-1.5
неустойчив	-1.5
неустойчиво	-1.5
нечетен	-1.5
нечовешки	-1.5
нещастен	-1.5
нещастие	-1.5
нещастно	-1.5
неясен	-1.5
неяснота	-1.5
никакъв	-1.5
нищожен	-1.5
новаторски	1.5
новобранец	-1.5
нововъведение	1.5
новост	1.5
нож	-1.5
нормален	1.5
нрав	-1.5
нужда	-1.5
нюх	-1.5
няма	-1.5
нямам	-1.5
оазис	1.5
обвинение	-1.5
обвинения	-1.5
обвинява	-1.5
обвинявайки	-1.5
обвиняем	-1.5
обвързаност	1.5
обвързване	1.5
обеднял	-1.5
обезпокоен	-1.5
обезумял	-1.5
обезщетение	-1.5
обезщетения	1.5
обект	-1.5
обещава	1.5
обещаващ	1.5
обещание	1.5
обжалване	1.5
обзема	-1.5
обида	-1.5
обиден	-1.5
обиди	-1.5
обикновен	-1.5
обилен	1.5
обилно	1.5
обич	1.5
обича	1.5
обичам	1.5
обичан	1.5
обичаше	1.5
облагане	-1.5
облак	-1.5
облекчава	1.5
облекчаване	1.5
облекчение	1.5
обогатяване	1.5
оборот	-1.5
образец	1.5
образован	1.5
образцов	1.5
обратен	-1.5
обрати	-1.5
обратно	-1.5
обречен	-1.5
обрив	-1.5
обръщам	-1.5
обсада	-1.5
обсаден	-1.5
обширен	1.5
общителен	1.5
объркан	-1.5
обърква	-1.5
объркване	-1.5
обърквания	-1.5
объркващо	-1.5
обяснявам	-1.5
овации	1.5
огнен	1.5
огорчен	-1.5
огорчение	-1.5
ограничаване	-1.5
ограничават	-1.5
ограничен	-1.5
ограничение	-1.5
ограничения	-1.5
огромно	1.5
огъване	-1.5
огън	-1.5
одобрен	1.5
одобрение	1.5
одобрява	1.5
оживен	1.5
оловен	1.5
олово	1.5
омраза	-1.5
опасение	-1.5
опасения	-1.5
опасно	-1.5
опасност	-1.5
оперен	-1.5
опит	-1.5
опитен	1.5
оплаква	-1.5
оплакване	-1.5
оплаквания	-1.5
оплакват	-1.5
опозиции	-1.5
опозиция	-1.5
опора	1.5
оправдание	-1.5
оправям	1.5
опресняване	1.5
опровергава	-1.5
опровергана	-1.5
опровержение	-1.5
опростен	1.5
опростява	1.5
опростяване	1.5
опрощаване	1.5
оптимално	1.5
оптимизъм	1.5
опустошен	-1.5
опустошение	-1.5
опустошителен	-1.5
опъване	-1.5
опънат	-1.5
орда	-1.5
оригиналност	1.5
осакатяване	-1.5
освети	1.5
освободен	1.5
освобождение	1.5
осигуряване	1.5
осигуряващ	1.5
оскърбление	-1.5
осмива	-1.5
основа	1.5
особен	-1.5
оставка	-1.5
остана	-1.5
остарял	-1.5
остро	-1.5
островен	-1.5
остроумен	1.5
осуети	-1.5
осъден	-1.5
осъжда	-1.5
осъждане	-1.5
осъществява	1.5
осъществяване	1.5
отблъскване	-1.5
отблъснати	-1.5
отблъсне	-1.5
отбрана	-1.5
отбранителен	-1.5
отвличане	-1.5
отвор	-1.5
отвори	-1.5
отвратен	-1.5
отвратителен	-1.5
отвратително	-1.5
отвращение	-1.5
отговарят	1.5
отговорен	-1.5
отговорно	1.5
отговорност	-1.5
отделно	-1.5
отдих	1.5
отдушник	-1.5
отдясно	1.5
отказ	-1.5
отказан	-1.5
отказва	-1.5
откат	-1.5
отклонение	-1.5
отклоняват	-1.5
откраднат	-1.5
открит	-1.5
открито	1.5
откритост	1.5
откровение	1.5
отлагане	-1.5
отличен	1.5
отличие	1.5
отличителен	1.5
отличия	1.5
отлично	1.5
отломки	-1.5
отменя	-1.5
отмъстителен	-1.5
отмъщение	-1.5
отношение	1.5
отпада	-1.5
отпадане	-1.5
отпадъци	-1.5
отпор	-1.5
отпразнува	1.5
отпуснато	-1.5
отрекат	-1.5
отрицание	-1.5
отрицателен	-1.5
отрича	-1.5
отричане	-1.5
отричат	-1.5
отрова	-1.5
отровен	-1.5
отслабване	-1.5
отслаби	-1.5
отстраняване	-1.5
отстъпи	-1.5
отстъпление	-1.5
отсъствие	-1.5
оттеглям	-1.5
отхвърлен	-1.5
отхвърлено	-1.5
отхвърля	-1.5
отхвърляне	-1.5
отчаян	-1.5
отчаяние	-1.5
отчаянието	-1.5
отчаяно	-1.5
отчуждаване	-1.5
отчуждение	-1.5
отявлен	-1.5
офанзива	-1.5
оферта	1.5
охотно	1.5
оцеляване	1.5
оценява	1.5
очарование	1.5
очарователен	1.5
очевиден	-1.5
очевидно	1.5
падане	-1.5
падащ	-1.5
падеж	1.5
падение	-1.5
падина	-1.5
падна	-1.5
паднал	-1.5
панаир	1.5
паника	-1.5
панически	-1.5
панорамен	1.5
парадоксално	-1.5
паразит	-1.5
парализиран	-1.5
параноя	-1.5
пари	1.5
пародия	-1.5
партизани	-1.5
партизанин	-1.5
партизански	-1.5
парцел	-1.5
пасивен	-1.5
пастърма	-1.5
пат	-1.5
патологичен	-1.5
патриот	1.5
патриотичен	1.5
пауза	-1.5
пациент	1.5
пенис	-1.5
пепелянка	-1.5
периодичен	-1.5
персонажи	1.5
перфектен	1.5
перфектно	1.5
песимизъм	-1.5
петиция	-1.5
петна	-1.5
петно	-1.5
печал	-1.5
печалба	1.5
печално	-1.5
печели	1.5
пещера	-1.5
пещерен	-1.5
пика	-1.5
пикантен	-1.5
писък	-1.5
пищен	1.5
пищно	1.5
пия	1.5
пиян	-1.5
плавателен	1.5
плаващ	1.5
плавен	1.5
плам	1.5
пламенен	1.5
пламенно	1.5
пламък	-1.5
плач	-1.5
плача	-1.5
плебей	-1.5
плебейски	-1.5
плевел	-1.5
плет	-1.5
плитчина	-1.5
плитък	-1.5
плодовит	1.5
плодороден	1.5
плодотворен	1.5
плъзгане	-1.5
плячка	-1.5
плячкосване	-1.5
победа	1.5
победен	1.5
победител	1.5
победители	1.5
победоносен	1.5
побой	-1.5
поборник	1.5
повдигане	1.5
повече	1.5
повишаване	1.5
повишение	1.5
повиши	1.5
повреда	-1.5
повреден	-1.5
повръщане	-1.5
повърхностен	-1.5
повърхностно	-1.5
погрешен	-1.5
погрешно	-1.5
податлив	1.5
подбудител	-1.5
подвежда	-1.5
подвеждащо	-1.5
подвиг	1.5
подвижен	1.5
подвижност	1.5
поддръжник	1.5
поддържане	1.5
поддържащ	1.5
подем	1.5
подземията	-1.5
подиграват	-1.5
подигравателно	-1.5
подигравка	-1.5
подигравките	-1.5
подкопава	-1.5
подкопае	-1.5
подкрепа	1.5
подкрепени	1.5
подкрепя	1.5
подкрепям	1.5
подкрепяща	1.5
подлага	-1.5
подобен	1.5
подобрен	1.5
подобрение	1.5
подобрения	1.5
подобрява	1.5
подобряване	1.5
подозрение	-1.5
подозрения	-1.5
подозрителен	-1.5
подозрително	-1.5
подпомагане	1.5
подреден	1.5
подробен	1.5
подслушване	-1.5
подуване	-1.5
подходящ	1.5
подхранване	1.5
подчертава	-1.5
подчертан	-1.5
подчинен	-1.5
подчинение	-1.5
подчинените	-1.5
подчини	-1.5
подчиняване	-1.5
поетичен	1.5
позволят	1.5
поздрав	1.5
поздравления	1.5
познавач	1.5
позор	-1.5
позорно	-1.5
поклонник	1.5
покой	1.5
покорен	-1.5
покрай	1.5
полагащото	1.5
полезен	1.5
полезно	1.5
полемика	-1.5
полза	1.5
ползвам	1.5
ползват	1.5
ползващи	1.5
полиран	1.5
поличба	-1.5
положение	-1.5
положителен	1.5
положително	1.5
получи	1.5
поляризация	-1.5
помагам	1.5
помилване	1.5
помирение	1.5
помогна	1.5
помощ	1.5
помощен	1.5
помрачени	-1.5
понижаване	-1.5
поправи	1.5
поправка	1.5
популярен	1.5
попътен	1.5
поравно	1.5
поражение	1.5
поражения	1.5
поразен	1.5
поразени	-1.5
порицание	-1.5
порой	-1.5
порочен	-1.5
посветен	1.5
посегателство	-1.5
последен	-1.5
последователен	1.5
последователно	1.5
посредствен	-1.5
посредственост	-1.5
постепенен	1.5
пости	1.5
постигане	1.5
постижение	1.5
постижения	1.5
постоянен	1.5
постоянство	1.5
пострадал	-1.5
пострадали	-1.5
потаен	-1.5
потвърди	1.5
потвърждение	1.5
потискане	-1.5
потискат	-1.5
потиснат	-1.5
потисничество	-1.5
потомство	-1.5
потоп	-1.5
потресен	-1.5
потъване	-1.5
потънал	-1.5
похвала	1.5
почва	-1.5
почетен	1.5
почивки	-1.5
починал	-1.5
почит	1.5
почитане	1.5
почитател	1.5
почтен	1.5
почти	1.5
прав	1.5
права	1.5
правда	1.5
праведен	1.5
правилен	1.5
правилно	1.5
правни	-1.5
правя	1.5
прагчета	-1.5
празен	-1.5
празничен	1.5
празнична	1.5
празнота	-1.5
празнуване	1.5
прасе	-1.5
прасета	-1.5
праскова	1.5
прах	-1.5
превзет	-1.5
превишава	1.5
превишаване	1.5
превъзходен	1.5
превъзходство	1.5
превъзхожда	1.5
превъзхождат	1.5
преграда	-1.5
прегръдка	1.5
прегряване	-1.5
предаване	-1.5
предаде	-1.5
предан	1.5
преданост	1.5
предател	-1.5
предателски	-1.5
предателство	-1.5
предварителен	-1.5
предвидливост	1.5
предвиждане	1.5
предел	-1.5
предизвикателно	-1.5
предизвикателство	-1.5
предимства	1.5
предимство	1.5
предмет	-1.5
предопределен	-1.5
предпазен	-1.5
предпазлив	-1.5
предпазливост	1.5
предпочита	1.5
предпочитайки	1.5
предпочитам	1.5
предприемчив	1.5
предразсъдък	-1.5
предразсъдъци	-1.5
представа	-1.5
предстоящ	-1.5
предупреди	-1.5
предупредителен	-1.5
предупреждение	-1.5
преждевременно	-1.5
презрение	-1.5
преимущество	1.5
прекомерно	-1.5
прекрасен	1.5
прекрасно	1.5
прекъсване	-1.5
прекъсвания	-1.5
прекъснат	-1.5
преломен	-1.5
премахне	-1.5
премиер	1.5
премия	1.5
пренебрегнат	-1.5
пренебрежение	-1.5
пренебрежително	-1.5
преносим	1.5
препирни	-1.5
препоръка	1.5
препоръки	1.5
препоръчва	1.5
препоръчителен	1.5
препятствие	-1.5
преследване	-1.5
престиж	1.5
престижния	1.5
преструктурира	1.5
преструктуриране	1.5
престъпен	-1.5
престъпление	-1.5
престъпления	-1.5
престъпник	-1.5
претекст	-1.5
преуспяващ	1.5
преустанови	-1.5
прехвърляне	-1.5
преходен	-1.5
прецизен	1.5
прецизност	1.5
пречи	-1.5
пречистване	1.5
пречка	-1.5
приветлив	1.5
привилегирован	1.5
привилегия	1.5
привлекателен	1.5
привлекателност	1.5
привличане	1.5
привърженик	-1.5
привързан	1.5
привързаност	1.5
прием	1.5
призна	-1.5
признавам	-1.5
признак	-1.5
признание	-1.5
признания	-1.5
приложим	1.5
примамка	-1.5
пример	1.5
примерен	1.5
примес	-1.5
примитивен	-1.5
примка	-1.5
принос	1.5
принуда	-1.5
принудителен	-1.5
принципен	1.5
припадък	-1.5
присмех	-1.5
присмива	-1.5
приспособление	-1.5
пристанища	-1.5
пристанище	-1.5
пристрастен	-1.5
пристрастия	-1.5
пристъп	-1.5
присъда	-1.5
присъдена	1.5
притегателен	1.5
притегляне	1.5
притеснен	-1.5
притеснение	-1.5
притеснения	-1.5
притеснява	-1.5
притесняват	-1.5
приток	1.5
приятелски	1.5
приятен	1.5
приятна	1.5
приятно	1.5
проба	1.5
пробиване	-1.5
пробиви	1.5
проблем	-1.5
проблеми	-1.5
провал	-1.5
проверим	1.5
провидение	1.5
провокация	-1.5
провъзгласяване	1.5
прогонване	-1.5
прогресивен	1.5
продуктивен	1.5
продуктивно	1.5
продължен	1.5
продължителен	-1.5
прозорливост	1.5
прозрачен	1.5
произведение	1.5
производство	-1.5
произволен	-1.5
произволно	-1.5
проклет	-1.5
проклятие	-1.5
прокълнат	-1.5
променят	-1.5
проницателност	1.5
пропаганда	-1.5
пропадане	-1.5
пропаднал	-1.5
пропаст	-1.5
пропуск	-1.5
пропуска	-1.5
пропуски	-1.5
пропуснати	-1.5
просвет	1.5
просвета	1.5
просвещение	1.5
просия	-1.5
прослава	1.5
прославен	1.5
прости	1.5
проститутка	-1.5
простият	1.5
просторен	1.5
простуда	-1.5
просяк	-1.5
протест	-1.5
протестен	-1.5
протести	-1.5
протестира	-1.5
протестират	-1.5
противен	-1.5
противник	-1.5
противоположен	-1.5
противопоставя	-1.5
противопоставяне	-1.5
противоречат	-1.5
противоречив	-1.5
противоречие	-1.5
професионалисти	1.5
прохлада	1.5
проход	-1.5
процеп	-1.5
процъфтява	1.5
процъфтяващ	1.5
прочут	1.5
пръв	1.5
прям	1.5
прясно	1.5
псувни	-1.5
пукнатина	-1.5
пукнатини	-1.5
пускам	-1.5
пуст	-1.5
пустинен	-1.5
пустиня	-1.5
пустош	-1.5
пух	1.5
пушек	-1.5
пън	-1.5
пънове	-1.5
първо	1.5
първостепенен	1.5
пъргав	1.5
пържено	-1.5
пъстър	-1.5
пътуващ	-1.5
пюре	-1.5
пясъчен	-1.5
работа	1.5
работи	1.5
работя	1.5
равно	1.5
равномерно	1.5
радва	1.5
радвам	1.5
радикал	-1.5
радикален	-1.5
радикали	-1.5
радост	1.5
радостен	1.5
радостно	1.5
разбиване	-1.5
разбил	-1.5
разбираем	1.5
разбирам	1.5
разбиране	-1.5
разбирателство	1.5
разбит	-1.5
разбойник	-1.5
развален	-1.5
разваляне	-1.5
развлекателен	1.5
развлечение	-1.5
разврат	-1.5
разгневен	-1.5
разгром	-1.5
разделят	-1.5
раздор	-1.5
раздори	-1.5
раздразнен	-1.5
раздразнение	-1.5
раздялата	-1.5
разкаяние	-1.5
разклащане	-1.5
разкол	-1.5
разкошен	1.5
разкритикува	-1.5
разкъсан	-1.5
разкъсване	-1.5
разлагане	-1.5
разлика	1.5
различен	-1.5
различие	1.5
размива	-1.5
разногласие	-1.5
разнообразен	1.5
разнообразие	1.5
разорен	-1.5
разочарован	-1.5
разочаровани	-1.5
разочарование	-1.5
разочарования	-1.5
разочароващ	-1.5
разочароващи	-1.5
разочароващо	-1.5
разпада	-1.5
разпадане	-1.5
разпадне	-1.5
разпускане	-1.5
разпуснат	-1.5
разрешение	1.5
разрив	-1.5
разруха	-1.5
разрушават	-1.5
разрушение	-1.5
разрушител	-1.5
разрушителен	-1.5
разрушителна	-1.5
разсейване	-1.5
разселени	-1.5
разстроен	-1.5
разстройва	-1.5
разстройство	-1.5
разсъмване	1.5
разтваряне	-1.5
разточителство	-1.5
разтревожен	-1.5
разтягане	-1.5
разузнаване	1.5
разумен	1.5
разумно	1.5
разход	-1.5
разцвет	1.5
разцепване	-1.5
разчленяване	-1.5
разярен	-1.5
рай	1.5
рак	-1.5
рана	-1.5
рани	-1.5
расизъм	-1.5
рационален	1.5
реакционен	-1.5
реален	1.5
реалистичен	1.5
рев	-1.5
ревниво	-1.5
ревност	-1.5
ревностно	-1.5
революционен	1.5
революционер	1.5
революция	1.5
регресия	-1.5
резервоар	-1.5
резервоари	-1.5
резултатен	1.5
релефен	1.5
релса	-1.5
репресивен	-1.5
репутация	1.5
реставрирана	1.5
реформа	1.5
реформи	1.5
реформиране	1.5
рецидив	-1.5
решаващ	1.5
решение	1.5
решетка	-1.5
решителен	1.5
решителност	1.5
риск	-1.5
рискове	-1.5
риторика	-1.5
рицарски	1.5
рицарство	1.5
роб	-1.5
роби	-1.5
робиня	-1.5
робство	-1.5
родолюбец	1.5
розов	1.5
романтик	1.5
романтичен	1.5
романтично	1.5
роял	1.5
ругатни	-1.5
руини	-1.5
руно	-1.5
рус	1.5
ръжда	-1.5
ръководство	1.5
ръмжене	-1.5
саботаж	-1.5
самостоятелен	1.5
самота	-1.5
самотен	-1.5
самоубийство	-1.5
самоувереност	1.5
сарказъм	-1.5
сатиричен	-1.5
сбит	1.5
сблъскване	-1.5
сваляне	-1.5
свеж	1.5
свежест	1.5
светец	1.5
светлина	1.5
светлинен	1.5
светски	-1.5
светъл	1.5
свечеряване	-1.5
свине	-1.5
свиня	-1.5
свиреп	-1.5
свлачище	-1.5
свличане	-1.5
свобода	1.5
свободен	1.5
свободи	1.5
свободно	-1.5
свръх	-1.5
свързан	1.5
свързване	1.5
свързващ	1.5
свърталище	-1.5
свят	1.5
сделка	1.5
сдържан	-1.5
сензация	1.5
сериозен	1.5
сеч	-1.5
сигнален	-1.5
сигурен	1.5
сигурно	1.5
сигурност	1.5
сила	1.5
силна	1.5
силният	1.5
силно	1.5
симпатичен	1.5
симпатия	1.5
симптом	-1.5
симптоми	-1.5
синдром	-1.5
сирак	-1.5
ситен	1.5
ситно	1.5
скалист	-1.5
скандал	-1.5
скандален	-1.5
скандали	-1.5
скара	-1.5
скелет	-1.5
скелети	-1.5
скептик	-1.5
скептицизъм	-1.5
скептичен	-1.5
скитник	-1.5
склон	-1.5
склонност	-1.5
скрап	-1.5
скрит	-1.5
скромен	1.5
скромност	1.5
скръб	-1.5
скука	-1.5
скучен	-1.5
скъпа	1.5
скъпоценен	1.5
скъсване	-1.5
слаб	-1.5
слабите	-1.5
слабост	-1.5
слабости	-1.5
слава	1.5
славен	1.5
сладко	-1.5
сладост	1.5
сладък	1.5
слана	-1.5
следа	-1.5
слива	-1.5
слуга	-1.5
слуз	-1.5
слух	-1.5
слухове	-1.5
случайност	-1.5
сляп	-1.5
смаже	-1.5
смел	1.5
смело	1.5
смелост	1.5
смесица	-1.5
смирение	1.5
смислен	1.5
смут	-1.5
смутен	-1.5
смущаващи	-1.5
смущение	-1.5
смущения	-1.5
смърт	-1.5
смъртен	-1.5
смъртоносен	-1.5
смятам	1.5
собственици	-1.5
сок	-1.5
солидарност	1.5
солиден	1.5
солидно	1.5
сонда	-1.5
сочен	1.5
спад	-1.5
спасител	1.5
спекулация	1.5
спестявания	1.5
специфичен	-1.5
спечелване	1.5
спечели	1.5
спешен	-1.5
спешно	-1.5
спирам	-1.5
спиране	-1.5
спирачка	-1.5
сплашване	-1.5
спогодба	1.5
спокойна	1.5
спокойствие	1.5
сполучлив	1.5
спонтанен	1.5
спор	-1.5
споразумение	1.5
спорен	-1.5
спорния	-1.5
спортен	1.5
споря	-1.5
способен	1.5
справедлив	1.5
справедливо	1.5
справедливост	1.5
спускане	-1.5
сравнително	1.5
срам	-1.5
средство	1.5
срив	-1.5
срутване	-1.5
стабилен	1.5
стабилизира	1.5
стабилност	1.5
стар	-1.5
старание	1.5
статичен	-1.5
статия	-1.5
стачка	-1.5
стегната	1.5
стереотип	-1.5
стеснение	-1.5
стига	1.5
стил	-1.5
стилизиран	1.5
стимулира	1.5
стимулиране	1.5
стойност	1.5
страда	-1.5
страдание	-1.5
страдащ	-1.5
страдащите	-1.5
странен	-1.5
странно	-1.5
странност	-1.5
странното	-1.5
странстващ	-1.5
страст	1.5
страстен	1.5
страстно	1.5
страх	-1.5
страхливец	-1.5
страхове	-1.5
страхопочитание	1.5
страхотен	1.5
страшен	-1.5
страшно	-1.5
стрела	1.5
стреля	-1.5
стремеж	1.5
стремежи	1.5
стремителен	-1.5
стрес	-1.5
стриктен	-1.5
строг	-1.5
строги	1.5
строго	-1.5
строгост	-1.5
строителен	1.5
строя	-1.5
стръв	-1.5
стръмен	-1.5
стръмно	-1.5
студ	-1.5
студен	-1.5
студено	-1.5
стълкновение	-1.5
суеверие	-1.5
суета	-1.5
суматоха	-1.5
супер	1.5
суров	-1.5
суша	-1.5
схватка	-1.5
схващане	-1.5
сходен	1.5
счупване	-1.5
счупен	-1.5
счупено	-1.5
съвет	-1.5
съвместен	1.5
съвместим	1.5
съвсем	1.5
съвършен	1.5
съвършенство	1.5
съгласие	1.5
съгласува	1.5
съгласуван	1.5
съгласуваност	1.5
съдени	-1.5
съди	-1.5
съдя	-1.5
съжаление	-1.5
съжалява	-1.5
съжалявам	-1.5
съживява	1.5
съживяване	1.5
съзаклятие	-1.5
съкращаване	-1.5
съкращения	-1.5
съкрушителен	-1.5
съмнение	-1.5
съмнения	-1.5
съмнителен	-1.5
съмнявам	-1.5
съобразяване	1.5
съответен	1.5
съперник	-1.5
съперница	-1.5
съперничество	-1.5
съпротивление	-1.5
сърбеж	-1.5
сърдечно	1.5
съревнование	-1.5
сърце	1.5
съставен	-1.5
състезание	-1.5
състезателен	1.5
състрадание	1.5
сътрудничество	1.5
съучастник	-1.5
съчувствие	1.5
съществен	1.5
същински	1.5
табу	-1.5
тайнствен	-1.5
тактика	-1.5
талант	1.5
таланти	1.5
талантлив	1.5
талисман	1.5
тамян	-1.5
танк	-1.5
танков	-1.5
тая	-1.5
творителен	1.5
творчески	1.5
твърдения	-1.5
твърдост	-1.5
тежест	-1.5
тежко	-1.5
тежък	-1.5
температура	-1.5
терор	-1.5
тероризъм	-1.5
терорист	-1.5
тесен	-1.5
течен	1.5
тиган	-1.5
тиня	-1.5
тиран	-1.5
тирания	-1.5
тих	1.5
тихо	1.5
тишина	1.5
товар	-1.5
тока	-1.5
токсичен	-1.5
топлина	1.5
топло	1.5
топъл	1.5
тормоз	-1.5
тормозят	-1.5
тоталитарен	-1.5
точен	1.5
точно	1.5
точност	1.5
травма	-1.5
трагедия	-1.5
трагичен	-1.5
трагично	-1.5
траен	1.5
траур	-1.5
тревога	-1.5
тревоги	-1.5
тревожни	-1.5
тревожно	-1.5
трепет	1.5
треска	-1.5
трескаво	-1.5
триене	-1.5
трик	-1.5
трикове	-1.5
триумф	1.5
триумфално	1.5
тройка	-1.5
тромав	-1.5
тромпет	1.5
трофей	1.5
труд	1.5
трудните	1.5
трудно	-1.5
трудност	-1.5
трудности	-1.5
трудолюбив	1.5
трудолюбие	1.5
труп	-1.5
трясък	-1.5
тъжен	-1.5
тъмен	-1.5
тъмна	-1.5
тъмнина	-1.5
тъмница	-1.5
тънък	1.5
тъп	-1.5
търг	1.5
тържествен	-1.5
тържество	1.5
търпеливо	1.5
търпение	1.5
тяга	1.5
убедителен	1.5
убедително	1.5
убива	-1.5
убиване	-1.5
убиец	-1.5
убийство	-1.5
убит	-1.5
уважава	1.5
уважаван	1.5
уважение	1.5
уверен	1.5
уверение	1.5
уверения	1.5
увереност	1.5
увертюра	1.5
увлечение	-1.5
увреди	-1.5
увреждане	-1.5
угризения	-1.5
удавяне	-1.5
удар	-1.5
ударен	-1.5
удивителен	1.5
удивително	1.5
удивление	1.5
удобен	1.5
удобно	1.5
удобство	1.5
удовлетворение	1.5
удовлетворява	1.5
удоволствие	1.5
удряне	-1.5
ужас	-1.5
ужасен	-1.5
ужасени	-1.5
ужасно	-1.5
ужасяващ	-1.5
ужасяващи	-1.5
ужасяващо	-1.5
ужилване	-1.5
узурпатор	-1.5
узурпира	-1.5
уклей	-1.5
украсен	1.5
укрепи	1.5
укрепление	1.5
укриването	-1.5
улеснение	1.5
улесняване	1.5
уличен	-1.5
ултиматум	-1.5
умело	1.5
умен	1.5
умение	1.5
умерен	-1.5
умира	-1.5
умиране	-1.5
умни	1.5
умора	-1.5
уморен	-1.5
уморени	-1.5
умра	-1.5
унижение	-1.5
унизителен	-1.5
унизително	-1.5
унищожаване	-1.5
унищожи	-1.5
упадък	-1.5
уплаха	-1.5
уплашен	-1.5
упорито	-1.5
управляем	1.5
уравновесен	1.5
усет	-1.5
усещане	1.5
усещания	1.5
усилен	-1.5
усилие	1.5
усилия	-1.5
усложнение	-1.5
услуга	1.5
усмивка	1.5
усмивки	1.5
успех	1.5
успехи	1.5
успешно	1.5
успокоение	1.5
успя	1.5
успява	1.5
устойчив	1.5
устойчиво	1.5
усъвършенства	1.5
усърдие	1.5
усърдно	1.5
утайка	-1.5
утвърждаване	1.5
утеха	1.5
ухапване	-1.5
участие	1.5
учен	1.5
учтив	1.5
уязвим	-1.5
фаворит	1.5
фалит	-1.5
фалшив	-1.5
фалшиво	-1.5
фалшификат	-1.5
фанатизъм	-1.5
фанатици	-1.5
фантазия	1.5
фантастичен	1.5
фарс	-1.5
фатален	-1.5
фатално	-1.5
фашизъм	-1.5
фашист	-1.5
фашистки	-1.5
фен	1.5
фенове	1.5
феноменален	1.5
фиаско	-1.5
фикция	-1.5
фин	1.5
фини	1.5
фобия	-1.5
фрактура	-1.5
фундаментализъм	-1.5
фурор	-1.5
футуристичен	1.5
халюцинации	-1.5
хаос	-1.5
хаотичен	-1.5
хаотично	-1.5
характерен	1.5
харесва	1.5
харесвал	-1.5
харесвам	1.5
харизматичен	1.5
хармоничен	1.5
хармонично	1.5
хармония	1.5
хващане	-1.5
хегемония	-1.5
хистерия	-1.5
хитър	-1.5
хладно	-1.5
хладнокръвен	1.5
хомосексуален	-1.5
храбро	1.5
храброст	1.5
храбър	1.5
храна	1.5
хром	-1.5
хроничен	-1.5
хубав	1.5
хубаво	1.5
хубост	1.5
хулигани	-1.5
хумор	1.5
хумористичен	1.5
царски	1.5
цвят	1.5
ценен	1.5
ценени	1.5
цепка	-1.5
цепнатина	-1.5
цигара	-1.5
циничен	-1.5
цъфтеж	1.5
чар	1.5
чаровен	1.5
челен	1.5
чест	1.5
честване	1.5
честен	1.5
честно	1.5
честност	1.5
четина	-1.5
чил	-1.5
чип	-1.5
чипс	1.5
чист	1.5
чистач	1.5
чистият	1.5
чисто	1.5
чистота	1.5
чувал	-1.5
чувствителност	-1.5
чудеса	1.5
чудесен	1.5
чудесно	1.5
чудно	1.5
чудо	1.5
чудовище	-1.5
чужд	-1.5
чума	-1.5
чупене	-1.5
шамар	-1.5
шампион	1.5
шаран	-1.5
шеговито	1.5
шедьоври	1.5
шедьовър	1.5
шок	-1.5
шокиращо	-1.5
шум	-1.5
шумове	-1.5
шут	-1.5
щанд	-1.5
щастие	1.5
щастлив	1.5
щастливо	1.5
щателно	1.5
щедро	1.5
щедрост	1.5
щедър	1.5
щипка	-1.5
щурм	-1.5
юмрук	-1.5
юнак	1.5
явен	-1.5
ядосан	-1.5
яребици	-1.5
ярка	1.5
ярката	1.5
ярко	-1.5
яркост	1.5
ярост	-1.5
яростен	-1.5
яростно	-1.5
ярък	1.5
ясен	1.5
ясно	1.5
яснота	1.5
яхния	-1.5
