Nemesis	-1.5
Nevýhodou	-1.5
Vítězové	1.5
abnormální	-1.5
absence	-1.5
absurdní	-1.5
adaptivní	1.5
adekvátní	1.5
advokát	1.5
advokáti	1.5
aerodynamický	1.5
agility	1.5
agrese	-1.5
agresivita	-1.5
agresivní	-1.5
alarm	-1.5
alergie	-1.5
ambiciózní	1.5
ambivalentní	-1.5
anarchie	-1.5
anarchismus	-1.5
anarchista	-1.5
anděl	1.5
anomálie	-1.5
antipatie	-1.5
apatie	-1.5
archaický	-1.5
arogance	-1.5
arogantní	-1.5
asociativní	1.5
atentátník	-1.5
atrakce	1.5
atraktivní	1.5
atrofie	-1.5
autentický	1.5
autonomní	1.5
autoritativní	1.5
award	1.5
ax	-1.5
banální	-1.5
barevný	1.5
barvení	-1.5
bavit	1.5
baví	1.5
beletrie	-1.5
best	1.5
bezchybně	1.5
bezmocný	-1.5
beznadějně	-1.5
bezpečný	1.5
bezpečně	1.5
bezplatný	1.5
bezpráví	-1.5
bezvládí	-1.5
bezvýznamný	-1.5
bitva	-1.5
bizarní	-1.5
bič	-1.5
biče	-1.5
blaho	1.5
blahobyt	1.5
blbost	-1.5
bledý	-1.5
blind	-1.5
bludný	-1.5
bludy	-1.5
blázen	-1.5
bodnutí	-1.5
bohatství	1.5
bohatý	1.5
bohatě	1.5
bohatší	1.5
bohužel	-1.5
boj	-1.5
bojkot	-1.5
bojkotovat	-1.5
bojoval	-1.5
bojovný	-1.5
bojuje	-1.5
bolest	-1.5
bolesti	-1.5
bolí	-1.5
bomb	-1.5
bomba	-1.5
bombardovat	-1.5
bombardování	-1.5
bonus	1.5
bonusy	1.5
boom	1.5
bouře	-1.5
bouřlivý	-1.5
božský	1.5
boží	1.5
bratrský	1.5
break	-1.5
brilantní	1.5
brnění	-1.5
broušení	-1.5
brutální	-1.5
brutálně	-1.5
brzdit	-1.5
bránit	-1.5
brání	-1.5
bug	-1.5
bujný	1.5
busta	-1.5
busty	-1.5
bystrý	1.5
bát	-1.5
bída	-1.5
břemeno	-1.5
cena	1.5
cenný	1.5
chaos	-1.5
charisma	1.5
charismatický	1.5
charitativní	1.5
chladit	-1.5
chladně	-1.5
chrabrost	1.5
chronický	-1.5
chránit	1.5
chudoba	-1.5
chudý	-1.5
chudší	-1.5
chvění	-1.5
chyba	-1.5
chybný	-1.5
chybně	-1.5
chyby	-1.5
chybět	-1.5
chytrý	1.5
chytře	1.5
chytřejší	1.5
cit	1.5
citlivost	-1.5
cizinec	-1.5
cizí	-1.5
cloud	-1.5
complex	-1.5
cons	-1.5
cool	1.5
crash	-1.5
ctihodný	1.5
ctižádostivý	1.5
ctnost	1.5
cítit	-1.5
dark	-1.5
daří	1.5
dead	-1.5
death	-1.5
debatovat	-1.5
dech	1.5
degenerace	-1.5
degradace	-1.5
dekadence	-1.5
demise	-1.5
deprese	-1.5
depresivní	-1.5
destrukce	-1.5
destruktivní	-1.5
devastace	-1.5
diametrálně	-1.5
die	-1.5
diktátor	-1.5
dilema	-1.5
din	-1.5
diplomatický	1.5
disident	-1.5
diskriminace	-1.5
diskuse	-1.5
diskutabilní	-1.5
div	1.5
divný	-1.5
divoce	-1.5
divoká	1.5
divoký	-1.5
divočina	-1.5
dluh	-1.5
dluhy	-1.5
dobro	1.5
dobrodružný	1.5
dobrý	1.5
dobře	1.5
docela	1.5
dohoda	1.5
dojem	1.5
dokonale	1.5
dokonalost	1.5
dokonalý	1.5
dokončit	1.5
dokázat	1.5
dominovat	1.5
dominuje	1.5
donucení	-1.5
donutit	-1.5
doom	-1.5
doplnit	1.5
doplněk	1.5
doplněny	1.5
doplňkový	1.5
doplňuje	1.5
doporučené	1.5
doporučení	1.5
doporučit	1.5
dosaženo	1.5
dosažení	1.5
dosažitelné	1.5
dosažitelný	1.5
dospělý	1.5
dost	1.5
dostatek	1.5
dostatečný	1.5
dostatečně	1.5
dostačující	1.5
dosti	1.5
dostupné	1.5
dostupný	1.5
dotované	1.5
dotčený	-1.5
dovednost	1.5
dovolit	1.5
dozadu	-1.5
drahokam	1.5
drahokamy	1.5
drahá	1.5
drancování	-1.5
drasticky	-1.5
dravý	-1.5
drobný	-1.5
droga	-1.5
družstevní	1.5
družstvo	1.5
držet	-1.5
duchovní	1.5
dutý	-1.5
duševní	-1.5
dynamický	1.5
démon	-1.5
dílo	1.5
díra	-1.5
dým	-1.5
dýně	-1.5
děj	-1.5
důkladně	1.5
důležitý	1.5
důrazně	-1.5
důsledně	1.5
důstojnost	1.5
důstojný	1.5
důvěra	1.5
důvěryhodnosti	1.5
důvěryhodný	1.5
důvěřovat	1.5
efektivní	1.5
efektivně	1.5
ekonomický	1.5
elegance	1.5
elegantní	1.5
elegantně	1.5
eliminace	-1.5
elita	1.5
elitní	-1.5
empatie	1.5
energetický	1.5
epidemie	-1.5
eroze	-1.5
error	-1.5
erupce	-1.5
etický	1.5
euforie	1.5
evidentní	-1.5
exil	-1.5
expanzivní	1.5
explodovat	-1.5
extáze	1.5
fair	1.5
falešný	-1.5
falešně	-1.5
false	-1.5
fanoušci	1.5
fantastický	1.5
fantazie	1.5
fascinující	1.5
fast	1.5
favorit	1.5
fašismus	-1.5
fašistický	-1.5
feat	1.5
fenomenální	1.5
fiction	-1.5
fikce	-1.5
fiktivní	-1.5
fobie	-1.5
fond	1.5
fr	-1.5
free	1.5
frustrace	-1.5
funky	-1.5
gangster	-1.5
garance	1.5
garantovat	1.5
garbage	-1.5
geniální	1.5
genocida	-1.5
ghetto	-1.5
gold	1.5
good	1.5
grand	1.5
groteskní	-1.5
génius	1.5
halucinace	-1.5
hanlivý	-1.5
hanobení	-1.5
happy	1.5
hard	-1.5
harmonicky	1.5
harmonický	1.5
harmonie	1.5
havaroval	-1.5
hegemonie	-1.5
hejno	-1.5
hezky	1.5
hezký	1.5
hladce	1.5
hladký	1.5
hladomor	-1.5
hladovění	-1.5
hlasité	1.5
hlasitý	-1.5
hlasitě	-1.5
hlavní	1.5
hloupost	-1.5
hloupý	-1.5
hluboce	1.5
hluboký	1.5
hluk	-1.5
hlučný	-1.5
hlídky	-1.5
hmyz	-1.5
hněv	-1.5
hodnostář	1.5
hodnota	1.5
hodnotný	1.5
hojnost	1.5
hojný	1.5
horda	-1.5
horečka	-1.5
horečky	-1.5
horký	1.5
horlivý	1.5
horlivě	-1.5
horší	-1.5
hot	1.5
houževnatý	1.5
hovno	-1.5
hořce	-1.5
hořet	-1.5
hořký	-1.5
hořící	-1.5
hrabat	-1.5
hrdina	1.5
hrdinka	1.5
hrdinové	1.5
hrdinský	1.5
hrdost	1.5
hrdý	1.5
hrozba	-1.5
hrozby	-1.5
hrozit	-1.5
hrozný	-1.5
hrozně	-1.5
hrozící	-1.5
hrubý	-1.5
hrubě	-1.5
humor	1.5
humánní	1.5
hustý	-1.5
hvězdný	1.5
hysterie	-1.5
hádka	-1.5
hádky	-1.5
hřích	-1.5
hůře	-1.5
ideál	1.5
ideální	1.5
ideálně	1.5
idol	1.5
ignorovat	-1.5
ignorování	-1.5
ihned	1.5
ilegální	-1.5
iluze	-1.5
imaginární	-1.5
impedance	-1.5
implikace	-1.5
important	1.5
impozantní	1.5
individuálně	1.5
infekce	-1.5
inflační	-1.5
informovat	1.5
inovace	1.5
inspirace	1.5
inspirativní	1.5
inspirovat	1.5
instrumentální	1.5
integrovaný	1.5
integrál	1.5
integrální	1.5
inteligence	1.5
inteligentní	1.5
intenzivní	-1.5
interference	-1.5
intimní	1.5
intuitivní	1.5
invalidní	-1.5
invazní	-1.5
iracionální	-1.5
irelevantní	-1.5
ironicky	-1.5
ironický	-1.5
ironie	-1.5
izolace	-1.5
izolovaný	-1.5
izolovat	-1.5
jak	1.5
jako	1.5
jam	-1.5
jasnost	1.5
jasný	1.5
jasně	1.5
jasnější	1.5
jed	-1.5
jedinečný	1.5
jednoduchý	1.5
jednodušší	1.5
jednota	1.5
jednoznačný	1.5
jednoznačně	1.5
jedovatý	-1.5
jemnost	1.5
jemný	1.5
jemně	1.5
jemnější	1.5
jeskyně	-1.5
jistota	1.5
jizvy	-1.5
jícen	-1.5
kachna	-1.5
kacířství	-1.5
kadidlo	-1.5
kanalizace	-1.5
kapitulace	-1.5
kapitulovat	-1.5
kapr	-1.5
katastrofa	-1.5
katastrofy	-1.5
katastrofální	-1.5
katastrofálně	-1.5
kazit	-1.5
kladný	1.5
kladně	1.5
klam	-1.5
klasický	1.5
klaun	-1.5
klenot	1.5
klesající	-1.5
klesat	-1.5
klesl	-1.5
klesá	-1.5
kletba	-1.5
klid	1.5
klidný	1.5
klika	-1.5
klišé	-1.5
klín	-1.5
kmen	-1.5
kmitání	-1.5
koherentní	1.5
kolaps	-1.5
kolej	-1.5
koleje	-1.5
kolejnice	-1.5
komfort	1.5
komfortní	1.5
komický	-1.5
kompaktní	1.5
kompatibilní	1.5
komplementární	1.5
komplex	-1.5
komplexní	-1.5
komplikace	-1.5
komplikovaný	-1.5
komplikovat	-1.5
koncese	-1.5
konfiskace	-1.5
konflikt	-1.5
konflikty	-1.5
konfrontace	-1.5
konkurenční	1.5
konspirační	-1.5
konstruktivní	1.5
kontaminace	-1.5
kontinuita	1.5
kontraproduktivní	-1.5
kontroverze	-1.5
kontroverzní	-1.5
konzervativní	-1.5
konzistentní	1.5
kopřiva	-1.5
korektní	1.5
koroze	-1.5
korupce	-1.5
kostka	-1.5
kostra	-1.5
kostry	-1.5
kousek	1.5
kouzelný	1.5
kouzla	1.5
kouzlo	1.5
kouř	-1.5
kouřit	-1.5
kořist	-1.5
koše	-1.5
krade	-1.5
kriminalita	-1.5
kriminální	-1.5
kritici	-1.5
kritický	-1.5
kritik	-1.5
kritika	-1.5
kritiky	-1.5
kritizoval	-1.5
kritizovat	-1.5
krize	-1.5
kroupy	1.5
krupobití	1.5
krutost	-1.5
krutý	-1.5
krutě	-1.5
krvavý	-1.5
krveprolití	-1.5
krvácení	-1.5
královský	1.5
krása	1.5
krásný	1.5
krásně	1.5
krást	-1.5
krýt	-1.5
kupodivu	1.5
kuriózní	1.5
kvalifikovaný	1.5
kvalifikovat	1.5
kvetoucí	1.5
kvést	1.5
květ	1.5
kyselý	-1.5
kódování	-1.5
křehký	-1.5
křik	-1.5
křičet	-1.5
křídlo	1.5
křížek	1.5
kůl	-1.5
kůže	-1.5
laskavost	1.5
laskavý	1.5
laskavě	1.5
latence	-1.5
lavina	-1.5
led	1.5
ledový	-1.5
legendární	1.5
legrace	1.5
legální	1.5
lehký	1.5
lepší	1.5
lesk	1.5
lesklá	1.5
lesklý	1.5
levný	1.5
levně	-1.5
levnější	1.5
lež	-1.5
ležet	-1.5
ležící	-1.5
lhal	-1.5
lhostejnost	-1.5
lhostejný	-1.5
lhát	-1.5
lhář	-1.5
libovolný	-1.5
lichý	-1.5
like	1.5
limit	-1.5
limita	-1.5
limity	-1.5
litoval	-1.5
litovat	-1.5
loajální	1.5
logický	1.5
loutka	-1.5
loutky	-1.5
love	1.5
lukrativní	1.5
lupič	-1.5
luxus	1.5
luxusní	1.5
lyrický	1.5
láska	1.5
lásko	1.5
lék	1.5
lépe	1.5
lézt	-1.5
léčba	1.5
léčit	1.5
líbí	1.5
lítost	-1.5
lůžko	-1.5
magický	1.5
magie	1.5
majestát	1.5
majestátní	1.5
maligní	-1.5
maličký	-1.5
malý	-1.5
manipulace	-1.5
manipulovat	-1.5
marný	-1.5
marně	-1.5
masakr	-1.5
masakry	-1.5
master	1.5
mat	-1.5
mate	-1.5
matoucí	-1.5
maturity	1.5
medvědí	-1.5
melancholie	-1.5
melodický	1.5
mez	-1.5
mezery	-1.5
milenec	1.5
milost	1.5
miloval	1.5
milovaný	1.5
milovat	1.5
milovník	1.5
miluje	1.5
milující	1.5
milý	1.5
mimo	1.5
mimořádně	1.5
mine	-1.5
mistr	1.5
mistrovská	1.5
mistrovský	1.5
mistrovství	1.5
mistři	1.5
mletí	-1.5
mlha	-1.5
mlhy	-1.5
moc	1.5
moderní	1.5
monotónní	-1.5
monster	-1.5
monumentální	1.5
mor	-1.5
morálka	1.5
motivované	1.5
motivovat	1.5
moucha	-1.5
moudrost	1.5
moudrý	1.5
moudře	1.5
možný	1.5
mrak	-1.5
mrtví	-1.5
mrtvý	-1.5
mráz	-1.5
muka	-1.5
mučednictví	-1.5
mučen	-1.5
mučení	-1.5
mylný	-1.5
mylně	-1.5
mystifikace	-1.5
má	1.5
mír	1.5
mírumilovný	1.5
módní	1.5
mýlit	-1.5
mýtné	-1.5
mýto	-1.5
mýtus	-1.5
měkký	1.5
měkčí	1.5
mělký	-1.5
mřížka	-1.5
nabitý	-1.5
nabídka	1.5
nabízel	-1.5
nachlazení	-1.5
nadaný	1.5
nadměrný	-1.5
nadměrně	-1.5
nadějný	1.5
nadřazenost	1.5
nadšení	1.5
nadšený	1.5
nadšeně	1.5
nafta	-1.5
nahradit	1.5
nahromadění	-1.5
naivní	-1.5
naivně	-1.5
namáhání	-1.5
napomenutí	-1.5
napravit	1.5
naprosto	-1.5
naprostý	-1.5
napětí	-1.5
napřed	1.5
narazit	-1.5
narušena	-1.5
narušení	-1.5
narušit	-1.5
narušuje	-1.5
narážka	-1.5
naznačit	1.5
naznačovat	-1.5
naštěstí	1.5
neaktivní	-1.5
nebe	1.5
nebeský	1.5
nebezpečný	-1.5
nebezpečí	-1.5
nechat	-1.5
nechuť	-1.5
nedbalost	-1.5
nedobrovolně	-1.5
nedokonale	-1.5
nedokonalosti	-1.5
nedokončený	-1.5
nedorozumění	-1.5
nedosažitelný	-1.5
nedostatek	-1.5
nedostatečný	-1.5
nedostatečně	-1.5
nedostatky	-1.5
nedostačující	-1.5
nedotýká	-1.5
nedůvěra	-1.5
nedůvěřivý	-1.5
neefektivní	-1.5
neexistující	-1.5
nefunkční	-1.5
negace	-1.5
negativ	-1.5
negativní	-1.5
negativy	-1.5
nehoda	-1.5
nejasnost	-1.5
nejasný	-1.5
nejchudší	-1.5
nejednotnost	-1.5
nejhezčí	1.5
nejhorší	-1.5
nejhůře	-1.5
nejistota	-1.5
nejistý	-1.5
nejjasnější	1.5
nejjednodušší	1.5
nejlepší	1.5
nejlevnější	1.5
nejlépe	1.5
nejpřednější	1.5
nejrychlejší	1.5
nejsilnější	1.5
nejtěžší	1.5
nejvyšší	1.5
největší	1.5
nejčistší	1.5
neklid	-1.5
nekompromisní	-1.5
nelegitimní	-1.5
nelegálně	-1.5
nelibost	-1.5
nelíbí	-1.5
nemanželský	-1.5
nemilosrdně	-1.5
nemoc	-1.5
nemocný	-1.5
nemorální	-1.5
nemožný	-1.5
nenávidí	-1.5
nenáviděl	-1.5
nenávidět	-1.5
nenávist	-1.5
neoblíbený	-1.5
neobvykle	-1.5
neobvyklý	-1.5
neobyčejný	1.5
neochota	-1.5
neochotně	-1.5
neomezený	1.5
neoprávněné	-1.5
neoprávněně	-1.5
neortodoxní	-1.5
neosobní	-1.5
neplatný	-1.5
nepochybně	1.5
nepokrytě	1.5
nepopulární	-1.5
neposlušnost	-1.5
nepotvrzené	-1.5
nepotřebné	-1.5
nepoužitelný	-1.5
nepořádek	-1.5
nepravdivý	-1.5
nepravidelný	-1.5
nepravý	-1.5
nepřesnost	-1.5
nepřesnosti	-1.5
nepřesný	-1.5
nepřesně	-1.5
nepřijatelný	-1.5
nepřiměřeně	-1.5
nepřátelský	-1.5
nepřátelství	-1.5
nepřátelé	-1.5
nepříjemný	-1.5
nepřítel	-1.5
nepřítomnost	-1.5
nepříznivý	-1.5
nerentabilní	-1.5
nereálné	-1.5
nerovnost	-1.5
nerovnosti	-1.5
nerovný	-1.5
nerozhodný	-1.5
nervový	-1.5
nervózní	-1.5
neschopnost	-1.5
neschopný	-1.5
neslavně	-1.5
neslučitelné	-1.5
nesmysl	-1.5
nesmyslnost	-1.5
nesmyslný	-1.5
nesmírně	-1.5
nesnášenlivost	-1.5
nesouhlas	-1.5
nesouhlasit	-1.5
nesouhlasu	-1.5
nesouhlasí	-1.5
nesoulad	-1.5
nespokojen	-1.5
nespokojenost	-1.5
nespokojený	-1.5
nespolehlivost	-1.5
nespolehlivý	-1.5
nesporný	1.5
nesporně	1.5
nespravedlivě	-1.5
nespravedlnost	-1.5
nespravedlnosti	-1.5
nesprávný	-1.5
nesprávně	-1.5
nesrovnalosti	-1.5
nestabilní	-1.5
nestranný	1.5
nestálý	-1.5
netušící	-1.5
netvor	-1.5
netřeba	-1.5
neurčitý	-1.5
neustále	-1.5
neustálý	-1.5
nevhodnost	-1.5
nevhodný	-1.5
nevhodně	-1.5
neviditelný	-1.5
nevinný	1.5
nevolnost	-1.5
nevraživost	-1.5
nevyhnutelný	-1.5
nevyhnutelně	-1.5
nevyhovující	-1.5
nevyřešené	-1.5
nevýhoda	-1.5
nevýhody	-1.5
nevýznamný	-1.5
nevědomost	-1.5
nevěřící	-1.5
nezaměstnaný	-1.5
nezdar	-1.5
nezkušenost	-1.5
nezkušený	-1.5
neznalost	-1.5
neznámé	-1.5
neznámý	-1.5
nezvyklý	-1.5
nezákonný	-1.5
neúměrně	-1.5
neúplný	-1.5
neúspěch	-1.5
neúspěšný	-1.5
neúspěšně	-1.5
nečekaný	-1.5
nečekaně	-1.5
nečinnost	-1.5
neškodný	1.5
neštěstí	-1.5
nešťastný	-1.5
nešťastně	-1.5
nežádoucí	-1.5
nice	1.5
ničivý	-1.5
ničí	-1.5
nižší	-1.5
no	1.5
noise	-1.5
nosit	-1.5
nosnost	-1.5
notoricky	-1.5
nouze	-1.5
novinka	1.5
nošení	-1.5
nucený	-1.5
nuda	-1.5
nutkání	-1.5
náchylný	-1.5
nádech	1.5
nádherný	1.5
nádrž	-1.5
nádrže	-1.5
náhle	-1.5
náhlý	-1.5
náhodně	-1.5
nákaza	-1.5
náklad	-1.5
nákladný	-1.5
nákres	-1.5
nálada	-1.5
námahy	1.5
námitka	-1.5
námitky	-1.5
nápadný	1.5
nápadně	1.5
náraz	-1.5
náročný	-1.5
násilný	-1.5
násilně	-1.5
následovat	1.5
návrat	-1.5
nářek	-1.5
němý	-1.5
nůž	-1.5
obava	-1.5
obavy	-1.5
obcházet	-1.5
obdiv	1.5
obdivovat	1.5
obdivovatel	1.5
obhajoval	1.5
obhajovat	1.5
obhájce	1.5
obhájci	-1.5
object	-1.5
objekt	-1.5
objektivní	1.5
objetí	1.5
objevy	1.5
oblak	-1.5
obležení	-1.5
obloha	1.5
obléhat	-1.5
oblíbený	1.5
obnovena	1.5
obnovený	1.5
obnovit	1.5
obohacení	1.5
obohatit	1.5
obrana	-1.5
obranný	-1.5
obratný	1.5
obrovský	1.5
obrození	1.5
obsadit	-1.5
obsah	-1.5
obsáhlý	1.5
obtížnost	-1.5
obtížný	-1.5
obtěžovat	-1.5
obtěžování	-1.5
obtěžuje	-1.5
obvinit	-1.5
obvinění	-1.5
obviňovat	-1.5
obviňuje	-1.5
obézní	-1.5
obětovali	-1.5
obětovat	-1.5
oběť	-1.5
ocenil	1.5
ocenění	1.5
oceňována	1.5
oceňuje	1.5
ochota	1.5
ochotný	1.5
ochotně	1.5
ochrana	1.5
ochranný	1.5
odborně	1.5
odchylka	-1.5
odcizení	-1.5
odcizil	-1.5
odd	-1.5
oddálit	-1.5
oddělit	-1.5
odečíst	-1.5
odhalení	1.5
odklad	1.5
odlišný	-1.5
odmítavý	-1.5
odmítl	-1.5
odmítnout	-1.5
odmítnutí	-1.5
odmítá	-1.5
odměna	1.5
odolný	1.5
odpad	-1.5
odpadky	-1.5
odpor	-1.5
odporný	-1.5
odporovat	-1.5
odporující	-1.5
odpovídající	1.5
odpovědnost	-1.5
odpovědný	-1.5
odpustit	1.5
odradit	-1.5
odrazit	-1.5
odražení	-1.5
odrůda	1.5
odsoudit	-1.5
odsouzení	-1.5
odsouzený	-1.5
odstoupení	-1.5
odstoupil	-1.5
odstoupit	-1.5
odstranění	-1.5
odsuzuje	-1.5
odumírání	-1.5
odvaha	1.5
odvolat	-1.5
odvolání	1.5
odvážný	1.5
odvážně	1.5
ohled	1.5
ohromen	-1.5
ohromný	1.5
ohrozit	-1.5
ohrožení	-1.5
ohrožovat	-1.5
ohrožující	-1.5
ok	1.5
okamžik	-1.5
okamžitě	1.5
oklamat	-1.5
okouzlující	1.5
okrajový	-1.5
okrajově	-1.5
okázale	1.5
olovo	1.5
omezení	-1.5
omezený	-1.5
omezit	-1.5
omezovat	-1.5
omezující	-1.5
omluvit	-1.5
omyl	-1.5
omylů	-1.5
opatrný	-1.5
opilý	-1.5
oplývá	1.5
oponent	-1.5
opovržení	-1.5
opozice	-1.5
opravdový	1.5
opravit	1.5
oprávněně	1.5
optimismus	1.5
optimální	1.5
opustit	-1.5
opuštěný	-1.5
opřít	1.5
orientační	-1.5
originální	1.5
osamělý	-1.5
oslabení	-1.5
oslabit	-1.5
oslabování	-1.5
oslava	1.5
oslavovat	1.5
osnova	-1.5
osobnost	1.5
osobnosti	1.5
osobní	1.5
ospravedlnit	1.5
ostrovní	-1.5
ostrý	1.5
ostuda	-1.5
ostřejší	1.5
osud	1.5
osvobodit	1.5
osvobozeni	1.5
osvobození	1.5
osvícení	1.5
osvětlit	1.5
otevřenost	1.5
otevřeně	1.5
otok	-1.5
otrava	-1.5
otroci	-1.5
otroctví	-1.5
otrok	-1.5
otrokyně	-1.5
otrávený	-1.5
otrávit	-1.5
otvor	-1.5
otvory	-1.5
otázka	-1.5
otázky	-1.5
otáčet	-1.5
otřes	-1.5
otřesy	-1.5
ovladatelný	1.5
ovládat	1.5
ovládnutí	1.5
ozdobný	1.5
označit	-1.5
oáza	1.5
očistit	1.5
ošklivý	-1.5
oživit	1.5
ožívá	1.5
pachatel	-1.5
pacient	1.5
padající	-1.5
padat	-1.5
padnout	-1.5
padělek	-1.5
pahýl	-1.5
palácový	1.5
památný	1.5
pan	-1.5
panika	-1.5
panoramatický	1.5
paní	-1.5
paradoxní	-1.5
paradoxně	-1.5
paranoia	-1.5
paranoidní	-1.5
parazit	-1.5
parcela	-1.5
parodie	-1.5
partyzán	-1.5
partyzáni	-1.5
partyzánský	-1.5
pasivní	-1.5
past	-1.5
pasti	-1.5
pat	-1.5
patron	1.5
pauza	-1.5
pařez	-1.5
pašije	1.5
peklo	-1.5
penalty	-1.5
perfektní	1.5
pestrý	1.5
pevnější	1.5
pečlivě	1.5
peřeje	1.5
pikantní	-1.5
pilně	1.5
plachý	-1.5
platný	1.5
plazivý	-1.5
plevel	-1.5
plevy	-1.5
plná	-1.5
plodný	1.5
plot	-1.5
plynný	1.5
plynule	1.5
plynulý	1.5
plán	-1.5
pláč	-1.5
plýtvání	-1.5
pochopení	-1.5
pochopitelný	1.5
pochybení	-1.5
pochybnost	-1.5
pochybnosti	-1.5
pochybovat	-1.5
pochybuji	-1.5
pocity	1.5
pocta	1.5
poctivě	1.5
pocty	1.5
poctěn	1.5
podařilo	1.5
podezřele	-1.5
podezřelý	-1.5
podezření	-1.5
podivný	-1.5
podivně	-1.5
podlahou	-1.5
podložit	1.5
podmanit	-1.5
podnik	-1.5
podnítit	1.5
podobizna	-1.5
podobný	1.5
podpora	1.5
podporovaný	1.5
podporovat	1.5
podporovatel	1.5
podporuje	1.5
podporující	1.5
podpůrná	1.5
podroben	-1.5
podrobení	-1.5
podrobit	-1.5
podráždění	-1.5
podstatný	1.5
podvod	-1.5
podvody	-1.5
podvracení	-1.5
poděkovat	1.5
podřídit	-1.5
podřízení	-1.5
podřízený	-1.5
poetický	1.5
pohanský	-1.5
pohledný	1.5
pohltit	-1.5
pohodlný	1.5
pohodlně	1.5
pohodlí	1.5
pohotovost	-1.5
pohotovostní	-1.5
pohrdání	-1.5
pohroma	-1.5
poklad	1.5
pokles	-1.5
pokoj	1.5
pokojně	1.5
pokoušet	1.5
pokořit	1.5
pokrok	1.5
pokrokový	1.5
pokročilý	1.5
pokrytectví	-1.5
pokusný	-1.5
pokuta	1.5
pokušení	-1.5
polarizace	-1.5
políček	-1.5
pomalejší	-1.5
pomalu	-1.5
pomalý	-1.5
pomoc	1.5
pomoci	1.5
pomohl	1.5
pomsta	-1.5
pomstít	-1.5
pomyslný	-1.5
pomáhá	1.5
ponižující	-1.5
ponížení	-1.5
poplach	-1.5
poprsí	-1.5
populární	1.5
popáleniny	-1.5
popírá	-1.5
popřel	-1.5
popření	-1.5
popřít	-1.5
porazit	1.5
poraženi	1.5
poražení	-1.5
poražený	1.5
poražených	-1.5
porod	-1.5
porucha	-1.5
poruchy	-1.5
porušení	-1.5
porušit	-1.5
porušovat	-1.5
porážka	1.5
porážky	1.5
posedlost	1.5
posedlosti	1.5
poskytnout	1.5
posměch	-1.5
posměšně	-1.5
postačující	1.5
postižené	-1.5
postižený	-1.5
postoj	1.5
postrádal	-1.5
postrádá	-1.5
postupovat	1.5
posvátný	1.5
posílení	1.5
posílit	1.5
potah	1.5
potlačení	-1.5
potlačit	-1.5
potlačování	-1.5
potlačují	-1.5
potok	-1.5
potomstvo	-1.5
potopena	-1.5
potopení	-1.5
potopit	-1.5
potvrdil	1.5
potvrdit	1.5
potíž	-1.5
potíže	-1.5
potěšen	1.5
potěšení	1.5
poušť	-1.5
použitelný	1.5
považovat	1.5
povolit	1.5
povrchní	-1.5
povstání	-1.5
povzbudit	1.5
povzbuzení	1.5
povzbuzující	1.5
povznesení	1.5
povznést	1.5
povýšení	1.5
povýšený	-1.5
povýšit	1.5
pověsti	-1.5
pověstný	-1.5
pověřit	1.5
pozdrav	1.5
pozdější	-1.5
pozemský	-1.5
pozitiv	1.5
pozitivní	1.5
pozoruhodný	1.5
pozoruhodně	1.5
pozůstatky	-1.5
pořádný	1.5
poškodit	-1.5
poškozeny	-1.5
poškozené	-1.5
poškození	-1.5
poškozený	-1.5
poškozuje	-1.5
požehnání	1.5
požívat	1.5
prach	-1.5
pracoval	1.5
pracovat	1.5
pracovitý	1.5
praktický	1.5
prasata	-1.5
prase	-1.5
prasknutí	-1.5
pravdivost	1.5
pravdivý	1.5
pravdivě	1.5
pravice	1.5
pravý	1.5
pražců	-1.5
prchá	-1.5
preferovat	1.5
preferuje	1.5
premiér	1.5
prestiž	1.5
prestižní	1.5
primitivní	-1.5
privilegium	1.5
problem	-1.5
problematický	-1.5
problém	-1.5
problémy	-1.5
produktivní	1.5
profesionálové	1.5
progresivní	1.5
progressive	1.5
prohlubeň	-1.5
prohlášení	1.5
prohra	-1.5
prokletí	-1.5
prokázání	1.5
prominence	1.5
prominentní	1.5
prominutí	1.5
promlčení	-1.5
pronikání	-1.5
pronásledovat	-1.5
pronásledování	-1.5
propaganda	-1.5
propaguje	-1.5
propast	-1.5
propustit	-1.5
prosadit	1.5
prosba	-1.5
prosit	-1.5
proslulost	1.5
proslulý	1.5
prosperita	1.5
prosperity	1.5
prosperovat	1.5
prosperující	1.5
prospěch	1.5
prospěšný	1.5
prostorný	1.5
prosím	-1.5
protest	-1.5
protestoval	-1.5
protestovat	-1.5
protestují	-1.5
protesty	-1.5
protihráč	-1.5
protiprávní	-1.5
protivník	-1.5
protiústavní	-1.5
proud	1.5
provedení	1.5
provizorní	-1.5
provokace	-1.5
provokativní	-1.5
provokovat	-1.5
prozradit	-1.5
pružný	1.5
prvotřídní	1.5
práce	1.5
právník	1.5
právo	1.5
právoplatný	1.5
prémie	1.5
průdušnice	-1.5
průhledný	1.5
průkopnický	1.5
průlom	1.5
průměrný	-1.5
punc	1.5
punk	-1.5
pustý	-1.5
pytel	-1.5
páchnoucí	-1.5
pád	-1.5
pády	-1.5
pán	1.5
pánev	-1.5
páteř	1.5
péči	1.5
pýcha	1.5
pěkný	1.5
pěkně	1.5
pěna	-1.5
pěst	-1.5
předběžný	-1.5
předehra	1.5
předjel	1.5
předjet	1.5
předjíždění	1.5
předmět	-1.5
přednost	1.5
přednostně	1.5
přední	1.5
předstírat	-1.5
předsudky	-1.5
předčasný	-1.5
přehlédnout	-1.5
přehnaný	-1.5
překazit	-1.5
překonala	1.5
překonat	1.5
překročena	1.5
překročení	1.5
překročit	1.5
překročí	1.5
překvapující	-1.5
překážka	-1.5
překážky	-1.5
přemoci	-1.5
přemístit	-1.5
přenosný	1.5
přerušeno	-1.5
přerušení	-1.5
přerušit	-1.5
přesah	-1.5
přesný	1.5
přesně	1.5
přestat	-1.5
přestupek	-1.5
přestávka	-1.5
přestávky	-1.5
přesunout	-1.5
přesvědčivý	1.5
přesvědčivě	1.5
přetížení	-1.5
převrácení	-1.5
přezbrojení	-1.5
přežití	1.5
přijatelný	1.5
přiměřený	1.5
přinutit	-1.5
připadnout	-1.5
připravený	1.5
připustit	-1.5
přirozený	1.5
přispění	1.5
přitažlivost	1.5
přivolat	1.5
přivítání	1.5
přiznání	-1.5
přátelsky	1.5
přátelský	1.5
příjem	1.5
příjemce	1.5
příjemný	1.5
příjemně	1.5
přímočarý	1.5
přímý	1.5
přípustný	1.5
příslušný	1.5
přísný	-1.5
přísně	-1.5
příspěvek	1.5
přístav	-1.5
přístavy	-1.5
přístupný	1.5
přítok	1.5
přívrženec	-1.5
přízeň	1.5
příznak	-1.5
příznaky	-1.5
příznivý	1.5
příznivě	1.5
působivý	1.5
půst	1.5
půvab	1.5
racionální	1.5
radikál	-1.5
radikální	-1.5
radikálně	-1.5
radikály	-1.5
radost	1.5
radostně	1.5
radovat	1.5
rail	-1.5
rakovina	-1.5
rasismus	-1.5
reagovat	-1.5
reakční	-1.5
realistický	1.5
recese	-1.5
redundantní	-1.5
reforma	1.5
reformované	1.5
reformovat	1.5
reformy	1.5
regrese	-1.5
rejsek	-1.5
renesance	1.5
renomé	1.5
represe	-1.5
represivní	-1.5
reputace	1.5
respekt	1.5
respektovat	1.5
restriktivní	-1.5
restrukturalizace	1.5
restrukturalizaci	1.5
revert	-1.5
revoluci	1.5
revolucionář	1.5
revoluční	1.5
rezavý	-1.5
rezignace	-1.5
right	1.5
riskantní	-1.5
riskovat	-1.5
rival	-1.5
rivalita	-1.5
rizika	-1.5
riziko	-1.5
robustní	1.5
romanticky	1.5
romantický	1.5
rosy	1.5
rot	-1.5
rouhání	-1.5
rovnovážný	1.5
rozbíjení	-1.5
rozbít	-1.5
rozdrtit	-1.5
rozdíl	1.5
rozdílný	-1.5
rozdělení	-1.5
rozdělit	-1.5
rozhodný	1.5
rozhořčení	-1.5
rozklad	-1.5
rozkol	-1.5
rozkvět	1.5
rozlišovací	1.5
rozložit	-1.5
rozluštit	-1.5
rozmanitý	-1.5
rozpad	-1.5
rozpadající	-1.5
rozpadá	-1.5
rozpaky	-1.5
rozpor	-1.5
rozpoutat	-1.5
rozptýlení	-1.5
rozptýlit	-1.5
rozpuštění	-1.5
roztržení	-1.5
rozumný	1.5
rozumně	1.5
rozvědka	1.5
rozzuřený	-1.5
rozčarování	-1.5
rozšířené	1.5
rozšíření	1.5
rošt	-1.5
rue	-1.5
ruin	-1.5
ruina	-1.5
rukojmí	-1.5
rušení	-1.5
rušit	-1.5
rušivé	-1.5
rychle	1.5
rychlejší	1.5
rychlý	1.5
rytířský	1.5
ryzí	1.5
rád	1.5
ráj	1.5
rána	-1.5
rány	-1.5
rétorika	-1.5
různorodý	-1.5
růžový	1.5
sabotovat	-1.5
sabotáž	-1.5
sad	-1.5
samosprávný	1.5
samotář	-1.5
samozřejmost	-1.5
satan	-1.5
satirický	-1.5
schopnost	1.5
schopný	1.5
schvalovat	1.5
schválen	1.5
schválení	1.5
schválit	1.5
sebevražda	-1.5
sebevražedný	-1.5
sebevědomí	1.5
sekera	-1.5
sekreční	-1.5
sekání	-1.5
selektivní	1.5
selhání	-1.5
selže	-1.5
seriózní	1.5
sever	-1.5
sevření	-1.5
sexy	1.5
shodit	-1.5
shovívavost	1.5
silný	1.5
sin	-1.5
sirotek	-1.5
sjezd	-1.5
skalnatý	-1.5
skandál	-1.5
skandální	-1.5
skandály	-1.5
skepse	-1.5
skepticismus	-1.5
skeptický	-1.5
sklon	1.5
skloňovat	-1.5
skládka	-1.5
skládky	-1.5
skromnost	1.5
skromný	1.5
skrývat	-1.5
skvrna	-1.5
skvrny	-1.5
skvěle	1.5
skvělý	1.5
slabost	-1.5
slabý	-1.5
slabší	-1.5
sladký	1.5
slave	-1.5
slavit	1.5
slavnostní	1.5
slavný	1.5
slavně	1.5
slepý	-1.5
slečna	-1.5
slib	1.5
slibný	1.5
slibuje	1.5
sliz	-1.5
sluha	-1.5
slušnost	1.5
slušný	1.5
slábne	-1.5
sláva	1.5
slíbil	1.5
slíbit	1.5
smazat	-1.5
smečka	1.5
smlouva	1.5
smrt	-1.5
smrtelný	-1.5
smrtelně	-1.5
smrtící	-1.5
smutek	-1.5
smutný	-1.5
smutně	-1.5
smyšlený	-1.5
smíření	1.5
smířit	1.5
smíšený	-1.5
smůla	-1.5
snadno	1.5
snadnost	1.5
snadný	1.5
snížené	-1.5
soft	1.5
solid	1.5
solidarita	1.5
solidarity	1.5
solidní	1.5
sotva	-1.5
soucit	1.5
soudržnost	1.5
souhlas	1.5
souhlasit	1.5
soulad	1.5
soupeř	-1.5
soupeření	-1.5
soupeřit	-1.5
soutěska	-1.5
soutěžní	1.5
souvislý	1.5
spadnout	-1.5
spiknutí	-1.5
spirituál	1.5
splavný	1.5
split	-1.5
splnit	1.5
splnění	1.5
splňuje	1.5
spojitost	1.5
spokojenost	1.5
spokojený	1.5
spolehlivý	1.5
spolehlivě	1.5
společenský	1.5
spontánní	1.5
spor	-1.5
sporné	-1.5
sporný	-1.5
sportovní	1.5
sporty	1.5
spoušť	-1.5
spočívá	-1.5
spravedlivý	1.5
spravedlivě	1.5
spravedlnost	1.5
správný	1.5
správně	1.5
spád	-1.5
spálit	-1.5
spěšně	-1.5
squash	-1.5
sraženina	-1.5
srdečně	1.5
srozumitelný	1.5
srážka	-1.5
stabilita	1.5
stability	1.5
stabilizovat	1.5
stabilní	1.5
stagnace	-1.5
stagnující	-1.5
starost	-1.5
starosti	-1.5
statečnost	1.5
statečný	1.5
statečně	1.5
static	-1.5
statický	-1.5
statný	-1.5
stačit	1.5
stačí	1.5
stejně	1.5
stereotyp	-1.5
stereotypní	-1.5
stimulovat	1.5
stimuluje	1.5
stole	-1.5
stopa	-1.5
stočený	-1.5
strach	-1.5
stranický	-1.5
stranou	-1.5
strašně	-1.5
stres	-1.5
strhnout	-1.5
striktní	-1.5
strmý	-1.5
strmě	-1.5
strohý	-1.5
stručný	1.5
strádání	-1.5
stud	-1.5
studený	-1.5
studna	1.5
studánka	1.5
stylizovaný	1.5
stáj	1.5
stáje	-1.5
stánek	-1.5
stání	-1.5
stávka	-1.5
stížnost	-1.5
stížnosti	-1.5
stěžovali	-1.5
stěžovat	-1.5
stěžuje	-1.5
střed	1.5
střet	-1.5
střetl	-1.5
střílna	-1.5
sucho	-1.5
super	1.5
superior	1.5
support	1.5
surový	-1.5
svah	-1.5
svatý	1.5
svině	-1.5
svoboda	1.5
svobodný	1.5
svobody	1.5
svrchovanost	1.5
svrhnout	-1.5
svržení	-1.5
svést	-1.5
svítit	1.5
svítání	1.5
svědění	-1.5
světec	1.5
světlice	-1.5
světský	-1.5
svěřit	1.5
svěží	1.5
syndrom	-1.5
sání	-1.5
tabu	-1.5
tajemný	-1.5
talent	1.5
talentovaný	1.5
talenty	1.5
tank	-1.5
temný	-1.5
temperament	-1.5
temperamentní	1.5
tenký	-1.5
teplo	1.5
teplý	1.5
teror	-1.5
terorismus	-1.5
tetřev	-1.5
thrash	-1.5
ticho	1.5
tichý	1.5
tišší	1.5
tlumič	-1.5
tlustý	-1.5
tma	-1.5
tmavý	-1.5
tmavší	-1.5
top	1.5
torpédoborec	-1.5
totalitní	-1.5
touha	-1.5
toxický	-1.5
tragicky	-1.5
tragický	-1.5
tragédie	-1.5
trakce	1.5
transparent	1.5
trapné	-1.5
trauma	-1.5
trendy	1.5
trest	-1.5
trestat	-1.5
trestný	-1.5
trhlina	-1.5
trhliny	-1.5
trik	-1.5
triky	-1.5
triumf	1.5
triumfální	1.5
triviální	-1.5
trofej	1.5
trojice	-1.5
trpasličí	-1.5
trpaslík	-1.5
trpí	-1.5
trpící	-1.5
trpěl	-1.5
trpělivost	1.5
trpělivě	1.5
trpět	-1.5
trubka	1.5
trumpeta	1.5
trumpetista	1.5
trápení	-1.5
trápit	-1.5
trápí	-1.5
tráva	-1.5
tuhost	-1.5
tuk	-1.5
tulák	-1.5
tupý	-1.5
tušení	-1.5
tušit	-1.5
tvrdit	-1.5
tvrdě	-1.5
tvrdší	1.5
tvrzení	-1.5
tvůrčí	1.5
tyran	-1.5
tyranie	-1.5
tyčka	-1.5
táhl	-1.5
táhnout	-1.5
tíseň	-1.5
týrání	-1.5
těšit	1.5
těší	1.5
těžce	-1.5
těžký	-1.5
tření	-1.5
ublížit	-1.5
ucelený	1.5
ucpání	-1.5
uctívat	1.5
udeřil	-1.5
udeřit	-1.5
udržitelnost	1.5
udržitelného	1.5
udržitelný	1.5
udělena	1.5
udělit	1.5
uhasit	-1.5
ujistit	1.5
ujištění	1.5
ujít	-1.5
uklidnit	1.5
uklidnění	1.5
ukradený	-1.5
ukradl	-1.5
ukrást	-1.5
ukrývání	-1.5
ulehčit	1.5
uložit	-1.5
ultimátum	-1.5
umírající	-1.5
umírání	-1.5
umělý	-1.5
umřít	-1.5
unavený	-1.5
unikat	-1.5
unikátní	1.5
univerzální	1.5
upadající	-1.5
upevnit	-1.5
upgrade	1.5
upozornění	-1.5
uprchlík	-1.5
uprchnout	-1.5
upřímný	1.5
upřímně	1.5
urazit	-1.5
urážka	-1.5
urážky	-1.5
urážlivý	-1.5
usilovat	1.5
usmíření	1.5
usnadnit	1.5
usnadňuje	1.5
uspokojení	1.5
uspokojit	1.5
uspokojivě	1.5
uspořádaný	1.5
uspěje	1.5
uspět	1.5
ustoupil	-1.5
usuzovat	1.5
utrpení	-1.5
utéct	-1.5
uvalení	-1.5
uvařit	-1.5
uvažovat	1.5
uvolnit	-1.5
uvolněná	1.5
uvolnění	1.5
uvěznit	-1.5
uvěznění	-1.5
uznání	1.5
uznávaný	1.5
ušlechtilý	1.5
užil	1.5
užitečný	1.5
užší	-1.5
vada	-1.5
vadit	-1.5
vady	-1.5
vadí	-1.5
var	-1.5
varieta	1.5
variety	1.5
varoval	-1.5
varovat	-1.5
varovný	-1.5
varování	-1.5
vařit	-1.5
vařící	-1.5
vděk	1.5
vděčnost	1.5
vděčný	1.5
vede	1.5
vedení	1.5
vedl	1.5
vedlejší	1.5
vedoucí	1.5
vehementně	-1.5
veletrh	1.5
velikost	1.5
veliký	1.5
velkolepý	1.5
velkoryse	1.5
velkorysý	1.5
velký	1.5
ventil	-1.5
ventilátor	1.5
veselí	1.5
veselý	1.5
vetřelec	-1.5
vhodný	1.5
vhodnější	1.5
vibrační	-1.5
vice	-1.5
viditelně	-1.5
vile	-1.5
vina	-1.5
vinen	-1.5
vinný	-1.5
viník	-1.5
virulence	-1.5
virulentní	-1.5
virus	-1.5
visí	-1.5
vlastenec	1.5
vlastenecký	1.5
vlevo	-1.5
vlhký	-1.5
vliv	1.5
vlivný	1.5
vlídně	1.5
vonný	1.5
voní	-1.5
vonící	-1.5
vpravo	1.5
vrah	-1.5
vrak	-1.5
vražda	-1.5
vrchol	1.5
vrcholný	1.5
vrcholy	1.5
vroucí	1.5
vrácena	1.5
vrátit	-1.5
vršek	1.5
vtip	-1.5
vtipný	1.5
vulgární	-1.5
vydat	-1.5
vydání	-1.5
vydírat	-1.5
vydírání	-1.5
vyhlásit	-1.5
vyhnanství	-1.5
vyhnat	-1.5
vyhnout	-1.5
vyhnutí	-1.5
vyhodit	-1.5
vyhovující	1.5
vyhovět	1.5
vyhořela	-1.5
vyhrožovat	-1.5
vyhrál	1.5
vyhrát	1.5
vyhrává	1.5
vyhubení	-1.5
vyhubit	-1.5
vyhýbal	-1.5
vyjasnit	1.5
vyjednávat	1.5
vykoupení	1.5
vykoupit	1.5
vykořisťování	-1.5
vylepšit	1.5
vylepšovat	1.5
vyloučení	-1.5
vyloučit	-1.5
vyléčit	1.5
vymazat	1.5
vymyslet	-1.5
vynechat	-1.5
vynechání	-1.5
vynikající	1.5
vynikal	1.5
vyniká	1.5
vyplatit	1.5
vypouštění	-1.5
vypovězení	-1.5
vypršela	-1.5
vypsat	-1.5
vypudit	-1.5
vypuknutí	-1.5
vypustit	-1.5
vypálit	-1.5
vyrovnaný	1.5
vyrušení	-1.5
vyrážka	-1.5
vysmívá	-1.5
vysoký	1.5
vysídlených	-1.5
vytrvalost	1.5
vytrvalý	1.5
vytržení	1.5
využití	-1.5
využít	-1.5
využívat	-1.5
vyvarovat	-1.5
vyvlastnění	-1.5
vyvrací	-1.5
vyvrácena	-1.5
vyvrácení	-1.5
vyvrátit	-1.5
vyvážený	1.5
vyznamenání	1.5
vyznání	-1.5
vyčerpaný	-1.5
vyčerpání	-1.5
vyčistit	1.5
vyčnívající	1.5
vyřadit	-1.5
vyšší	1.5
vzad	-1.5
vzdor	-1.5
vzdorovat	-1.5
vzdát	-1.5
vzdělaný	1.5
vzkvétající	1.5
vznešený	1.5
vzor	1.5
vzplanutí	-1.5
vzpoura	-1.5
vzrušení	1.5
vzrušující	1.5
vztah	1.5
vztek	-1.5
vágní	-1.5
vázané	-1.5
vášeň	1.5
vášnivý	1.5
vášnivě	1.5
vážený	1.5
vážnost	-1.5
vážný	1.5
vážně	1.5
vést	1.5
víra	1.5
vítěz	1.5
vítězný	1.5
vítězně	1.5
vítězství	1.5
výborně	1.5
výbuch	-1.5
výbuchy	-1.5
výbušnina	-1.5
východ	1.5
výhoda	1.5
výhodný	1.5
výhodně	1.5
výhody	1.5
výhra	1.5
výjimečný	1.5
výjimečně	1.5
výkon	1.5
výkřik	-1.5
výpad	-1.5
výpadky	-1.5
výpary	-1.5
výpovědi	-1.5
výrazný	1.5
výroba	-1.5
výrobní	1.5
výsadní	1.5
výsměch	-1.5
výstřední	-1.5
významný	1.5
význačný	1.5
výčitky	-1.5
výživa	1.5
věhlas	1.5
věnována	1.5
věrnost	1.5
věrný	1.5
věrně	1.5
věrohodný	1.5
vězení	-1.5
vězeň	-1.5
věznění	-1.5
věčný	1.5
věřit	1.5
věřící	1.5
vřele	1.5
vřelý	1.5
všední	-1.5
všestrannost	1.5
vůně	-1.5
warp	-1.5
wedge	-1.5
well	1.5
work	1.5
zabavení	-1.5
zabije	-1.5
zabiják	-1.5
zabil	-1.5
zabití	-1.5
zablokovat	-1.5
zablokování	-1.5
zabíjení	-1.5
zabít	-1.5
zachránce	1.5
zachycení	-1.5
zadarmo	1.5
zadek	-1.5
zahlcení	-1.5
zahnán	-1.5
zajistit	1.5
zajištění	1.5
zajímavý	1.5
zakazující	-1.5
zakrnělý	-1.5
zakryty	-1.5
zakrývá	-1.5
zakázaný	-1.5
zakázat	-1.5
zamilovaný	1.5
zaměnit	-1.5
zaměstnání	1.5
zanedbat	-1.5
zanedbatelný	-1.5
zanedbání	-1.5
zaniklý	-1.5
zaniknout	-1.5
zaniká	-1.5
zaostává	-1.5
zapalovač	1.5
zaplavena	-1.5
zapojení	1.5
zaručit	1.5
zasahovat	-1.5
zasloužilý	1.5
zaslouží	1.5
zastaralé	-1.5
zastaralý	-1.5
zastrašit	-1.5
zastrašování	-1.5
zastánce	1.5
zasvěcený	1.5
zatížení	-1.5
zaujatost	-1.5
zaujatý	-1.5
zaujetí	-1.5
zavolat	1.5
zavraždit	-1.5
zavádějící	-1.5
zaútočit	-1.5
zbavit	-1.5
zbožnost	1.5
zbožný	1.5
zbytečný	-1.5
zbytečně	-1.5
zbytky	-1.5
zcela	1.5
zchátralý	-1.5
zdanění	-1.5
zdar	1.5
zdlouhavý	-1.5
zdokonalit	1.5
zdravý	1.5
zdrcující	-1.5
zdržovat	-1.5
zdvořile	1.5
zdvořilost	1.5
zděšen	-1.5
zděšení	-1.5
zdůraznit	-1.5
zejména	1.5
zemře	-1.5
zemřel	-1.5
zemřít	-1.5
zesílení	1.5
zhoršení	-1.5
zhoršit	-1.5
zhoršující	-1.5
zhoubný	-1.5
zhroucení	-1.5
zima	-1.5
zisk	1.5
zisky	1.5
zjednodušení	1.5
zjednodušený	1.5
zjednodušit	1.5
zjednodušuje	1.5
zjednodušující	-1.5
zjevení	1.5
zklamaný	-1.5
zklamání	-1.5
zklamáním	-1.5
zkreslení	-1.5
zkreslený	-1.5
zkušební	-1.5
zkušený	1.5
zla	-1.5
zlato	1.5
zlatá	1.5
zlatý	1.5
zlepšení	1.5
zlepšila	1.5
zlepšit	1.5
zlepšuje	1.5
zlo	-1.5
zlomený	-1.5
zlomil	-1.5
zlomit	-1.5
zlost	-1.5
zločin	-1.5
zločinec	-1.5
zlý	-1.5
zmatek	-1.5
zmatený	-1.5
zmatky	-1.5
zmije	-1.5
zmocnit	1.5
zmást	-1.5
zmírnil	1.5
zmírnit	1.5
zmírnění	1.5
znamenitý	1.5
znechucen	-1.5
znepokojení	-1.5
zneužití	-1.5
zneužít	-1.5
zneužívat	-1.5
zneužívání	-1.5
znečištění	-1.5
zničení	-1.5
zničený	-1.5
zničit	-1.5
zničující	-1.5
znásilnil	-1.5
znásilnit	-1.5
znásilnění	-1.5
zobrazit	1.5
zombie	-1.5
zotavení	1.5
zotavit	1.5
zoufale	-1.5
zoufalství	-1.5
zoufalý	-1.5
zpomalil	-1.5
zpomalit	-1.5
zpoždění	-1.5
zpustlý	-1.5
zpustošení	-1.5
zpátky	-1.5
zpětný	-1.5
způsobil	-1.5
způsobit	-1.5
zrada	-1.5
zradil	-1.5
zradit	-1.5
zralý	1.5
zranit	-1.5
zranitelný	-1.5
zranění	-1.5
zraněný	-1.5
zrnitý	-1.5
zručný	1.5
zrušeno	1.5
zrušit	-1.5
zrádce	-1.5
ztracený	-1.5
ztratit	-1.5
ztroskotání	-1.5
ztrácet	-1.5
ztrácí	-1.5
ztráta	-1.5
ztráty	-1.5
zuřivý	-1.5
zuřivě	-1.5
zvedání	1.5
zvládnout	1.5
zvláštnost	-1.5
zvláštnosti	-1.5
zvláštní	-1.5
zvracení	-1.5
zvraty	-1.5
zvuky	-1.5
zvyšuje	1.5
zvítězit	1.5
zvýšení	1.5
zvýšit	1.5
zvěst	-1.5
zvětšila	-1.5
zábavný	1.5
zábradlí	-1.5
záhadný	-1.5
záhadně	-1.5
zájem	1.5
zájmy	1.5
záliba	1.5
záliby	1.5
záloha	-1.5
záminka	-1.5
zánět	-1.5
zápach	-1.5
zápal	1.5
zápas	-1.5
zápasit	-1.5
záporný	-1.5
záruka	1.5
záruky	1.5
zásluha	1.5
záslužný	1.5
zástava	-1.5
zátarasy	-1.5
zátěž	-1.5
závada	-1.5
závady	-1.5
závazek	1.5
závažnost	-1.5
závažný	1.5
závislý	-1.5
závist	1.5
závratě	-1.5
zázrak	1.5
zázraky	1.5
zázračný	1.5
zázračně	1.5
záď	-1.5
záře	1.5
zářit	1.5
zářivý	1.5
zářivě	1.5
zášť	-1.5
získal	1.5
získat	1.5
získávání	1.5
zřetelný	1.5
zřícenina	-1.5
úcta	1.5
úděl	1.5
újma	-1.5
úmrtí	-1.5
únava	-1.5
únik	-1.5
úpadek	-1.5
úplně	-1.5
úraz	-1.5
úsilí	-1.5
úsměv	1.5
úspory	1.5
úspěch	1.5
úspěchy	1.5
úspěšný	1.5
úspěšně	1.5
ústup	-1.5
ústupek	-1.5
úsvit	1.5
útlak	-1.5
útok	-1.5
útoky	-1.5
útočit	-1.5
útočiště	-1.5
útočný	-1.5
útěku	-1.5
úzkost	-1.5
úzkostlivě	-1.5
úzký	-1.5
účinnost	1.5
účinný	1.5
účinně	1.5
úžasný	1.5
čas	-1.5
čelit	1.5
čerstvý	1.5
čert	-1.5
čest	1.5
čestný	1.5
čestně	1.5
čich	-1.5
čilý	1.5
čin	1.5
čirý	1.5
čistit	1.5
čistota	1.5
čistý	1.5
čistě	1.5
čitelný	1.5
členitý	-1.5
ďábel	-1.5
řezník	-1.5
říje	-1.5
šampión	1.5
šikana	-1.5
šikanování	-1.5
šikmý	-1.5
šikovný	1.5
škoda	-1.5
škodlivý	-1.5
škůdce	-1.5
šlechtic	1.5
šok	-1.5
šoku	-1.5
špatný	-1.5
špatně	-1.5
špinavý	-1.5
štědrost	1.5
štědrý	1.5
štědře	1.5
štěrbina	-1.5
štěstí	1.5
šum	-1.5
šupinatý	-1.5
šílenství	-1.5
šílený	-1.5
šťastný	1.5
šťastně	1.5
žal	-1.5
žaloba	-1.5
žaloval	-1.5
žalář	-1.5
železnice	-1.5
žert	-1.5
žihadlo	-1.5
živit	1.5
živý	1.5
žluč	-1.5
žralok	-1.5
žádoucí	1.5
žárlivost	-1.5
žízeň	-1.5
