Crash	-1.5
DIN	-1.5
Darling	1.5
Dragoon	-1.5
Døden	-1.5
Fedtmule	-1.5
Punch	-1.5
Rift	-1.5
Sly	-1.5
Smart	1.5
Varm	1.5
abort	-1.5
aborterede	-1.5
absurd	-1.5
absurditet	-1.5
adræt	1.5
advanced	1.5
advarede	-1.5
advarende	-1.5
advarsel	-1.5
afbrudt	-1.5
afbryde	-1.5
afbrydelse	-1.5
afbrydelser	-1.5
afbrænding	-1.5
afdækning	-1.5
afdæmpet	-1.5
affald	-1.5
affinitet	1.5
afgrund	-1.5
afgrunden	-1.5
afgrænset	-1.5
afgørende	1.5
afhjælpe	1.5
afhængige	-1.5
afkald	-1.5
aflive	-1.5
aflytning	-1.5
afløb	-1.5
afpresning	-1.5
afpresse	-1.5
afskaffe	-1.5
afskrække	-1.5
afskrækkende	-1.5
afsky	-1.5
afskære	-1.5
afslag	-1.5
afslappet	1.5
afsværge	-1.5
aftage	-1.5
aftagende	-1.5
afveje	-1.5
afvige	-1.5
afvigelse	-1.5
afvise	-1.5
afvisende	-1.5
afviser	-1.5
afvisning	-1.5
afvist	-1.5
afvæbne	-1.5
aggression	-1.5
aggressiv	-1.5
aggressive	-1.5
aggressivitet	-1.5
agility	1.5
agn	-1.5
akavet	-1.5
akkord	-1.5
aktivt	-1.5
alarm	-1.5
alarmerende	-1.5
alarmeret	-1.5
aldeles	-1.5
allergi	-1.5
allergisk	-1.5
alsidige	1.5
alsidighed	1.5
altoverskyggende	1.5
alvorlig	-1.5
alvorligt	-1.5
ambitiøs	1.5
ambitiøst	1.5
ambivalens	-1.5
ambivalent	-1.5
analfabeter	-1.5
anarki	-1.5
anarkisme	-1.5
anarkist	-1.5
anbefale	1.5
anbefaler	1.5
anbefales	1.5
anbefaling	1.5
anbefalinger	1.5
anerkendelse	1.5
anerkendelser	1.5
anerkendende	1.5
angel	1.5
anger	-1.5
angre	-1.5
angreb	-1.5
angribe	-1.5
angst	-1.5
anklage	-1.5
anlægger	-1.5
anmelderroste	1.5
anrette	-1.5
anrettede	-1.5
anseelse	1.5
anselig	1.5
anspændt	-1.5
anstrengende	-1.5
anstrengt	-1.5
anstændig	1.5
ansvarlig	-1.5
ansvarligt	1.5
antagonist	-1.5
antipati	-1.5
anvende	1.5
anvendelig	1.5
aparte	1.5
apati	-1.5
apokalyptisk	-1.5
appeal	1.5
appel	1.5
appellere	1.5
appropriate	1.5
approval	1.5
ar	-1.5
arbejde	1.5
arbejdede	1.5
arbejdsløs	-1.5
arbejdsløse	-1.5
arbejdsom	1.5
arbejdsplads	1.5
arbitrær	-1.5
arkaisk	-1.5
arret	-1.5
arrogance	-1.5
arrogant	-1.5
attack	-1.5
attacks	-1.5
attraktiv	1.5
autentisk	1.5
autentiske	1.5
autonom	1.5
autonome	1.5
autoritative	1.5
autoritær	-1.5
available	1.5
avancerede	1.5
award	1.5
awards	1.5
bad	-1.5
bagest	-1.5
baghold	-1.5
bagslag	-1.5
bagud	-1.5
bagvaskelse	-1.5
balanceret	1.5
bandeord	-1.5
banebrydende	1.5
bange	-1.5
banke	-1.5
bankerot	-1.5
barbar	-1.5
barbarisk	-1.5
barbariske	-1.5
barmhjertighed	1.5
barnlig	-1.5
barsk	-1.5
barske	-1.5
barskt	-1.5
basis	1.5
bastard	-1.5
bearbejde	1.5
beautiful	1.5
beauty	1.5
bede	-1.5
bedrag	-1.5
bedrage	-1.5
bedrager	-1.5
bedre	1.5
bedrift	1.5
bedst	1.5
bedste	1.5
bedøvelse	1.5
bedøvet	1.5
befri	1.5
befrielse	1.5
befriet	1.5
beg	-1.5
begavede	1.5
begavet	1.5
begejstret	1.5
begrundede	1.5
begrænse	-1.5
begrænset	-1.5
begrænsning	-1.5
begrænsninger	-1.5
begunstiget	1.5
behagelig	1.5
behagelige	1.5
behager	1.5
beherskelse	1.5
beholder	-1.5
behændig	1.5
bekende	-1.5
bekendelse	-1.5
bekendtgøre	-1.5
beklager	-1.5
bekræftelse	1.5
bekræftende	1.5
bekræfter	1.5
bekvemt	1.5
bekymre	-1.5
bekymrede	-1.5
bekymrende	-1.5
bekymring	-1.5
bekymringer	-1.5
belaste	-1.5
belejre	-1.5
belejring	-1.5
belyse	1.5
belønne	1.5
bemærkelsesværdig	1.5
bemærkelsesværdige	1.5
bemærkelsesværdigt	1.5
benådning	1.5
benægte	-1.5
benægtelse	-1.5
benægter	-1.5
beredt	1.5
berige	1.5
berigelse	1.5
berigtigelse	1.5
berolige	1.5
beroligende	1.5
berusede	-1.5
beruset	-1.5
berygtede	-1.5
berygtet	-1.5
berømmelse	1.5
berømt	1.5
berørte	-1.5
berøvet	-1.5
besejre	1.5
besejret	1.5
beset	-1.5
beskadige	-1.5
beskadigelse	-1.5
beskadiget	-1.5
beskatte	-1.5
beskeden	1.5
beskedenhed	1.5
beskedne	1.5
beskidt	-1.5
beskidte	-1.5
beskylde	-1.5
beskylder	-1.5
beskyldning	-1.5
beskyldninger	-1.5
beskytte	1.5
beskyttelse	1.5
beskyttende	1.5
beslutsom	1.5
besparelser	1.5
best	1.5
bestikkelse	-1.5
bestyrtelse	-1.5
besvime	-1.5
besvær	-1.5
besværlig	-1.5
besværlige	-1.5
besynderlig	-1.5
besættelse	1.5
betagende	1.5
betaget	1.5
betalingsmiddel	1.5
betjene	1.5
betoning	-1.5
betragter	1.5
better	1.5
betydningsfuld	1.5
betændelse	-1.5
betænkeligheder	-1.5
beundre	1.5
beundrende	1.5
beundrer	1.5
beundring	1.5
beundringsværdig	1.5
bevise	1.5
beviser	1.5
bias	-1.5
bidende	-1.5
bidrag	1.5
billige	-1.5
billigere	1.5
billigst	1.5
billigt	-1.5
bitre	-1.5
bitter	-1.5
bitterhed	-1.5
bittert	-1.5
bizar	-1.5
bizarre	-1.5
bland	-1.5
blande	-1.5
blanke	1.5
blasfemi	-1.5
blasfemisk	-1.5
bleg	-1.5
blegt	-1.5
blid	1.5
blind	-1.5
blink	-1.5
blister	-1.5
blive	-1.5
blockbuster	1.5
blodbad	-1.5
blodig	-1.5
blodtørstige	-1.5
blokade	-1.5
blokeret	-1.5
blokering	-1.5
blomstre	1.5
blomstrende	1.5
blond	1.5
blottet	-1.5
bly	1.5
blændende	1.5
blære	-1.5
blærer	-1.5
blæse	-1.5
bløde	-1.5
bløder	-1.5
blødere	1.5
blødning	-1.5
boder	-1.5
bolle	-1.5
bomb	-1.5
bombardement	-1.5
bombardere	-1.5
bombe	-1.5
bondage	-1.5
bonus	1.5
boom	1.5
boost	1.5
bore	-1.5
bores	-1.5
boring	-1.5
boringer	-1.5
bort	-1.5
bortfalder	-1.5
bortfaldet	-1.5
boykot	-1.5
boykotte	-1.5
brag	-1.5
brandsår	-1.5
brat	-1.5
bratte	-1.5
brave	1.5
break	-1.5
breaking	-1.5
breaks	-1.5
bremse	-1.5
bremset	-1.5
bright	1.5
broget	-1.5
broken	-1.5
brud	-1.5
brudt	-1.5
brugbar	1.5
brutal	-1.5
brutalitet	-1.5
brutalt	-1.5
brute	-1.5
brutto	-1.5
bryde	-1.5
brække	-1.5
brænde	-1.5
brændt	-1.5
brød	-1.5
brønd	1.5
bud	1.5
bug	-1.5
bukke	-1.5
buster	-1.5
byrde	-1.5
bytte	-1.5
byttet	-1.5
bæk	-1.5
bærbare	1.5
bæredygtig	1.5
bæredygtighed	1.5
bøjet	-1.5
bølge	-1.5
bølle	-1.5
bøller	-1.5
børste	-1.5
cancer	-1.5
centrum	1.5
chaff	-1.5
champion	1.5
charme	1.5
charmerende	1.5
chikane	-1.5
chikaneret	-1.5
chok	-1.5
chokerende	-1.5
chokeret	-1.5
citron	-1.5
classic	1.5
clean	1.5
clear	1.5
clearly	1.5
cloud	-1.5
cold	-1.5
collapse	-1.5
complex	-1.5
conflict	-1.5
cool	1.5
correct	1.5
crack	-1.5
crash	-1.5
creative	1.5
crime	-1.5
crisis	-1.5
da	-1.5
daggry	1.5
damage	-1.5
dampe	-1.5
damper	-1.5
dark	-1.5
dead	-1.5
deaktiveret	-1.5
death	-1.5
dedikeret	1.5
defekt	-1.5
defensiv	-1.5
defensive	-1.5
dejlig	1.5
dejlige	1.5
dekadence	-1.5
delay	-1.5
delikat	1.5
delikatesse	1.5
demon	-1.5
depression	-1.5
depressioner	-1.5
deprimeret	-1.5
desertering	-1.5
desillusioneret	-1.5
desperat	-1.5
desperate	-1.5
desperation	-1.5
despoti	-1.5
despotisk	-1.5
destroyer	-1.5
destruere	-1.5
destruktion	-1.5
destruktiv	-1.5
desværre	-1.5
diametralt	-1.5
dick	-1.5
die	-1.5
died	-1.5
dies	-1.5
diktator	-1.5
diktatorisk	-1.5
dilemma	-1.5
din	-1.5
diplomatiske	1.5
direkte	-1.5
dis	-1.5
disabled	-1.5
diskrimination	-1.5
diskriminerende	-1.5
disorder	-1.5
disse	-1.5
dissidenter	-1.5
dissonans	-1.5
distortion	-1.5
distrahere	-1.5
divergerende	-1.5
diverse	-1.5
djævel	-1.5
djævlen	-1.5
dogmatisk	-1.5
dolk	-1.5
dominerer	1.5
domineret	1.5
dommedag	-1.5
doom	-1.5
doven	-1.5
drab	-1.5
drag	-1.5
dragende	1.5
drain	-1.5
drastisk	-1.5
drejninger	-1.5
drille	-1.5
dristig	-1.5
dristighed	-1.5
drive	1.5
droner	-1.5
drukkenbolt	-1.5
drukning	-1.5
dræbe	-1.5
dræber	-1.5
dræbt	-1.5
dræn	-1.5
dræne	-1.5
drænet	-1.5
dræning	-1.5
dufte	-1.5
duftende	1.5
dum	-1.5
dumhed	-1.5
dump	-1.5
dumpe	-1.5
dumpet	-1.5
dunkel	-1.5
dværg	-1.5
dybt	1.5
dybtgående	1.5
dyd	1.5
dygtig	1.5
dygtige	1.5
dygtighed	1.5
dygtigt	1.5
dynamiske	1.5
dynd	-1.5
dyr	-1.5
dyre	-1.5
dyrisk	-1.5
dyrt	-1.5
dyster	-1.5
dystre	-1.5
dårlig	-1.5
dårligt	-1.5
dæmon	-1.5
dæmoniske	-1.5
dø	-1.5
død	-1.5
dødbringende	-1.5
døde	-1.5
dødelige	-1.5
dødsfald	-1.5
dødvande	-1.5
døende	-1.5
dømt	-1.5
dør	-1.5
døv	-1.5
døve	-1.5
easy	1.5
effektiv	1.5
effektivitet	1.5
effektivt	1.5
efficient	1.5
eftergivende	1.5
efterretninger	1.5
efterretningstjeneste	1.5
eftertrykkeligt	-1.5
egnede	1.5
egoisme	-1.5
egoistisk	-1.5
ejendommelig	1.5
ejendommelige	-1.5
ejendommeligt	-1.5
eksemplarisk	1.5
eksil	-1.5
eksisterende	-1.5
eksotisk	1.5
ekspansiv	1.5
eksplodere	-1.5
eksplosive	-1.5
ekspropriation	-1.5
ekstase	1.5
ekstatisk	1.5
ekstraordinære	1.5
ekstraordinært	1.5
ekstraudstyr	1.5
ekstravagante	-1.5
ekstreme	-1.5
ekstremisme	-1.5
ekstremister	-1.5
ekstremistiske	-1.5
elegance	1.5
elegant	1.5
elendig	-1.5
elendige	-1.5
elendighed	-1.5
elimination	-1.5
elite	1.5
elske	1.5
elskede	1.5
elskelige	1.5
elsker	1.5
elskværdig	1.5
eminent	1.5
empati	1.5
enemy	-1.5
energiske	1.5
engagement	1.5
engel	1.5
enhed	1.5
enklere	1.5
enkleste	1.5
enorme	1.5
enough	1.5
ensom	-1.5
ensomhed	-1.5
ensomme	-1.5
enspænder	-1.5
entusiasme	1.5
entusiastisk	1.5
entusiastiske	1.5
epidemi	-1.5
erosion	-1.5
error	-1.5
erstatningsansvar	-1.5
etiske	1.5
eufori	1.5
eventyrlystne	1.5
evig	1.5
excellence	1.5
excellent	1.5
excentricitet	-1.5
excentrisk	-1.5
fabrikation	-1.5
fabrikere	-1.5
faglærte	1.5
failed	-1.5
failure	-1.5
fair	1.5
faith	1.5
fald	-1.5
falde	-1.5
faldefærdige	-1.5
faldende	-1.5
falder	-1.5
faldet	-1.5
faldt	-1.5
fall	-1.5
fallit	-1.5
false	-1.5
falsk	-1.5
falske	-1.5
fame	1.5
famous	1.5
fanatiker	-1.5
fanatisk	-1.5
fanatisme	-1.5
fanden	-1.5
fange	-1.5
fanget	-1.5
fans	1.5
fantasi	-1.5
fantastisk	1.5
farce	-1.5
fare	-1.5
farefulde	-1.5
farlig	-1.5
farlige	-1.5
farligt	-1.5
farverig	1.5
farverige	1.5
fascination	1.5
fascinerende	1.5
fascisme	-1.5
fascist	-1.5
fashionable	1.5
fast	1.5
faste	1.5
faster	1.5
fastere	1.5
fat	-1.5
fatal	-1.5
fatalt	-1.5
fatning	1.5
fattig	-1.5
fattigdom	-1.5
fattige	-1.5
fattigere	-1.5
fattigste	-1.5
favorable	1.5
favorisere	1.5
favorit	1.5
feat	1.5
feber	-1.5
fede	-1.5
fedtet	-1.5
fejl	-1.5
fejlagtig	-1.5
fejlagtige	-1.5
fejlagtigt	-1.5
fejlbehæftet	-1.5
fejle	-1.5
fejlfri	1.5
fejlslutning	-1.5
fejltagelse	-1.5
fejltagelser	-1.5
fejltrin	-1.5
fejre	1.5
fejret	1.5
fell	-1.5
fersk	1.5
fertile	1.5
fest	1.5
feste	1.5
festlig	1.5
fiasko	-1.5
fiaskoen	-1.5
fiaskoer	-1.5
fiction	-1.5
fiktion	-1.5
fiktive	-1.5
fine	1.5
finere	1.5
fineste	1.5
fint	1.5
finte	-1.5
fjende	-1.5
fjender	-1.5
fjendskab	-1.5
fjendtlig	-1.5
fjendtlighed	-1.5
fjendtlighederne	-1.5
fjendtligt	-1.5
fjerne	-1.5
fjollet	-1.5
fjols	-1.5
flad	-1.5
fladere	1.5
flair	-1.5
flak	-1.5
flares	-1.5
fleksibel	1.5
fleksibilitet	1.5
flertydig	-1.5
flertydighed	-1.5
flink	1.5
flirt	-1.5
flittig	1.5
flittige	1.5
flittigt	1.5
florerer	-1.5
fly	-1.5
flyde	-1.5
flydende	1.5
flygte	-1.5
flygter	-1.5
flygtig	-1.5
flygtning	-1.5
flystyrt	-1.5
flæng	-1.5
flænge	-1.5
fobi	-1.5
fodre	1.5
folkedrab	-1.5
fond	1.5
foragt	-1.5
foragter	-1.5
foragtet	-1.5
foran	1.5
forarbejde	1.5
forarmede	-1.5
forbande	-1.5
forbandelse	-1.5
forbandelser	-1.5
forbandet	-1.5
forbavsende	1.5
forbavset	1.5
forbedre	1.5
forbedrer	1.5
forbedret	1.5
forbedring	1.5
forbedringer	1.5
forbitrede	-1.5
forbitret	-1.5
forbløffende	1.5
forbløffet	1.5
forbrydelse	-1.5
forbryder	-1.5
forbrænding	-1.5
forbrændinger	-1.5
forbudt	-1.5
forbyde	-1.5
forbyder	-1.5
forceret	-1.5
fordel	1.5
fordelagtige	1.5
fordele	1.5
fordomme	-1.5
fordomsfri	1.5
fordrevet	-1.5
fordærv	-1.5
fordærvet	-1.5
fordømme	-1.5
fordømmelse	-1.5
fordømmer	-1.5
fordømte	-1.5
foregive	-1.5
forene	1.5
forenkle	1.5
forenklet	1.5
forestående	-1.5
foretrække	1.5
foretrækker	1.5
forfaldne	-1.5
forfine	1.5
forfriskende	1.5
forfærdelige	-1.5
forfærdeligt	-1.5
forfærdelse	-1.5
forfærdet	-1.5
forfølge	-1.5
forfølgelse	-1.5
forgifte	-1.5
forgrunden	1.5
forgæves	-1.5
forhadte	-1.5
forhastet	-1.5
forhåbninger	1.5
forkert	-1.5
forkynde	1.5
forkærlighed	1.5
forkølelse	-1.5
forladt	-1.5
forlegenhed	-1.5
formaning	-1.5
formidabel	1.5
formidable	1.5
formilde	1.5
formue	1.5
formørket	-1.5
fornem	1.5
fornemmelser	1.5
fornuftig	1.5
fornuftigt	1.5
fornyet	1.5
fornægtelse	-1.5
fornærme	-1.5
fornærmelser	-1.5
fornærmende	-1.5
fornærmet	-1.5
forpurre	-1.5
forpurret	-1.5
forringe	-1.5
forringelse	-1.5
forringes	-1.5
forringet	-1.5
forråde	-1.5
forræder	-1.5
forræderi	-1.5
forræderisk	-1.5
forræderiske	-1.5
forsage	-1.5
forseelse	-1.5
forsigtighed	1.5
forsikre	1.5
forsikringer	1.5
forsinke	-1.5
forsinkelser	-1.5
forsinket	-1.5
forskrækkelse	-1.5
forslået	-1.5
forsonende	1.5
forsoning	1.5
forstenet	-1.5
forstyrre	-1.5
forstyrrelse	-1.5
forstyrrende	-1.5
forstyrrer	-1.5
forstyrret	-1.5
forstå	1.5
forståelig	1.5
forståeligt	1.5
forsvar	1.5
forsvare	1.5
forsvarer	1.5
forsvarligt	1.5
forsvarsværk	1.5
forsyn	1.5
forsøgsvis	-1.5
forsømt	-1.5
fortaler	1.5
fortalere	1.5
fortjene	1.5
fortjener	1.5
fortjeneste	-1.5
fortjenstfulde	1.5
fortrin	1.5
fortrinsvis	1.5
fortrudt	-1.5
fortryde	-1.5
fortryllede	1.5
fortryllende	1.5
fortryllet	1.5
fortræd	-1.5
fortræffeligt	1.5
fortrænge	-1.5
fortrød	-1.5
fortvivlelse	-1.5
fortvivlet	-1.5
forunderlige	1.5
forundret	-1.5
forurene	-1.5
forurenet	-1.5
forurening	-1.5
forurettede	-1.5
foruroligende	-1.5
forveksle	-1.5
forvekslinger	-1.5
forvirre	-1.5
forvirrede	-1.5
forvirrende	-1.5
forvirret	-1.5
forvirring	-1.5
forvise	-1.5
forvredet	-1.5
forvrænget	-1.5
forvrængning	-1.5
forværre	-1.5
forværrede	-1.5
forværring	-1.5
forældede	-1.5
forældet	-1.5
forældreløse	-1.5
foul	-1.5
frafald	-1.5
fragmenteret	-1.5
frastødende	-1.5
frastødt	-1.5
fratage	-1.5
fratrådte	-1.5
fratræden	-1.5
fravær	-1.5
fraværende	-1.5
fred	1.5
fredelig	1.5
fredelige	1.5
fredeligt	1.5
fredløs	-1.5
free	1.5
freedom	1.5
frelser	1.5
fremkalde	-1.5
fremmed	-1.5
fremmedgørelse	-1.5
fremmest	1.5
fremragende	1.5
fremskridt	1.5
fremtrædende	1.5
fri	1.5
frihed	1.5
friheder	1.5
friktion	-1.5
frisk	1.5
friste	1.5
fristelse	-1.5
fristende	1.5
fritage	1.5
frodig	1.5
frodige	1.5
from	1.5
fromhed	1.5
fromme	1.5
frosne	-1.5
frost	-1.5
frugtbar	1.5
frugtbart	1.5
frugtesløse	-1.5
frustration	-1.5
frustrationer	-1.5
frustrerede	-1.5
frustrerende	-1.5
frygte	-1.5
frygtelig	-1.5
frygtelige	-1.5
frygtindgydende	-1.5
frygtløs	1.5
fryse	-1.5
fryser	-1.5
frøken	-1.5
frøs	-1.5
fuck	-1.5
fucking	-1.5
fugtigt	-1.5
fuld	-1.5
fuldende	1.5
fuldendte	1.5
fun	1.5
fundament	1.5
fundamentalisme	-1.5
fungere	1.5
funky	-1.5
fup	-1.5
furore	-1.5
futuristisk	1.5
fyldestgørende	1.5
fyldig	1.5
fyldt	-1.5
fyre	-1.5
fælde	-1.5
fængsel	-1.5
fængsle	-1.5
fængslende	1.5
fængslet	-1.5
fængsling	-1.5
fænomenal	1.5
færdighed	1.5
følsom	1.5
føre	1.5
førende	1.5
fører	1.5
førsteklasses	1.5
førte	1.5
gain	1.5
gal	-1.5
galde	-1.5
galskab	-1.5
galt	-1.5
gammeldags	-1.5
gangster	-1.5
garant	1.5
garantere	1.5
garanti	1.5
gave	1.5
gavne	1.5
gavnlig	1.5
gavnlige	1.5
gearing	1.5
gem	1.5
gemyt	-1.5
gener	-1.5
genere	-1.5
generende	-1.5
generer	-1.5
generet	-1.5
generøse	1.5
gengælde	-1.5
geni	1.5
genial	1.5
genius	1.5
gennembrud	1.5
gennemføre	1.5
gennemsigtig	1.5
genocide	-1.5
genoplive	1.5
genoplivning	1.5
genoprettet	1.5
genopstået	-1.5
genstridige	-1.5
genvinde	1.5
gerningsmanden	-1.5
gevinst	1.5
gevinster	1.5
ghetto	-1.5
gider	-1.5
gidsel	-1.5
gift	-1.5
giftig	-1.5
giftige	-1.5
giftigt	-1.5
gimmick	-1.5
givende	1.5
glad	1.5
gladere	1.5
glamourøse	1.5
glans	1.5
glat	1.5
glatte	1.5
glimrende	1.5
glæde	1.5
glædeligt	1.5
glød	1.5
glødende	1.5
gnaven	-1.5
god	1.5
gode	1.5
godgørende	1.5
godgørenhed	1.5
godhed	1.5
godkende	1.5
godkendelse	1.5
godkendt	1.5
godt	1.5
godtroende	-1.5
golde	-1.5
golden	1.5
good	1.5
goodwill	1.5
grand	1.5
gratis	1.5
great	1.5
greatest	1.5
gren	-1.5
gribende	1.5
griber	-1.5
grim	-1.5
grin	1.5
gris	-1.5
groft	-1.5
grotesk	-1.5
grov	-1.5
grove	-1.5
growl	-1.5
grundig	1.5
grundløse	-1.5
grundstødte	-1.5
grusom	-1.5
grusomhed	-1.5
grusomheder	-1.5
grusomme	-1.5
grusomt	-1.5
gråd	-1.5
grådige	-1.5
grådighed	-1.5
græde	-1.5
grænser	-1.5
guddommelige	1.5
guddommeligt	1.5
guld	1.5
guldmedalje	1.5
guldmønt	1.5
gunstige	1.5
gylden	1.5
gys	1.5
gå	1.5
gådefuldt	-1.5
gæld	-1.5
gæstfri	1.5
had	-1.5
hade	-1.5
hadede	-1.5
hadefulde	-1.5
hader	-1.5
hage	-1.5
hagl	1.5
haj	-1.5
hakke	-1.5
hallucination	-1.5
halter	-1.5
handicappede	-1.5
hang	-1.5
happy	1.5
hard	-1.5
harme	-1.5
harmløse	1.5
harmoni	1.5
harmonisk	1.5
hash	-1.5
hastigt	-1.5
hastværk	-1.5
hate	-1.5
havne	-1.5
hedengangne	-1.5
hedenske	-1.5
heftig	-1.5
heftige	-1.5
heftigt	-1.5
hegemoni	-1.5
hektisk	-1.5
helbrede	1.5
held	1.5
heldig	1.5
heldigvis	1.5
helgen	1.5
helhjertet	1.5
hell	-1.5
hellig	1.5
hellige	1.5
helliget	1.5
helt	1.5
heltinde	1.5
helvede	-1.5
hemmelighedsfulde	-1.5
henfald	-1.5
henfaldet	-1.5
hengivenhed	1.5
hensynsløs	-1.5
hensynsløshed	-1.5
hensynsløst	-1.5
hentydning	-1.5
herlig	1.5
herlige	1.5
herlighed	1.5
hero	1.5
heroisk	1.5
heroiske	1.5
himlen	1.5
himmelske	1.5
hinder	-1.5
hindre	-1.5
hindring	-1.5
hjerteligt	1.5
hjulpet	1.5
hjælp	1.5
hjælpe	1.5
hjælpeløs	-1.5
hjælpsom	1.5
hjørnesten	1.5
holdbar	1.5
holde	1.5
horde	-1.5
horrible	-1.5
hot	1.5
hotteste	1.5
hovedpine	-1.5
hug	1.5
hugge	-1.5
hul	-1.5
hule	-1.5
human	1.5
humane	1.5
humor	1.5
humoristisk	1.5
humoristiske	1.5
hungersnød	-1.5
hurtig	1.5
hurtige	1.5
hurtigere	1.5
hurtigste	1.5
hurtigt	1.5
husly	-1.5
hyggelig	1.5
hyggeligt	1.5
hykleri	-1.5
hylder	1.5
hyldest	1.5
hysteri	-1.5
hysterisk	-1.5
håbefulde	1.5
håbløs	-1.5
håbløst	-1.5
hån	-1.5
håne	-1.5
håner	-1.5
hånet	-1.5
hånligt	-1.5
hård	-1.5
hårde	1.5
hårdere	1.5
hårdeste	1.5
hårdfør	1.5
hårdt	-1.5
hæderlig	1.5
hæderlige	1.5
hædersbevisning	1.5
hædret	1.5
hæk	-1.5
hæmme	-1.5
hæmmet	-1.5
hæmning	-1.5
hænge	-1.5
hænger	-1.5
hærdet	-1.5
hærge	-1.5
hævede	-1.5
hævelse	-1.5
hævn	-1.5
hævne	-1.5
høflig	1.5
høflighed	1.5
høj	-1.5
højre	1.5
højt	-1.5
højtidelig	-1.5
højtidelige	1.5
høviske	1.5
ideal	1.5
ideelt	1.5
idiot	-1.5
idioter	-1.5
idol	1.5
idyllisk	1.5
ignorere	-1.5
ihærdig	1.5
ihærdige	1.5
ildelugtende	-1.5
ildevarslende	-1.5
illegal	-1.5
illegitime	-1.5
illusion	-1.5
illusioner	-1.5
illusorisk	-1.5
iltre	1.5
imaginære	-1.5
impedans	-1.5
imperialistiske	-1.5
imponere	1.5
imponerende	1.5
imponerer	1.5
imponeret	1.5
important	1.5
impulsiv	-1.5
impulsive	-1.5
inaktiv	-1.5
inderligt	1.5
indflydelsesrig	1.5
indflydelsesrige	1.5
indgreb	-1.5
indhyllet	-1.5
indignation	-1.5
indløse	1.5
indrømme	-1.5
indrømmede	-1.5
indrømmelser	-1.5
indsigelser	-1.5
indsigtsfulde	1.5
indtagende	1.5
indtrængen	-1.5
indvende	-1.5
indvending	-1.5
indvendinger	-1.5
ineffektiv	-1.5
ineffektive	-1.5
ineffektivitet	-1.5
infektion	-1.5
infektioner	-1.5
inferior	-1.5
inficeret	-1.5
infiltrerede	-1.5
inflammation	-1.5
initiativtager	-1.5
inkompetence	-1.5
inkompetente	-1.5
innovation	1.5
innovative	1.5
insolvent	-1.5
inspiration	1.5
inspirere	1.5
inspirerende	1.5
instrumental	1.5
integral	1.5
integrated	1.5
integreret	1.5
intelligence	1.5
intelligens	1.5
intelligent	1.5
intense	-1.5
interessant	1.5
interesser	1.5
interessere	1.5
interferens	-1.5
intetanende	-1.5
intetsigende	-1.5
intime	1.5
intimitet	1.5
intolerance	-1.5
intriger	1.5
intuitive	1.5
invalid	-1.5
invaliderende	-1.5
invasive	-1.5
irettesættelse	-1.5
ironi	-1.5
ironisk	-1.5
irrationelle	-1.5
irrelevant	-1.5
irritation	-1.5
irritere	-1.5
irriterende	-1.5
irriterer	-1.5
irriteret	-1.5
isolation	-1.5
isolere	-1.5
isoleret	-1.5
issue	-1.5
issues	-1.5
itu	-1.5
iver	1.5
ivrige	1.5
ivrigt	1.5
iøjnefaldende	-1.5
iørefaldende	1.5
jalousi	-1.5
jaloux	-1.5
jam	-1.5
jernbane	-1.5
joke	-1.5
joker	-1.5
jubel	1.5
jublende	1.5
junk	-1.5
justerbar	1.5
jævnt	1.5
kamp	-1.5
kampvogn	-1.5
kannibal	-1.5
kaos	-1.5
kaotisk	-1.5
kapacitet	1.5
kapitulere	-1.5
kapret	-1.5
karakteristisk	1.5
karikatur	-1.5
karisma	1.5
karismatisk	1.5
kastreret	-1.5
katastrofale	-1.5
katastrofalt	-1.5
katastrofe	-1.5
katastrofer	-1.5
ked	-1.5
kedelig	-1.5
kedeligt	-1.5
keder	-1.5
kedsomhed	-1.5
kendetegnende	1.5
kilde	-1.5
kile	-1.5
kill	-1.5
killed	-1.5
killer	-1.5
killing	-1.5
klage	-1.5
klagede	-1.5
klager	-1.5
klappe	1.5
klar	1.5
klarere	1.5
klarhed	1.5
klart	1.5
klemme	-1.5
klike	-1.5
klodset	-1.5
klog	1.5
klogt	1.5
klæbrig	-1.5
kløe	-1.5
kløfter	-1.5
knald	-1.5
knaphed	-1.5
knappe	-1.5
knibe	-1.5
kniv	-1.5
knock	-1.5
knus	1.5
knust	-1.5
knyttede	-1.5
knække	-1.5
koge	-1.5
kogende	-1.5
koldt	-1.5
kollaps	-1.5
komfort	1.5
komfortabelt	1.5
komfortable	1.5
komisk	-1.5
kompakt	1.5
kompatibel	1.5
kompatible	1.5
komplekse	-1.5
komplementære	1.5
kompliceret	-1.5
komplikation	-1.5
kompromisløs	-1.5
koncession	-1.5
konflikt	-1.5
konflikter	-1.5
konfrontation	-1.5
konfrontere	-1.5
konkurs	-1.5
konsekvent	1.5
konservative	-1.5
konsistent	1.5
konstruerede	-1.5
konstruktiv	1.5
kontinuitet	1.5
kontrovers	-1.5
kontroversielt	-1.5
kooperativ	1.5
kornet	-1.5
korrekt	1.5
korrigere	1.5
korrosion	-1.5
korrupte	-1.5
korruption	-1.5
kraftfuld	1.5
kraftig	-1.5
kram	1.5
kreativ	1.5
krigerisk	-1.5
krigeriske	-1.5
krigsførende	-1.5
kriminalitet	-1.5
kriminel	-1.5
kriminelle	-1.5
krise	-1.5
kritik	-1.5
kritiker	-1.5
kritikere	-1.5
kritisere	-1.5
kritiserede	-1.5
kritisk	-1.5
kronisk	-1.5
krybe	-1.5
kryber	-1.5
krydret	1.5
kræft	-1.5
krænke	-1.5
krænkelse	-1.5
krænker	-1.5
krøb	-1.5
krøllede	-1.5
kujon	-1.5
kuld	-1.5
kulde	-1.5
kunstig	-1.5
kval	-1.5
kvaler	-1.5
kvalificere	1.5
kvalificeret	1.5
kvik	1.5
kvæle	-1.5
kvælende	-1.5
kvæles	-1.5
kyndige	1.5
kynisk	-1.5
kynisme	-1.5
kæmpe	-1.5
kæmpede	-1.5
kæmper	-1.5
kæreste	1.5
kærlig	1.5
kærlighed	1.5
kærligt	1.5
kætter	-1.5
kætteri	-1.5
kættersk	-1.5
kølig	1.5
kølige	-1.5
køligt	1.5
lag	-1.5
lags	-1.5
lam	-1.5
lammende	-1.5
lammet	-1.5
landsforvisning	-1.5
langsom	-1.5
langsommere	-1.5
langsomt	-1.5
langvarige	-1.5
larm	-1.5
last	-1.5
latterlig	-1.5
latterlige	-1.5
latterliggørelse	-1.5
latterligt	-1.5
lav	-1.5
lavine	-1.5
lavtryk	-1.5
lavvandede	-1.5
lavvandet	-1.5
lead	1.5
leading	1.5
legendariske	1.5
legende	1.5
lempet	1.5
let	1.5
lethed	1.5
lette	1.5
letter	1.5
lettere	1.5
levende	1.5
levn	-1.5
lidelse	-1.5
lidenskab	1.5
lidenskabelig	1.5
lidenskabelige	1.5
lidenskabeligt	1.5
lider	-1.5
lidet	-1.5
lidt	-1.5
ligeglade	-1.5
ligegyldig	-1.5
ligegyldighed	-1.5
ligesom	1.5
ligetil	1.5
ligge	-1.5
liggende	-1.5
ligger	-1.5
lighter	1.5
like	1.5
limit	-1.5
limited	-1.5
liste	-1.5
livlig	1.5
livløs	-1.5
logisk	1.5
lokkende	1.5
lokket	1.5
lort	-1.5
loss	-1.5
lossepladser	-1.5
losses	-1.5
lost	-1.5
love	1.5
lovede	1.5
lovende	1.5
lover	1.5
loves	1.5
lovlig	1.5
lovligt	1.5
lovløshed	-1.5
lovovertrædelse	-1.5
lovovertrædelser	-1.5
loyal	1.5
loyalitet	1.5
lucky	1.5
luder	-1.5
lufte	-1.5
lugt	-1.5
lugte	-1.5
lugter	-1.5
lugtesans	-1.5
lukrative	1.5
luksuriøse	1.5
luksus	1.5
lun	1.5
lunefuld	-1.5
lunken	-1.5
lure	-1.5
lurer	-1.5
lyd	-1.5
lyde	-1.5
lydhør	1.5
lykke	1.5
lykkedes	1.5
lykkelig	1.5
lykkeligt	1.5
lykkes	1.5
lyrisk	1.5
lys	1.5
lyse	1.5
lysende	1.5
lysere	1.5
lyve	-1.5
lægemiddel	1.5
lækage	-1.5
lækager	-1.5
lække	-1.5
lækker	1.5
læne	1.5
længsel	-1.5
lærd	1.5
løfte	1.5
løfter	1.5
løgn	-1.5
løgner	-1.5
løs	-1.5
løslade	1.5
mad	-1.5
mager	-1.5
magic	1.5
magisk	1.5
magtesløs	-1.5
majestæt	1.5
majestætiske	1.5
makabre	-1.5
malerisk	1.5
maleriske	1.5
mangel	-1.5
mangelfuld	-1.5
manglede	-1.5
mangler	-1.5
mani	-1.5
manipulation	-1.5
manipulere	-1.5
manipulerende	-1.5
manisk	-1.5
mar	-1.5
mareridt	-1.5
marginal	-1.5
marginalt	-1.5
marionet	-1.5
marked	1.5
marmelade	-1.5
martyrium	-1.5
massakre	-1.5
massakrer	-1.5
massiv	1.5
master	1.5
mat	-1.5
materielle	1.5
matte	-1.5
medfølelse	1.5
medrivende	1.5
medskyldige	-1.5
melankoli	-1.5
melankolsk	-1.5
melodisk	1.5
meningsfuld	1.5
meningsløs	-1.5
meningsløse	-1.5
meningsløst	-1.5
merit	1.5
messe	-1.5
messer	-1.5
messing	-1.5
mester	1.5
mesterlig	1.5
mesterlige	1.5
mesterværk	1.5
mesterværker	1.5
mestre	1.5
middelmådig	-1.5
mildne	1.5
mindeværdige	1.5
mirakel	1.5
mirakler	1.5
mirakuløse	1.5
mirakuløst	1.5
misbilligelse	-1.5
misbrug	-1.5
misbruge	-1.5
misbrugere	-1.5
misbrugt	-1.5
misfornøjet	-1.5
misforståelse	-1.5
misforståelser	-1.5
misforstået	-1.5
mishag	-1.5
mishandling	-1.5
mislykkedes	-1.5
mislykkes	-1.5
mislykket	-1.5
miss	-1.5
mistanke	-1.5
miste	-1.5
mistillid	-1.5
mistillidsvotum	-1.5
mistænkelige	-1.5
mistænkeligt	-1.5
misundelse	1.5
misvisende	-1.5
mobning	-1.5
mod	1.5
modarbejde	-1.5
modbevise	-1.5
modbevist	-1.5
modenhed	1.5
moderat	1.5
modern	1.5
moderne	1.5
modet	1.5
modgang	-1.5
modig	1.5
modige	1.5
modigt	1.5
modne	1.5
modsige	-1.5
modsigelse	-1.5
modstand	-1.5
modstander	-1.5
modstandsdygtig	1.5
modstandsdygtige	1.5
modstridende	-1.5
modstræbende	-1.5
modsætte	-1.5
modtagelig	1.5
modtagelige	-1.5
modvilje	-1.5
modvilligt	-1.5
monoton	-1.5
monster	-1.5
monstrøse	-1.5
monumentale	1.5
moral	1.5
mord	-1.5
morder	-1.5
morderiske	-1.5
morsom	-1.5
morsomt	1.5
motiverede	1.5
mousserende	1.5
mudret	-1.5
mulig	1.5
munter	1.5
muntre	1.5
murder	-1.5
myrde	-1.5
mysterium	-1.5
mystery	-1.5
mystisk	-1.5
myte	-1.5
målbevidst	1.5
mægtige	1.5
mærkbar	1.5
mærkeligste	-1.5
mærkeligt	-1.5
mørk	-1.5
mørke	-1.5
mørkere	-1.5
nag	-1.5
naiv	-1.5
naive	-1.5
naivt	-1.5
nar	-1.5
narre	-1.5
natur	-1.5
naturskønne	1.5
navnlig	1.5
nedbrud	-1.5
nedbryder	-1.5
nedbrydning	-1.5
nederlag	1.5
nedfald	-1.5
nedgøre	1.5
nedladende	-1.5
nedrive	-1.5
nedsættende	-1.5
nedtur	-1.5
nedværdigende	-1.5
negation	-1.5
negativ	-1.5
negative	-1.5
negativer	-1.5
negle	-1.5
nem	1.5
nemesis	-1.5
nemmeste	1.5
nepotisme	-1.5
nervøs	-1.5
nervøsitet	-1.5
nervøst	-1.5
nice	1.5
nidkær	-1.5
nidkære	-1.5
noble	1.5
noise	-1.5
nok	1.5
nonsens	-1.5
notorisk	-1.5
nul	1.5
ny	1.5
nyde	1.5
nydelse	1.5
nyder	1.5
nyhed	1.5
nyskabende	1.5
nytte	1.5
nytteløs	-1.5
nyttig	1.5
nyttige	1.5
nyttigt	1.5
nåde	1.5
nådesløs	-1.5
nådesløse	-1.5
nådigt	1.5
nås	1.5
nægte	-1.5
nægtede	-1.5
nægter	-1.5
nægtet	-1.5
næppe	-1.5
næring	1.5
næve	-1.5
nødsituation	-1.5
nødstedte	-1.5
nøjagtig	1.5
nørdet	1.5
oase	1.5
object	-1.5
objekt	-1.5
obskure	-1.5
offensiv	-1.5
offensive	-1.5
offensivt	-1.5
offer	-1.5
ofret	-1.5
ok	1.5
omdømme	1.5
omfattende	1.5
omfavne	1.5
omgående	1.5
omhyggeligt	1.5
omkvæd	-1.5
omstridt	-1.5
omstridte	-1.5
omstruktureret	1.5
omstrukturering	1.5
omvæltning	-1.5
ond	-1.5
ondartet	-1.5
onder	-1.5
ondsindet	-1.5
ondskab	-1.5
ondskabsfuld	-1.5
ondskabsfulde	-1.5
ondt	-1.5
opbrugt	-1.5
opdeling	-1.5
opdigtet	-1.5
opdrift	1.5
opfarende	-1.5
opfindsom	1.5
opfindsomhed	1.5
opfindsomme	1.5
opfyldelse	1.5
opfylder	1.5
opgive	-1.5
opgraderet	1.5
ophidset	1.5
ophøje	1.5
ophøjelse	1.5
ophøjet	1.5
ophøre	-1.5
opkast	-1.5
opkastning	-1.5
opklare	1.5
oplagt	1.5
oplyse	1.5
oplysning	1.5
opløses	-1.5
opløsning	-1.5
opløst	-1.5
opmuntre	1.5
opmuntring	1.5
opmærksomme	1.5
opnåelige	1.5
opnået	1.5
opponent	-1.5
opposition	-1.5
oppustet	-1.5
oprigtig	1.5
oprigtighed	1.5
oprigtigt	1.5
oprør	-1.5
oprørsk	-1.5
oprørske	-1.5
oprørt	-1.5
opsat	-1.5
opsige	-1.5
opsigelse	-1.5
opsluge	-1.5
opspind	-1.5
opsplitning	-1.5
opstand	-1.5
opstemt	1.5
optimal	1.5
optimisme	1.5
optimistisk	1.5
opvakt	1.5
opvarme	1.5
ordentlig	1.5
ordinær	-1.5
original	1.5
originalitet	1.5
outsider	-1.5
overbelastede	-1.5
overbelastet	-1.5
overbevisende	1.5
overdrage	1.5
overdreven	-1.5
overdrevent	-1.5
overdrive	-1.5
overdrivelse	-1.5
overdådige	1.5
overdådigt	1.5
overfald	-1.5
overfalde	-1.5
overfladisk	-1.5
overfladiske	-1.5
overflod	1.5
overflødig	-1.5
overfyldt	-1.5
overgive	-1.5
overgreb	-1.5
overgå	1.5
overhale	1.5
overhalede	1.5
overhalet	1.5
overhaling	1.5
overherredømme	1.5
overlagt	-1.5
overlegenhed	1.5
overlegne	1.5
overlevelse	1.5
overmande	-1.5
overmod	-1.5
overnatte	-1.5
overophedning	-1.5
overordentlig	1.5
overraskende	-1.5
overse	-1.5
overskredet	1.5
overskride	1.5
overskridelse	-1.5
overskyet	-1.5
overskygge	-1.5
overstige	1.5
overstiger	1.5
overstrømmende	1.5
oversvømmet	-1.5
overtro	-1.5
overtrædelse	-1.5
overtrædelser	-1.5
overtræder	-1.5
overvurderet	-1.5
overvægt	-1.5
overvælde	-1.5
overvældende	-1.5
overvældet	-1.5
pagt	1.5
pain	-1.5
pan	-1.5
panik	-1.5
paradis	1.5
paranoia	-1.5
paranoid	-1.5
parasit	-1.5
pardon	1.5
parodi	-1.5
partisan	-1.5
partisaner	-1.5
pas	-1.5
passe	-1.5
passende	1.5
passion	1.5
passive	-1.5
passivitet	-1.5
patriot	1.5
patriotisk	1.5
pause	-1.5
pauser	-1.5
peace	1.5
perfekt	1.5
perfektion	1.5
perfektum	1.5
perle	1.5
personlig	1.5
pervers	-1.5
pessimisme	-1.5
pessimistiske	-1.5
pest	-1.5
pinch	-1.5
pine	-1.5
pinligt	-1.5
piske	-1.5
pladskrævende	-1.5
plage	-1.5
plagede	-1.5
plager	-1.5
plaget	-1.5
pleje	1.5
plet	-1.5
pletter	-1.5
plettet	-1.5
pligtopfyldende	1.5
plot	-1.5
pludselig	-1.5
pludselige	-1.5
plyndre	-1.5
plyndring	-1.5
poetisk	1.5
polarisering	-1.5
poleret	1.5
pompøse	-1.5
poor	-1.5
popular	1.5
populært	1.5
portør	1.5
positiv	1.5
positive	1.5
positivt	1.5
postyr	-1.5
pragt	1.5
pragtfulde	1.5
praktisk	1.5
premier	1.5
presserende	-1.5
prestige	1.5
prestigefyldte	1.5
pretty	1.5
prik	-1.5
prikken	-1.5
primitive	-1.5
prise	1.5
prison	-1.5
privilegerede	1.5
privilegium	1.5
prize	1.5
problem	-1.5
problematisk	-1.5
problemer	-1.5
problems	-1.5
produktiv	1.5
produktivt	1.5
profane	-1.5
progress	1.5
progressive	1.5
prominent	1.5
promoter	1.5
promotor	1.5
propaganda	-1.5
proper	1.5
proprietære	-1.5
prostitueret	-1.5
protect	1.5
protection	1.5
protest	-1.5
protester	-1.5
protesterede	-1.5
protesterer	-1.5
provokation	-1.5
provokere	-1.5
provokerende	-1.5
præcis	1.5
præcist	1.5
prægtig	1.5
præmie	1.5
præstation	1.5
prøvelser	-1.5
pudse	1.5
pulserende	1.5
punk	-1.5
pure	1.5
puste	-1.5
pusterum	1.5
påfører	-1.5
pågribelse	-1.5
pågående	-1.5
pålidelig	1.5
pålideligt	1.5
pålægge	-1.5
påstand	-1.5
påstår	-1.5
påtrængende	-1.5
pæn	1.5
pænere	1.5
pænt	1.5
racisme	-1.5
racistisk	-1.5
radikal	-1.5
radikaler	-1.5
radikalisering	-1.5
radikalt	-1.5
raffinerede	1.5
rage	-1.5
rail	-1.5
ramaskrig	-1.5
ramte	-1.5
rap	-1.5
rappe	-1.5
rapport	1.5
rart	1.5
rase	-1.5
rasende	-1.5
raser	-1.5
raseri	-1.5
raserianfald	-1.5
rask	1.5
rastløs	-1.5
rastløshed	-1.5
rationel	1.5
rationelle	1.5
ready	1.5
reagerer	-1.5
reaktionære	-1.5
realisering	1.5
realistisk	1.5
rebelsk	-1.5
recession	-1.5
reduceret	-1.5
reform	1.5
reformer	1.5
reformere	1.5
reformeret	1.5
regression	-1.5
rekreative	1.5
relatere	-1.5
relief	1.5
ren	1.5
rende	-1.5
rene	1.5
renere	1.5
reneste	1.5
rense	1.5
rent	1.5
renæssance	1.5
repetitive	-1.5
resignation	-1.5
resistance	-1.5
resolut	1.5
respect	1.5
respekt	1.5
respektable	1.5
respektfuld	1.5
respektfuldt	1.5
restriktive	-1.5
resultat	1.5
resultater	1.5
ret	1.5
retfærdig	1.5
retfærdige	1.5
retfærdighed	1.5
retfærdigt	1.5
retmæssige	1.5
retorik	-1.5
retorisk	-1.5
retsforfølge	-1.5
rette	1.5
rettelig	1.5
rettighed	1.5
retvinklet	1.5
revival	1.5
revner	-1.5
revolutionere	1.5
revolutionerede	1.5
revolutionær	1.5
rich	1.5
ridderlige	1.5
ridser	-1.5
ridset	-1.5
rig	1.5
rigdom	1.5
rige	1.5
rigelig	1.5
rigelige	1.5
rigeligt	1.5
rigere	1.5
right	1.5
rigt	1.5
rigtig	1.5
rimelig	1.5
rimelige	1.5
rimelighed	1.5
ringere	-1.5
risici	-1.5
risikabelt	-1.5
risikere	-1.5
risiko	-1.5
risk	-1.5
rist	-1.5
rival	-1.5
rivalisering	-1.5
ro	1.5
robust	1.5
robuste	1.5
rod	-1.5
rodet	-1.5
rokke	-1.5
rolig	1.5
rolige	1.5
romantik	1.5
romantisk	1.5
ros	1.5
rose	1.5
rotten	-1.5
ru	-1.5
rude	-1.5
rue	-1.5
ruin	-1.5
ruiner	-1.5
ruineret	-1.5
rummelige	1.5
rungende	1.5
rust	-1.5
rydde	1.5
rydder	1.5
ryddet	1.5
ryge	-1.5
rygrad	1.5
rygsøjle	1.5
rygte	-1.5
rygter	-1.5
rynket	-1.5
ryste	-1.5
rysten	-1.5
rystende	-1.5
rystet	-1.5
rå	-1.5
råb	-1.5
råbe	-1.5
råd	1.5
rådden	-1.5
rådne	-1.5
røber	-1.5
røg	-1.5
røgelse	-1.5
sabotage	-1.5
sabotere	-1.5
sad	-1.5
safe	1.5
sag	-1.5
sagsøge	-1.5
sagsøgt	-1.5
salig	1.5
salut	1.5
sammenfiltrede	-1.5
sammenhæng	1.5
sammenhængende	1.5
sammenstød	-1.5
sammensværgelse	-1.5
samvittighedsfuld	1.5
sarkasme	-1.5
sarkastisk	-1.5
sarkastiske	-1.5
satan	-1.5
satirisk	-1.5
savne	-1.5
savnet	-1.5
scratch	-1.5
secure	1.5
sejhed	-1.5
sejlbar	1.5
sejr	1.5
sejre	1.5
sejrende	1.5
selektiv	1.5
selvmodsigende	-1.5
selvmord	-1.5
sensation	1.5
sensationelle	1.5
sensitive	1.5
ses	1.5
sexet	1.5
shit	-1.5
shock	-1.5
side	1.5
sidestykke	1.5
significant	1.5
signifikant	1.5
sikker	1.5
sikkerhed	1.5
sikkert	1.5
sikre	1.5
simpel	-1.5
simulere	-1.5
sin	-1.5
sind	-1.5
sindssyg	-1.5
sindssyge	-1.5
situation	-1.5
skade	-1.5
skadedyr	-1.5
skadelig	-1.5
skadelige	-1.5
skader	-1.5
skadeserstatning	-1.5
skadet	-1.5
skadevoldende	-1.5
skam	-1.5
skammer	-1.5
skandale	-1.5
skandaler	-1.5
skarpere	1.5
skarpeste	1.5
skarpt	-1.5
skat	1.5
skattede	1.5
skattejagt	1.5
skeletter	-1.5
skelnen	1.5
skelnes	-1.5
skepsis	-1.5
skeptisk	-1.5
skibbrud	-1.5
skinne	1.5
skinnende	1.5
skjulte	-1.5
skrald	-1.5
skrantende	-1.5
skrig	-1.5
skrige	-1.5
skrigende	-1.5
skrot	-1.5
skruet	-1.5
skrupler	-1.5
skrå	-1.5
skrækkelig	-1.5
skrækkelige	-1.5
skræmme	-1.5
skræmmende	-1.5
skrøbelig	-1.5
skuffe	-1.5
skuffelse	-1.5
skuffelser	-1.5
skuffende	-1.5
skuffet	-1.5
skumle	-1.5
skure	-1.5
skurk	-1.5
skurke	-1.5
sky	-1.5
skyede	-1.5
skyld	-1.5
skylden	-1.5
skyldfølelse	-1.5
skyldig	-1.5
skæbne	1.5
skæbnesvangre	-1.5
skælde	-1.5
skældsord	-1.5
skællet	-1.5
skænderi	-1.5
skænderier	-1.5
skændes	-1.5
skændsel	-1.5
skære	-1.5
skærpende	-1.5
skæv	-1.5
skævhed	-1.5
skævt	-1.5
skønhed	1.5
skønlitteratur	-1.5
skør	-1.5
sladder	-1.5
slagsmål	-1.5
slagte	-1.5
slagtede	-1.5
slagter	-1.5
slagtning	-1.5
slanke	1.5
slap	-1.5
slave	-1.5
slaver	-1.5
slem	-1.5
slet	-1.5
slette	-1.5
slider	-1.5
slidte	-1.5
slik	1.5
slog	-1.5
slow	-1.5
slukke	-1.5
slut	-1.5
slående	1.5
slået	1.5
slæbte	-1.5
sløret	-1.5
sløv	-1.5
sløve	-1.5
smadre	-1.5
smallere	-1.5
smart	1.5
smartere	1.5
smedejern	-1.5
smedet	-1.5
smerte	-1.5
smertefuld	-1.5
smertefulde	-1.5
smerter	-1.5
smidig	1.5
smigrende	1.5
smil	1.5
smile	1.5
smiler	1.5
smitsom	-1.5
smitten	1.5
smug	-1.5
smuk	1.5
smukke	1.5
smukt	1.5
smuldre	-1.5
snak	-1.5
snakke	-1.5
snavs	-1.5
snige	-1.5
snigmorder	-1.5
snobbede	-1.5
snoet	-1.5
snu	-1.5
snublede	-1.5
snubler	-1.5
snuppe	-1.5
snyd	-1.5
snyde	-1.5
snydt	-1.5
sofistikeret	1.5
soft	1.5
solid	1.5
solidaritet	1.5
som	1.5
sorg	-1.5
sorry	-1.5
sort	1.5
spade	-1.5
spar	-1.5
sparsomme	-1.5
sparsommelighed	1.5
spektakulære	1.5
spektakulært	1.5
spekulere	1.5
spids	1.5
spild	-1.5
spilde	-1.5
spildt	-1.5
spille	1.5
spinkel	-1.5
spinkelt	-1.5
splid	-1.5
split	-1.5
splittelse	-1.5
spontan	1.5
sporadisk	-1.5
spottende	-1.5
sprudlende	1.5
sprække	-1.5
sprækker	-1.5
sprængte	-1.5
sprød	1.5
spænde	-1.5
spændende	1.5
spøg	-1.5
spørgsmål	-1.5
squash	-1.5
stab	-1.5
stabil	1.5
stabilisere	1.5
stabilitet	1.5
stable	1.5
stadfæstet	1.5
stagnation	-1.5
stagnerende	-1.5
stak	-1.5
stakkels	-1.5
stald	1.5
stalde	1.5
stall	-1.5
stamme	-1.5
stammen	-1.5
stand	1.5
standhaftige	1.5
stank	-1.5
statelige	1.5
static	-1.5
statiske	-1.5
statue	-1.5
stegt	-1.5
stejle	-1.5
stejlt	-1.5
stemningsfulde	1.5
stereotype	-1.5
stik	-1.5
stikke	-1.5
stilhed	1.5
stiliseret	1.5
stille	1.5
stilstand	-1.5
stimulere	1.5
stimulerer	1.5
stiv	-1.5
stive	-1.5
stivhed	-1.5
stjal	-1.5
stjernernes	1.5
stjålet	-1.5
stjæle	-1.5
stjæler	-1.5
stof	1.5
stole	-1.5
stolen	-1.5
stolt	1.5
stolthed	1.5
stor	1.5
store	1.5
storhed	1.5
stormfuldt	-1.5
stormløb	-1.5
storslåede	1.5
storslået	1.5
strabadser	-1.5
straf	-1.5
straffe	-1.5
straffes	-1.5
straffespark	-1.5
stramt	-1.5
strange	-1.5
strejke	-1.5
streng	-1.5
strengt	-1.5
stress	-1.5
stressende	-1.5
stride	-1.5
stridigheder	-1.5
strike	-1.5
stringent	-1.5
stritter	-1.5
strong	1.5
stråle	1.5
strålende	1.5
stræben	1.5
strøm	-1.5
strømlinet	1.5
stubbe	-1.5
stump	-1.5
stunt	-1.5
stykke	-1.5
styrke	1.5
styrte	-1.5
styrtede	-1.5
stædig	-1.5
stædige	-1.5
stædighed	-1.5
stædigt	-1.5
stærkere	1.5
stærkest	1.5
stævning	-1.5
stødte	-1.5
støj	-1.5
støjende	-1.5
størst	1.5
støtte	1.5
støttende	1.5
støtter	1.5
støv	-1.5
støvede	-1.5
sublime	1.5
succes	1.5
succeser	1.5
success	1.5
successful	1.5
suges	-1.5
suicide	-1.5
sult	-1.5
sulte	-1.5
sund	1.5
sunde	1.5
sundt	1.5
sunket	-1.5
sunkne	-1.5
super	1.5
supplere	1.5
supplerer	1.5
suppleret	1.5
support	1.5
supporter	1.5
sur	-1.5
surrealistisk	1.5
survival	1.5
suspekt	-1.5
suverænt	1.5
svag	-1.5
svage	-1.5
svagelige	-1.5
svagere	-1.5
svaghed	-1.5
svagheder	-1.5
sviende	-1.5
svig	-1.5
svigt	-1.5
svigte	-1.5
svigtende	-1.5
svin	-1.5
svindel	-1.5
svindende	-1.5
svække	-1.5
svækkelse	-1.5
svær	-1.5
sværhedsgrad	-1.5
svært	-1.5
syg	-1.5
sygdom	-1.5
syge	-1.5
sygelig	-1.5
syltetøj	-1.5
sympatisk	1.5
symptom	-1.5
symptomer	-1.5
synd	-1.5
syndebuk	-1.5
synder	-1.5
syndige	-1.5
syndrom	-1.5
syndrome	-1.5
synke	-1.5
synkende	-1.5
sår	-1.5
sårbar	-1.5
sårbare	-1.5
såre	-1.5
sæk	-1.5
sært	-1.5
sød	1.5
søde	1.5
sødet	1.5
sødlig	1.5
sødme	1.5
sødt	1.5
sølle	-1.5
sørge	-1.5
sørgelig	-1.5
sørgeligt	-1.5
sørgende	-1.5
tabe	-1.5
taber	-1.5
tabere	-1.5
tabt	-1.5
tabu	-1.5
tage	-1.5
tak	1.5
takke	1.5
takkede	-1.5
taknemmelig	1.5
taknemmelige	1.5
taknemmelighed	1.5
talent	1.5
talenter	1.5
talentfuld	1.5
talentfulde	1.5
talents	1.5
tank	-1.5
tanke	-1.5
tanken	-1.5
tankevækkende	1.5
tanks	-1.5
tappe	-1.5
tapper	1.5
tapperhed	1.5
tappert	1.5
tarvelig	-1.5
tarveligt	-1.5
temperament	-1.5
tender	1.5
terning	-1.5
terrible	-1.5
terror	-1.5
terrorisme	-1.5
thrash	-1.5
threat	-1.5
tigge	-1.5
tigger	-1.5
tilbage	-1.5
tilbagefald	-1.5
tilbageholdende	-1.5
tilbagekalde	-1.5
tilbageslag	-1.5
tilbagetog	-1.5
tilbagevise	-1.5
tilbede	1.5
tilfredse	1.5
tilfredshed	1.5
tilfredsstille	1.5
tilfredsstillelse	1.5
tilfredsstillende	1.5
tilfældig	-1.5
tilfældige	1.5
tilfældigt	-1.5
tilføje	-1.5
tilgængelig	1.5
tilgængelige	1.5
tilintetgøre	-1.5
tillid	1.5
tillykke	1.5
tilrane	-1.5
tilråb	-1.5
tilskynde	1.5
tilskyndelse	-1.5
tilstrækkelig	1.5
tilstrækkelige	1.5
tilstrækkeligt	1.5
tilstå	-1.5
tilståelser	-1.5
tilsyn	-1.5
tiltalende	1.5
tiltro	1.5
tiltrækkende	1.5
tiltrækning	1.5
tinde	1.5
ting	-1.5
tjeneste	1.5
tomhed	-1.5
top	1.5
toppe	1.5
tops	1.5
tornede	-1.5
torrent	-1.5
tortur	-1.5
torturere	-1.5
tortureret	-1.5
totalitære	-1.5
tout	-1.5
tragedie	-1.5
tragisk	-1.5
trak	-1.5
trange	-1.5
transparent	1.5
trash	-1.5
traumatisk	-1.5
traume	-1.5
trekant	-1.5
trekløver	-1.5
trendy	1.5
tribut	1.5
trick	-1.5
trio	-1.5
trist	-1.5
triumf	1.5
triumferende	1.5
triumftog	1.5
trives	1.5
triviel	-1.5
trivielle	-1.5
trivielt	1.5
tro	1.5
trods	-1.5
trofast	1.5
trofaste	1.5
trofasthed	1.5
trolig	1.5
trompet	1.5
trompetist	1.5
troværdig	1.5
troværdighed	1.5
troværdigt	1.5
true	-1.5
truende	-1.5
trumf	1.5
trusler	-1.5
trussel	-1.5
tryghed	1.5
tryk	-1.5
træk	-1.5
trække	-1.5
trækkraft	1.5
træl	-1.5
trænge	-1.5
trængende	-1.5
trængsler	-1.5
træsko	-1.5
træt	-1.5
træthed	-1.5
trætte	-1.5
trættende	-1.5
trøst	1.5
tumult	-1.5
turbulent	-1.5
turde	1.5
tvang	-1.5
tvangstanker	1.5
tvetydig	-1.5
tvetydige	-1.5
tvetydighed	-1.5
tvinge	-1.5
tvist	-1.5
tvivl	-1.5
tvivle	-1.5
tvivlende	-1.5
tvivler	-1.5
tvivlsom	-1.5
tvivlsomme	-1.5
tvivlsomt	-1.5
twist	-1.5
tydelig	1.5
tykkere	-1.5
tyndere	1.5
tyran	-1.5
tyranni	-1.5
tyrannisk	-1.5
tåbelig	-1.5
tåbelige	-1.5
tåbeligt	-1.5
tåge	-1.5
tågede	-1.5
tåger	-1.5
tålmodig	1.5
tålmodighed	1.5
tålmodigt	1.5
tænke	1.5
tætte	-1.5
tæve	-1.5
tømme	-1.5
tørke	-1.5
tørst	-1.5
tøvende	-1.5
uacceptabel	-1.5
uacceptabelt	-1.5
uanfægtet	-1.5
uanstændigt	-1.5
uansvarlig	-1.5
ubalance	-1.5
ubegrundet	-1.5
ubegrænset	1.5
ubehag	-1.5
ubehagelig	-1.5
ubehageligt	-1.5
ubekendt	-1.5
ubemærket	-1.5
ubemærkethed	-1.5
uberegnelig	-1.5
uberegnelige	-1.5
uberettiget	-1.5
uberørt	-1.5
ubeskadiget	1.5
ubeslutsomhed	-1.5
ubestemt	-1.5
ubestridelige	1.5
ubestridte	1.5
ubesværet	1.5
ubetingede	1.5
ubetydelig	-1.5
ubevægelig	-1.5
ubrugelig	-1.5
ubrugeligt	-1.5
ubøjelige	-1.5
udbrud	-1.5
udbryde	-1.5
uddannet	1.5
uddelt	1.5
ude	-1.5
udelade	-1.5
udelukkelse	-1.5
udestående	1.5
udfordrende	-1.5
udfældes	-1.5
udførelse	1.5
udgået	-1.5
udholdende	-1.5
udjævne	1.5
udkonkurrerede	1.5
udløbe	-1.5
udløbet	-1.5
udmattelse	-1.5
udmattet	-1.5
udmærkede	1.5
udmærker	1.5
udmærket	-1.5
udnyttelse	-1.5
udokumenteret	-1.5
udrette	1.5
udrydde	-1.5
udryddelsen	-1.5
udråb	-1.5
udsat	-1.5
udslette	-1.5
udslettelse	-1.5
udslettet	-1.5
udslæt	-1.5
udstråling	1.5
udstødning	-1.5
udstødt	-1.5
udsvævende	-1.5
udsøgt	1.5
udtømt	-1.5
uduelige	-1.5
uduelighed	-1.5
udvirke	1.5
uegennyttig	1.5
uegnet	-1.5
uenig	-1.5
uenige	-1.5
uenighed	-1.5
uerfarne	-1.5
uerstattelige	1.5
ufaglærte	-1.5
uforberedt	-1.5
uforenelige	-1.5
uforfærdet	1.5
uforglemmelige	1.5
uforholdsmæssig	-1.5
uforklarlige	-1.5
uforskammet	-1.5
uforsonlige	-1.5
uforståelig	-1.5
uforståeligt	-1.5
uforudsete	-1.5
uforudsigelige	-1.5
ufrivillig	-1.5
ufrivilligt	-1.5
ufuldstændig	-1.5
ufuldstændige	-1.5
ufærdige	-1.5
ugunstige	-1.5
ugyldig	-1.5
uheld	-1.5
uheldig	-1.5
uheldigt	-1.5
uheldigvis	-1.5
uhensigtsmæssig	-1.5
uhensigtsmæssigt	-1.5
uholdbar	-1.5
uhyggelig	-1.5
uhæmmet	1.5
uimodståelig	1.5
ujævn	-1.5
ukendt	-1.5
uklare	-1.5
uklogt	-1.5
ukomplet	-1.5
ukontrolleret	-1.5
ukrudt	-1.5
ulempe	-1.5
ulemper	-1.5
ulige	-1.5
ulighed	-1.5
uligheder	-1.5
ulmende	-1.5
ulogisk	-1.5
ulovlig	-1.5
ulovligt	-1.5
ultimatum	-1.5
ulydige	-1.5
ulydighed	-1.5
ulykke	-1.5
ulykkelig	-1.5
ulykkelige	-1.5
ulykkeligt	-1.5
ulykker	-1.5
uløseligt	-1.5
uløste	-1.5
umenneskelige	-1.5
umoden	-1.5
umodne	-1.5
umoralsk	-1.5
umulige	-1.5
unaturlig	-1.5
unddrage	-1.5
under	1.5
undergang	-1.5
undergrave	-1.5
undergravende	-1.5
underholde	1.5
underholdende	1.5
underholder	1.5
underkastelse	-1.5
underlegenhed	-1.5
underlig	-1.5
underlige	-1.5
underlægge	-1.5
underminere	-1.5
undermineret	-1.5
underordne	-1.5
underordnet	-1.5
understreger	-1.5
undersåtter	-1.5
undertrykke	-1.5
undertrykkelse	-1.5
undertrykkende	-1.5
undervurdere	-1.5
undgå	-1.5
undlade	-1.5
undladelse	-1.5
undre	1.5
undskyld	-1.5
undskylde	-1.5
undskyldninger	-1.5
undtagelsesvis	1.5
unexpected	-1.5
ungdommelige	1.5
unge	-1.5
unknown	-1.5
unormal	-1.5
unåde	-1.5
unødig	-1.5
unødigt	-1.5
unødvendig	-1.5
unødvendige	-1.5
unøjagtigheder	-1.5
uophørlige	-1.5
uophørligt	-1.5
uorden	-1.5
uorganiseret	-1.5
uortodoks	-1.5
uortodokse	-1.5
uoverensstemmelse	-1.5
uoverensstemmelser	-1.5
uovertruffen	1.5
uovervindelig	1.5
uovervindelige	-1.5
upartisk	1.5
upersonlig	-1.5
upopulære	-1.5
upraktisk	-1.5
upræcise	-1.5
uprøvede	-1.5
upålidelig	-1.5
upålidelige	-1.5
upåvirket	1.5
urealistisk	-1.5
uregelmæssige	-1.5
uregelmæssigt	-1.5
uren	-1.5
urene	-1.5
urenhed	-1.5
urentable	-1.5
uretfærdig	-1.5
uretfærdighed	-1.5
uretfærdigheder	-1.5
uretfærdigt	-1.5
uretmæssig	-1.5
uretmæssigt	-1.5
urimelig	-1.5
urimeligt	-1.5
uro	-1.5
urokkelige	1.5
urolig	-1.5
urolige	-1.5
urolighederne	-1.5
usammenhængende	-1.5
usand	-1.5
usande	-1.5
usandsynlig	-1.5
usandsynlige	-1.5
usandsynligt	-1.5
useful	1.5
uselvisk	1.5
usikker	-1.5
usikkerhed	-1.5
usikre	-1.5
uskadelig	1.5
uspecificeret	-1.5
ustabil	-1.5
ustabilitet	-1.5
usund	-1.5
usunde	-1.5
usurp	-1.5
usynlige	-1.5
usårlig	1.5
usædvanlige	-1.5
usædvanligt	-1.5
utilbøjelig	-1.5
utilfredse	-1.5
utilfredshed	-1.5
utilfredsstillende	-1.5
utilgængelig	-1.5
utilsigtet	-1.5
utilstrækkelig	-1.5
utilstrækkeligt	-1.5
utiltalende	-1.5
utro	-1.5
utrolig	-1.5
utrolige	1.5
utroværdig	-1.5
utvetydig	1.5
utvetydigt	1.5
utvivlsomt	1.5
utydelige	-1.5
utålmodig	-1.5
utænkeligt	-1.5
utæt	-1.5
uundgåelig	-1.5
uundgåelige	-1.5
uundgåeligt	-1.5
uvant	-1.5
uvedkommende	-1.5
uventede	-1.5
uventet	-1.5
uvidende	-1.5
uvidenhed	-1.5
uvilje	-1.5
uvillige	-1.5
uvurderlig	1.5
uværdig	-1.5
uvæsentlige	-1.5
uvæsentligt	-1.5
uægte	-1.5
uønskede	-1.5
vagabond	-1.5
vage	-1.5
vagt	-1.5
vakle	-1.5
vaklede	-1.5
vane	-1.5
vanskelig	-1.5
vanskelighed	-1.5
vanskeligheder	-1.5
vant	-1.5
vantro	-1.5
vanvid	-1.5
vanvittig	-1.5
vanære	-1.5
varm	1.5
varme	1.5
varmere	1.5
varmt	1.5
varsom	-1.5
vask	-1.5
ve	-1.5
vedholdende	-1.5
vedholdenhed	1.5
vejafgift	-1.5
vejledning	1.5
velgørende	1.5
velgører	1.5
velhavende	1.5
velkommen	1.5
vellidte	1.5
vellykket	1.5
velordnet	1.5
velovervejet	1.5
velsigne	1.5
velsignelse	1.5
velstand	1.5
velstående	1.5
veltalende	1.5
veltalenhed	1.5
velvære	1.5
vendepunkt	-1.5
venlig	1.5
venlige	1.5
venlighed	1.5
venligt	1.5
venskabelig	1.5
venskabskamp	1.5
vent	-1.5
verdslige	-1.5
verificerbare	1.5
vibration	-1.5
vibrerende	-1.5
vice	-1.5
victory	1.5
vid	1.5
vidende	1.5
vidunder	1.5
vidunderbarn	1.5
vidundere	1.5
vidunderlig	1.5
vidunderlige	1.5
vidunderligt	1.5
vigtig	1.5
vigtigt	1.5
viklet	-1.5
vild	-1.5
vilde	-1.5
vildlede	-1.5
vildledende	-1.5
vildledning	-1.5
vildledt	-1.5
vildskab	-1.5
vildt	-1.5
vilkårlig	-1.5
vilkårlige	-1.5
villige	1.5
villighed	1.5
villigt	1.5
vinde	1.5
vindende	1.5
vinder	1.5
vindere	1.5
vinderen	1.5
vindstille	1.5
virke	1.5
virkningsfuldt	1.5
virus	-1.5
visdom	1.5
visionær	1.5
visne	-1.5
vittig	1.5
vittighed	-1.5
voldelig	-1.5
voldelige	-1.5
voldeligt	-1.5
voldsom	-1.5
voldsramte	-1.5
voldtage	-1.5
voldtaget	-1.5
voldtægt	-1.5
vraget	-1.5
vrangforestillinger	-1.5
vred	-1.5
vrede	-1.5
vredt	-1.5
vrøvl	-1.5
vulgære	-1.5
vulkanudbrud	-1.5
vundet	1.5
vælte	-1.5
værd	1.5
værdifulde	1.5
værdig	1.5
værdige	1.5
værdighed	1.5
værdsat	1.5
værdsætte	1.5
værdsætter	1.5
værk	1.5
værker	1.5
værne	1.5
værner	1.5
værre	-1.5
værst	-1.5
weak	-1.5
welcome	1.5
well	1.5
wild	-1.5
win	1.5
wins	1.5
won	1.5
wonder	1.5
work	1.5
worked	1.5
works	1.5
worst	-1.5
worth	1.5
wrestle	-1.5
wrong	-1.5
ydmyg	1.5
ydmygelse	-1.5
ydmygende	-1.5
ydmyghed	1.5
yndig	1.5
yngel	-1.5
zenit	1.5
zombie	-1.5
åbenbar	1.5
åbenbaring	1.5
åbenhed	1.5
åbenlys	-1.5
åbenlyst	-1.5
åbent	1.5
åndelige	1.5
åndenød	-1.5
årvågenhed	1.5
ædelsten	1.5
ædelstene	1.5
ædle	1.5
ædru	-1.5
ægte	1.5
ængstelig	-1.5
ærbødighed	1.5
ære	1.5
ærefrygt	1.5
ærekrænkende	-1.5
ærer	1.5
ærgrelse	-1.5
ærlig	1.5
ærlige	1.5
ærlighed	1.5
ætsende	-1.5
øde	-1.5
ødelagt	-1.5
ødelægge	-1.5
ødelæggelse	-1.5
ødelæggelser	-1.5
ødelæggende	-1.5
øge	1.5
øjeblikkeligt	1.5
økonomisk	1.5
øm	1.5
ømhed	-1.5
ømme	-1.5
ønskeligt	1.5
ønsker	1.5
ønsket	1.5
ørken	-1.5
