Abbau	-1.5
Abbruch	-1.5
Aberglaube	-1.5
Abfahrt	-1.5
Abfall	-1.5
Abfluss	-1.5
Abgabe	-1.5
Abgas	-1.5
Abgleich	1.5
Abgrund	-1.5
Abhilfe	1.5
Abhören	-1.5
Ablass	1.5
Ablauf	-1.5
Ableben	-1.5
Ablehnung	-1.5
Ablenkung	-1.5
Ablösung	1.5
Abnahme	-1.5
Abneigung	-1.5
Abscheu	-1.5
Abschreckung	-1.5
Absicherung	-1.5
Absprache	-1.5
Absprachen	-1.5
Absturz	-1.5
Absurdität	-1.5
Abwehr	-1.5
Abweichung	-1.5
Abwesenheit	-1.5
Achterbahn	-1.5
Ader	1.5
Adlige	1.5
Adliger	1.5
Affinität	1.5
Affront	-1.5
Aggression	-1.5
Aggressivität	-1.5
Ahnung	-1.5
Alarm	-1.5
Albtraum	-1.5
Allergie	-1.5
Allergien	-1.5
Alptraum	-1.5
Ambivalenz	-1.5
Amoklauf	-1.5
Analphabeten	-1.5
Anarchie	-1.5
Anarchismus	-1.5
Anarchist	-1.5
Anerkennung	1.5
Anfall	-1.5
Anfechtung	-1.5
Angebot	1.5
Angriff	-1.5
Angriffe	-1.5
Angst	-1.5
Anhänger	1.5
Anhöhe	1.5
Anklage	-1.5
Anlage	1.5
Anleitung	1.5
Anliegen	-1.5
Anmut	1.5
Anomalie	-1.5
Anreicherung	1.5
Anschlag	-1.5
Ansehen	1.5
Anspielung	-1.5
Anspielungen	-1.5
Anstand	1.5
Ansteckung	-1.5
Anstiftung	-1.5
Ansturm	-1.5
Antagonist	-1.5
Anwalt	1.5
Anzeichen	-1.5
Anzeige	-1.5
Anziehung	1.5
Anziehungskraft	1.5
Apokalypse	-1.5
Arbeit	1.5
Arbeiten	1.5
Arbeitslose	-1.5
Argwohn	-1.5
Arme	-1.5
Armen	-1.5
Armut	-1.5
Arroganz	-1.5
Arsch	-1.5
Arschloch	-1.5
Attacke	-1.5
Attentäter	-1.5
Attraktion	1.5
Auffrischung	1.5
Aufklärung	1.5
Auflösung	-1.5
Aufrichtigkeit	1.5
Aufruhr	-1.5
Aufschub	1.5
Aufschwung	1.5
Aufsehen	-1.5
Aufsicht	-1.5
Aufstand	-1.5
Auftakt	1.5
Auftragsmörder	-1.5
Auftrieb	1.5
Ausbeutung	-1.5
Ausbruch	-1.5
Ausbrüche	-1.5
Ausdauer	1.5
Auseinandersetzung	-1.5
Ausfall	-1.5
Ausfälle	-1.5
Ausgabe	-1.5
Aushängeschild	-1.5
Ausleger	1.5
Auslese	1.5
Ausländer	-1.5
Auspuff	-1.5
Ausreißer	-1.5
Ausschlag	-1.5
Ausschluss	-1.5
Ausschreibung	1.5
Ausschreitungen	-1.5
Ausschuss	-1.5
Ausstattung	1.5
Aussteiger	-1.5
Ausstellung	1.5
Ausstrahlung	1.5
Aussöhnung	1.5
Ausweichen	-1.5
Auswirkung	-1.5
Auszeichnung	1.5
Auszeichnungen	1.5
Außenseiter	-1.5
Axt	-1.5
Bach	-1.5
Bandit	-1.5
Barmherzigkeit	1.5
Bastard	-1.5
Baum	1.5
Becken	-1.5
Bedauern	-1.5
Bedenken	-1.5
Bedrohung	-1.5
Bedrohungen	-1.5
Bedürftige	-1.5
Befreiung	1.5
Befriedigung	1.5
Befürworter	1.5
Begeisterung	1.5
Begnadigung	1.5
Begrüßung	1.5
Beharrlichkeit	1.5
Behauptung	-1.5
Behinderung	-1.5
Behälter	-1.5
Beichte	-1.5
Beifall	1.5
Beitrag	1.5
Bekenntnis	-1.5
Belagerung	-1.5
Belastung	-1.5
Beleidigung	-1.5
Beleidigungen	-1.5
Belletristik	-1.5
Belohnung	1.5
Belästigung	-1.5
Bequemlichkeit	1.5
Beredsamkeit	1.5
Bereitschaft	1.5
Berichtigung	1.5
Berufung	1.5
Beruhigung	1.5
Bescheidenheit	1.5
Beschimpfung	-1.5
Beschlag	-1.5
Beschränkung	-1.5
Beschuldigung	-1.5
Beschuss	-1.5
Beschwerden	-1.5
Beseitigung	-1.5
Besessenheit	1.5
Besorgnis	-1.5
Beste	1.5
Bestechung	-1.5
Bester	1.5
Bestes	1.5
Besteuerung	-1.5
Bestrebungen	1.5
Bestätigung	1.5
Betonung	-1.5
Betroffene	-1.5
Betroffenheit	-1.5
Betrug	-1.5
Betrüger	-1.5
Bettler	-1.5
Beute	-1.5
Beutel	-1.5
Beweglichkeit	1.5
Bewunderer	1.5
Bewunderung	1.5
Bezug	1.5
Bias	-1.5
Biegung	-1.5
Bildnis	-1.5
Billigung	1.5
Bindung	1.5
Bischofsstab	-1.5
Biss	-1.5
Blabla	-1.5
Blase	-1.5
Blasphemie	-1.5
Blei	1.5
Blendung	-1.5
Blind	-1.5
Blindgänger	-1.5
Blockade	-1.5
Blockbuster	1.5
Blockierung	-1.5
Blunt	-1.5
Blutbad	-1.5
Blutung	-1.5
Blutungen	-1.5
Blutvergießen	-1.5
Blödsinn	-1.5
Blüte	1.5
Bogen	-1.5
Bohrung	-1.5
Bohrungen	-1.5
Bombardement	-1.5
Bombardierung	-1.5
Bombe	-1.5
Bondage	-1.5
Boni	1.5
Bonus	1.5
Boom	1.5
Boykott	-1.5
Brandstifter	-1.5
Break	-1.5
Brechen	-1.5
Brechung	-1.5
Brei	-1.5
Brennen	-1.5
Brennnessel	-1.5
Bresche	-1.5
Brillanz	1.5
Bruch	-1.5
Brunnen	1.5
Brut	-1.5
Brutalität	-1.5
Bude	-1.5
Bug	-1.5
Buggy	-1.5
Bugs	-1.5
Bulle	-1.5
Bullshit	-1.5
Bully	-1.5
Bußgeld	1.5
Böse	-1.5
Bösewicht	-1.5
Bünde	-1.5
Bündnis	1.5
Bürde	-1.5
Büste	-1.5
Büsten	-1.5
Champion	1.5
Chaos	-1.5
Charisma	1.5
Charme	1.5
Cheat	-1.5
Chic	1.5
Chip	1.5
Clique	-1.5
Cloud	-1.5
Courage	1.5
Dankbarkeit	1.5
Debakel	-1.5
Deckel	1.5
Defekt	-1.5
Defekte	-1.5
Defensive	-1.5
Degeneration	-1.5
Dekadenz	-1.5
Delikatesse	1.5
Delirium	-1.5
Delle	-1.5
Demonstration	-1.5
Demut	1.5
Demütigung	-1.5
Denunziation	-1.5
Depression	-1.5
Depressionen	-1.5
Desaster	-1.5
Desinteresse	-1.5
Despot	-1.5
Deutlichkeit	1.5
Dichtung	-1.5
Diebstahl	-1.5
Diffamierung	-1.5
Diktator	-1.5
Dilemma	-1.5
Diskontinuität	-1.5
Diskriminierung	-1.5
Disput	-1.5
Diss	-1.5
Dissens	-1.5
Dissident	-1.5
Dissidenten	-1.5
Domina	-1.5
Doomsday	-1.5
Dragoner	-1.5
Drain	-1.5
Dreck	-1.5
Dreier	-1.5
Drohne	-1.5
Drohnen	-1.5
Drohung	-1.5
Drossel	-1.5
Dummheit	-1.5
Dump	-1.5
Dungeon	-1.5
Dungeons	-1.5
Dunkel	-1.5
Dunkelheit	-1.5
Dunst	-1.5
Durchbruch	1.5
Durchbrüche	1.5
Durcheinander	-1.5
Durchfall	-1.5
Durchmesser	-1.5
Durst	-1.5
Dynamik	1.5
Dämmerung	1.5
Dämon	-1.5
Dämpfe	-1.5
Dämpfer	-1.5
Dürre	-1.5
Eckstein	1.5
Ecstasy	1.5
Edelstahl	1.5
Edelstein	1.5
Edelsteine	1.5
Effektivität	1.5
Egoismus	-1.5
Ehre	1.5
Ehrfurcht	1.5
Ehrlichkeit	1.5
Ehrung	1.5
Eier	-1.5
Eifer	1.5
Eifersucht	-1.5
Eigenname	1.5
Eile	-1.5
Einatmen	1.5
Einbruch	-1.5
Eindringling	-1.5
Eindringlinge	-1.5
Einfluss	1.5
Einfrieren	-1.5
Einfühlungsvermögen	1.5
Einführung	-1.5
Eingeständnis	-1.5
Einheit	1.5
Einrichtung	1.5
Einsamkeit	-1.5
Einsatz	1.5
Einschluss	-1.5
Einschränkung	-1.5
Einschränkungen	-1.5
Einschüchterung	-1.5
Einsparungen	1.5
Einspruch	-1.5
Einsprüche	-1.5
Eintopf	-1.5
Einwand	-1.5
Einweisung	1.5
Einwände	-1.5
Einzelgänger	-1.5
Einöde	-1.5
Eitelkeit	-1.5
Ekel	-1.5
Ekstase	1.5
Eleganz	1.5
Elend	-1.5
Elfmeter	-1.5
Elimination	-1.5
Elite	1.5
Empathie	1.5
Empfang	1.5
Empfehlung	1.5
Empfehlungen	1.5
Empfindungen	1.5
Empfänger	1.5
Empörung	-1.5
Engagement	1.5
Engel	1.5
Engpass	-1.5
Entartung	-1.5
Enteignung	-1.5
Entfremdung	-1.5
Enthusiasmus	1.5
Enthusiasten	1.5
Enthüllung	1.5
Entlassung	-1.5
Entlastung	1.5
Entrüstung	-1.5
Entschuldigung	-1.5
Enttäuschung	-1.5
Enttäuschungen	-1.5
Entwässerung	-1.5
Entzündung	-1.5
Epidemie	-1.5
Erbrechen	-1.5
Erde	-1.5
Erdrutsch	-1.5
Eremit	-1.5
Erfolg	1.5
Erfolge	1.5
Erfüllung	1.5
Ergänzung	1.5
Erhebung	-1.5
Erholung	1.5
Erhöhung	1.5
Erkältung	-1.5
Erleichterung	1.5
Erleuchtung	1.5
Erlöschen	-1.5
Erlösung	1.5
Ermahnung	-1.5
Ermüdung	-1.5
Erniedrigung	-1.5
Ernährung	1.5
Ernüchterung	-1.5
Eroberer	-1.5
Erosion	-1.5
Erpressung	-1.5
Errungenschaft	1.5
Erschöpfung	-1.5
Erschütterungen	-1.5
Ersparnisse	1.5
Erstarrung	-1.5
Erstattung	1.5
Erstaunen	1.5
Ersuchen	-1.5
Ertrinken	-1.5
Eruption	-1.5
Eruptionen	-1.5
Erweiterung	1.5
Euphorie	1.5
Exemplar	1.5
Exil	-1.5
Extremismus	-1.5
Extremisten	-1.5
Exzellenz	1.5
Exzentrizität	-1.5
Fachmann	1.5
Fackel	-1.5
Fackeln	-1.5
Fahnenflucht	-1.5
Fahrlässigkeit	-1.5
Fairness	1.5
Fake	-1.5
Fall	-1.5
Falle	-1.5
Fallout	-1.5
Falte	-1.5
Falten	-1.5
Falter	-1.5
Fan	1.5
Fanatiker	-1.5
Fanatismus	-1.5
Fanfare	1.5
Fans	1.5
Farce	-1.5
Faschismus	-1.5
Faszination	1.5
Faulheit	-1.5
Faust	-1.5
Favorit	1.5
Favoriten	1.5
Fehlen	-1.5
Fehler	-1.5
Fehlfunktion	-1.5
Feier	1.5
Feind	-1.5
Feinde	-1.5
Feindschaft	-1.5
Feindseligkeit	-1.5
Feindseligkeiten	-1.5
Feinheit	1.5
Fell	-1.5
Fertigkeit	1.5
Fest	1.5
Festkörper	1.5
Festnahme	-1.5
Fett	-1.5
Fettsäuren	-1.5
Fetzen	-1.5
Feuerzeug	1.5
Fiasko	-1.5
Fick	-1.5
Ficker	-1.5
Fieber	-1.5
Fiktion	-1.5
Findling	-1.5
Finsternis	-1.5
Finte	-1.5
Flair	-1.5
Flak	-1.5
Fleck	-1.5
Flecken	-1.5
Fleischer	-1.5
Fleiß	1.5
Flexibilität	1.5
Flirt	-1.5
Fluch	-1.5
Flucht	-1.5
Flüchtling	-1.5
Folge	-1.5
Folter	-1.5
Folterungen	-1.5
Fortschritt	1.5
Fortschritte	1.5
Foul	-1.5
Fragen	-1.5
Fraktur	-1.5
Freak	-1.5
Freaks	-1.5
Frechheit	-1.5
Freier	-1.5
Freiheit	1.5
Freiheiten	1.5
Freitod	-1.5
Freizügigkeit	1.5
Fremde	-1.5
Fremden	-1.5
Fremder	-1.5
Fremdkörper	-1.5
Freude	1.5
Freundlichkeit	1.5
Freundschaftsspiel	1.5
Friede	1.5
Frieden	1.5
Frost	-1.5
Frust	-1.5
Frustration	-1.5
Fräulein	-1.5
Frömmigkeit	1.5
Fundamentalismus	-1.5
Furche	-1.5
Furcht	-1.5
Furore	-1.5
Fuzzy	-1.5
Fähigkeit	1.5
Fähigkeiten	1.5
Fälligkeit	1.5
Fälschung	-1.5
Fäulnis	-1.5
Förderung	1.5
Führung	1.5
Führungsschicht	1.5
Fülle	1.5
Gag	-1.5
Galionsfigur	-1.5
Galle	-1.5
Gallen	-1.5
Gallenblase	-1.5
Gangster	-1.5
Garant	1.5
Garantie	1.5
Gauner	-1.5
Gedränge	-1.5
Geduld	1.5
Gefahr	-1.5
Gefallen	1.5
Gefangene	-1.5
Gefangener	-1.5
Gefangenschaft	-1.5
Gefälle	-1.5
Gefängnis	-1.5
Gefühl	1.5
Gegenmittel	1.5
Gegensatz	-1.5
Gegenspieler	-1.5
Gegenstand	-1.5
Gegenüberstellung	-1.5
Gegner	-1.5
Gegnerin	-1.5
Geheimdienst	1.5
Geheimnis	-1.5
Gehörlose	-1.5
Geisel	-1.5
Geißel	-1.5
Gelassenheit	1.5
Geldbuße	1.5
Geldstrafe	1.5
Geliebte	1.5
Geliebter	1.5
Geländer	-1.5
Gemetzel	-1.5
Genauigkeit	1.5
Genehmigung	1.5
Genesung	1.5
Genie	1.5
Genius	1.5
Genossenschaft	1.5
Genozid	-1.5
Genuss	1.5
Gerechtigkeit	1.5
Geringschätzung	-1.5
Geruch	-1.5
Geruchssinn	-1.5
Geräusch	-1.5
Geräusche	-1.5
Gerücht	-1.5
Gerüchte	-1.5
Geschenk	-1.5
Geschicklichkeit	1.5
Geschlossenheit	1.5
Geschmack	1.5
Geschwätz	-1.5
Geständnis	-1.5
Geständnisse	-1.5
Gesundheit	1.5
Gewichtung	-1.5
Gewinn	1.5
Gewinne	1.5
Gewinner	1.5
Gewinnerin	1.5
Gewährleistung	1.5
Ghetto	-1.5
Gier	-1.5
Gift	-1.5
Gimmick	-1.5
Gipfel	1.5
Gitter	-1.5
Glanz	1.5
Glaube	1.5
Glauben	1.5
Gleichgültigkeit	-1.5
Glück	1.5
Glückseligkeit	1.5
Glückwunsch	1.5
Gnade	1.5
Gold	1.5
Goldmedaille	1.5
Goldmünze	1.5
Gras	-1.5
Grausamkeit	-1.5
Grazie	1.5
Grenze	-1.5
Grenzen	-1.5
Grenzwert	-1.5
Grimm	-1.5
Groll	-1.5
Gros	-1.5
Groteske	-1.5
Große	1.5
Großzügigkeit	1.5
Grundstein	1.5
Grundstück	-1.5
Gruß	1.5
Gräueltaten	-1.5
Größe	1.5
Gunst	1.5
Gusto	1.5
Gut	1.5
Gute	1.5
Götze	1.5
Güte	1.5
Hacks	-1.5
Hafen	-1.5
Haft	-1.5
Haftung	-1.5
Hagel	1.5
Hai	-1.5
Haken	-1.5
Haltung	1.5
Handlung	-1.5
Harmonie	1.5
Harms	-1.5
Hass	-1.5
Hast	-1.5
Haube	1.5
Hauptfigur	1.5
Hausarbeit	-1.5
Hebel	1.5
Heck	-1.5
Hecke	-1.5
Hegemonie	-1.5
Heide	-1.5
Heiler	-1.5
Heilige	1.5
Heiliger	1.5
Heilmittel	1.5
Heilung	1.5
Held	1.5
Heldin	1.5
Hemmung	-1.5
Herrin	-1.5
Herrlichkeit	1.5
Herstellung	-1.5
Heuchelei	-1.5
Hieb	-1.5
Hilfe	1.5
Hilflosigkeit	-1.5
Himmel	1.5
Hindernis	-1.5
Hingabe	1.5
Hinterhalt	-1.5
Hintern	-1.5
Hit	1.5
Hoax	-1.5
Hoffnung	1.5
Hohlraum	-1.5
Hohlweg	-1.5
Hommage	1.5
Horde	-1.5
Hort	-1.5
Huldigung	1.5
Humor	1.5
Hunger	-1.5
Hungersnot	-1.5
Hure	-1.5
Hype	-1.5
Hysterie	-1.5
Häfen	-1.5
Häresie	-1.5
Häretiker	-1.5
Härte	-1.5
Härten	-1.5
Höflichkeit	1.5
Höhepunkt	1.5
Höhle	-1.5
Hölle	-1.5
Hündin	-1.5
Ideal	1.5
Identität	1.5
Idiot	-1.5
Idioten	-1.5
Idol	1.5
Ignoranz	-1.5
Illusion	-1.5
Illusionen	-1.5
Impedanz	-1.5
Implikation	-1.5
Infektion	-1.5
Infektionen	-1.5
Inhaftierung	-1.5
Inkompetenz	-1.5
Innovation	1.5
Inspiration	1.5
Instabilität	-1.5
Integral	1.5
Integrität	1.5
Intelligenz	1.5
Interesse	1.5
Interessen	1.5
Interferenz	-1.5
Intimität	1.5
Intoleranz	-1.5
Intrige	1.5
Intrigen	1.5
Ironie	-1.5
Irre	-1.5
Irreführung	-1.5
Irrtum	-1.5
Isolation	-1.5
Isolierung	-1.5
Jahrmarkt	1.5
Joker	-1.5
Jolly	-1.5
Jubel	1.5
Juckreiz	-1.5
Jungfer	-1.5
Junk	-1.5
Juwel	1.5
Kabine	-1.5
Kampf	-1.5
Kanalisation	-1.5
Kapitulation	-1.5
Kappe	1.5
Karikatur	-1.5
Karpfen	-1.5
Kasinos	-1.5
Katastrophe	-1.5
Katastrophen	-1.5
Kategorie	-1.5
Kehren	1.5
Keil	-1.5
Kenner	1.5
Kennzeichen	1.5
Kerbe	-1.5
Kerker	-1.5
Kette	-1.5
Ketzer	-1.5
Ketzerei	-1.5
Killer	-1.5
Kinderspiel	1.5
Kirchweih	1.5
Kirmes	1.5
Klage	-1.5
Klappe	-1.5
Klapper	-1.5
Klarheit	1.5
Klassiker	1.5
Klatsch	-1.5
Kleinod	1.5
Klischee	-1.5
Klopfen	-1.5
Klugheit	1.5
Knall	-1.5
Knappheit	-1.5
Knechtschaft	-1.5
Kochen	-1.5
Kohärenz	1.5
Kollaps	-1.5
Komfort	1.5
Komplex	-1.5
Komplikation	-1.5
Kompliment	1.5
Komplizen	-1.5
Komplott	-1.5
Konflikt	-1.5
Konflikte	-1.5
Konfrontation	-1.5
Konkurrent	-1.5
Konservative	-1.5
Kontamination	-1.5
Kontinuität	1.5
Kontrakt	1.5
Kontroverse	-1.5
Konzern	-1.5
Konzession	-1.5
Kopfschmerzen	-1.5
Korb	-1.5
Korrosion	-1.5
Korruption	-1.5
Krach	-1.5
Kram	-1.5
Krankheit	-1.5
Kratzer	-1.5
Kraut	1.5
Krebs	-1.5
Kreisel	1.5
Kreuzotter	-1.5
Krieger	1.5
Kriegsteilnehmer	-1.5
Kriminalität	-1.5
Kriminelle	-1.5
Krimineller	-1.5
Krise	-1.5
Kritik	-1.5
Kritiker	-1.5
Kritikerin	-1.5
Kruste	1.5
Kummer	-1.5
Kunst	1.5
Kuriosität	-1.5
Kälte	-1.5
Käse	-1.5
Köder	-1.5
Können	1.5
Körper	1.5
Kündigung	-1.5
Kündigungen	-1.5
Kürbis	-1.5
Kürze	-1.5
Lag	-1.5
Landstreicher	-1.5
Langeweile	-1.5
Last	-1.5
Laster	-1.5
Laube	-1.5
Lawine	-1.5
Lebensfreude	1.5
Leck	-1.5
Leere	-1.5
Leerlauf	-1.5
Leiche	-1.5
Leichtigkeit	1.5
Leid	-1.5
Leiden	-1.5
Leidenschaft	1.5
Leine	1.5
Leistung	1.5
Leistungen	1.5
Leitung	1.5
Leugnung	-1.5
Liebe	1.5
Lieber	1.5
Liebes	1.5
Liebhaber	1.5
Liebling	1.5
Limes	-1.5
Limit	-1.5
Linie	1.5
List	-1.5
Lob	1.5
Loch	-1.5
Locher	-1.5
Lockerung	1.5
Los	1.5
Lose	-1.5
Lot	1.5
Loyalität	1.5
Lure	-1.5
Lust	1.5
Luxus	1.5
Lächeln	1.5
Lärm	-1.5
Lücke	-1.5
Lüge	-1.5
Lügner	-1.5
Magie	1.5
Majestät	1.5
Makel	-1.5
Mal	-1.5
Mangel	-1.5
Manie	-1.5
Manipulation	-1.5
Manko	-1.5
Marionette	-1.5
Marionetten	-1.5
Markenzeichen	1.5
Markt	1.5
Marmelade	-1.5
Mars	1.5
Martyrium	-1.5
Masche	-1.5
Massaker	-1.5
Master	1.5
Matsch	-1.5
Maut	-1.5
Mehrdeutigkeit	-1.5
Meinung	-1.5
Meister	1.5
Meisterin	1.5
Meisterschaft	1.5
Meisterstück	1.5
Meisterwerk	1.5
Meisterwerke	1.5
Melancholie	-1.5
Menstruation	-1.5
Messer	-1.5
Metzger	-1.5
Mille	1.5
Mine	1.5
Misere	-1.5
Missachtung	-1.5
Missbrauch	-1.5
Misserfolg	-1.5
Missgeschick	-1.5
Missgunst	-1.5
Misshandlung	-1.5
Misskredit	-1.5
Misstrauen	-1.5
Missverständnis	-1.5
Missverständnisse	-1.5
Mist	-1.5
Mitgefühl	1.5
Mittelmaß	-1.5
Mißbrauch	-1.5
Mobbing	-1.5
Mode	1.5
Monotonie	-1.5
Monster	-1.5
Moral	1.5
Mord	-1.5
Morgendämmerung	1.5
Morgengrauen	1.5
Mus	-1.5
Mut	1.5
Mythos	-1.5
Mängel	-1.5
Märtyrertod	-1.5
Mätresse	-1.5
Mörder	-1.5
Mörderin	-1.5
Müdigkeit	-1.5
Mühe	-1.5
Müll	-1.5
Mülleimer	-1.5
Nachhaltigkeit	1.5
Nachrichtendienst	1.5
Nachteil	-1.5
Nachteile	-1.5
Nahrung	1.5
Narbe	-1.5
Narben	-1.5
Narr	-1.5
Nazi	-1.5
Nebel	-1.5
Nebenfluss	1.5
Negation	-1.5
Negativ	-1.5
Negative	-1.5
Nervenzusammenbruch	-1.5
Nervosität	-1.5
Neuheit	1.5
Neuling	-1.5
Nichtbeachtung	-1.5
Nichts	-1.5
Niedergang	-1.5
Niederlage	1.5
Niederlagen	1.5
Niederschlag	-1.5
Nonsens	-1.5
Not	-1.5
Notfall	-1.5
Notlage	-1.5
Notstand	-1.5
Nutzen	1.5
Nutznießer	1.5
Nötigung	-1.5
Nüsse	-1.5
Oase	1.5
Oberschicht	1.5
Oberteil	1.5
Objekt	-1.5
Objektivität	1.5
Obsession	1.5
Offenbarung	1.5
Offenheit	1.5
Offensive	-1.5
Ohnmacht	-1.5
Opfer	-1.5
Opposition	-1.5
Optimismus	1.5
Orakel	1.5
Orientierungshilfe	1.5
Originalität	1.5
Otter	-1.5
Ouvertüre	1.5
Overkill	-1.5
Pakt	1.5
Panik	-1.5
Panne	-1.5
Pannen	-1.5
Panorama	1.5
Panzer	-1.5
Panzertruppe	-1.5
Papierkorb	-1.5
Paradies	1.5
Paramount	1.5
Paranoia	-1.5
Parasit	-1.5
Parasiten	-1.5
Pardon	1.5
Parkett	-1.5
Parodie	-1.5
Partisan	-1.5
Partisanen	-1.5
Passion	1.5
Passiv	-1.5
Patient	1.5
Patienten	1.5
Patriot	1.5
Patt	-1.5
Pause	-1.5
Pausen	-1.5
Peitsche	-1.5
Perfekt	1.5
Perfektion	1.5
Periode	-1.5
Persönlichkeit	1.5
Persönlichkeiten	1.5
Pessimismus	-1.5
Pest	-1.5
Pfahl	-1.5
Pfanne	-1.5
Pferdestall	1.5
Pflege	1.5
Pflicht	-1.5
Phantasie	1.5
Phobie	-1.5
Pik	-1.5
Pillen	1.5
Plage	-1.5
Plädoyer	-1.5
Plünderung	-1.5
Polarisation	-1.5
Polster	1.5
Portion	1.5
Positiv	1.5
Positive	1.5
Pracht	1.5
Preis	1.5
Premier	1.5
Prestige	1.5
Primitive	-1.5
Prise	-1.5
Privileg	1.5
Problem	-1.5
Problematik	-1.5
Probleme	-1.5
Profi	1.5
Profis	1.5
Promoter	1.5
Promotor	1.5
Propaganda	-1.5
Prosperität	1.5
Protest	-1.5
Proteste	-1.5
Provokation	-1.5
Prägung	1.5
Prämie	1.5
Prügel	-1.5
Punk	-1.5
Qual	-1.5
Quatsch	-1.5
Quelle	1.5
Rache	-1.5
Radikal	-1.5
Radikale	-1.5
Radikalisierung	-1.5
Rage	-1.5
Rapport	1.5
Rassismus	-1.5
Raub	-1.5
Rauch	-1.5
Rausch	-1.5
Rauschen	-1.5
Recht	1.5
Rechte	1.5
Rechtsanwalt	1.5
Rechtsanwältin	1.5
Redundanz	-1.5
Reform	1.5
Reformen	1.5
Regal	1.5
Regelverstoß	-1.5
Regression	-1.5
Reibung	-1.5
Reichtum	1.5
Reif	-1.5
Reife	1.5
Reiniger	1.5
Reizung	-1.5
Relief	1.5
Renaissance	1.5
Rennstall	1.5
Repression	-1.5
Reputation	1.5
Resignation	-1.5
Respekt	1.5
Rest	-1.5
Retter	1.5
Reue	-1.5
Revanche	-1.5
Revolte	-1.5
Revolutionär	1.5
Rezession	-1.5
Rhetorik	-1.5
Rinne	-1.5
Risiken	-1.5
Risiko	-1.5
Riss	-1.5
Risse	-1.5
Ritt	-1.5
Rivale	-1.5
Rivalen	-1.5
Rivalität	-1.5
Rohöl	-1.5
Romantiker	1.5
Rost	-1.5
Rough	-1.5
Ruck	-1.5
Rudel	1.5
Ruf	1.5
Ruhe	1.5
Ruhm	1.5
Ruin	-1.5
Ruine	-1.5
Ruinen	-1.5
Rätsel	-1.5
Rückerstattung	1.5
Rückfall	-1.5
Rückgang	-1.5
Rückgrat	1.5
Rückschlag	-1.5
Rückschläge	-1.5
Rückstoß	-1.5
Rücktritt	-1.5
Rückzahlung	1.5
Rückzug	-1.5
Sabotage	-1.5
Sache	-1.5
Sack	-1.5
Sackgasse	-1.5
Safe	1.5
Saft	-1.5
Salut	1.5
Sanitäter	1.5
Sarkasmus	-1.5
Satan	-1.5
Sauberkeit	1.5
Savage	-1.5
Schaden	-1.5
Schadenersatz	-1.5
Scham	-1.5
Schande	-1.5
Schatz	1.5
Schauer	-1.5
Scheiß	-1.5
Scheiße	-1.5
Schelm	-1.5
Scherz	-1.5
Schick	1.5
Schicksal	1.5
Schiene	-1.5
Schiffbruch	-1.5
Schikane	-1.5
Schlachten	-1.5
Schlachter	-1.5
Schlachtung	-1.5
Schlag	-1.5
Schlamm	-1.5
Schleier	-1.5
Schleim	-1.5
Schlepper	-1.5
Schlick	1.5
Schlinge	-1.5
Schlussfolgerung	-1.5
Schläger	-1.5
Schmach	-1.5
Schmerz	-1.5
Schmerzen	-1.5
Schminke	-1.5
Schmutz	-1.5
Schnecke	-1.5
Schnitzer	-1.5
Schock	-1.5
Schreck	-1.5
Schrecken	-1.5
Schrei	-1.5
Schrott	-1.5
Schrottplatz	-1.5
Schrägstrich	-1.5
Schuld	-1.5
Schulden	-1.5
Schuldenlast	-1.5
Schurke	-1.5
Schurken	-1.5
Schutz	1.5
Schwangerschaftsabbruch	-1.5
Schwanz	-1.5
Schwarm	-1.5
Schwein	-1.5
Schweine	-1.5
Schwellung	-1.5
Schwellungen	-1.5
Schwere	-1.5
Schwierigkeit	-1.5
Schwierigkeiten	-1.5
Schwindel	-1.5
Schwingung	-1.5
Schwule	-1.5
Schwäche	-1.5
Schwächen	-1.5
Schwächung	-1.5
Schächten	-1.5
Schäden	-1.5
Schädlingsbekämpfung	-1.5
Schöne	1.5
Schöner	1.5
Schönheit	1.5
Seenot	-1.5
Segen	1.5
Segler	1.5
Segnung	1.5
Sehnen	-1.5
Sehnsucht	-1.5
Sekt	1.5
Selbstmord	-1.5
Selbstvertrauen	1.5
Senkung	-1.5
Sensation	1.5
Seuche	-1.5
Shake	-1.5
Showdown	-1.5
Sicherheit	1.5
Sicherheitsdienst	1.5
Sieg	1.5
Sieger	1.5
Siegerin	1.5
Sinken	-1.5
Sinnlosigkeit	-1.5
Sintflut	-1.5
Skandal	-1.5
Skandale	-1.5
Skeleton	-1.5
Skelette	-1.5
Skepsis	-1.5
Skeptiker	-1.5
Skeptizismus	-1.5
Sklave	-1.5
Sklaven	-1.5
Sklaverei	-1.5
Sklavin	-1.5
Skrupel	-1.5
Slave	-1.5
Smart	1.5
Smash	-1.5
Snare	-1.5
Solidarität	1.5
Sonstiges	-1.5
Sorge	-1.5
Sorgen	-1.5
Sorgfalt	1.5
Sorte	1.5
Spalt	-1.5
Spalte	-1.5
Spaltung	-1.5
Spannung	-1.5
Sparkasse	1.5
Sparsamkeit	1.5
Spaten	-1.5
Spaß	1.5
Spielerei	-1.5
Spinner	-1.5
Spitze	1.5
Spitzengruppe	1.5
Spott	-1.5
Sprengstoff	-1.5
Sprung	-1.5
Spuren	-1.5
Squash	-1.5
Stabilität	1.5
Stachel	-1.5
Stagnation	-1.5
Stamm	-1.5
Stampede	-1.5
Stand	-1.5
Standfestigkeit	-1.5
Stark	-1.5
Stau	-1.5
Staub	-1.5
Staunen	1.5
Staus	-1.5
Stechen	-1.5
Steifigkeit	-1.5
Stelle	-1.5
Stempel	-1.5
Sterben	-1.5
Stereotyp	-1.5
Stern	-1.5
Stetigkeit	1.5
Steuerhinterziehung	-1.5
Stich	-1.5
Stigma	-1.5
Stille	1.5
Stillstand	-1.5
Stimmung	1.5
Stoff	-1.5
Stolz	1.5
Stopp	-1.5
Stoß	-1.5
Strafe	-1.5
Strafstoß	-1.5
Straftat	-1.5
Straftaten	-1.5
Streben	1.5
Streich	-1.5
Streichen	-1.5
Streik	-1.5
Streit	-1.5
Streitereien	-1.5
Stress	-1.5
Strike	-1.5
Strom	-1.5
Stumpf	-1.5
Stunt	-1.5
Sturm	-1.5
Sturz	-1.5
Stände	-1.5
Störung	-1.5
Störungen	-1.5
Stückchen	-1.5
Stürze	-1.5
Stütze	1.5
Substantiv	1.5
Subversion	-1.5
Suizid	-1.5
Summen	-1.5
Super	1.5
Sympathie	1.5
Symptom	-1.5
Symptome	-1.5
Syndrom	-1.5
Säure	-1.5
Sünde	-1.5
Sündenbock	-1.5
Süße	1.5
Tabu	-1.5
Tadel	-1.5
Tage	-1.5
Tagesanbruch	1.5
Talent	1.5
Talente	1.5
Tank	-1.5
Tanks	-1.5
Tapferkeit	1.5
Tau	-1.5
Teile	1.5
Temperament	-1.5
Tempus	-1.5
Tender	1.5
Terror	-1.5
Terrorismus	-1.5
Teufel	-1.5
Teufelskreis	-1.5
Tier	-1.5
Tod	-1.5
Toll	1.5
Tollwut	-1.5
Top	1.5
Tops	1.5
Tor	-1.5
Tote	-1.5
Tragweite	-1.5
Tragödie	-1.5
Tramp	-1.5
Trap	-1.5
Trauer	-1.5
Trauma	-1.5
Traurigkeit	-1.5
Treffpunkt	-1.5
Trennung	-1.5
Tresor	1.5
Treue	1.5
Trick	-1.5
Trinker	-1.5
Triumph	1.5
Triumphzug	1.5
Trockenheit	-1.5
Trockenlegung	-1.5
Trockenzeit	-1.5
Trompete	1.5
Trophäe	1.5
Trost	1.5
Trotz	-1.5
Trumpf	1.5
Trägheit	-1.5
Trübung	-1.5
Tugend	1.5
Tumult	-1.5
Twist	-1.5
Twisted	-1.5
Tyrann	-1.5
Tyrannei	-1.5
Tyrannen	-1.5
Täter	-1.5
Täuschung	-1.5
Töten	-1.5
Ultimatum	-1.5
Umarmung	1.5
Umbruch	-1.5
Umstrukturierung	1.5
Umsturz	-1.5
Unbehagen	-1.5
Unbekannte	-1.5
Unbekannter	-1.5
Uneinigkeit	-1.5
Unerfahrenheit	-1.5
Unfall	-1.5
Unfehlbarkeit	1.5
Unfug	-1.5
Unfähigkeit	-1.5
Ungeheuer	-1.5
Ungehorsam	-1.5
Ungenauigkeit	-1.5
Ungenauigkeiten	-1.5
Ungerechtigkeit	-1.5
Ungerechtigkeiten	-1.5
Ungleichgewicht	-1.5
Ungleichheit	-1.5
Ungleichheiten	-1.5
Ungleichung	-1.5
Ungläubigen	-1.5
Unglück	-1.5
Ungnade	-1.5
Unheil	-1.5
Unklarheit	-1.5
Unkraut	-1.5
Unmut	-1.5
Unordnung	-1.5
Unrecht	-1.5
Unruhe	-1.5
Unruhen	-1.5
Unschärfe	-1.5
Unsicherheit	-1.5
Unsinn	-1.5
Unterbrechung	-1.5
Unterbrechungen	-1.5
Unterdrückung	-1.5
Untergang	-1.5
Untergebenen	-1.5
Unterlassung	-1.5
Unterlegenheit	-1.5
Unterschied	1.5
Unterstützer	1.5
Unterstützung	1.5
Untertan	-1.5
Unterwerfung	-1.5
Untreue	-1.5
Untätigkeit	-1.5
Unvereinbarkeit	-1.5
Unwissenheit	-1.5
Unzufriedenheit	-1.5
Unzulänglichkeit	-1.5
Unzulänglichkeiten	-1.5
Unzuverlässigkeit	-1.5
Usurpator	-1.5
Ventil	-1.5
Verachtung	-1.5
Verantwortung	-1.5
Verbannung	-1.5
Verbesserung	1.5
Verbesserungen	1.5
Verbindlichkeit	1.5
Verbot	-1.5
Verbrechen	-1.5
Verbrecher	-1.5
Verbrennung	-1.5
Verbrennungen	-1.5
Verdacht	-1.5
Verderben	-1.5
Verdienst	1.5
Verdächtige	-1.5
Veredelung	1.5
Vereinfachung	1.5
Verfall	-1.5
Verfeinerung	1.5
Verfolgung	-1.5
Verformung	-1.5
Verführung	-1.5
Vergebung	1.5
Vergeltung	-1.5
Vergewaltigung	-1.5
Vergnügen	1.5
Verherrlichung	1.5
Verhinderung	-1.5
Verhängnis	-1.5
Verhängung	-1.5
Verkaufsschlager	1.5
Verlangen	-1.5
Verlegenheit	-1.5
Verletzung	-1.5
Verletzungen	-1.5
Verleumdung	-1.5
Verlierer	-1.5
Verlies	-1.5
Verlust	-1.5
Verluste	-1.5
Vermögen	1.5
Vernachlässigung	-1.5
Verneinung	-1.5
Vernichtung	-1.5
Verrat	-1.5
Verruf	-1.5
Verräter	-1.5
Verschlechterung	-1.5
Verschleierung	-1.5
Verschwendung	-1.5
Verschwörer	-1.5
Verschwörung	-1.5
Verschwörungen	-1.5
Versehen	-1.5
Versprechen	1.5
Verstoß	-1.5
Verstrickung	-1.5
Verstöße	-1.5
Versuch	-1.5
Versuchung	-1.5
Versöhnung	1.5
Verteidiger	1.5
Verteidigung	-1.5
Vertrauen	1.5
Vertraulichkeit	1.5
Vertraute	1.5
Verunreinigung	-1.5
Verurteilung	-1.5
Verwandtschaft	1.5
Verwechslung	-1.5
Verweigerung	-1.5
Verweis	-1.5
Verwesung	-1.5
Verwicklung	-1.5
Verwirrung	-1.5
Verwirrungen	-1.5
Verwunderung	1.5
Verwundung	-1.5
Verwüstung	-1.5
Verzeihung	1.5
Verzerrung	-1.5
Verzicht	-1.5
Verzierung	1.5
Verzweifelt	-1.5
Verzweiflung	-1.5
Verzögerung	-1.5
Verzögerungen	-1.5
Verärgerung	-1.5
Vetternwirtschaft	-1.5
Vibration	-1.5
Vieh	-1.5
Vielfalt	1.5
Vielfältigkeit	1.5
Vielseitigkeit	1.5
Viper	-1.5
Virus	-1.5
Volatilität	-1.5
Vollendung	1.5
Vollkommenheit	1.5
Vollwaise	-1.5
Voraussicht	1.5
Vorbild	1.5
Vorherrschaft	1.5
Vorliebe	1.5
Vorsehung	1.5
Vorsicht	-1.5
Vorsorge	1.5
Vorteil	1.5
Vorteile	1.5
Vorurteil	-1.5
Vorurteile	-1.5
Vorwand	-1.5
Vorwurf	-1.5
Vorwürfe	-1.5
Vorzug	1.5
Völkermord	-1.5
Wachsamkeit	1.5
Wahn	-1.5
Wahnsinn	-1.5
Wahnvorstellungen	-1.5
Wahrhaftigkeit	1.5
Waise	-1.5
Waisenkind	-1.5
Want	-1.5
Wanze	-1.5
Warnung	-1.5
Wartezeit	-1.5
Weck	-1.5
Wecker	-1.5
Wehen	-1.5
Weigerung	-1.5
Weihrauch	-1.5
Weinen	-1.5
Weisheit	1.5
Welle	-1.5
Wendung	-1.5
Wendungen	-1.5
Werbung	1.5
Werk	1.5
Wert	1.5
Wetter	1.5
Widerlegung	-1.5
Widersacher	-1.5
Widerspruch	-1.5
Widerstand	-1.5
Wiederbelebung	1.5
Wiedererlangung	1.5
Wiedergeburt	1.5
Wiederherstellung	1.5
Wilde	-1.5
Wilden	-1.5
Wilder	-1.5
Willkommen	1.5
Willkür	-1.5
Wirbel	-1.5
Wirbelsäule	1.5
Wirksamkeit	1.5
Wirtschaftlichkeit	1.5
Witz	-1.5
Wohlbefinden	1.5
Wohlstand	1.5
Wohltäter	1.5
Wohlwollen	1.5
Wolke	-1.5
Won	1.5
Wrack	-1.5
Wunde	-1.5
Wunden	-1.5
Wunder	1.5
Wunderkind	1.5
Wunsch	1.5
Wut	-1.5
Wärme	1.5
Wölfin	-1.5
Würde	1.5
Würfel	-1.5
Wüste	-1.5
Zauber	1.5
Zauberei	1.5
Zeit	-1.5
Zenit	1.5
Zerfall	-1.5
Zerstreuung	-1.5
Zerstörer	-1.5
Zerstörung	-1.5
Ziehen	-1.5
Zitrone	-1.5
Zombie	-1.5
Zorn	-1.5
Zufriedenheit	1.5
Zug	-1.5
Zugeständnis	-1.5
Zugeständnisse	-1.5
Zugkraft	1.5
Zuneigung	1.5
Zuruf	1.5
Zurückhaltung	-1.5
Zusage	1.5
Zusammenbruch	-1.5
Zusammenhalt	1.5
Zusammenhang	1.5
Zusammenstoß	-1.5
Zustimmung	1.5
Zuversicht	1.5
Zwang	-1.5
Zwangsmaßnahmen	-1.5
Zweifel	-1.5
Zwerg	-1.5
Zwietracht	-1.5
Zynismus	-1.5
Zärtlichkeit	-1.5
abbrechen	-1.5
abbringen	-1.5
abfällig	-1.5
abgebrochen	-1.5
abgelassen	-1.5
abgelaufen	-1.5
abgelehnt	-1.5
abgeneigt	-1.5
abgerissen	-1.5
abgeschieden	-1.5
abgestumpft	-1.5
abgestürzt	-1.5
abhalten	-1.5
abhängig	-1.5
ablaufen	-1.5
ablehnen	-1.5
ablenken	-1.5
abnehmen	-1.5
abreißen	-1.5
abrupt	-1.5
abschaffen	-1.5
abschalten	-1.5
abschrecken	-1.5
absterben	-1.5
abstimmen	1.5
absurd	-1.5
abträglich	-1.5
abwechslungsreich	1.5
abweichen	-1.5
abweisend	-1.5
abwertend	-1.5
abwärts	-1.5
abziehen	-1.5
abzubringen	-1.5
abändern	-1.5
adaptive	1.5
adäquat	1.5
aggressiv	-1.5
aggressive	-1.5
akribisch	1.5
aktualisiert	1.5
alarmiert	-1.5
albern	-1.5
allergische	-1.5
allgemein	-1.5
alltäglich	-1.5
altmodisch	-1.5
ambivalent	-1.5
amüsant	1.5
andernfalls	-1.5
andeuten	1.5
aneignen	1.5
anfallen	-1.5
anfertigen	-1.5
anfällig	-1.5
anführen	1.5
angebracht	1.5
angegriffen	-1.5
angemessen	1.5
angemessene	1.5
angenehm	1.5
angepriesen	-1.5
angerichtet	-1.5
angesehen	1.5
angespannt	-1.5
angetan	-1.5
angreifen	-1.5
anlocken	-1.5
anpassen	1.5
anregen	-1.5
anreichern	1.5
anrichten	-1.5
ansprechbar	1.5
ansprechen	1.5
ansprechend	1.5
anstrengend	-1.5
anständig	1.5
anstößig	-1.5
anziehen	1.5
apokalyptischen	-1.5
arbeiten	1.5
arbeitet	1.5
arbeitslos	-1.5
archaischen	-1.5
arg	-1.5
arm	-1.5
arrogant	-1.5
artikulieren	1.5
attack	-1.5
attackieren	-1.5
attraktiv	1.5
auffallend	1.5
auffallende	1.5
aufgeben	-1.5
aufgeblasen	-1.5
aufgebläht	-1.5
aufgelöst	-1.5
aufgeregt	1.5
aufgerüstet	1.5
aufgeteilt	-1.5
aufheben	-1.5
aufklären	1.5
aufmerksam	1.5
aufregen	-1.5
aufrichtig	1.5
aufräumen	1.5
aufschlussreich	1.5
aufwendig	1.5
aufziehen	-1.5
ausarbeiten	-1.5
ausbessern	1.5
ausdehnen	-1.5
ausdrücken	1.5
ausführlich	-1.5
ausgebildet	1.5
ausgedacht	-1.5
ausgedehnt	1.5
ausgefallen	1.5
ausgelassen	1.5
ausgelöscht	-1.5
ausgesprochen	1.5
ausgewogen	1.5
ausgewogene	1.5
ausgezeichnet	1.5
auslassen	-1.5
auslaufen	-1.5
ausnutzen	-1.5
ausreichen	1.5
ausreichend	1.5
ausschlaggebend	1.5
ausstatten	1.5
ausstellen	-1.5
austauschbar	1.5
ausweichen	-1.5
ausweisen	-1.5
authentisch	1.5
autonom	1.5
autonomen	1.5
autoritär	-1.5
autoritäre	-1.5
außergewöhnlich	1.5
außerordentlich	1.5
außerordentliche	1.5
available	1.5
award	1.5
bad	-1.5
bahnbrechende	1.5
banal	-1.5
bankrott	-1.5
baufällig	-1.5
baufälligen	-1.5
beanspruchen	-1.5
beanstanden	-1.5
bedauerlich	-1.5
bedauern	-1.5
bedauert	-1.5
bedauerte	-1.5
bedeutend	1.5
bedeutsam	1.5
bedeutsamen	1.5
bedeutungslos	-1.5
bedingungslos	1.5
bedrohen	-1.5
bedrohlich	-1.5
bedrängt	-1.5
bedürftige	-1.5
beeindrucken	1.5
beeindruckend	1.5
beeindruckt	1.5
beeinträchtigen	-1.5
beeinträchtigt	-1.5
beengten	-1.5
befallen	-1.5
befreien	1.5
befreit	1.5
befriedigen	1.5
befriedigend	1.5
befriedigt	1.5
befähigen	1.5
befähigt	1.5
befürchten	-1.5
befürworten	1.5
befürwortet	1.5
begabt	1.5
begabte	1.5
begegnen	-1.5
begeistern	1.5
begeistert	1.5
begrenzen	-1.5
begrenzt	-1.5
begrenzte	-1.5
begründet	1.5
begrüßen	1.5
begünstigen	1.5
begünstigt	1.5
begütert	1.5
behaftet	-1.5
beharrlich	1.5
behaupten	-1.5
beheben	1.5
beherbergen	-1.5
behindern	-1.5
behindert	-1.5
beispielhaft	1.5
beispielhafte	1.5
beißen	-1.5
bejahen	1.5
bekannt	1.5
bekennen	-1.5
beklagen	-1.5
bekräftigen	1.5
belagern	-1.5
belanglos	-1.5
belasten	-1.5
belastend	-1.5
belastet	-1.5
beleben	1.5
beleidigen	-1.5
beleidigend	-1.5
beleidigt	-1.5
beleuchten	1.5
beliebig	-1.5
beliebt	1.5
belohnen	1.5
belästigen	-1.5
belästigt	-1.5
bemerken	-1.5
bemerkenswert	1.5
bemerkenswerte	1.5
bemängeln	-1.5
benachteiligt	-1.5
benachteiligten	-1.5
benötigte	-1.5
bequem	1.5
beraubt	-1.5
bereichern	1.5
bereit	1.5
bereiten	1.5
bereitwillig	1.5
bergab	-1.5
berichtigen	1.5
beruhigen	1.5
berüchtigt	-1.5
berühmt	1.5
berühmten	1.5
bescheiden	1.5
beschimpfen	-1.5
beschimpft	-1.5
beschlagen	-1.5
beschleunigt	1.5
beschränken	-1.5
beschränkt	-1.5
beschuldigen	-1.5
beschuldigt	-1.5
beschweren	-1.5
beschwerte	-1.5
beschädigen	-1.5
beschädigt	-1.5
beschäftigen	-1.5
besessen	-1.5
besiegen	1.5
besiegt	1.5
besondere	-1.5
besonders	-1.5
besorgen	-1.5
besorgt	-1.5
besser	1.5
best	1.5
beste	1.5
besten	1.5
bester	1.5
bestimmt	1.5
bestrafen	-1.5
bestreiten	-1.5
beständig	1.5
bestätigen	1.5
bestätigt	1.5
bestürzt	-1.5
besänftigen	1.5
betont	-1.5
betrachten	1.5
betreffen	-1.5
betroffen	-1.5
betrogen	-1.5
betrunken	-1.5
betrügen	-1.5
better	1.5
betäubt	1.5
beunruhigt	-1.5
bevorzugen	1.5
bevorzugt	1.5
bewandert	1.5
beweglich	1.5
bewehrt	-1.5
beweisen	1.5
beweist	1.5
bewundern	1.5
bewährt	1.5
bewährte	1.5
bezeugen	1.5
bezweifeln	-1.5
billigen	1.5
billiger	1.5
bitten	-1.5
bitter	-1.5
bizarr	-1.5
bizarre	-1.5
blasen	-1.5
blass	-1.5
blind	-1.5
blinde	-1.5
blond	1.5
blunt	-1.5
blutig	-1.5
blöd	-1.5
blöde	-1.5
blühen	1.5
bogenförmig	-1.5
bohren	-1.5
bombardieren	-1.5
boykottieren	-1.5
brach	-1.5
brav	1.5
break	-1.5
brechen	-1.5
brennend	-1.5
brillant	1.5
brutal	-1.5
brutto	-1.5
brüchig	-1.5
brüten	-1.5
bug	-1.5
bösartig	-1.5
bösartige	-1.5
böse	-1.5
bündig	1.5
cancer	-1.5
chaotisch	-1.5
chaotischen	-1.5
charismatischen	1.5
chronic	-1.5
chronisch	-1.5
chronische	-1.5
classic	1.5
clear	1.5
complex	-1.5
concern	-1.5
conflict	-1.5
cool	1.5
crime	-1.5
crisis	-1.5
critical	-1.5
dankbar	1.5
danke	1.5
danken	1.5
dark	-1.5
dauerhaft	1.5
dead	-1.5
deaktivieren	-1.5
death	-1.5
defekt	-1.5
defensiv	-1.5
defensive	-1.5
definitiv	1.5
deportieren	-1.5
depressiv	-1.5
derb	-1.5
desolaten	-1.5
destruktiv	-1.5
destruktiven	-1.5
deutlich	1.5
diametral	-1.5
dicht	-1.5
dichten	-1.5
dick	-1.5
dicker	-1.5
die	-1.5
dies	-1.5
diffamieren	-1.5
differenzieren	-1.5
diktatorisch	-1.5
diktatorischen	-1.5
din	-1.5
ding	-1.5
diplomatisch	1.5
diplomatischen	1.5
direkt	-1.5
diskreditieren	-1.5
diskriminierend	-1.5
disorder	-1.5
distanziert	-1.5
dogmatisch	-1.5
dogmatischen	-1.5
dominieren	1.5
dominiert	1.5
doof	-1.5
drastisch	-1.5
drastische	-1.5
drehen	-1.5
dreist	-1.5
dringend	-1.5
dringende	-1.5
drohen	-1.5
drohenden	-1.5
duftenden	1.5
dumm	-1.5
dunkel	-1.5
dunkler	-1.5
durcheinander	-1.5
durchführbar	1.5
durchgeführt	1.5
durchsichtig	1.5
durchweg	1.5
durchziehen	-1.5
dynamisch	1.5
dynamische	1.5
dämonischen	-1.5
dämpfen	-1.5
dünn	-1.5
dürftig	-1.5
düster	-1.5
echt	1.5
echte	1.5
edel	1.5
effektiv	1.5
effizient	1.5
effiziente	1.5
ehren	1.5
ehrenvolle	1.5
ehrgeizig	1.5
ehrlich	1.5
eifersüchtig	-1.5
eifrig	1.5
eigen	1.5
eigenartig	-1.5
eigentlich	1.5
eigentümlich	-1.5
eigentümliche	-1.5
eigenwillig	-1.5
eilig	-1.5
eindeutig	1.5
eindeutige	1.5
eindringen	-1.5
eindrucksvoll	1.5
einfach	1.5
einfacher	1.5
einfachste	1.5
einfachsten	1.5
einfahren	-1.5
einfallen	-1.5
einfangen	-1.5
einfarbig	1.5
einflussreich	1.5
einflussreichsten	1.5
eingefallen	-1.5
eingefroren	-1.5
eingeschränkt	-1.5
eingreifen	-1.5
einigermaßen	1.5
einlesen	-1.5
einleuchtend	1.5
einmischen	-1.5
einreichen	1.5
einräumen	-1.5
einsam	-1.5
einsperren	-1.5
einstellbar	1.5
einstellen	-1.5
einwandfrei	1.5
einwandfreie	1.5
einzeln	-1.5
einzuschüchtern	-1.5
elastisch	1.5
elastischen	1.5
elegant	1.5
elliptisch	-1.5
empfehlen	1.5
empfehlenswert	1.5
empfindlich	1.5
empfohlen	1.5
empört	-1.5
endlos	1.5
energetische	1.5
eng	-1.5
engagiert	1.5
enough	1.5
entartet	-1.5
entbehren	-1.5
entfliehen	-1.5
entfremdet	-1.5
entgegentreten	-1.5
entgegenwirken	-1.5
enthusiastisch	1.5
entkräften	-1.5
entlasten	1.5
entscheidend	1.5
entschieden	1.5
entschlossen	1.5
entschuldigen	-1.5
entsetzt	-1.5
entsprechende	1.5
enttäuschend	-1.5
enttäuscht	-1.5
entwaffnen	-1.5
entwenden	-1.5
entwerfen	-1.5
entziehen	-1.5
entzünden	-1.5
entzündet	-1.5
entzündliche	-1.5
erbittert	-1.5
erfahren	1.5
erfolglos	-1.5
erfolgreich	1.5
erfreuen	1.5
erfreulich	1.5
erfreut	1.5
erfunden	-1.5
erfüllen	1.5
erfüllt	1.5
ergiebig	1.5
ergreifend	1.5
ergänzen	1.5
ergänzt	1.5
erhaben	1.5
erheben	1.5
erhältlich	1.5
erhöhen	1.5
erkennbar	1.5
erleichtern	1.5
erleichtert	1.5
erleiden	-1.5
erliegen	-1.5
erlischt	-1.5
erloschen	-1.5
erlöschen	-1.5
ermorden	-1.5
ermutigen	1.5
ermutigt	1.5
erneuert	1.5
ernsthaft	1.5
ernähren	1.5
erobern	1.5
erpressen	-1.5
erregen	1.5
erregt	1.5
erreichbar	1.5
erreichen	1.5
erreicht	1.5
error	-1.5
erschrecken	-1.5
erschreckend	-1.5
erschrocken	-1.5
erschweren	-1.5
erschwinglich	1.5
erschöpft	-1.5
erstarrte	-1.5
erstatten	1.5
erstattet	1.5
erstaunlich	1.5
erstaunt	1.5
erste	1.5
ersticken	-1.5
erstklassig	-1.5
erteilen	-1.5
erträglich	1.5
erwärmen	1.5
erwünscht	1.5
erzeugen	-1.5
essen	-1.5
ethisch	1.5
ethischen	1.5
ewig	1.5
exakt	1.5
expansive	1.5
experimentell	-1.5
explodieren	-1.5
explosive	-1.5
exzentrisch	-1.5
exzentrischen	-1.5
exzessiv	-1.5
fadenscheinigen	-1.5
fahrlässig	-1.5
failure	-1.5
fair	1.5
faith	1.5
fake	-1.5
fall	-1.5
fallen	-1.5
falls	-1.5
falsch	-1.5
false	-1.5
fanatischen	-1.5
fangen	-1.5
fans	1.5
farblos	-1.5
faschistischen	-1.5
fast	1.5
faszinierend	1.5
faszinierende	1.5
fatal	-1.5
faul	-1.5
feat	1.5
fehlen	-1.5
fehlerhaft	-1.5
fehlerhafte	-1.5
fehlt	-1.5
fehlte	-1.5
feierlich	-1.5
feierliche	-1.5
feiern	1.5
feige	-1.5
fein	1.5
feindlich	-1.5
feineren	1.5
feinsten	1.5
felsigen	-1.5
fertile	1.5
fest	1.5
festlich	1.5
festlichen	1.5
fett	-1.5
feucht	-1.5
fiction	-1.5
fiel	-1.5
fiktiv	-1.5
filtern	1.5
fine	1.5
fix	-1.5
flach	-1.5
flacher	1.5
fleißig	1.5
flexibel	1.5
flexible	1.5
fliehen	-1.5
flieht	-1.5
fließend	1.5
flüchten	-1.5
flüchtig	-1.5
flüchtigen	-1.5
folgend	1.5
foltern	-1.5
fortgeschritten	1.5
fortschrittlich	1.5
fortwährend	-1.5
fraglich	-1.5
fraglos	1.5
fragwürdig	-1.5
free	1.5
freedom	1.5
freigeben	1.5
freisetzen	1.5
fremd	-1.5
freudig	1.5
freuen	1.5
freundlich	1.5
freundlicherweise	1.5
freundschaftlich	1.5
friedlich	1.5
friert	-1.5
frisch	1.5
frischer	1.5
froh	1.5
fromm	1.5
fruchtbar	1.5
fruchtbare	1.5
fruchtbaren	1.5
frustriert	-1.5
fröhlich	1.5
fun	1.5
funktionieren	1.5
furchtbar	-1.5
fähig	1.5
fällen	-1.5
fälschlicherweise	-1.5
förderlich	1.5
fördern	1.5
führen	1.5
führend	1.5
führt	1.5
fürchten	-1.5
fürchterlich	1.5
ganz	1.5
garantieren	1.5
geachtet	1.5
gearbeitet	1.5
gebeugt	-1.5
gebildet	1.5
gebilligt	1.5
gebogen	-1.5
gebraten	-1.5
gebrochen	-1.5
gedehnt	-1.5
gedeihen	1.5
gedrückt	-1.5
geduldig	1.5
gedämpft	-1.5
geehrt	1.5
geeignet	1.5
gefahrlos	1.5
gefallen	1.5
gefangen	-1.5
gefeiert	1.5
gefeierten	1.5
gefoltert	-1.5
gefroren	-1.5
gefährden	-1.5
gefährlich	-1.5
gefährlicher	-1.5
gefällt	1.5
gefälscht	-1.5
geführt	1.5
geheim	-1.5
gehemmt	-1.5
gehen	-1.5
gehobenen	1.5
geholfen	1.5
gehüllt	-1.5
geil	1.5
geistig	1.5
gekippt	-1.5
gekonnt	1.5
gelassen	1.5
gelegen	1.5
gelehrt	1.5
gelehrten	1.5
geliebt	1.5
gelingen	1.5
gelingt	1.5
gelockert	1.5
gelockt	1.5
gelungen	1.5
gelähmt	-1.5
gem	1.5
gemein	-1.5
gemeinnützig	1.5
gemieden	-1.5
gemindert	-1.5
gemischt	-1.5
gemütlich	1.5
genau	1.5
genaue	1.5
genehm	1.5
genehmigen	1.5
genehmigt	1.5
geneigt	-1.5
genesen	1.5
genial	1.5
genießen	1.5
genießt	1.5
genossen	1.5
genug	1.5
genuin	1.5
genügen	1.5
genügend	1.5
genügt	1.5
geopfert	-1.5
geordneten	1.5
gepflegt	1.5
gequält	-1.5
gerade	1.5
gerecht	1.5
gerechte	1.5
gereift	1.5
gereizt	-1.5
gering	-1.5
geringfügig	-1.5
gerissen	-1.5
gern	1.5
gerne	1.5
gescheitert	-1.5
geschickt	1.5
geschickte	1.5
geschickten	1.5
geschlagen	-1.5
geschliffen	1.5
geschmiedet	-1.5
geschraubt	-1.5
geschädigt	-1.5
geschädigte	-1.5
geschätzt	1.5
gesellig	1.5
gesetzlich	1.5
gesetzt	-1.5
gespalten	-1.5
gespannt	-1.5
gestehen	-1.5
gestohlen	-1.5
gestorben	-1.5
gestrafft	1.5
gestrichelt	-1.5
gestört	-1.5
gesund	1.5
gesundheitsschädlich	-1.5
getragen	-1.5
getreu	1.5
getrübt	-1.5
getötet	-1.5
gewagt	1.5
gewaltig	1.5
gewalttätig	-1.5
gewalttätigen	-1.5
gewandt	1.5
gewarnt	-1.5
geweiht	1.5
gewidmet	1.5
gewinnen	1.5
gewinnt	1.5
gewissenhaft	1.5
gewonnen	1.5
gewunden	-1.5
gewundenen	-1.5
gewähren	1.5
gewürzt	1.5
gezogen	-1.5
geübt	1.5
giftig	-1.5
giftigen	-1.5
glatt	1.5
glatter	1.5
glaubhaft	1.5
glaubwürdig	1.5
gleich	1.5
gleichgültig	-1.5
gleichmäßig	1.5
glänzen	1.5
glänzend	1.5
glätten	1.5
gläubiger	1.5
glücklich	1.5
glücklicher	1.5
glücklicherweise	1.5
glühender	1.5
gnadenlos	-1.5
gnädig	1.5
gold	1.5
golden	1.5
good	1.5
grand	1.5
gratis	1.5
grausam	-1.5
great	1.5
greatest	1.5
grob	-1.5
gross	-1.5
grotesk	-1.5
groteske	-1.5
groß	1.5
großartig	1.5
großzügig	1.5
grundlos	-1.5
größte	1.5
gründlich	1.5
grüßen	1.5
gut	1.5
göttlich	1.5
göttlichen	1.5
gültig	1.5
günstig	1.5
günstiger	1.5
haftbar	-1.5
haftet	-1.5
halbwegs	1.5
halt	1.5
halten	-1.5
handeln	1.5
happy	1.5
hard	-1.5
harmlos	1.5
harmonisch	1.5
hartnäckigen	-1.5
hassen	-1.5
hasst	-1.5
hastig	-1.5
hauen	-1.5
hauptsächlich	1.5
heftigen	-1.5
hegen	1.5
heidnisch	-1.5
heilen	1.5
heilig	1.5
heiter	1.5
heiß	1.5
heißesten	1.5
helfen	1.5
hell	1.5
heller	1.5
hellsten	1.5
hemmen	-1.5
herausragende	1.5
heroischen	1.5
herrlich	1.5
herrliche	1.5
herrlichen	1.5
herstellen	-1.5
hervorragend	1.5
herzlich	1.5
hilflos	-1.5
hilfreich	1.5
hindern	-1.5
hinfällig	-1.5
hing	-1.5
hinkt	-1.5
hinreichend	1.5
hinter	-1.5
hoch	1.5
hoffnungslos	-1.5
hohl	-1.5
holprig	-1.5
hot	1.5
human	1.5
humane	1.5
humorvoll	1.5
hängen	-1.5
hängt	-1.5
hängte	-1.5
härter	1.5
härtesten	1.5
hässlich	-1.5
höchst	1.5
höchste	1.5
höchster	1.5
höflich	1.5
hörbar	1.5
hübsch	1.5
ideal	1.5
idealerweise	1.5
ideell	1.5
idyllisch	1.5
idyllischen	1.5
ignorieren	-1.5
illegal	-1.5
illegalen	-1.5
illustre	1.5
imaginären	-1.5
immaterielle	-1.5
immens	1.5
immense	1.5
imperialistischen	-1.5
implizieren	-1.5
important	1.5
inaktiv	-1.5
inakzeptabel	-1.5
ineffizient	-1.5
infection	-1.5
inferior	-1.5
infiziert	-1.5
inkompatibel	-1.5
innovativ	1.5
innovative	1.5
insolvent	-1.5
inspirieren	1.5
instabil	-1.5
instrumental	1.5
integriert	1.5
intelligence	1.5
intelligent	1.5
intelligente	1.5
intensive	-1.5
interessant	1.5
intime	1.5
intuitiv	1.5
intuitive	1.5
invalid	-1.5
invasive	-1.5
ironisch	-1.5
irrational	-1.5
irre	-1.5
irreführend	-1.5
irrelevant	-1.5
irren	-1.5
irreparabel	-1.5
irreversibel	-1.5
irrtümlicherweise	-1.5
isolieren	-1.5
isoliert	-1.5
issue	-1.5
issues	-1.5
jung	1.5
jäh	-1.5
kahl	-1.5
kantig	-1.5
kapiert	1.5
kapitulieren	-1.5
kaputt	-1.5
katastrophal	-1.5
katastrophalen	-1.5
kaum	-1.5
kill	-1.5
killed	-1.5
kindisch	-1.5
kippen	-1.5
klagen	-1.5
klagt	-1.5
klar	1.5
klassisch	1.5
klebrig	-1.5
klein	-1.5
klettern	-1.5
kletternd	-1.5
klopfen	-1.5
klug	1.5
kläglich	-1.5
klären	1.5
knacken	-1.5
kochen	-1.5
kollidieren	-1.5
komfortabel	1.5
komisch	-1.5
kompakt	1.5
kompatibel	1.5
kompetent	1.5
komplementär	1.5
komplementäre	1.5
komplex	-1.5
kompromisslos	-1.5
konform	1.5
konkurrieren	-1.5
konsequent	1.5
konservativ	-1.5
konsistent	1.5
konsistente	1.5
konspirativen	-1.5
konstruktiv	1.5
konstruktive	1.5
kontraproduktiv	-1.5
kontrovers	-1.5
kooperativ	1.5
kopfüber	-1.5
korrekt	1.5
korrigieren	1.5
korrupt	-1.5
korrupten	-1.5
kostbar	1.5
kostenlos	1.5
kostspielig	1.5
krank	-1.5
krankhaft	-1.5
krass	-1.5
kreativ	1.5
kriechen	-1.5
kriegerischen	-1.5
kriminell	-1.5
kritisch	-1.5
kritisieren	-1.5
kritisiert	-1.5
kräftig	1.5
kundig	1.5
kurios	1.5
kurz	1.5
kurzlebig	-1.5
kämpfen	-1.5
kämpft	-1.5
kämpfte	-1.5
königlich	1.5
kühler	-1.5
kündigen	-1.5
lag	-1.5
lahm	-1.5
langlebig	1.5
langsam	-1.5
langsamer	-1.5
langweilig	-1.5
langwierig	-1.5
langwierigen	-1.5
lauern	-1.5
laut	-1.5
lauter	-1.5
lautstark	-1.5
lead	1.5
lebendig	1.5
lebendige	1.5
lebhaft	1.5
leeren	-1.5
legal	1.5
legendär	1.5
legendären	1.5
lehnen	1.5
lehnt	-1.5
leicht	1.5
leichter	1.5
leiden	-1.5
leidenschaftlich	1.5
leidenschaftlichen	1.5
leider	-1.5
leidet	-1.5
leise	1.5
leiser	1.5
leisten	1.5
leiten	1.5
lesbar	1.5
leuchten	1.5
leuchtend	1.5
leuchtende	1.5
leugnen	-1.5
leugnet	-1.5
lieb	1.5
liebe	1.5
lieben	1.5
lieber	1.5
liebevoll	1.5
liebt	1.5
liebte	1.5
liegen	-1.5
liegend	-1.5
liegt	-1.5
lies	-1.5
like	1.5
lindern	1.5
linker	-1.5
links	-1.5
linksseitig	-1.5
litt	-1.5
loben	1.5
locken	1.5
locker	-1.5
lockern	-1.5
logisch	1.5
logischen	1.5
lohnen	1.5
lohnend	1.5
lose	-1.5
loser	-1.5
loses	-1.5
loss	-1.5
lost	-1.5
love	1.5
loyal	1.5
lukrative	1.5
lustig	1.5
luxuriös	1.5
luxuriöse	1.5
lyrisch	1.5
lyrische	1.5
lächerlich	-1.5
lästig	-1.5
läuten	-1.5
löscht	1.5
lösen	-1.5
lügen	-1.5
machbar	1.5
machtlos	-1.5
mag	1.5
magere	-1.5
magisch	1.5
magische	1.5
mahlen	-1.5
malerisch	1.5
malerische	1.5
maligne	-1.5
malignen	-1.5
mangelhaft	-1.5
manipulieren	-1.5
marginal	-1.5
marode	-1.5
massiv	1.5
materiell	1.5
materiellen	1.5
matt	-1.5
maßgebend	1.5
maßlos	-1.5
meckern	-1.5
mehr	1.5
mehrdeutig	-1.5
meiden	-1.5
meinen	1.5
meisterhaft	1.5
meistern	1.5
melancholisch	-1.5
menschlich	1.5
merklich	1.5
merkwürdig	-1.5
mies	-1.5
mildern	-1.5
minderwertig	-1.5
miserabel	-1.5
missbrauchen	-1.5
missbraucht	-1.5
misstrauisch	-1.5
missverstanden	-1.5
mittellos	-1.5
mittellosen	-1.5
mittelmäßig	-1.5
mochte	1.5
modern	1.5
moderne	1.5
monoton	-1.5
monumentalen	1.5
motiviert	1.5
mutig	1.5
mutwillig	-1.5
mächtig	1.5
mögen	1.5
möglich	1.5
mörderischen	-1.5
müde	-1.5
mühelos	1.5
mühsam	-1.5
na	1.5
nach	1.5
nachahmen	-1.5
nachdenklich	1.5
nachdrücklich	-1.5
nachfolgen	1.5
nachgeben	1.5
nachhaltig	1.5
nachhaltige	1.5
nachprüfbar	1.5
nachteilig	-1.5
nahtlos	1.5
naiv	-1.5
naive	-1.5
naja	1.5
negativ	-1.5
negative	-1.5
negativen	-1.5
negatives	-1.5
nennenswerte	1.5
nerven	-1.5
nervös	-1.5
nett	1.5
nicht	-1.5
nieder	-1.5
niedere	-1.5
niedergeschlagen	-1.5
niederschlagen	-1.5
niedrig	-1.5
noble	1.5
null	1.5
nutzbar	1.5
nutzen	-1.5
nutzlos	-1.5
nüchtern	-1.5
nützlich	1.5
oberflächlich	-1.5
oberflächliche	-1.5
oberste	1.5
oberster	1.5
object	-1.5
obsolet	-1.5
oder	1.5
offen	1.5
offensichtlich	-1.5
offensiv	-1.5
offensive	-1.5
ohnmächtig	-1.5
opfern	-1.5
optimal	1.5
optimale	1.5
optimistisch	1.5
ordentlich	1.5
ordnungsgemäß	1.5
ordnungsgemäße	1.5
original	1.5
originell	1.5
out	-1.5
pain	-1.5
pan	-1.5
paradox	-1.5
paradoxe	-1.5
parteiisch	-1.5
passe	-1.5
passend	1.5
passiv	-1.5
passive	-1.5
patriotisch	1.5
patriotischen	1.5
pausieren	-1.5
peace	1.5
peinlich	-1.5
perfekt	1.5
planen	-1.5
platt	-1.5
platzen	-1.5
pleite	-1.5
plump	-1.5
plädieren	1.5
plötzlich	-1.5
plündern	-1.5
poetisch	1.5
poetische	1.5
poliert	1.5
popular	1.5
populär	1.5
positiv	1.5
positive	1.5
positives	1.5
prachtvoll	1.5
praktikable	1.5
praktisch	1.5
prekären	-1.5
premier	1.5
primitiv	-1.5
primitive	-1.5
prinzipielle	1.5
privilegierten	1.5
problem	-1.5
problematisch	-1.5
problems	-1.5
produktiv	1.5
produktivsten	1.5
profane	-1.5
profitieren	1.5
progress	1.5
progressiv	1.5
progressive	1.5
prominent	1.5
prominente	1.5
prompt	1.5
proprietären	-1.5
protection	1.5
protestieren	-1.5
protestiert	-1.5
provisorisch	-1.5
provokativ	-1.5
provozieren	-1.5
prunkvoll	1.5
prächtig	1.5
prägen	-1.5
prägnant	1.5
präzise	1.5
pur	1.5
pure	1.5
putzen	1.5
pünktlich	1.5
qualifizieren	1.5
qualifiziert	1.5
qualifizierte	1.5
quälen	-1.5
radical	-1.5
radikal	-1.5
radikale	-1.5
raffiniert	1.5
rail	-1.5
randalieren	-1.5
rar	-1.5
rasant	-1.5
rassistisch	-1.5
rassistischen	-1.5
rational	1.5
ratlos	-1.5
rau	-1.5
rauben	-1.5
rauchen	-1.5
rauen	-1.5
ready	1.5
reaktionären	-1.5
realisiert	1.5
realistisch	1.5
rechtmäßig	1.5
rechts	1.5
rechtswidrig	-1.5
rechtwinklig	1.5
rechtzeitig	1.5
reden	-1.5
redundant	-1.5
redundante	-1.5
reduziert	-1.5
reformieren	1.5
reformiert	1.5
reformierten	1.5
rege	1.5
reich	1.5
reicher	1.5
reichlich	1.5
reif	1.5
reifen	1.5
rein	1.5
reine	1.5
reinigen	1.5
reizen	-1.5
reizvoll	1.5
reißen	-1.5
renommierten	1.5
reputable	1.5
reserviert	-1.5
resigniert	-1.5
resistance	-1.5
respektablen	1.5
respektieren	1.5
respektvoll	1.5
restriktiv	-1.5
revert	-1.5
revolutionär	1.5
revolutionäre	1.5
rhetorisch	-1.5
rhetorische	-1.5
richtig	1.5
riechen	-1.5
riecht	-1.5
right	1.5
rigide	-1.5
ringen	-1.5
risk	-1.5
riskant	-1.5
riskieren	-1.5
robust	1.5
roden	1.5
roh	-1.5
romantisch	1.5
rot	-1.5
rue	-1.5
ruhen	1.5
ruhig	1.5
ruhigen	1.5
ruinieren	-1.5
ruiniert	-1.5
rächen	-1.5
rätselhaft	-1.5
räuberisch	-1.5
räumte	-1.5
rückläufig	-1.5
rücksichtslos	-1.5
rückwärts	-1.5
sabotieren	-1.5
sag	-1.5
sandig	-1.5
sanft	1.5
sanfte	1.5
sarkastisch	-1.5
satirisch	-1.5
satirische	-1.5
sauber	1.5
sauer	-1.5
saugen	-1.5
schade	-1.5
schaden	-1.5
scharf	1.5
schattigen	-1.5
scheitern	-1.5
scheitert	-1.5
scheuen	-1.5
schief	-1.5
schiffbar	1.5
schiffbaren	1.5
schlafen	1.5
schlagartig	-1.5
schlammigen	-1.5
schlank	1.5
schlauer	1.5
schlecht	-1.5
schlechtem	-1.5
schlechter	-1.5
schlechteste	-1.5
schleichen	-1.5
schleifen	-1.5
schleppend	-1.5
schlicht	-1.5
schlichten	1.5
schlimm	-1.5
schlimmer	-1.5
schlimmste	-1.5
schlüssig	1.5
schmal	-1.5
schmaler	-1.5
schmelzen	-1.5
schmerzhaft	-1.5
schmerzlich	-1.5
schmutzig	-1.5
schnell	1.5
schnelle	1.5
schneller	1.5
schockiert	-1.5
schrecklich	-1.5
schrecklichen	-1.5
schreien	-1.5
schroff	-1.5
schräg	-1.5
schuldig	-1.5
schwach	-1.5
schwarz	-1.5
schweigen	1.5
schwenken	-1.5
schwer	-1.5
schwere	-1.5
schwerfällig	-1.5
schwerlich	-1.5
schwierig	-1.5
schwinden	-1.5
schwindenden	-1.5
schwul	-1.5
schwächen	-1.5
schwächer	-1.5
schädigen	-1.5
schädlich	-1.5
schädliche	-1.5
schämen	-1.5
schärfer	1.5
schärfsten	1.5
schätzen	1.5
schätzt	1.5
schön	1.5
schönen	1.5
schöner	1.5
schönste	1.5
schüchtern	-1.5
schüren	-1.5
schütteln	-1.5
schützen	1.5
secure	1.5
selektiv	1.5
selig	1.5
seltsam	-1.5
sensationell	1.5
sensationelle	1.5
sensibel	1.5
sensible	1.5
seriöse	1.5
sexy	1.5
sicher	1.5
sicherlich	1.5
sichern	1.5
sichtbar	1.5
sieben	1.5
siegen	1.5
siegreich	1.5
signifikant	1.5
signifikante	1.5
simpel	-1.5
sin	-1.5
sinken	-1.5
sinnlos	-1.5
sinnvoll	1.5
sitzend	-1.5
skeptisch	-1.5
slow	-1.5
sofort	1.5
solid	1.5
solide	1.5
sorgfältig	1.5
sorry	-1.5
spalten	-1.5
spannen	-1.5
spannend	1.5
spannt	-1.5
sparsam	1.5
spektakulär	1.5
spektakuläre	1.5
sperren	-1.5
spielerisch	1.5
spirituellen	1.5
spitz	1.5
spontan	1.5
spontane	1.5
sporadisch	-1.5
sporadische	-1.5
sportlich	1.5
sprengen	-1.5
spurlos	1.5
spärlich	-1.5
spöttisch	-1.5
spürbar	1.5
stabil	1.5
stabilisieren	1.5
stammen	1.5
standhaft	1.5
starke	1.5
starr	-1.5
starren	-1.5
statisch	-1.5
statische	-1.5
stechen	-1.5
stecken	-1.5
stehend	-1.5
stehlen	-1.5
steif	-1.5
steigern	1.5
steil	-1.5
steilen	-1.5
stellen	-1.5
sterben	-1.5
stereotype	-1.5
steril	-1.5
stern	-1.5
stetig	1.5
stiehlt	-1.5
stilisiert	1.5
stilisierten	1.5
still	1.5
stillen	1.5
stilllegen	-1.5
stimulieren	1.5
stimuliert	1.5
stirbt	-1.5
stockte	-1.5
stolpert	-1.5
stoßen	-1.5
strafbar	-1.5
straff	-1.5
strafrechtlich	-1.5
strahlend	1.5
streben	1.5
strecken	1.5
streichen	-1.5
streiten	-1.5
streng	-1.5
strengen	-1.5
strittig	-1.5
strong	1.5
stumm	1.5
stumpf	-1.5
stur	-1.5
ständig	-1.5
stärken	1.5
stärker	1.5
stärksten	1.5
stören	-1.5
störend	-1.5
stört	-1.5
stürmisch	-1.5
stürzen	-1.5
stützen	1.5
success	1.5
super	1.5
superior	1.5
support	1.5
sympathisch	1.5
syndrome	-1.5
szenische	1.5
säubern	1.5
süß	1.5
tabu	-1.5
talentiert	1.5
talentierte	1.5
tapfer	1.5
tapferen	1.5
taub	-1.5
teilen	-1.5
tendenziös	-1.5
teuer	-1.5
tief	1.5
tobt	-1.5
top	1.5
tot	-1.5
totalitären	-1.5
tout	-1.5
toxisch	-1.5
toxische	-1.5
tragbar	1.5
tragisch	-1.5
tragischen	-1.5
transparent	1.5
traumatischen	-1.5
traumatisiert	-1.5
traurig	-1.5
treiben	-1.5
trennen	-1.5
treu	1.5
triumphieren	1.5
trocknen	1.5
trotz	-1.5
träge	-1.5
trösten	1.5
trüb	-1.5
trüben	-1.5
tun	-1.5
turbulenten	-1.5
täuschen	-1.5
tödlich	-1.5
töten	-1.5
tötet	-1.5
umbringen	-1.5
umfassend	1.5
umgehen	-1.5
umkehren	-1.5
umkämpft	-1.5
umsonst	1.5
umstritten	-1.5
umstrittenen	-1.5
umstrukturiert	1.5
umständlich	-1.5
unabsichtlich	-1.5
unangebracht	-1.5
unangemessen	-1.5
unangenehm	-1.5
unangenehme	-1.5
unattraktiv	-1.5
unausweichlich	-1.5
unbeantwortet	-1.5
unbebaut	-1.5
unbedeutend	-1.5
unbedingt	1.5
unbefriedigend	-1.5
unbegrenzt	1.5
unbegründet	-1.5
unbeholfen	-1.5
unbekannt	-1.5
unbeliebt	-1.5
unbemerkt	-1.5
unbeschränkt	1.5
unbeschädigt	1.5
unbesetzt	1.5
unbestimmt	-1.5
unbestreitbar	1.5
unbestritten	1.5
unbeständig	-1.5
unbeweglich	-1.5
unbeweglichen	-1.5
unbrauchbar	-1.5
undenkbar	-1.5
undeutlich	-1.5
uneingeschränkte	1.5
uneinheitlich	-1.5
uneins	-1.5
unempfindlich	-1.5
unentschieden	-1.5
unentschlossen	-1.5
unerfahren	-1.5
unerlaubt	-1.5
unerreichbar	-1.5
unerträglich	-1.5
unerwartet	-1.5
unerwünscht	-1.5
unexpected	-1.5
unfair	-1.5
unfreiwillig	-1.5
unfreundlich	-1.5
unfruchtbar	-1.5
unfähig	-1.5
ungeduldig	-1.5
ungeeignet	-1.5
ungefährlich	1.5
ungeheuer	1.5
ungeklärt	-1.5
ungelöst	-1.5
ungenau	-1.5
ungenutzt	-1.5
ungenügend	-1.5
ungeordnet	-1.5
ungeordneten	-1.5
ungerade	-1.5
ungerecht	-1.5
ungerechtfertigt	-1.5
ungerechtfertigte	-1.5
ungern	-1.5
ungeschickt	-1.5
ungeschützt	-1.5
ungewiss	-1.5
ungewohnt	-1.5
ungewollt	-1.5
ungewöhnlich	-1.5
ungewöhnliche	-1.5
unglaubwürdig	-1.5
ungleich	-1.5
ungleichen	-1.5
unglücklich	-1.5
ungültig	-1.5
ungünstig	-1.5
ungünstigen	-1.5
unhaltbar	-1.5
unheimlich	-1.5
unhöflich	-1.5
uninteressant	-1.5
unklar	-1.5
unkompliziert	1.5
unkontrolliert	-1.5
unkontrollierte	-1.5
unlesbar	-1.5
unlogisch	-1.5
unmissverständlich	1.5
unmittelbar	1.5
unmöglich	-1.5
unnatürlich	-1.5
unnötig	-1.5
unnötige	-1.5
unnütz	-1.5
unpassend	-1.5
unpopulär	-1.5
unpraktisch	-1.5
unrealistisch	-1.5
unrecht	-1.5
unrechtmäßig	-1.5
unregelmäßig	-1.5
unreifen	-1.5
unrein	-1.5
unrentabel	-1.5
unrichtig	-1.5
unruhig	-1.5
unruhigen	-1.5
unscharf	-1.5
unschlüssig	-1.5
unschädlich	1.5
unschön	-1.5
unseriös	-1.5
unsicher	-1.5
unsichtbar	-1.5
untauglich	-1.5
unterboten	-1.5
unterbrechen	-1.5
unterdrücken	-1.5
untergehen	-1.5
untergeordnet	-1.5
untergraben	-1.5
unterhalten	1.5
unterhaltsam	1.5
unterhält	1.5
unterlaufen	-1.5
unterordnen	-1.5
untersagen	-1.5
unterschätzen	-1.5
unterstellen	-1.5
unterstützen	1.5
unterstützende	1.5
unterstützt	1.5
unterwerfen	-1.5
unterworfen	-1.5
unterzogen	-1.5
unterzuordnen	-1.5
untragbar	-1.5
untrennbar	-1.5
untätig	-1.5
unumgänglich	-1.5
unvereinbar	-1.5
unverhältnismäßig	-1.5
unvermeidlich	-1.5
unverschämt	-1.5
unverständlich	-1.5
unverwechselbar	1.5
unvollendet	-1.5
unvollkommen	-1.5
unvollständig	-1.5
unvorbereitet	-1.5
unwahr	-1.5
unwahrscheinlich	-1.5
unwesentlich	-1.5
unwichtig	-1.5
unwirksam	-1.5
unwirtschaftlich	-1.5
unwissend	-1.5
unwürdig	-1.5
unzufrieden	-1.5
unzulänglich	-1.5
unzulässig	-1.5
unzureichend	-1.5
unzuverlässig	-1.5
unzweifelhaft	1.5
ursprünglich	-1.5
vage	-1.5
verachtet	-1.5
veraltet	-1.5
veranlassen	1.5
verarmt	-1.5
verbannen	-1.5
verbergen	-1.5
verbessern	1.5
verbessert	1.5
verbesserte	1.5
verbieten	-1.5
verbissen	-1.5
verbittert	-1.5
verblassen	-1.5
verblendet	-1.5
verboten	-1.5
verbrannt	-1.5
verbraucht	-1.5
verbrennen	-1.5
verdammt	-1.5
verdecken	-1.5
verdeckt	-1.5
verderben	-1.5
verdienen	1.5
verdorben	-1.5
verdreht	-1.5
verdrängen	-1.5
verdunkelt	-1.5
verdächtig	-1.5
verdächtige	-1.5
verdächtigen	-1.5
verehren	1.5
verehrt	1.5
vereinfachen	1.5
vereinfacht	1.5
vereiteln	-1.5
verfallen	-1.5
verfassungswidrig	-1.5
verfehlen	-1.5
verfehlt	-1.5
verfeinern	1.5
verfeinert	1.5
verflucht	-1.5
verfolgen	-1.5
verfolgt	-1.5
verformt	-1.5
verfrüht	-1.5
verfälschen	-1.5
verfügbar	1.5
verführen	1.5
vergeben	1.5
vergeblich	-1.5
vergewaltigen	-1.5
vergewaltigt	-1.5
vergiften	-1.5
vergrößern	1.5
verhalten	-1.5
verhasst	-1.5
verheerend	-1.5
verheerenden	-1.5
verheimlichen	-1.5
verhindern	-1.5
verhungern	-1.5
verhängen	-1.5
verirrt	-1.5
verjüngen	1.5
verjüngt	1.5
verkehrt	-1.5
verklagen	-1.5
verklagt	-1.5
verkommen	-1.5
verlangsamen	-1.5
verlangsamt	-1.5
verlassen	-1.5
verletzen	-1.5
verletzt	-1.5
verlieren	-1.5
verliert	-1.5
verloren	-1.5
verlässlich	1.5
vermeiden	-1.5
vermindern	-1.5
vermischen	-1.5
vermischt	-1.5
vermissen	-1.5
vermuten	-1.5
vernachlässigen	-1.5
vernachlässigt	-1.5
vernichten	-1.5
vernichtend	-1.5
vernünftig	1.5
vernünftige	1.5
verpassen	-1.5
verpasst	-1.5
verpflichtet	1.5
verraten	-1.5
verrät	-1.5
verrückt	-1.5
versagen	-1.5
verschieben	-1.5
verschieden	-1.5
verschlagen	-1.5
verschlechtern	-1.5
verschlechternden	-1.5
verschleiern	-1.5
verschlimmert	-1.5
verschlingen	-1.5
verschlossen	-1.5
verschlungenen	-1.5
verschmelzen	-1.5
verschoben	-1.5
verschollen	-1.5
verschuldeten	1.5
verschwenden	-1.5
verschwendet	-1.5
verschwiegen	-1.5
verschärfen	-1.5
verschönern	1.5
versehentlich	-1.5
versenkt	-1.5
versetzen	1.5
versichern	1.5
versierte	1.5
verspielt	1.5
verspottet	-1.5
versprechen	1.5
verspricht	1.5
versprochen	1.5
verspätet	-1.5
verspätete	-1.5
verstehen	1.5
versteinerte	-1.5
verstellen	-1.5
verstopft	-1.5
verstorben	-1.5
verstoßen	-1.5
verständlich	1.5
verstärkt	1.5
verstört	-1.5
versuchen	1.5
versunkenen	-1.5
versöhnen	1.5
verteidigen	1.5
vertrauen	1.5
vertrauenswürdig	1.5
vertreiben	-1.5
verträglich	1.5
verunreinigt	-1.5
verunsichert	-1.5
verursachen	-1.5
verurteilen	-1.5
verurteilt	-1.5
verwechseln	-1.5
verwechselt	-1.5
verweigern	-1.5
verweigert	-1.5
verwerfen	-1.5
verwerflich	-1.5
verwickeln	-1.5
verwickelt	-1.5
verwirren	-1.5
verwirrend	-1.5
verwirrt	-1.5
verwischen	-1.5
verwischt	-1.5
verworren	-1.5
verwunderlich	1.5
verwüsten	-1.5
verwüstet	-1.5
verzerrt	-1.5
verzichten	-1.5
verziehen	-1.5
verzogen	-1.5
verzweifelt	-1.5
verzögern	-1.5
verzögert	-1.5
verächtlich	-1.5
verärgert	-1.5
vice	-1.5
vielversprechend	1.5
virus	-1.5
volkstümlich	-1.5
voll	-1.5
vollenden	1.5
vollendet	1.5
vollkommen	1.5
vorbildlich	1.5
vorderste	1.5
voreilig	-1.5
vorenthalten	-1.5
vorgeben	-1.5
vorgetäuscht	-1.5
vorläufig	-1.5
vorläufige	-1.5
vorrangig	1.5
vorschnell	-1.5
vorsätzlich	-1.5
vorteilhaft	1.5
vortäuschen	-1.5
vorwerfen	-1.5
vorzeitig	-1.5
vorziehen	1.5
vorzugsweise	1.5
vorzuziehen	1.5
vorzüglich	1.5
vorübergehend	-1.5
vulnerable	-1.5
völlig	-1.5
wagen	1.5
wahllos	-1.5
wahnsinnig	-1.5
wahr	1.5
wahren	1.5
wahrhaft	1.5
wahrhaftig	1.5
wahrnehmbar	1.5
warm	1.5
warmen	1.5
warmer	1.5
warnen	-1.5
weglassen	-1.5
wegnehmen	-1.5
weh	-1.5
weich	1.5
weicher	1.5
weigern	-1.5
weigert	-1.5
weinen	-1.5
weise	1.5
weit	1.5
weiträumig	1.5
well	1.5
weltlich	-1.5
weltlichen	-1.5
wendig	1.5
wenig	-1.5
wenigsten	-1.5
werben	-1.5
werden	-1.5
wert	1.5
wertlos	-1.5
wertvoll	1.5
wertvolle	1.5
wichtig	1.5
widerlegen	-1.5
widerlegt	-1.5
widerrufen	-1.5
widersetzen	-1.5
widersprechen	-1.5
widersprüchlich	-1.5
widerstandsfähig	1.5
widerwillig	-1.5
wiederhergestellt	1.5
wiederherstellen	1.5
wild	-1.5
wilde	-1.5
willkommen	1.5
willkürlich	-1.5
willkürliche	-1.5
win	1.5
wins	1.5
winterhart	1.5
wirbt	-1.5
wirken	1.5
wirksam	1.5
wirkungslos	-1.5
wirr	-1.5
wirtschaftlich	1.5
witzig	1.5
wohlhabend	1.5
wohlhabenden	1.5
wohlwollend	1.5
wohlwollende	1.5
won	1.5
work	1.5
works	1.5
wrong	-1.5
wunderbar	1.5
wunderbare	1.5
wärmer	1.5
wünschen	1.5
wünschenswert	1.5
würdig	1.5
wüst	-1.5
wütend	-1.5
zahlungsunfähig	-1.5
zart	1.5
zeichnen	-1.5
zeichnet	1.5
zeitweise	-1.5
zerbrechen	-1.5
zerfallen	-1.5
zerfiel	-1.5
zerfällt	-1.5
zerrissen	-1.5
zerschlagen	-1.5
zersetzen	-1.5
zerstören	-1.5
zerstört	-1.5
ziehen	-1.5
zielgerichtet	1.5
ziemlich	1.5
zieren	1.5
zornig	-1.5
zufrieden	1.5
zufügen	-1.5
zugeben	-1.5
zugestehen	-1.5
zugänglich	1.5
zulässig	1.5
zurück	-1.5
zurückbleiben	-1.5
zurückfallen	-1.5
zurückgeblieben	-1.5
zurückgehen	-1.5
zurückgeschlagen	-1.5
zurückgetreten	-1.5
zurückgezogen	-1.5
zurückhaltend	-1.5
zurückkehren	-1.5
zurückschlagen	-1.5
zurückziehen	-1.5
zusammenbrechen	-1.5
zusammenhängend	1.5
zustimmen	1.5
zutiefst	1.5
zutreffend	1.5
zuverlässig	1.5
zuversichtlich	1.5
zwangsläufig	-1.5
zwecklos	-1.5
zweifelhaft	-1.5
zweifelhafte	-1.5
zweifellos	1.5
zweifeln	-1.5
zweifelsfrei	1.5
zwingen	-1.5
zwingend	-1.5
zynisch	-1.5
zäh	1.5
zögerlich	-1.5
zögernd	-1.5
Ängste	-1.5
Ärger	-1.5
Ärgernis	-1.5
Öffnung	-1.5
Übel	-1.5
Übelkeit	-1.5
Überfluss	1.5
Übergewicht	-1.5
Überheblichkeit	-1.5
Überleben	1.5
Überlebende	1.5
Überlebender	1.5
Überlegenheit	1.5
Überschreitung	-1.5
Übertreibung	-1.5
Überzeugung	1.5
Übung	-1.5
ähnlich	1.5
ängstlich	-1.5
ärgerlich	-1.5
ärgern	-1.5
ärgert	-1.5
ärmsten	-1.5
äußerst	1.5
öde	-1.5
öffentlich	1.5
öffnete	-1.5
ökonomisch	1.5
übel	-1.5
überaus	1.5
überblicken	-1.5
überfallen	-1.5
überflüssig	-1.5
überfällig	-1.5
überfüllt	-1.5
übergeben	-1.5
überholen	1.5
überholte	1.5
überhöht	-1.5
überladen	-1.5
überlastet	-1.5
überlaufen	-1.5
überlegen	1.5
übermäßig	-1.5
übermäßige	-1.5
überragend	1.5
überrannt	-1.5
überraschen	1.5
überraschend	-1.5
überschreiten	1.5
überschreitet	1.5
überschritten	1.5
überschwemmt	-1.5
übersehen	-1.5
übersteigen	1.5
überstürzt	-1.5
übertreffen	1.5
übertreiben	-1.5
übertrieben	-1.5
übertroffen	1.5
überwältigen	-1.5
überwältigt	-1.5
überzeugen	1.5
überzeugend	1.5
überziehen	-1.5
üppig	1.5
üppigen	1.5
