Lied	-1.5
Masters	1.5
SAP	-1.5
abort	-1.5
attack	-1.5
available	1.5
awards	1.5
bad	-1.5
bash	-1.5
best	1.5
better	1.5
blind	-1.5
bonus	1.5
break	-1.5
brute	-1.5
bug	-1.5
bugs	-1.5
cancer	-1.5
clear	1.5
collapse	-1.5
compact	1.5
correct	1.5
crash	-1.5
creative	1.5
critical	-1.5
dark	-1.5
dead	-1.5
death	-1.5
delay	-1.5
die	-1.5
dump	-1.5
dynamic	1.5
easy	1.5
enough	1.5
err	-1.5
error	-1.5
errors	-1.5
ethical	1.5
excel	1.5
fail	-1.5
fair	1.5
faith	1.5
fall	-1.5
false	-1.5
fans	1.5
fast	1.5
fine	1.5
free	1.5
fun	1.5
garbage	-1.5
gauche	-1.5
gold	1.5
good	1.5
grand	1.5
great	1.5
greatest	1.5
happy	1.5
hard	-1.5
hedge	-1.5
hot	1.5
humor	1.5
important	1.5
instrumental	1.5
intelligence	1.5
issue	-1.5
issues	-1.5
junk	-1.5
kill	-1.5
lag	-1.5
lead	1.5
leading	1.5
led	1.5
like	1.5
limited	-1.5
love	1.5
master	1.5
matte	-1.5
modern	1.5
object	-1.5
peace	1.5
positive	1.5
pride	1.5
problem	-1.5
problems	-1.5
progressive	1.5
proper	1.5
punk	-1.5
rail	-1.5
ready	1.5
revert	-1.5
right	1.5
risk	-1.5
rue	-1.5
safe	1.5
significant	1.5
sin	-1.5
slave	-1.5
soft	1.5
solid	1.5
sorry	-1.5
split	-1.5
static	-1.5
strong	1.5
super	1.5
support	1.5
syndrome	-1.5
talent	1.5
tank	-1.5
thrash	-1.5
top	1.5
tout	-1.5
traction	1.5
transparent	1.5
trust	1.5
undefined	-1.5
useful	1.5
usurp	-1.5
welcome	1.5
well	1.5
wild	-1.5
win	1.5
work	1.5
works	1.5
wrong	-1.5
zombie	-1.5
Έκσταση	1.5
Βραβεία	1.5
Διάβολος	-1.5
Διάφορα	-1.5
Θάνατος	-1.5
Κόλαση	-1.5
Πλεονεκτήματα	1.5
Χάρος	-1.5
άβολα	-1.5
άγγελος	1.5
άγια	1.5
άγιος	1.5
άγνοια	-1.5
άγνωστος	-1.5
άγρια	-1.5
άγριοι	-1.5
άγριος	-1.5
άγχος	-1.5
άδικα	-1.5
άδικος	-1.5
άθικτος	-1.5
άθλιες	-1.5
άθλος	1.5
άλγος	-1.5
άλεσμα	-1.5
άλυτα	-1.5
άλυτο	-1.5
άμιλλα	-1.5
άνεργος	-1.5
άνεση	1.5
άνθηση	1.5
άνθος	1.5
άξιος	1.5
άπειρος	-1.5
άπιστος	-1.5
άπιστους	-1.5
άριστα	1.5
άριστη	1.5
άριστος	1.5
άρνηση	-1.5
άρπαξαν	-1.5
άρρηκτα	-1.5
άρρητος	-1.5
άρρωστος	-1.5
άσθμα	-1.5
άσκοπα	-1.5
άσχετος	-1.5
άσχημος	-1.5
άτακτα	-1.5
άτυχος	-1.5
άφεση	1.5
άφθονα	1.5
άφθονος	1.5
άχρηστα	-1.5
άχρηστες	-1.5
άχυρο	-1.5
άψογα	1.5
έβλαψε	-1.5
έγκαυμα	-1.5
έγκειται	-1.5
έγκλημα	-1.5
έγκριση	1.5
έγνοια	-1.5
έκβαση	-1.5
έκδοση	-1.5
έκθεση	1.5
έκκληση	1.5
έκπληκτος	1.5
έκπληξη	1.5
έκρηξη	-1.5
έκσταση	1.5
έκτακτη	1.5
έκτακτος	1.5
έλειπε	-1.5
έλεος	1.5
έλκος	-1.5
έλλειψη	-1.5
έλξη	1.5
έμπειρος	1.5
έμπιστος	1.5
έμπνευση	1.5
έμφαση	-1.5
έμφραξη	-1.5
ένδοξος	1.5
ένθερμα	1.5
έννοια	-1.5
ένοχος	-1.5
ένσταση	-1.5
ένταση	-1.5
έντιμος	1.5
έντομο	-1.5
έντονα	1.5
έντονη	1.5
έντονος	1.5
έξαλλος	-1.5
έξοχα	1.5
έξοχος	1.5
έξυπνος	1.5
έπαθλο	1.5
έπαινος	1.5
έπαρση	-1.5
έπεσε	-1.5
έργα	1.5
έργο	1.5
έρημος	-1.5
έριδα	-1.5
έρωτας	1.5
έσπασε	-1.5
έσυραν	-1.5
έτοιμη	1.5
έτοιμος	1.5
έφεση	1.5
έφοδος	-1.5
έχθρα	-1.5
ήθη	1.5
ήθος	1.5
ήρεμος	1.5
ήρωας	1.5
ήσυχα	1.5
ήττα	1.5
ήττες	1.5
ίζημα	-1.5
ίνδαλμα	1.5
ίντριγκες	1.5
ίχνος	-1.5
αέρας	1.5
αήττητο	1.5
αήττητος	1.5
αίρεση	-1.5
αίσθηση	1.5
αβάσιμη	-1.5
αβέβαιος	-1.5
αβίαστα	1.5
αβαθής	-1.5
αβλεψία	-1.5
αγάπη	1.5
αγέλη	1.5
αγένεια	-1.5
αγία	1.5
αγαθός	1.5
αγανάκτηση	-1.5
αγανακτισμένος	-1.5
αγαπά	1.5
αγαπημένα	1.5
αγαπημένη	1.5
αγαπημένος	1.5
αγαπητικός	1.5
αγαπητός	1.5
αγαπούσε	1.5
αγαπώ	1.5
αγγελιαφόρος	1.5
αγενής	-1.5
αγιασμένο	1.5
αγνοήσει	-1.5
αγνοώ	-1.5
αγνός	1.5
αγράμματος	-1.5
αγριότητα	-1.5
αγωνία	-1.5
αγωνίες	-1.5
αγωνίστηκε	-1.5
αγώνας	-1.5
αγώνες	-1.5
αδέξιος	-1.5
αδέσμευτη	1.5
αδίκημα	-1.5
αδίστακτος	-1.5
αδεξιότητα	-1.5
αδιάκοπη	-1.5
αδιάφορος	-1.5
αδιέξοδο	-1.5
αδιαθεσία	-1.5
αδιακρίτως	-1.5
αδιαμφισβήτητη	1.5
αδιαφιλονίκητος	1.5
αδιαφορία	-1.5
αδικήματα	-1.5
αδικία	-1.5
αδικίες	-1.5
αδικαιολόγητα	-1.5
αδικαιολόγητη	-1.5
αδρά	1.5
αδράνεια	-1.5
αδρανής	-1.5
αδυναμία	-1.5
αδυναμίες	-1.5
αδύναμος	-1.5
αδύνατος	-1.5
αεροδυναμικός	1.5
αθέτηση	-1.5
αθερίνα	-1.5
αθλιότητα	-1.5
αιματοχυσία	-1.5
αιμορραγία	-1.5
αιμορραγίες	-1.5
αιρετικός	-1.5
αισθήσεις	1.5
αισθητός	1.5
αισιοδοξία	1.5
αισιόδοξη	1.5
αισιόδοξος	1.5
αιφνίδιος	-1.5
αιφνιδίως	-1.5
αιώνιος	1.5
ακέραια	1.5
ακέραιος	1.5
ακίνητος	-1.5
ακαθάριστο	-1.5
ακαμψία	-1.5
ακανόνιστος	-1.5
ακατάλληλη	-1.5
ακατάλληλος	-1.5
ακατάπαυστα	-1.5
ακινησία	-1.5
ακμάζουσα	1.5
ακουστική	1.5
ακούσια	-1.5
ακρίβεια	1.5
ακριβής	1.5
ακριβώς	1.5
ακτινοβολία	1.5
ακυρώσει	-1.5
αλάθητο	1.5
αλήτης	-1.5
αλαζονεία	-1.5
αλαζονικό	-1.5
αληθής	1.5
αληθώς	1.5
αλλεργία	-1.5
αλλεργίες	-1.5
αλληλεγγύη	1.5
αλλοίωση	-1.5
αλλοδαπός	-1.5
αλλοτρίωση	-1.5
αμέλεια	-1.5
αμαρτία	-1.5
αμείλικτος	-1.5
αμεροληψία	1.5
αμηχανία	-1.5
αμμώδης	-1.5
αμυδρός	-1.5
αμφιβάλλω	-1.5
αμφιβολία	-1.5
αμφιβολίες	-1.5
αμφιλεγόμενο	-1.5
αμφιλεγόμενος	-1.5
αμφισβήτηση	-1.5
αμφισβητώ	-1.5
ανάγλυφο	1.5
ανάκρουση	-1.5
ανάκτηση	1.5
ανάλυση	-1.5
ανάπηρος	-1.5
ανέκδοτο	-1.5
ανένδοτος	-1.5
ανήμπορος	-1.5
ανήσυχος	-1.5
ανίκανος	-1.5
ανίκητος	1.5
αναίρεση	-1.5
αναίσθητος	-1.5
αναβίωση	1.5
αναβιώνει	1.5
αναβιώσει	1.5
αναβολή	1.5
αναγέννηση	1.5
αναγνωρισμένη	1.5
αναδιάρθρωση	1.5
αναδιπλούμενη	1.5
αναζωογόνηση	1.5
αναθέσει	1.5
αναθυμιάσεις	-1.5
αναιρεί	-1.5
αναιρεθεί	-1.5
αναισθησία	-1.5
ανακαινισμένο	1.5
ανακαλέσει	-1.5
ανακαλύψεις	1.5
ανακούφιση	1.5
ανακρίβεια	-1.5
ανακρίβειες	-1.5
ανακριβής	-1.5
αναμέτρηση	-1.5
αναμφίβολα	1.5
αναμφισβήτητα	1.5
αναμόρφωση	1.5
ανανεώθηκε	1.5
αναντικατάστατος	1.5
αναξιοπιστία	-1.5
αναξιόπιστος	-1.5
αναποτελεσματική	-1.5
αναποτελεσματικότητα	-1.5
αναπόφευκτα	-1.5
αναπόφευκτος	-1.5
αναρχία	-1.5
αναρχική	-1.5
αναρχικός	-1.5
αναρχισμός	-1.5
αναρωτιέμαι	1.5
ανασκευή	-1.5
αναστάτωση	-1.5
αναστέλλουν	-1.5
αναστολή	-1.5
ανασφάλεια	-1.5
αναταραχή	-1.5
ανατολή	1.5
ανατρέποντας	-1.5
ανατρέψει	-1.5
ανατροπές	-1.5
ανατροπή	-1.5
ανδρεία	1.5
ανδρείος	1.5
ανεβαίνει	-1.5
ανεμιστήρας	1.5
ανεμιστήρες	1.5
ανενεργός	-1.5
ανεξήγητη	-1.5
ανεπάρκεια	-1.5
ανεπαρκής	-1.5
ανεπαρκώς	-1.5
ανεπιβεβαίωτες	-1.5
ανεπιθύμητος	-1.5
ανεπιτυχής	-1.5
ανεπιτυχώς	-1.5
ανηθικότητα	-1.5
ανηλεώς	-1.5
ανησυχία	-1.5
ανησυχίες	-1.5
ανησυχητική	-1.5
ανησυχητικό	-1.5
ανθεκτικό	1.5
ανθεκτικός	1.5
ανθρωπιστής	1.5
ανθρωποκτονία	-1.5
ανθρώπινος	1.5
ανικανότητα	-1.5
ανισορροπία	-1.5
ανισότητα	-1.5
ανισότητες	-1.5
ανοησία	-1.5
ανοησίες	-1.5
ανοξείδωτος	1.5
αντάρτες	-1.5
αντάρτης	-1.5
αντέκρουσε	-1.5
αντίθετος	-1.5
αντίπαλος	-1.5
αντίρρηση	-1.5
αντίσταση	-1.5
αντίτιμο	-1.5
αντίφαση	-1.5
ανταγωνίζονται	-1.5
ανταγωνισμός	-1.5
ανταγωνιστής	-1.5
ανταγωνιστικών	-1.5
ανταμοιβή	1.5
ανταποκρίνεται	1.5
αντιαεροπορικό	-1.5
αντιθέσεις	-1.5
αντικατασταθούν	1.5
αντικείμενο	-1.5
αντικρουόμενες	-1.5
αντικρούει	-1.5
αντικρούσει	-1.5
αντιλαμβάνομαι	1.5
αντιμετωπίζω	-1.5
αντιμετωπίσει	-1.5
αντιμετώπιση	-1.5
αντιπάθεια	-1.5
αντιπαράθεση	-1.5
αντιπαραθέσεις	-1.5
αντιποίνων	-1.5
αντιπολίτευση	-1.5
αντιρρήσεις	-1.5
αντιστάθμιση	-1.5
αντισυνταγματικός	-1.5
αντιταχθεί	-1.5
αντιτορπιλικό	-1.5
αντιφρονούντων	-1.5
ανυπακοή	-1.5
ανυποληψία	-1.5
ανυπομονησία	-1.5
ανυποψίαστος	-1.5
ανυψώσει	1.5
ανωμαλία	-1.5
ανόητος	-1.5
ανύψωση	1.5
ανώμαλος	-1.5
ανώτατος	1.5
ανώτερος	1.5
αξέχαστες	1.5
αξέχαστη	1.5
αξία	1.5
αξίζουν	1.5
αξιοπιστία	1.5
αξιοπρέπεια	1.5
αξιοπρεπή	1.5
αξιοπρεπής	1.5
αξιοσημείωτη	1.5
αξιοσημείωτος	1.5
αξιόλογο	1.5
αξιόπιστα	1.5
αξιόπιστος	1.5
απάθεια	-1.5
απάνθρωπη	-1.5
απάτες	-1.5
απάτη	-1.5
απέτυχε	-1.5
απέφευγε	-1.5
απέχθεια	-1.5
απίστευτη	-1.5
απαγορεύοντας	-1.5
απαγορεύουν	-1.5
απαγόρευση	-1.5
απαθής	-1.5
απαισιοδοξία	-1.5
απαισιόδοξη	-1.5
απαλλοτρίωση	-1.5
απαράδεκτος	-1.5
απαράμιλλη	1.5
απαρατήρητος	-1.5
απαρχαιωμένο	-1.5
απατεώνες	-1.5
απεγνωσμένα	-1.5
απειλές	-1.5
απειλή	-1.5
απειλούν	-1.5
απειρία	-1.5
απελευθέρωση	1.5
απελευθερωθεί	1.5
απελπισία	-1.5
απελπισμένος	-1.5
απελπιστικά	-1.5
απενεργοποίηση	-1.5
απερίφραστα	1.5
απιστία	-1.5
απλή	1.5
απληστία	-1.5
απλοποιεί	1.5
απλοποιημένη	1.5
απλοϊκή	-1.5
απλούστερη	1.5
απλούστευση	1.5
απλός	1.5
απογοήτευση	-1.5
απογοητευμένοι	-1.5
απογοητευμένος	-1.5
απογοητευτικά	-1.5
απογοητευτική	-1.5
απογοητευτικό	-1.5
απογοητεύσεις	-1.5
αποδεικνύει	1.5
αποδεικνύοντας	1.5
αποδοκιμασία	-1.5
αποδυνάμωση	-1.5
αποδυναμώσει	-1.5
αποζημίωση	-1.5
αποθαρρύνουν	-1.5
αποκήρυξη	-1.5
αποκαλυπτική	-1.5
αποκηρύξει	-1.5
αποκλίνουν	-1.5
αποκλίνουσες	-1.5
αποκλεισμός	-1.5
αποκτηθούν	1.5
απολαμβάνει	1.5
απολαμβάνοντας	1.5
απολιθωμένο	-1.5
απολογία	-1.5
απολογητές	-1.5
απολογητής	-1.5
απολυταρχία	-1.5
απολύσεις	-1.5
απομίμηση	-1.5
απομεινάρια	-1.5
απομονωμένος	-1.5
απομόνωση	-1.5
απονεμηθεί	1.5
αποξένωση	-1.5
αποπληρωμής	-1.5
απορρίμματα	-1.5
απορρίπτει	-1.5
απορρίπτεται	-1.5
απορρίπτοντας	-1.5
απορρόφηση	1.5
αποσάθρωση	-1.5
αποσπάσει	-1.5
αποστράγγιση	-1.5
αποστροφή	-1.5
αποσυντίθενται	-1.5
αποσυντίθεται	-1.5
αποσύνθεση	-1.5
αποσύρω	-1.5
αποτελεσματικά	1.5
αποτελεσματικός	1.5
αποτελεσματικότητα	1.5
αποτροπή	-1.5
αποτυγχάνει	-1.5
αποτυγχάνουν	-1.5
αποτυχία	-1.5
αποτυχίες	-1.5
αποτυχημένος	-1.5
απουσία	-1.5
αποφασιστικός	1.5
αποφύγει	-1.5
αποχέτευση	-1.5
απροθυμία	-1.5
απροσδιόριστο	-1.5
απροσεξία	-1.5
απρόβλεπτες	-1.5
απρόθυμα	-1.5
απρόθυμος	-1.5
απόβλητα	-1.5
απόκλιση	-1.5
απόκρουση	-1.5
απόλαυση	1.5
απόλυτος	-1.5
απόρριψη	-1.5
απότομα	-1.5
απότομος	-1.5
απώθησαν	-1.5
απώλεια	-1.5
απώλειες	-1.5
απών	-1.5
απώτερος	-1.5
αρέσει	1.5
αργά	-1.5
αργός	-1.5
αρετή	1.5
αριστοκράτης	1.5
αριστοκρατικό	1.5
αριστουργήματα	1.5
αριστούργημα	1.5
αρκεί	1.5
αρκετά	1.5
αρκετός	1.5
αρμονία	1.5
αρμονικά	1.5
αρμόδιος	1.5
αρνήθηκε	-1.5
αρνείται	-1.5
αρνητικά	-1.5
αρνητικό	-1.5
αρνητικός	-1.5
αρνούμενη	-1.5
αρπαγή	-1.5
αρρώστια	-1.5
αρχαιότερος	1.5
αρχηγία	1.5
αρωματικός	1.5
ασάφεια	-1.5
ασήμαντος	-1.5
ασαφής	-1.5
ασθενέστερη	-1.5
αστάθεια	-1.5
ασταθής	-1.5
αστείο	-1.5
αστείος	-1.5
αστρικός	1.5
ασυμφωνία	-1.5
ασυνέπεια	-1.5
ασυνέχεια	-1.5
ασυνήθιστα	-1.5
ασυνήθιστο	1.5
ασυνήθιστος	-1.5
ασυνεπής	-1.5
ασφάλεια	1.5
ασφαλής	1.5
ασφαλώς	1.5
ασύμφορη	-1.5
ατέλεια	-1.5
ατέλειες	-1.5
ατίμωση	-1.5
αταξία	-1.5
ατελής	-1.5
ατιμία	-1.5
ατού	1.5
ατροφία	-1.5
ατρόμητος	1.5
ατυχής	-1.5
ατυχία	-1.5
ατύχημα	-1.5
αυγή	1.5
αυθεντικός	1.5
αυλάκι	-1.5
αυστηρά	-1.5
αυστηρός	-1.5
αυστηρότητα	-1.5
αυταπάτες	-1.5
αυταρχικός	-1.5
αυτοκτονία	-1.5
αυτόνομες	1.5
αφάνεια	-1.5
αφέντης	1.5
αφελής	-1.5
αφεντικό	1.5
αφθονία	1.5
αφθονεί	1.5
αφθονούν	1.5
αφιερωμένο	1.5
αφοπλισμό	-1.5
αφοσίωση	1.5
αφοσιωμένος	1.5
αφρόκρεμα	1.5
αόρατος	-1.5
βάναυσα	-1.5
βάρβαρος	-1.5
βάρος	-1.5
βέβαιος	1.5
βέλτιστη	1.5
βίαιος	-1.5
βαθιά	1.5
βαθούλωμα	-1.5
βαθύς	1.5
βαλβίδα	-1.5
βαρεθεί	-1.5
βαρετό	-1.5
βαρύς	-1.5
βασανίζει	-1.5
βασανίζεται	-1.5
βασανίστηκαν	-1.5
βασανιστήρια	-1.5
βασανιστήριο	-1.5
βασιλικός	1.5
βαφή	-1.5
βελτίωση	1.5
βελτιωθεί	1.5
βελτιώνει	1.5
βελτιώσεις	1.5
βελτιώσετε	1.5
βερνίκι	-1.5
βιαίως	-1.5
βιασμό	-1.5
βιασμός	-1.5
βιαστικά	-1.5
βιασύνη	-1.5
βιώσιμη	-1.5
βιώσιμης	1.5
βλάβη	-1.5
βλάπτει	-1.5
βλάπτουν	-1.5
βλακεία	-1.5
βλασφημία	-1.5
βοήθεια	1.5
βοήθησε	1.5
βομβαρδισμός	-1.5
βραβείο	1.5
βρασμός	-1.5
βραστό	-1.5
βραχώδης	-1.5
βρισιές	-1.5
βρωμιά	-1.5
βυθίστηκε	-1.5
βόμβα	-1.5
γένος	-1.5
γαλήνη	1.5
γελοία	-1.5
γεμάτος	-1.5
γενναία	1.5
γενναίος	1.5
γενναιοδωρία	1.5
γενναιόδωρος	1.5
γενναιότητα	1.5
γενοκτονία	-1.5
γεροντοκόρη	-1.5
γιόρτασε	1.5
γκάνγκστερ	-1.5
γκέτο	-1.5
γλυκός	1.5
γλύκισμα	1.5
γνήσιος	1.5
γνώστης	1.5
γοητεία	1.5
γοητευτικός	1.5
γουρούνι	-1.5
γουρούνια	-1.5
γουόν	1.5
γρήγορα	1.5
γρήγορος	1.5
γραφικά	1.5
γραφικός	1.5
γρηγορότερα	1.5
γροθιά	-1.5
γυναικάς	-1.5
δάγκωμα	-1.5
δάσκαλος	1.5
δέσμευση	1.5
δίεση	1.5
δίκαια	1.5
δίκαιος	1.5
δίλημμα	-1.5
δίψα	-1.5
δίωξη	-1.5
δαίμονας	-1.5
δαιμόνιο	-1.5
δειλά	-1.5
δειλία	-1.5
δειλός	-1.5
δεισιδαιμονία	-1.5
δεκάρα	-1.5
δελεάσει	1.5
δεξαμενές	-1.5
δεξαμενή	-1.5
δεξιά	1.5
δεξιότητα	1.5
δεσποινίδα	-1.5
δεσποινίς	-1.5
δεσποτικός	1.5
δεσπότης	-1.5
δευτερεύων	-1.5
δεόντως	1.5
δηλητήριο	-1.5
δηλητηριώδης	-1.5
δημιουργικός	1.5
δημιουργός	1.5
δημοφιλής	1.5
διάβημα	1.5
διάβολος	-1.5
διάβρωση	-1.5
διάλειμμα	-1.5
διάλυση	-1.5
διάρροια	-1.5
διάσημος	1.5
διάσπαση	-1.5
διάσταση	-1.5
διάχυση	1.5
διάχυτη	-1.5
διένεξη	-1.5
διέξοδος	-1.5
διαίρεση	-1.5
διαβεβαίωση	1.5
διαβεβαιώσεις	1.5
διαβόητος	-1.5
διαγράψει	-1.5
διαδεδομένος	-1.5
διαδεχόμενος	1.5
διαδηλώσεις	-1.5
διαδόσεις	-1.5
διαθέσιμο	-1.5
διαθέσιμος	1.5
διαισθητική	1.5
διακαώς	1.5
διακεκριμένος	1.5
διακοπές	-1.5
διακοπή	-1.5
διακοπεί	-1.5
διακρίθηκε	1.5
διακρίσεις	-1.5
διακωμωδεί	-1.5
διαλείμματα	-1.5
διαμάντι	1.5
διαμάχη	-1.5
διαμέτρου	-1.5
διαμαρτυρία	-1.5
διαμαρτυρίες	-1.5
διαμαρτύρονται	-1.5
διαμαρτύρονταν	-1.5
διαμετρικά	-1.5
διαπάλη	-1.5
διαπρεπής	1.5
διαρκής	1.5
διαρροές	-1.5
διαρροή	-1.5
διασκέδαση	1.5
διασπούν	-1.5
διαστρέβλωση	-1.5
διαστροφή	-1.5
διατάραξη	-1.5
διαταράσσουν	-1.5
διαταραγμένη	-1.5
διαταραχή	-1.5
διαταραχθεί	-1.5
διατηρήσει	1.5
διατριβή	-1.5
διαυγής	1.5
διαφανής	1.5
διαφθείρει	-1.5
διαφθορά	-1.5
διαφοροποιημένη	1.5
διαφωνία	-1.5
διαφωνεί	-1.5
διαφωνώ	-1.5
διαφωνώντας	-1.5
διαφώνησε	-1.5
διαφώτιση	1.5
διεγείρει	1.5
διευκολύνει	1.5
διευκολύνουν	1.5
διεφθαρμένος	-1.5
δικαίωμα	1.5
δικαιολογία	-1.5
δικαιολογίες	-1.5
δικαιοσύνη	1.5
δικαιούχος	1.5
δικαιωματικά	1.5
δικτάτορας	-1.5
διορθώνω	1.5
διορθώσει	1.5
διπλωματικός	1.5
διστακτικά	-1.5
διστακτικός	-1.5
διχόνοια	-1.5
διωγμός	-1.5
διόδια	-1.5
διόρθωση	1.5
διύλιση	1.5
δοκιμασία	-1.5
δοκιμαστεί	-1.5
δολιοφθορά	-1.5
δολοφονία	-1.5
δολοφόνος	-1.5
δονείται	-1.5
δουλεία	-1.5
δουλειά	1.5
δοχείο	-1.5
δούλος	-1.5
δραπέτης	-1.5
δραστικά	-1.5
δριμύτητα	-1.5
δυναμικός	1.5
δυνατά	-1.5
δυσαρέσκεια	-1.5
δυσαρέστησε	-1.5
δυσαρεστημένος	-1.5
δυσκολία	-1.5
δυσκολίες	-1.5
δυσκολότερο	1.5
δυσλειτουργίες	-1.5
δυσμένεια	-1.5
δυσμενής	-1.5
δυσπιστία	-1.5
δυστυχία	-1.5
δυστυχώς	-1.5
δυστύχημα	-1.5
δυσφήμηση	-1.5
δυσφήμιση	-1.5
δυσφορία	-1.5
δωρεάν	1.5
δωροδοκία	-1.5
δόλια	-1.5
δόλωμα	-1.5
δόνηση	-1.5
δόνησης	-1.5
δόξα	1.5
δύσκολο	-1.5
δύσκολος	-1.5
δύσπιστος	-1.5
δώρο	1.5
είδωλο	1.5
εγγύηση	1.5
εγκάρδια	1.5
εγκαίνια	1.5
εγκαύματα	-1.5
εγκληματίας	-1.5
εγκληματικότητα	-1.5
εγκρίθηκε	1.5
εγωισμός	1.5
ειδική	1.5
ειδωλολάτρης	-1.5
ειλικρίνεια	1.5
ειλικρινά	1.5
ειλικρινής	1.5
ειρήνη	1.5
ειρηνικά	1.5
ειρηνικός	1.5
ειρωνεία	-1.5
εισαγωγή	1.5
εισβολής	-1.5
εισφορά	1.5
εισχώρηση	-1.5
εκδίκηση	-1.5
εκδικηθεί	-1.5
εκκεντρικός	-1.5
εκκρεμή	1.5
εκμετάλλευση	-1.5
εκμεταλλεύονται	-1.5
εκμηδένιση	-1.5
εκπλήρωση	1.5
εκπληκτικά	1.5
εκπληκτικός	1.5
εκρήξεις	-1.5
εκραγεί	-1.5
εκρηκτικός	-1.5
εκτενής	-1.5
εκτιμά	1.5
εκτιμηθεί	1.5
εκτιμώ	1.5
εκτοπισμένοι	-1.5
εκφοβισμό	-1.5
εκφοβισμός	-1.5
εκφυλισμός	-1.5
εκχώρηση	-1.5
ελάττωμα	-1.5
ελαστικός	1.5
ελαττωματική	-1.5
ελαττώματα	-1.5
ελευθερία	1.5
ελευθερίες	1.5
ελευθερώσει	1.5
ελεύθερος	1.5
ελκυστική	-1.5
ελκυστικό	1.5
ελλείψεις	-1.5
ελλιπής	-1.5
εμβόλιο	-1.5
εμμονές	1.5
εμμονή	1.5
εμπάθεια	-1.5
εμπιστοσύνη	1.5
εμπλακεί	-1.5
εμπλουτίζουν	1.5
εμπνέει	1.5
εμπνευστής	-1.5
εμπνεύσει	1.5
εμποδίζονται	-1.5
εμποδίζουν	-1.5
εμπόδιο	-1.5
εμπόλεμη	-1.5
εμφανώς	-1.5
εμφατικά	-1.5
ενάντιος	-1.5
ενάρετος	1.5
ενέδρα	-1.5
ενίσχυση	1.5
εναρμόνιση	1.5
ενδιαφέρουσα	1.5
ενδιαφέρων	1.5
ενδιαφερόμενος	-1.5
ενεργητική	1.5
ενεργητικός	1.5
ενθάρρυνση	1.5
ενθουσιάζει	1.5
ενθουσιασμένος	1.5
ενθουσιασμό	1.5
ενθουσιασμός	1.5
ενισχυμένη	1.5
ενισχύει	1.5
ενοχή	-1.5
ενοχλεί	-1.5
ενοχλημένος	-1.5
ενοχλητικό	-1.5
ενσωματωθεί	1.5
εντολών	1.5
εντυπωσίασε	1.5
εντυπωσιάζει	1.5
εντυπωσιάσει	1.5
εντυπωσιακά	1.5
εντυπωσιακό	1.5
εντυπωσιακός	1.5
ενότητα	1.5
ενόχληση	-1.5
εξάλειψη	-1.5
εξάνθημα	-1.5
εξάντληση	-1.5
εξάτμιση	-1.5
εξέγερση	-1.5
εξέχων	1.5
εξίσου	1.5
εξαίσια	1.5
εξαγορά	1.5
εξαγρίωσε	-1.5
εξαιρετικά	1.5
εξαιρετικός	1.5
εξαντλημένος	-1.5
εξαπάτηση	-1.5
εξαπάτησης	-1.5
εξαπατήσει	-1.5
εξαπολύσει	-1.5
εξαρτημένος	-1.5
εξασφαλίζοντας	1.5
εξατμίσεις	-1.5
εξατομικευμένη	1.5
εξελιγμένα	1.5
εξομολόγηση	-1.5
εξορία	-1.5
εξορίσει	-1.5
εξοργισμένος	-1.5
εξτρεμιστές	-1.5
εξυπνάδα	1.5
εξωτερικός	-1.5
εξόγκωμα	-1.5
εξόντωση	-1.5
εξόργισε	-1.5
εξόριστος	-1.5
εξύψωση	1.5
εξώγαμο	-1.5
εορτασμός	1.5
εορταστική	1.5
επέκρινε	-1.5
επέπληξε	-1.5
επίβλεψη	-1.5
επίδομα	1.5
επίθεση	-1.5
επίμαχες	-1.5
επίμονος	1.5
επίπληξη	-1.5
επίπονες	-1.5
επίσημος	1.5
επίτευγμα	1.5
επαγρύπνηση	1.5
επαληθεύσιμα	1.5
επανάσταση	1.5
επανέλθει	-1.5
επαναλαμβανόμενες	-1.5
επαναστατικός	1.5
επαναφέρω	1.5
επαρκής	1.5
επαρκώς	1.5
επείγον	-1.5
επευφημίες	1.5
επιβάλλουν	-1.5
επιβίωση	1.5
επιβεβαίωση	1.5
επιβλαβής	-1.5
επιβολή	-1.5
επιδέξια	1.5
επιδέξιος	1.5
επιδέχονται	1.5
επιδείνωση	-1.5
επιδεινωθεί	-1.5
επιδεινώσει	-1.5
επιδεξιότητα	1.5
επιδημία	-1.5
επιδότηση	1.5
επιείκεια	1.5
επιεικής	1.5
επιζών	1.5
επιθέσεις	-1.5
επιθετικά	-1.5
επιθετικός	-1.5
επιθετικότητα	-1.5
επιθυμητός	1.5
επιθυμώντας	1.5
επικίνδυνος	-1.5
επικερδής	1.5
επικρίνοντας	-1.5
επικρίσεις	-1.5
επικριτές	-1.5
επικριτής	-1.5
επικύρωσε	1.5
επιμέλεια	1.5
επιμένω	1.5
επιμελής	1.5
επιμελώς	1.5
επιμονή	1.5
επιπλοκές	1.5
επιπλοκή	-1.5
επιπόλαια	1.5
επιστροφή	1.5
επισφαλής	-1.5
επιτεύγματα	1.5
επιτιθέμενος	-1.5
επιτρέπεται	1.5
επιτυγχάνει	1.5
επιτυγχάνεται	1.5
επιτυχής	1.5
επιτυχία	1.5
επιτυχίες	1.5
επιτυχώς	1.5
επιφανής	1.5
επιφανειακά	-1.5
επιφανειακή	-1.5
επιφυλάξεις	-1.5
επιφυλακτική	-1.5
επιφυλακτικός	-1.5
επλήγησαν	-1.5
ερήμωση	-1.5
εραστής	1.5
εργάστηκε	1.5
εργασία	1.5
εργατικός	1.5
εργοστάσιο	1.5
ερείπια	-1.5
ερείπιο	-1.5
ερεθισμός	-1.5
ερειπωμένο	-1.5
ερειπωμένος	-1.5
ερημίτης	-1.5
ερημιά	-1.5
ερωμένη	1.5
εσφαλμένα	-1.5
εσφαλμένη	-1.5
ετοιμοθάνατος	-1.5
ευέλικτο	1.5
ευέλικτος	1.5
ευγένεια	1.5
ευγενής	1.5
ευγενικά	1.5
ευγενικός	1.5
ευγλωττία	1.5
ευγνωμοσύνη	1.5
ευγνώμων	1.5
ευδαιμονία	1.5
ευδοκιμούν	1.5
ευεργέτης	1.5
ευημερία	1.5
ευημερούσα	1.5
ευθύνη	-1.5
ευθύτητα	1.5
ευκαμψία	1.5
ευκινησία	1.5
ευκολία	1.5
ευκολότερη	1.5
ευκολότερος	1.5
ευλάβεια	1.5
ευλογία	1.5
ευμάρεια	1.5
ευνοείται	1.5
ευνοούμενος	1.5
ευνοούν	1.5
ευνοϊκός	1.5
ευπρόσδεκτος	1.5
ευρύς	1.5
ευρύχωρο	1.5
ευσέβεια	1.5
ευσεβής	1.5
ευστροφία	1.5
ευτυχής	1.5
ευτυχία	1.5
ευτυχισμένος	1.5
ευτυχώς	1.5
ευφορία	1.5
ευφορίας	1.5
ευφράδεια	1.5
ευφυΐα	1.5
ευφυής	1.5
ευφυία	1.5
ευχάριστα	1.5
ευχάριστο	1.5
ευχάριστος	1.5
ευχαρίστηση	1.5
ευχαρίστως	1.5
ευχαριστεί	1.5
ευχαριστημένος	1.5
ευχαριστώ	1.5
εφαρμόσιμη	1.5
εφιάλτης	-1.5
εφικτό	1.5
εφικτός	1.5
εχθρικός	-1.5
εχθροπραξιών	-1.5
εχθρούς	-1.5
εχθρός	-1.5
εχθρότητα	-1.5
εύθραυστο	-1.5
εύκολος	1.5
εύνοια	1.5
εύπορος	1.5
εύρυθμη	1.5
ζάρι	-1.5
ζάρια	-1.5
ζήλια	-1.5
ζήλο	-1.5
ζήλος	1.5
ζήτημα	-1.5
ζενίθ	1.5
ζεστασιά	1.5
ζεστός	1.5
ζημία	-1.5
ζημιά	-1.5
ζητιάνος	-1.5
ζοφερή	-1.5
ζωντάνια	1.5
ζωντανός	1.5
ζόμπι	-1.5
ζώο	-1.5
ηγεμονία	-1.5
ηδονή	1.5
ηθική	1.5
ηθικός	1.5
ηλίθιος	-1.5
ημικρανία	-1.5
ημιτελής	-1.5
ηρεμία	1.5
ηρωίδα	1.5
ηρωικά	1.5
ησυχία	1.5
ηττημένος	-1.5
ηχηρό	1.5
θάνατος	-1.5
θάρρος	1.5
θέα	-1.5
θέληση	1.5
θέλω	1.5
θέμα	-1.5
θέματα	-1.5
θέρμη	1.5
θήραμα	-1.5
θίγει	-1.5
θανάσιμα	-1.5
θανάτωση	-1.5
θανατηφόρος	-1.5
θαρραλέα	1.5
θαρραλέος	1.5
θαυμάζοντας	1.5
θαυμάσια	1.5
θαυμασμός	1.5
θαυμαστής	1.5
θαυμαστός	1.5
θαυματουργός	1.5
θαύμα	1.5
θαύματα	1.5
θείος	1.5
θεαματικά	1.5
θεαματική	1.5
θεαματικότητα	1.5
θεολόγος	1.5
θεραπεία	1.5
θερμά	1.5
θερμός	1.5
θερμότερος	1.5
θετικά	1.5
θετικός	1.5
θεωρώ	1.5
θεϊκά	1.5
θεϊκός	1.5
θηρίο	-1.5
θηριωδία	-1.5
θηριωδίες	-1.5
θλίψη	-1.5
θλιβερά	-1.5
θορυβώδης	-1.5
θορύβους	-1.5
θράσος	-1.5
θρέψει	1.5
θρήνος	-1.5
θρίαμβος	1.5
θραύσματα	-1.5
θρυλικός	1.5
θυελλώδης	-1.5
θυμίαμα	-1.5
θυμωμένος	-1.5
θυμός	-1.5
θυσιάστηκαν	-1.5
θόρυβος	-1.5
θύελλα	-1.5
θύμα	-1.5
ιδανικά	1.5
ιδανικό	1.5
ιδανικός	1.5
ιδεώδες	1.5
ιδιαίτερα	1.5
ιδιοκτήτης	-1.5
ιδιοσυγκρασία	-1.5
ιδιοτέλεια	-1.5
ιδιοφυία	1.5
ιδιόκτητο	-1.5
ιδιώτης	-1.5
ικανοποίηση	1.5
ικανοποιεί	1.5
ικανοποιημένος	-1.5
ικανοποιητικά	1.5
ικανοποιητικός	1.5
ικανοποιούν	1.5
ικανός	1.5
ικανότητα	1.5
ιμπεριαλιστική	-1.5
ιππέας	-1.5
ισορροπία	1.5
ισχυρίζονται	-1.5
ισχυρισμούς	-1.5
ισχυρισμός	-1.5
ισχυρός	1.5
ισχυρότερη	1.5
ισόρροπη	1.5
ιός	-1.5
κάθειρξη	-1.5
κάλλιστα	1.5
κάπνισμα	-1.5
κάταγμα	-1.5
κάψιμο	-1.5
κέρδη	1.5
κέρδισε	1.5
κέρδος	1.5
κίνδυνος	-1.5
κίνητρα	1.5
καίγεται	-1.5
καθαρά	1.5
καθαρίζει	1.5
καθαρισμό	1.5
καθαριότητα	1.5
καθαρός	1.5
καθησυχάσει	1.5
καθισμένος	-1.5
καθυστέρηση	-1.5
καθυστερήσεις	-1.5
καθυστερημένος	-1.5
καθώς	1.5
καινοτομία	1.5
καινοτόμες	1.5
καινοτόμος	1.5
κακά	-1.5
κακία	-1.5
κακοήθη	-1.5
κακοήθης	-1.5
κακομεταχείριση	-1.5
κακοποίηση	-1.5
κακοποιούς	-1.5
κακοποιός	-1.5
κακουχίες	-1.5
κακό	-1.5
κακόβουλα	-1.5
κακόβουλο	-1.5
κακόβουλος	-1.5
κακός	-1.5
κακώς	-1.5
καλά	1.5
καλλιεργώντας	1.5
καλλονή	1.5
καλοήθης	1.5
καλοσύνη	1.5
καλούπι	-1.5
καλυτέρευση	1.5
καλωσόρισμα	1.5
καλόγερος	-1.5
καλός	1.5
καλύτερα	1.5
καλύτερο	1.5
καλύτερος	1.5
καλώ	1.5
καλώς	1.5
καμάκι	-1.5
καπετάνιος	1.5
καπνός	-1.5
καραμέλα	1.5
καρικατούρα	-1.5
καρκίνος	-1.5
καρχαρίας	-1.5
κατάθλιψη	-1.5
κατάλληλος	1.5
κατάπνιξη	-1.5
κατάπτωση	-1.5
κατάρα	-1.5
κατάρες	-1.5
κατάρρευση	-1.5
κατάσβεση	-1.5
κατάσταση	-1.5
κατάφωρα	-1.5
κατάχρηση	-1.5
κατήχηση	-1.5
καταβύθιση	-1.5
καταγγέλλει	-1.5
καταγγείλει	-1.5
καταγγελία	-1.5
καταγγελίες	-1.5
καταδίκασε	-1.5
καταδίκη	-1.5
καταδίωξη	-1.5
καταδικάζει	-1.5
καταδικασμένος	-1.5
καταδιώκουν	-1.5
καταθλιπτικό	-1.5
καταιγίδα	-1.5
κατακλυσμός	-1.5
κατακλύζουν	-1.5
κατακραυγή	-1.5
καταλαβαίνω	1.5
κατανοητός	1.5
κατανόηση	1.5
καταπάτηση	-1.5
καταπίεση	-1.5
καταπιεστική	-1.5
καταπληκτικά	1.5
καταπληκτική	1.5
καταπόνηση	-1.5
καταργήσει	-1.5
κατασκεύασμα	-1.5
καταστέλλουν	-1.5
καταστολή	-1.5
καταστρέφοντας	-1.5
καταστρέφουν	-1.5
καταστρέψει	-1.5
καταστραφεί	-1.5
καταστροφές	-1.5
καταστροφή	-1.5
καταστροφικά	-1.5
καταστροφικές	-1.5
καταστροφική	-1.5
καταστροφικός	-1.5
καταφατική	1.5
καταχρήσεις	-1.5
καταχρηστική	-1.5
κατεστραμμένη	-1.5
κατεστραμμένο	-1.5
κατηγορία	-1.5
κατηγορίες	-1.5
κατηγορεί	-1.5
κατηγορηματικά	-1.5
κατηγορηματικός	-1.5
κατηγορώ	-1.5
κατηγορώντας	-1.5
κατολίσθηση	-1.5
κατόρθωμα	1.5
κατώτερος	-1.5
καυγάδες	-1.5
καυγάς	-1.5
καυστικό	-1.5
καυτό	1.5
καχυποψία	-1.5
καύση	-1.5
κενά	-1.5
κεντρικός	1.5
κενό	-1.5
κενός	-1.5
κεραία	1.5
κερδίζει	1.5
κηλίδα	-1.5
κιγκλίδωμα	-1.5
κινδύνους	-1.5
κινούν	-1.5
κλήσεις	-1.5
κλήση	-1.5
κλίκα	-1.5
κλίση	-1.5
κλαίω	-1.5
κλαπεί	-1.5
κλασσικός	1.5
κλεψίματα	-1.5
κλοπή	-1.5
κοίλωμα	-1.5
κοινωνικός	1.5
κοινός	-1.5
κοκκώδη	-1.5
κολλήσει	-1.5
κομψά	1.5
κομψή	1.5
κομψός	1.5
κομψότητα	1.5
κοροϊδεύει	-1.5
κορυφές	1.5
κορυφή	1.5
κουράγιο	1.5
κουρασμένοι	-1.5
κουρασμένος	-1.5
κουραστική	-1.5
κούραση	-1.5
κρέμασμα	-1.5
κρέμεται	-1.5
κρέμονται	-1.5
κρίμα	-1.5
κρίση	-1.5
κρίσιμος	-1.5
κρατούμενος	-1.5
κραυγή	-1.5
κρεμασμένα	-1.5
κριτική	-1.5
κριτικός	-1.5
κρυολόγημα	-1.5
κρυπτογράφησης	-1.5
κρυφός	-1.5
κρύο	-1.5
κρύος	-1.5
κτήνος	-1.5
κυνικός	-1.5
κυπρίνος	-1.5
κυρία	-1.5
κυρίαρχος	1.5
κυριαρχία	1.5
κυριαρχεί	1.5
κυριαρχείται	1.5
κυριαρχούν	1.5
κωδικοποιημένα	-1.5
κόλαση	-1.5
κόλπο	-1.5
κόμπους	-1.5
κόπος	-1.5
κόσμημα	1.5
κύβοι	-1.5
κύβος	-1.5
κύριος	1.5
κύρος	1.5
κύρους	1.5
κύρωση	-1.5
κώλυμα	-1.5
λάθη	-1.5
λάθος	-1.5
λάκκος	-1.5
λάμψη	1.5
λάσπη	-1.5
λάτρευε	1.5
λάτρης	1.5
λάφυρα	-1.5
λάφυρο	-1.5
λήγουν	-1.5
λήθαργος	-1.5
λήξει	-1.5
λήξη	1.5
λίπος	-1.5
λαμπρός	1.5
λαμπρότητα	1.5
λανθάνουσα	-1.5
λανθασμένα	-1.5
λανθασμένος	-1.5
λατρεύεται	1.5
λατρεύονται	1.5
λαχτάρα	-1.5
λεία	-1.5
λείος	1.5
λείπει	-1.5
λεηλασία	-1.5
λεκάνη	-1.5
λεκέδες	-1.5
λεμόνι	-1.5
λεπίδα	-1.5
λεπτός	1.5
λεπτότερα	1.5
λεπτότητα	1.5
λιβάνι	-1.5
λιμάνι	-1.5
λιμάνια	-1.5
λιμός	-1.5
λιπαρά	-1.5
λιποθυμία	-1.5
λιποταξία	-1.5
λιτότητα	1.5
λοίμωξη	-1.5
λογικός	1.5
λογομαχία	-1.5
λοιμώξεις	-1.5
λοιπόν	1.5
λυπημένος	-1.5
λυπηρό	-1.5
λυρικός	1.5
λόγων	-1.5
λύκαινα	-1.5
λύπη	-1.5
λύτρωση	1.5
μάντρα	-1.5
μάστιγα	-1.5
μάταια	-1.5
μέθη	-1.5
μέθυσος	-1.5
μέτριος	-1.5
μήνυσε	-1.5
μίσθωσης	-1.5
μίσος	-1.5
μαίνεται	-1.5
μαγεία	1.5
μαγεμένο	1.5
μαγευτική	1.5
μαγικός	1.5
μαεστρία	1.5
μαλακός	1.5
μανιωδώς	-1.5
μανιώδης	-1.5
μαριονέτα	-1.5
μαριονέτες	-1.5
μαρμελάδα	-1.5
μαρτύριο	-1.5
μαστίγια	-1.5
μαστίγιο	-1.5
ματ	-1.5
ματαίωση	-1.5
ματαιοδοξία	-1.5
ματαιώθηκε	-1.5
ματαιώσει	-1.5
μαχαίρι	-1.5
μαχητικός	-1.5
μείωση	-1.5
μεγάλος	1.5
μεγέθους	-1.5
μεγαλείο	1.5
μεγαλοπρέπεια	1.5
μεγαλοπρεπής	1.5
μεγαλύτερη	1.5
μεθυσμένος	-1.5
μεθύσι	-1.5
μειονέκτημα	-1.5
μειονεκτήματα	-1.5
μειώνεται	-1.5
μειώσεις	-1.5
μελαγχολία	-1.5
μελαγχολικός	-1.5
μεροληψία	-1.5
μεταβλητότητα	-1.5
μεταμέλεια	-1.5
μεταρρυθμίσεις	1.5
μεταρρύθμιση	1.5
μεταστροφή	-1.5
μετασχηματισμός	1.5
μετριοπάθεια	1.5
μετριότητα	-1.5
μηδέν	-1.5
μηνύσει	-1.5
μιγαδικός	-1.5
μιζέρια	-1.5
μικτός	-1.5
μισαλλοδοξία	-1.5
μισεί	-1.5
μισητός	-1.5
μισός	-1.5
μνημειώδης	1.5
μοίρα	-1.5
μολυνθεί	-1.5
μολυσμένα	-1.5
μολυσμένο	-1.5
μολύβι	1.5
μολύνουν	-1.5
μομφή	-1.5
μονάδα	1.5
μοναδικότητα	-1.5
μοναξιά	-1.5
μοναχικός	-1.5
μονοτονία	-1.5
μορφωμένος	1.5
μοχθηρός	-1.5
μπάζα	-1.5
μπέρδεμα	-1.5
μπαλαντέρ	-1.5
μπαμ	1.5
μπαστούνι	-1.5
μπελάς	-1.5
μπερδεμένη	-1.5
μπουντρούμια	-1.5
μποϋκοτάζ	-1.5
μπροστά	1.5
μπόνους	1.5
μυθικός	1.5
μυθιστόρημα	-1.5
μυρωδιά	-1.5
μυστήριο	-1.5
μυστηριωδώς	-1.5
μυστηριώδης	-1.5
μυστικός	-1.5
μόδας	1.5
μόλις	-1.5
μόλυβδος	1.5
μόλυνση	-1.5
μόνωση	-1.5
μόχλευση	1.5
μύθος	-1.5
νάνος	-1.5
νάρκη	-1.5
νέφος	-1.5
νίκη	1.5
νίκησε	1.5
ναΐφ	-1.5
ναρκωτικό	-1.5
ναυάγιο	-1.5
νεκροί	-1.5
νεκρός	-1.5
νευρικά	-1.5
νευρικός	-1.5
νευρικότητα	-1.5
νηστεία	1.5
νικήτρια	1.5
νικητές	1.5
νικητής	1.5
νικηφόρος	1.5
νικώντας	1.5
νοημοσύνη	1.5
νομίμως	1.5
ντροπή	-1.5
ντροπαλός	-1.5
νωθρότητα	-1.5
νόημα	1.5
νόθο	-1.5
νόθος	-1.5
νόμιμος	1.5
νόσημα	-1.5
νόσος	-1.5
νόστιμα	1.5
νύχια	-1.5
ξένος	-1.5
ξέσπασμα	-1.5
ξαφνικός	-1.5
ξεγέλασε	-1.5
ξεκάθαρος	1.5
ξεπέρασε	1.5
ξεπεράσει	1.5
ξεπερασμένη	-1.5
ξεπερασμένος	-1.5
ξεπεραστεί	1.5
ξεσπάσματα	-1.5
ξηρασία	-1.5
ξινή	-1.5
ξόανο	-1.5
ογκώδης	-1.5
οδήγησε	1.5
οδηγήσει	1.5
οδηγία	1.5
οδηγεί	1.5
οδοντωτός	-1.5
οδοφράγματα	-1.5
οδυνηρό	-1.5
οικείος	1.5
οικειοθελώς	1.5
οικειότητα	1.5
οικονομίες	1.5
οικονομικός	1.5
οικτρά	-1.5
οικόπεδο	-1.5
ολοκλήρωμα	1.5
ολοκληρωμένος	1.5
ολοκληρωτικός	-1.5
ολοκληρώσει	1.5
ολόκληρος	1.5
ομίχλη	-1.5
ομαλά	1.5
ομαλή	1.5
ομαλός	1.5
ομοίωμα	-1.5
ομολογία	-1.5
ομολογίες	-1.5
ομολογώ	-1.5
ομορφιά	1.5
ομοφυλόφιλος	-1.5
οξυδερκής	1.5
οξύθυμος	-1.5
οξύς	1.5
οπές	-1.5
οπή	-1.5
οπίσθιος	-1.5
οπαδός	-1.5
οπισθοδρόμηση	-1.5
οπισθοχώρηση	-1.5
οραματιστής	1.5
οργή	-1.5
ορθά	1.5
ορθός	1.5
ορθότητα	1.5
ορθώς	1.5
οριακά	-1.5
ορμητικός	-1.5
ορφανό	-1.5
ορφανός	-1.5
οσμή	-1.5
ουλές	-1.5
ουλή	-1.5
ουράνια	1.5
ουράνιος	1.5
ουρανός	1.5
ουσιαστικό	1.5
ουσιαστικός	1.5
οφέλη	1.5
οφθαλμαπάτη	-1.5
οχιά	-1.5
πάγος	-1.5
πάγωμα	-1.5
πάγωσε	-1.5
πάθη	1.5
πάθος	1.5
πάλη	-1.5
πάσχοντες	-1.5
πάσχουν	-1.5
πάσχων	-1.5
πάτωμα	-1.5
πάχνη	-1.5
πάχος	-1.5
πέναλτι	-1.5
πένθος	-1.5
πέσει	-1.5
πέτυχε	1.5
πήδημα	-1.5
πίκρα	-1.5
πίστη	1.5
πίσω	-1.5
παγίδα	-1.5
παγίδευση	-1.5
παγετός	-1.5
παγωμένος	-1.5
παγωνιά	-1.5
παγώνει	-1.5
παζάρι	1.5
παθητική	-1.5
παθητικός	-1.5
παθιασμένος	1.5
παιδικός	-1.5
παλούκι	-1.5
πανικός	-1.5
πανοραμική	1.5
πανούκλα	-1.5
πανούργος	-1.5
πανωλεθρία	-1.5
πανώλη	-1.5
πανώλης	-1.5
παράβαση	-1.5
παράδεισος	1.5
παράδοξα	-1.5
παράδοση	-1.5
παράλειψη	-1.5
παράλογα	-1.5
παράνοια	-1.5
παράνομα	-1.5
παράνομη	-1.5
παράνομος	-1.5
παράξενα	-1.5
παράξενος	-1.5
παράπονα	-1.5
παράπονο	-1.5
παράπτωμα	-1.5
παράσιτο	-1.5
παράστημα	1.5
παράταση	1.5
παρέκκλιση	-1.5
παρέμβαση	-1.5
παρέμβει	-1.5
παραίτηση	-1.5
παραβάσεις	-1.5
παραβάτες	-1.5
παραβάτης	-1.5
παραβίαση	-1.5
παραβιάζουν	-1.5
παραγραφή	-1.5
παραγωγικά	1.5
παραγωγικός	1.5
παραδέχθηκε	-1.5
παραδόξως	-1.5
παραιτήθηκε	-1.5
παρακίνηση	1.5
παρακείμενος	1.5
παρακμή	-1.5
παραλήρημα	-1.5
παραλείποντας	-1.5
παραλείπουν	-1.5
παραλύσει	-1.5
παραμέληση	-1.5
παραμορφωμένη	-1.5
παραμόρφωση	-1.5
παραμύθι	-1.5
παρανοήσεις	-1.5
παρανοϊκός	-1.5
παρανόηση	-1.5
παραπλανήσει	-1.5
παραπλανητικά	-1.5
παραπλανητικές	-1.5
παραπλανητική	-1.5
παραποίηση	-1.5
παραπονέθηκε	-1.5
παραπόταμος	1.5
παρασίτων	-1.5
παραφροσύνη	-1.5
παραχωρήσεις	-1.5
παρεμβαίνει	-1.5
παρεμβαίνουν	-1.5
παρεμβολή	-1.5
παρεμποδίζεται	-1.5
παρεμποδίζουν	-1.5
παρεμπόδιση	-1.5
παρενοχλούν	-1.5
παρενόχληση	-1.5
παρεξήγηση	-1.5
παρηγοριά	1.5
παρωδία	-1.5
παρότρυνση	1.5
πατ	-1.5
πατριώτης	1.5
παχύς	-1.5
παχύσαρκος	-1.5
παχύτερο	-1.5
πείνα	-1.5
πείσμα	-1.5
πεθαίνει	-1.5
πειστικά	1.5
πειστική	-1.5
πειστικός	1.5
πεπρωμένο	1.5
περίεργος	-1.5
περίπλοκος	-1.5
περίφημα	1.5
περίφημος	1.5
περιεκτική	1.5
περιορίσει	-1.5
περιορισμένη	-1.5
περιορισμένος	-1.5
περιορισμοί	-1.5
περιορισμός	-1.5
περιοριστική	-1.5
περιοριστικός	-1.5
περιουσία	1.5
περιπετειώδη	1.5
περιπετειώδης	-1.5
περιπλανώμενος	-1.5
περιττό	-1.5
περιττός	-1.5
πετυχημένος	1.5
πετύχει	1.5
πηγάδι	1.5
πικρά	-1.5
πικρία	-1.5
πιστά	1.5
πιστός	1.5
πιστότητα	1.5
πλάγιος	-1.5
πλάνες	-1.5
πλάνη	-1.5
πλήγμα	-1.5
πλήρης	-1.5
πλήρως	1.5
πλαγίως	-1.5
πλανόδιος	-1.5
πλασματικός	-1.5
πλεονέκτημα	1.5
πλεονεκτήματα	1.5
πληγές	-1.5
πληγή	-1.5
πληγώνει	-1.5
πλημμυρίζουν	-1.5
πληροφορία	1.5
πλοίαρχος	1.5
πλοκή	-1.5
πλουσιοπάροχα	1.5
πλουσιότερη	1.5
πλούσιος	1.5
πλούτος	1.5
πλωτός	1.5
πνίξει	-1.5
πνευματικός	1.5
πνευματώδης	1.5
πνιγμό	-1.5
ποιητικός	1.5
ποικιλία	1.5
ποινή	-1.5
πολεμικός	-1.5
πολιορκία	-1.5
πολυμήχανος	1.5
πολυμαθής	1.5
πολυτέλεια	1.5
πολυτελής	1.5
πολύ	1.5
πολύτιμος	1.5
πονάει	-1.5
πονηρός	-1.5
πονοκέφαλος	-1.5
πονοκεφάλους	-1.5
ποτό	-1.5
πράος	1.5
πρήξιμο	-1.5
πραγματικός	1.5
πρακτικός	1.5
προβάδισμα	1.5
προβλήματα	-1.5
προβληματικός	-1.5
προβοκάτσια	-1.5
προβολής	1.5
προδίδει	-1.5
προδίδουν	-1.5
προδοσία	-1.5
προδότης	-1.5
προειδοποίησε	-1.5
προειδοποίηση	-1.5
προεξέχων	1.5
προεξοχή	1.5
προηγμένες	1.5
προθυμία	1.5
προικισμένος	1.5
προκάλεσε	-1.5
προκαλούν	-1.5
προκαλώ	-1.5
προκατάληψη	-1.5
προκαταλήψεις	-1.5
προκλητικά	-1.5
προκλητικός	-1.5
προκοπή	1.5
προληπτικό	-1.5
προληπτικός	-1.5
προνομιούχος	1.5
προνόμιο	1.5
προοίμιο	1.5
προοδευτικός	1.5
προπαγάνδα	-1.5
προσέγγιση	1.5
προσαρμοστική	1.5
προσβάλλουν	-1.5
προσβάσιμο	1.5
προσβεβλημένος	-1.5
προσβολή	-1.5
προσεκτικός	1.5
προσελκύονται	1.5
προσιτή	1.5
προσιτός	1.5
προσκρούσεις	-1.5
προσοχή	-1.5
προσπέρασε	1.5
προσπαθώ	1.5
προσπεράσει	1.5
προστασία	1.5
προστατευτικός	1.5
προσφέρω	1.5
προσφιλής	1.5
προσφορά	1.5
προσωπικότητα	1.5
προσωρινός	-1.5
προτιμά	1.5
προτιμώ	1.5
προτιμώντας	1.5
προτομές	-1.5
προτομή	-1.5
προτροπή	1.5
προχωρώ	1.5
πρωθυπουργός	1.5
πρωταθλητής	1.5
πρωτοποριακή	1.5
πρωτοποριακός	1.5
πρωτοτυπία	1.5
πρωτόγονος	-1.5
πρωτότυπο	1.5
πρόβλεψη	1.5
πρόβλημα	-1.5
πρόθυμα	1.5
πρόθυμος	1.5
πρόκληση	-1.5
πρόνοια	1.5
πρόοδος	1.5
πρόσκρουση	-1.5
πρόσφατος	1.5
πρόσχημα	-1.5
πρόσωπα	1.5
πρόταση	1.5
πρότυπο	1.5
πρόωρος	-1.5
πρύμνη	-1.5
πτυχή	-1.5
πτώσεις	-1.5
πτώση	-1.5
πτώχευση	-1.5
πυρετός	-1.5
πόλωση	-1.5
πόνοι	-1.5
πόνος	-1.5
πόνους	-1.5
πόρνη	-1.5
πόρπη	-1.5
ράγα	-1.5
ρήξεις	-1.5
ρήξη	-1.5
ρίζα	-1.5
ρίζες	-1.5
ρατσισμός	-1.5
ρατσιστής	-1.5
ρεαλιστικό	-1.5
ρεαλιστικός	1.5
ρελαντί	-1.5
ρητορική	-1.5
ριζικά	-1.5
ριζοσπαστικός	-1.5
ρομαντικός	1.5
ρυτίδες	-1.5
ρωγμές	-1.5
ρωγμή	-1.5
σάβανο	-1.5
σάκος	-1.5
σάλπιγγα	1.5
σέβομαι	1.5
σέξι	1.5
σέρνει	-1.5
σέρνεται	-1.5
σίγουρα	-1.5
σαμποτάζ	-1.5
σαν	1.5
σατιρικά	-1.5
σαφήνεια	1.5
σαφής	1.5
σαφώς	1.5
σβηστεί	-1.5
σβούρα	1.5
σεβασμός	1.5
σεμνός	1.5
σεμνότητα	1.5
σημαίας	-1.5
σημαντικά	1.5
σημαντικό	1.5
σημαντικός	1.5
σθένος	1.5
σθεναρά	1.5
σιγά	-1.5
σιδηροδρομικών	-1.5
σιωπηλός	1.5
σκάνδαλα	-1.5
σκάνδαλο	-1.5
σκανδαλώδης	-1.5
σκαρφάλωμα	-1.5
σκελετούς	-1.5
σκελετός	-1.5
σκεπτικισμός	-1.5
σκεπτικός	-1.5
σκηνοθετημένη	-1.5
σκλάβα	-1.5
σκλάβοι	-1.5
σκλάβος	-1.5
σκλαβιά	-1.5
σκληρά	-1.5
σκληρή	-1.5
σκληρότερη	1.5
σκληρότητα	-1.5
σκοτάδι	-1.5
σκοτεινός	-1.5
σκοτώνει	-1.5
σκοτώσει	-1.5
σκουπίδια	-1.5
σκουριά	-1.5
σκούπισμα	1.5
σκόνη	-1.5
σκότωσε	-1.5
σμήνος	-1.5
σοβαρά	-1.5
σοβαρή	-1.5
σοβαρότητα	-1.5
σοκ	-1.5
σουρεαλιστικό	1.5
σοφία	1.5
σοφός	1.5
σούπερ	1.5
σούρουπο	-1.5
σπάνιος	-1.5
σπάσιμο	-1.5
σπήλαιο	-1.5
σπατάλη	-1.5
σπηλιά	-1.5
σπορ	1.5
σπουδαίος	1.5
στάβλοι	-1.5
στάζει	-1.5
στάση	-1.5
στάσιμος	-1.5
στέκι	-1.5
στέρεο	1.5
στίγμα	-1.5
σταθερά	1.5
σταθεροποίηση	1.5
σταθερός	1.5
σταθερότερη	1.5
σταθερότητα	1.5
στασιμότητα	-1.5
στενός	-1.5
στενότερο	-1.5
στενότητα	-1.5
στερεί	-1.5
στερείται	-1.5
στερεό	1.5
στερεός	1.5
στερεότυπο	-1.5
στερηθεί	-1.5
στοιχειό	-1.5
στοργή	1.5
στραβά	-1.5
στρατηγικός	1.5
στρες	-1.5
στόμφο	-1.5
στόχαστρο	1.5
συγγένεια	1.5
συγκίνηση	1.5
συγκινήσεις	1.5
συγκλόνισε	-1.5
συγκρούσεις	-1.5
συγκρότημα	-1.5
συγνώμη	-1.5
συγχέει	-1.5
συγχέουν	-1.5
συγχαρητήρια	1.5
συγχορδία	1.5
συζητώ	1.5
συκοφαντία	-1.5
συμβατό	1.5
συμβόλαιο	1.5
συμμετοχή	1.5
συμπάθεια	1.5
συμπαγής	1.5
συμπαθής	1.5
συμπλήρωμα	1.5
συμπληρωματικός	1.5
συμπληρώνει	1.5
συμπληρώνονται	1.5
συμπτώματα	-1.5
συμπόνια	1.5
συμφέροντα	1.5
συμφιλίωση	1.5
συμφορά	-1.5
συμφορές	-1.5
συμφωνία	1.5
συμφόρηση	-1.5
συνάφεια	1.5
συνέχεια	1.5
συνήγορος	1.5
συναγερμού	-1.5
συναγωνισμός	-1.5
συναρπαστική	1.5
συναρπαστικό	1.5
συναφής	1.5
συνδεδεμένος	1.5
συνδρομή	-1.5
συνεισφορά	1.5
συνεκτική	1.5
συνεκτικός	1.5
συνεπής	1.5
συνεργατικά	1.5
συνεργατική	1.5
συνεταιρισμός	1.5
συνετρίβη	-1.5
συνετός	1.5
συνιστάται	1.5
συνουσία	-1.5
συνοχή	1.5
συντομία	-1.5
συντρίβοντας	-1.5
συντρίψει	-1.5
συντριβή	-1.5
συντριπτική	-1.5
συνωμοσία	-1.5
συνωμοσίες	-1.5
συνωμότης	-1.5
συνωστισμός	-1.5
συρρίκνωση	-1.5
συστάσεις	1.5
σφάλμα	-1.5
σφάλματα	-1.5
σφήνα	-1.5
σφαγές	-1.5
σφαγή	-1.5
σφετεριστής	-1.5
σφοδρά	-1.5
σφοδρός	-1.5
σφύριγμα	-1.5
σχάρα	-1.5
σχέση	1.5
σχισμές	-1.5
σχισμή	-1.5
σχολαστικά	1.5
σχολαστικός	-1.5
σωστά	1.5
σωστό	1.5
σωστός	1.5
σωτήρας	1.5
σύγκρουση	-1.5
σύγχιση	-1.5
σύγχρονος	1.5
σύγχυση	-1.5
σύγχυσης	-1.5
σύζυγος	1.5
σύλληψη	-1.5
σύμβαση	1.5
σύμπτωμα	-1.5
σύμπτωση	-1.5
σύμφωνο	1.5
σύμφωνος	1.5
σύνδρομο	-1.5
σύνεση	1.5
σύνθλιψη	-1.5
σύννεφο	-1.5
σύρραξη	-1.5
σύσταση	1.5
τάλαντο	1.5
τάστα	-1.5
τέλεια	1.5
τέλειος	1.5
τέλμα	-1.5
τέρας	-1.5
τέρψη	1.5
τέχνασμα	-1.5
τήξη	-1.5
τίμημα	-1.5
τίμησε	1.5
τίμιος	1.5
τίτλος	-1.5
τακτικός	1.5
ταλέντα	1.5
ταλέντο	1.5
ταλαιπωρία	-1.5
ταλαντούχος	1.5
ταμπού	-1.5
ταξινόμηση	-1.5
ταπείνωση	-1.5
ταπεινωτική	-1.5
ταπεινότητα	1.5
ταπεινώσει	-1.5
ταραγμένη	-1.5
ταραχώδης	-1.5
ταχέως	1.5
ταχεία	1.5
ταχύς	1.5
ταχύτερα	1.5
ταψί	-1.5
τελειότητα	1.5
τελεσίγραφο	-1.5
τεμπέλης	-1.5
τεράστια	1.5
τεράστιος	-1.5
τεταμένες	-1.5
τεταμένη	-1.5
τεχνάσματα	-1.5
τεύχος	-1.5
τηγάνι	-1.5
τηγανητό	-1.5
τιμή	1.5
τιμιότητα	1.5
τιμωρήσει	-1.5
τιμωρία	-1.5
τιμωρούν	-1.5
τιμωρούνται	-1.5
τιμώντας	1.5
τολμηρός	1.5
τονίζει	-1.5
τονίζω	-1.5
τονισμός	-1.5
τοξικότητα	-1.5
τρέλα	-1.5
τρίχες	-1.5
τραγικά	-1.5
τραγικός	-1.5
τραγωδία	-1.5
τραυματίσει	-1.5
τραυματιστεί	-1.5
τραχιά	-1.5
τραχύς	-1.5
τραύμα	-1.5
τρελά	-1.5
τρελός	-1.5
τριβή	-1.5
τρομακτικό	-1.5
τρομοκρατία	-1.5
τρομπέτα	1.5
τρομπετίστας	1.5
τροφή	1.5
τρυφερός	1.5
τρόμος	-1.5
τρόπαιο	1.5
τρόπος	1.5
τσίμπημα	-1.5
τσεκούρι	-1.5
τσιγάρο	-1.5
τσουκνίδα	-1.5
τυλιγμένη	-1.5
τυραννία	-1.5
τυραννικός	-1.5
τυφλός	-1.5
τυχαία	-1.5
τυχερός	1.5
τόκος	1.5
τόνος	-1.5
τόνωση	1.5
τύραννος	-1.5
τύχη	1.5
τύψεις	-1.5
υγιής	1.5
υγρός	-1.5
υπέργηρος	-1.5
υπέρμαχος	1.5
υπέροχα	1.5
υπέροχος	1.5
υπέστη	-1.5
υπαίτιος	-1.5
υπαινιγμός	-1.5
υπενθυμίζω	1.5
υπερέχει	1.5
υπερήφανος	1.5
υπερασπιστής	1.5
υπερβαίνει	1.5
υπερβαίνουν	1.5
υπερβολή	-1.5
υπερβολική	-1.5
υπερηφάνεια	1.5
υπερθέρμανση	-1.5
υπερμεγέθης	-1.5
υπεροχή	1.5
υπεύθυνα	1.5
υπεύθυνος	-1.5
υποβάθμιση	-1.5
υποβιβασμός	-1.5
υποδούλωση	-1.5
υποκίνηση	-1.5
υποκινητής	-1.5
υποκρισία	-1.5
υποκριτής	-1.5
υπομονή	1.5
υπομονετικά	1.5
υπονομεύει	-1.5
υπονοούμενο	-1.5
υπονόμευση	-1.5
υποστήριξη	1.5
υποστηρίζει	1.5
υποστηρίζονται	1.5
υποστηρίζω	1.5
υποστηρικτές	1.5
υποστηρικτής	1.5
υποστηρικτική	1.5
υποσχέθηκε	1.5
υποσχόμενος	1.5
υποτάξει	-1.5
υποταγή	-1.5
υποτακτικός	-1.5
υποτελής	-1.5
υποτιμητικά	-1.5
υποτιμητικό	-1.5
υποτροπή	-1.5
υποτυπώδης	-1.5
υποφέρει	-1.5
υποχρεωμένος	1.5
υποχώρησαν	-1.5
υποχώρησε	-1.5
υποχώρηση	-1.5
υποψία	-1.5
υποψίες	-1.5
υποψιάζομαι	-1.5
υπόδειγμα	1.5
υπόκεινται	-1.5
υπόλειμμα	-1.5
υπόνοια	-1.5
υπόσχεση	1.5
υπόσχεται	1.5
υστέρηση	-1.5
υστερία	-1.5
υστερεί	-1.5
υστερούν	-1.5
υψηλός	1.5
φάουλ	-1.5
φάρσα	-1.5
φήμες	-1.5
φήμης	1.5
φαγούρα	-1.5
φανατικούς	-1.5
φανατικός	-1.5
φανατισμός	-1.5
φανερά	1.5
φαντάζομαι	1.5
φαντασία	1.5
φανταστικός	1.5
φασίστας	-1.5
φασαρία	-1.5
φασισμός	-1.5
φαύλος	-1.5
φεύγει	-1.5
φεύγω	-1.5
φημισμένος	1.5
φθίνει	-1.5
φθηνά	-1.5
φθηνότερο	1.5
φθορά	-1.5
φιάσκο	-1.5
φιλάνθρωπος	1.5
φιλανθρωπικές	1.5
φιλικά	1.5
φιλικός	1.5
φιλοδοξία	1.5
φιλοδοξίες	1.5
φιλονικία	-1.5
φιλοξενούν	-1.5
φιλοφρόνηση	1.5
φιλόδοξος	1.5
φλεγμονή	-1.5
φλεγμονώδη	-1.5
φλογερός	1.5
φλυαρία	-1.5
φοβάμαι	-1.5
φοβάται	-1.5
φοβία	-1.5
φοβερά	-1.5
φοβισμένος	-1.5
φονιάς	-1.5
φονικό	-1.5
φορητός	1.5
φοριούνται	-1.5
φορολογία	-1.5
φορολόγηση	-1.5
φουτουριστικό	1.5
φράγμα	-1.5
φράξει	-1.5
φρέαρ	1.5
φρέσκο	1.5
φρέσκος	1.5
φρίκη	-1.5
φραγμένο	-1.5
φραγμός	-1.5
φρενίτιδα	-1.5
φρικτή	-1.5
φρουρά	-1.5
φτάνει	1.5
φταίξιμο	-1.5
φτηνά	-1.5
φτυάρι	-1.5
φτωχός	-1.5
φτωχότερες	-1.5
φτώχεια	-1.5
φυγάς	-1.5
φυγή	-1.5
φυλάκιση	-1.5
φυλακή	-1.5
φυλακισμένος	-1.5
φυλαχτό	1.5
φωτίζει	1.5
φωτεινός	1.5
φωτεινότερο	1.5
φωτεινότερος	1.5
φωτοβολίδες	-1.5
φόβοι	-1.5
φόβος	-1.5
φόνος	-1.5
χάλια	-1.5
χάνει	-1.5
χάνουν	-1.5
χάνω	-1.5
χάος	-1.5
χάρη	1.5
χάρισμα	1.5
χαίρομαι	1.5
χαιρετισμός	1.5
χαιρετώ	1.5
χαλάζι	1.5
χαλάρωση	1.5
χαλαρή	1.5
χαλαρός	-1.5
χαλαρότητα	-1.5
χαμένοι	-1.5
χαμένος	-1.5
χαμηλότερες	-1.5
χαμόγελα	1.5
χαμόγελο	1.5
χαρά	1.5
χαρακτηριστικά	1.5
χαρισματικός	1.5
χαρούμενος	1.5
χειραγώγησης	-1.5
χειραφέτηση	1.5
χειρισμός	-1.5
χειροτέρευση	-1.5
χειρότερο	-1.5
χειρότερος	-1.5
χιονοστιβάδα	-1.5
χιουμοριστικά	1.5
χιούμορ	1.5
χλευάζει	-1.5
χλιδή	-1.5
χοίρος	-1.5
χοίρων	-1.5
χολή	-1.5
χοντρός	-1.5
χρέη	-1.5
χρέος	-1.5
χρήσιμες	1.5
χρήσιμος	1.5
χρηματοκιβώτιο	1.5
χρυσαφί	1.5
χρυσό	1.5
χρυσός	1.5
χρόνιος	-1.5
χρόνος	-1.5
χρώμα	-1.5
χτυπημένος	1.5
χτύπημα	-1.5
χτύπησε	-1.5
χωματερές	-1.5
χωματερή	-1.5
χύμα	-1.5
ψέμα	-1.5
ψευδής	-1.5
ψευδαίσθηση	-1.5
ψευδαισθήσεις	-1.5
ψευδώς	-1.5
ψεύδος	-1.5
ψεύτες	-1.5
ψεύτης	-1.5
ψιλοκομμένο	1.5
ψυχρά	-1.5
ψυχρός	-1.5
ωμότητα	-1.5
ωραία	1.5
ωραίος	1.5
ωραιότερα	1.5
ωριμότητα	1.5
ωφέλεια	1.5
όαση	1.5
όμηρος	-1.5
όμοιος	1.5
όμορφα	1.5
όμορφη	1.5
όμορφος	1.5
όνομα	1.5
όπως	1.5
όρια	-1.5
όριο	-1.5
όσφρηση	-1.5
όφελος	1.5
ύβρεις	-1.5
ύβρις	-1.5
ύποπτη	-1.5
ύποπτος	-1.5
ύφεση	-1.5
ώθηση	1.5
ώριμος	1.5
