Grande	1.5
Magno	1.5
Moody	-1.5
Renacimiento	1.5
abandonado	-1.5
abandonar	-1.5
abandonos	-1.5
abarrotado	-1.5
abatido	-1.5
abatimiento	-1.5
abatir	-1.5
aberrante	-1.5
abertura	-1.5
abiertamente	1.5
abismo	-1.5
abogada	1.5
abogado	1.5
abogar	1.5
abolir	-1.5
abominable	-1.5
abortado	-1.5
abortar	-1.5
aborto	-1.5
abrasivo	-1.5
abrazar	1.5
abrazo	1.5
abrumado	-1.5
abrumador	-1.5
abrumadoramente	-1.5
abruptamente	-1.5
abrupto	-1.5
absolutamente	-1.5
absorbente	1.5
absurdo	-1.5
abultado	-1.5
abunda	1.5
abundancia	1.5
abundante	1.5
aburrido	-1.5
aburrimiento	-1.5
abusado	-1.5
abusador	-1.5
abusivo	-1.5
abuso	-1.5
abusos	-1.5
acantilado	-1.5
acaparamiento	-1.5
acaparar	-1.5
acaudalado	1.5
accesible	1.5
accidental	-1.5
accidente	-1.5
accidentes	-1.5
acelerador	-1.5
acento	-1.5
acentuar	-1.5
acierto	1.5
aclamación	1.5
aclamado	1.5
aclarar	1.5
aclararse	1.5
acogedor	1.5
acoger	1.5
acogida	1.5
acomodado	1.5
acosado	-1.5
acosar	-1.5
acoso	-1.5
acostado	-1.5
acostarse	-1.5
acreditado	1.5
activo	1.5
actualizado	1.5
acuciante	-1.5
acuerdo	1.5
acumulación	-1.5
acumular	-1.5
acusa	-1.5
acusaciones	-1.5
acusación	-1.5
acusando	-1.5
acusar	-1.5
acuñar	-1.5
adaptable	1.5
adaptado	1.5
adaptativo	1.5
adecuada	1.5
adecuado	1.5
adelantado	-1.5
adelantamiento	1.5
adelantar	1.5
adherente	-1.5
adicto	-1.5
adictos	-1.5
adinerado	1.5
adivinación	1.5
adivinar	1.5
adjudicar	1.5
admirable	1.5
admirablemente	1.5
admiración	1.5
admirador	1.5
admiradora	1.5
admirar	1.5
adoctrinamiento	-1.5
adorable	1.5
adoración	1.5
adorado	1.5
adorando	1.5
adorar	1.5
adueñarse	1.5
advanced	1.5
adversario	-1.5
adversidad	-1.5
adverso	-1.5
advertencia	-1.5
advertido	-1.5
afable	1.5
afección	1.5
afecto	1.5
afectuosamente	1.5
afectuoso	1.5
aficionado	1.5
afición	1.5
afilado	1.5
afinidad	1.5
afirmación	1.5
afirmativamente	1.5
afirmativo	1.5
aflicción	-1.5
afligido	-1.5
afluencia	1.5
afluente	1.5
afortunadamente	1.5
afortunado	1.5
afrenta	-1.5
afán	1.5
agallas	-1.5
agilidad	1.5
agitación	-1.5
agitado	-1.5
agitar	-1.5
aglomeración	-1.5
agobiante	-1.5
agonizante	-1.5
agonía	-1.5
agotado	-1.5
agotador	-1.5
agotamiento	-1.5
agotar	-1.5
agraciado	1.5
agrada	1.5
agradable	1.5
agradecer	1.5
agradecido	1.5
agradecimiento	1.5
agrado	1.5
agravante	-1.5
agravar	-1.5
agresividad	-1.5
agresión	-1.5
agresor	-1.5
agudo	1.5
agujero	-1.5
ahogamiento	-1.5
ahogar	-1.5
ahogarse	-1.5
ahondar	-1.5
ahorcar	-1.5
ahorro	1.5
ahorros	1.5
ahínco	1.5
airadamente	-1.5
aire	-1.5
aislado	-1.5
aislamiento	-1.5
aislante	-1.5
aislar	-1.5
ajedrezado	-1.5
ajustable	1.5
ajustado	1.5
alabando	1.5
alabanza	1.5
alabar	1.5
alarma	-1.5
alarmado	-1.5
alarmante	-1.5
alba	1.5
albergar	-1.5
alboroto	-1.5
alcanzable	1.5
alcanzar	1.5
alcohólico	1.5
aleatorio	-1.5
alegaciones	-1.5
alegación	-1.5
alegar	-1.5
alegato	-1.5
alegre	1.5
alegremente	1.5
alegría	1.5
alejado	-1.5
alejarse	-1.5
alentador	1.5
alentar	1.5
alergia	-1.5
alergias	-1.5
aleteo	1.5
algarabía	-1.5
alianza	1.5
alienación	-1.5
alimento	1.5
alistar	1.5
aliviar	1.5
alivio	1.5
alterado	-1.5
alterando	-1.5
alterar	-1.5
altercado	-1.5
altivo	-1.5
alto	-1.5
altruista	1.5
alucinación	-1.5
alud	-1.5
alzar	1.5
alérgico	-1.5
ama	1.5
amabilidad	1.5
amable	1.5
amablemente	1.5
amada	1.5
amado	1.5
amanecer	1.5
amante	1.5
amar	1.5
amargado	-1.5
amargamente	-1.5
amargo	-1.5
amargura	-1.5
amasar	-1.5
ambicioso	1.5
ambición	-1.5
ambiguo	-1.5
ambigüedad	-1.5
ambivalencia	-1.5
ambivalente	-1.5
amedrentar	-1.5
amenaza	-1.5
amenazador	-1.5
amenazante	-1.5
amenazar	-1.5
amenazas	-1.5
amigable	1.5
amistad	1.5
amistosa	1.5
amistosamente	1.5
amistoso	1.5
amo	1.5
amonestación	-1.5
amor	1.5
amoroso	1.5
amortiguar	-1.5
amortización	1.5
ampliamente	1.5
amplio	1.5
ampolla	-1.5
analfabeto	-1.5
anarquismo	-1.5
anarquista	-1.5
anarquía	-1.5
angel	1.5
angelical	1.5
angostura	-1.5
angustia	-1.5
angustiado	-1.5
anhelo	-1.5
animado	1.5
animadversión	-1.5
animar	1.5
animosidad	-1.5
aniquilación	-1.5
aniquilamiento	-1.5
aniquilar	-1.5
ano	-1.5
anochecer	-1.5
anomalía	-1.5
anormal	-1.5
ansia	1.5
ansias	-1.5
ansiosamente	-1.5
antagonismo	-1.5
antagonista	-1.5
antagónico	-1.5
anticuado	-1.5
antipatía	-1.5
antojo	-1.5
anular	-1.5
anzuelo	-1.5
anómalo	-1.5
apacible	1.5
apagado	-1.5
apagar	-1.5
apartado	-1.5
apasionadamente	1.5
apasionado	1.5
apatía	-1.5
apego	1.5
apelación	1.5
apelar	1.5
apenado	-1.5
apenas	-1.5
aplastado	-1.5
aplastamiento	-1.5
aplastante	-1.5
aplastar	-1.5
aplaudir	1.5
aplazar	1.5
aplicado	1.5
aplicar	-1.5
apocalipsis	-1.5
apocalíptico	-1.5
apogeo	1.5
aporte	1.5
apoya	1.5
apoyado	1.5
apoyar	1.5
apoyarse	1.5
apoyo	1.5
aprecia	1.5
apreciable	1.5
apreciado	1.5
apreciar	1.5
apresurado	-1.5
aprobación	1.5
aprobado	1.5
aprobar	1.5
apropiado	1.5
aproximadamente	-1.5
aproximado	-1.5
apuesto	1.5
apuntalar	1.5
apuro	-1.5
apuñalar	-1.5
arbitrario	-1.5
arcaico	-1.5
arcano	-1.5
ardiente	1.5
ardientemente	1.5
ardor	-1.5
arduo	-1.5
arenoso	-1.5
argumento	-1.5
armoniosamente	1.5
armonioso	1.5
armonizar	1.5
armonía	1.5
arrancar	-1.5
arranque	-1.5
arrasar	-1.5
arrastrado	-1.5
arrastrando	-1.5
arrastrar	-1.5
arrebatado	-1.5
arrebatar	-1.5
arrebato	-1.5
arrepentimiento	-1.5
arresto	-1.5
arriesgar	-1.5
arrogancia	-1.5
arrogante	-1.5
arrojado	-1.5
arrojando	-1.5
arrojar	-1.5
arrugas	-1.5
arruinado	-1.5
arruinando	-1.5
arruinar	-1.5
articulado	1.5
articular	1.5
artificial	-1.5
artimaña	-1.5
asaltar	-1.5
asalto	-1.5
asamblea	-1.5
asco	-1.5
asediar	-1.5
asedio	-1.5
asegurado	1.5
asegurando	1.5
asegurar	1.5
asequible	1.5
asesina	-1.5
asesinar	-1.5
asesinato	-1.5
asesino	-1.5
asombrado	1.5
asombro	1.5
asombrosamente	1.5
asombroso	1.5
aspereza	-1.5
aspiraciones	1.5
aspiración	1.5
aspirado	-1.5
aspirante	1.5
aspirar	1.5
astucia	-1.5
asustado	-1.5
asustar	-1.5
atacar	-1.5
ataque	-1.5
ataques	-1.5
atascado	-1.5
atasco	-1.5
atento	1.5
aterrador	-1.5
aterrorizar	-1.5
atestiguar	1.5
atormentado	-1.5
atracción	1.5
atractivo	1.5
atraer	1.5
atrapado	-1.5
atrapar	-1.5
atrasado	-1.5
atraso	-1.5
atrevido	1.5
atrevimiento	1.5
atrocidades	-1.5
atrofia	-1.5
atropellado	-1.5
atropello	-1.5
atroz	-1.5
attack	-1.5
atónito	1.5
audible	1.5
auge	1.5
augurio	1.5
aumentado	-1.5
aumentar	1.5
aurora	1.5
ausencia	-1.5
ausente	-1.5
auspicio	1.5
austero	-1.5
autocrático	-1.5
autorizado	1.5
autorizar	1.5
auténtico	1.5
autónomo	1.5
available	1.5
avalancha	-1.5
avalar	1.5
avances	1.5
avanzado	1.5
aventurero	1.5
avergonzado	-1.5
averiado	-1.5
aversión	-1.5
avería	-1.5
avidez	1.5
aviso	1.5
award	1.5
ax	-1.5
ayudado	1.5
ayudando	1.5
ayudar	1.5
ayuno	1.5
azada	-1.5
azar	1.5
azotar	-1.5
azote	-1.5
añadir	1.5
babosa	-1.5
bad	-1.5
baja	-1.5
bajar	-1.5
bajo	-1.5
bajón	-1.5
balas	1.5
baldío	-1.5
banal	-1.5
bancada	-1.5
barato	1.5
barricada	-1.5
barriendo	1.5
barro	-1.5
basta	1.5
bastante	1.5
bastardo	-1.5
bastardos	-1.5
basto	-1.5
basura	-1.5
basurero	-1.5
batería	-1.5
beato	1.5
beautiful	1.5
bebida	-1.5
bebido	-1.5
belicoso	-1.5
beligerante	-1.5
bellamente	1.5
belleza	1.5
bello	1.5
bendecir	1.5
bendición	1.5
benefactor	1.5
beneficiar	1.5
beneficiario	1.5
beneficio	1.5
beneficios	1.5
beneficioso	1.5
benevolencia	1.5
bengalas	-1.5
benigno	1.5
benéfico	1.5
benévolo	1.5
best	1.5
bestia	-1.5
better	1.5
bicho	-1.5
bichos	-1.5
bien	1.5
bienestar	1.5
bienvenida	1.5
bienvenido	1.5
bienvenidos	1.5
bla	-1.5
blasfemia	-1.5
bloqueado	-1.5
bloquear	-1.5
bloqueo	-1.5
bobo	-1.5
bofetada	-1.5
boicot	-1.5
boicotear	-1.5
bolsa	-1.5
bomba	-1.5
bombardear	-1.5
bombardeo	-1.5
bombear	-1.5
bombo	-1.5
bondad	1.5
bondadoso	1.5
bondage	-1.5
bonificaciones	1.5
bonificación	1.5
bonito	1.5
bonus	1.5
boom	1.5
boquete	-1.5
borra	1.5
borracho	-1.5
borrado	-1.5
borrosa	-1.5
botín	-1.5
bovino	1.5
bravo	1.5
bravura	-1.5
break	-1.5
breaks	-1.5
breve	1.5
brillando	1.5
brillante	1.5
brillantemente	1.5
brillantez	1.5
brillar	1.5
brillo	1.5
brisa	1.5
broma	-1.5
bromista	-1.5
bronca	-1.5
brote	-1.5
bruja	-1.5
bruma	-1.5
bruscamente	-1.5
brusco	-1.5
brutal	-1.5
brutalidad	-1.5
brutalmente	-1.5
bruto	-1.5
bueno	1.5
buey	1.5
bufón	-1.5
bug	-1.5
bugs	-1.5
bullicio	-1.5
bullying	-1.5
bulo	-1.5
burla	-1.5
burlado	-1.5
burlarse	-1.5
burlas	-1.5
burlándose	-1.5
burlón	-1.5
busto	-1.5
bustos	-1.5
bárbaro	-1.5
bélico	-1.5
caballeresco	1.5
caballerosidad	1.5
caballería	1.5
cabecera	1.5
cabezal	1.5
cable	1.5
caducado	-1.5
cadáver	-1.5
caer	-1.5
caerse	-1.5
calabacín	-1.5
calabozo	-1.5
calamidad	-1.5
calamidades	-1.5
calculador	-1.5
calentar	1.5
caliente	1.5
calificado	1.5
calificar	1.5
callado	1.5
callar	1.5
calma	1.5
calmado	1.5
calmar	1.5
calor	1.5
calumnia	-1.5
calurosamente	1.5
caluroso	1.5
calvario	-1.5
camarilla	-1.5
camarote	-1.5
cambiar	-1.5
camote	1.5
campeón	1.5
canal	-1.5
canalla	-1.5
canasta	-1.5
cancer	-1.5
candente	-1.5
cansado	-1.5
cansancio	-1.5
caníbal	-1.5
caos	-1.5
capacidad	1.5
capaz	1.5
capitular	-1.5
capricho	-1.5
caprichoso	-1.5
capturar	1.5
capullo	-1.5
características	1.5
caramelo	1.5
carboncillo	-1.5
cardenal	-1.5
carecer	-1.5
carencia	-1.5
carente	-1.5
carestía	-1.5
carga	-1.5
cargado	1.5
cargar	-1.5
caricatura	-1.5
carisma	1.5
carismático	1.5
caritativo	1.5
cariño	1.5
cariñoso	1.5
carnada	-1.5
carnicero	-1.5
carnicería	-1.5
caro	-1.5
carpa	-1.5
carrera	-1.5
carril	-1.5
casi	-1.5
castigar	-1.5
castigo	-1.5
castrado	-1.5
casual	-1.5
cataclismo	-1.5
catastrófico	-1.5
categórico	-1.5
catástrofe	-1.5
catástrofes	-1.5
causado	-1.5
cauteloso	-1.5
cautivar	1.5
cayado	-1.5
caída	-1.5
caídas	-1.5
caído	-1.5
cañoneo	-1.5
caótico	-1.5
cebo	-1.5
cefalea	-1.5
cegar	-1.5
ceja	-1.5
celebración	1.5
celebrado	1.5
celebrar	1.5
celeste	1.5
celestial	1.5
celos	-1.5
celosamente	-1.5
celoso	-1.5
celosía	-1.5
cenit	1.5
censura	-1.5
censurar	-1.5
cepo	-1.5
cerca	1.5
cercar	-1.5
cerco	-1.5
cerda	-1.5
cerdo	-1.5
cerdos	-1.5
cereza	1.5
cero	1.5
certero	1.5
certeza	1.5
certidumbre	1.5
cesante	-1.5
cesta	-1.5
cesto	-1.5
chancho	-1.5
chantaje	-1.5
chantajear	-1.5
charco	-1.5
charla	-1.5
charlar	-1.5
charlatán	-1.5
chatarra	-1.5
chato	-1.5
chic	1.5
chimenea	-1.5
chismes	-1.5
chiste	-1.5
chocante	-1.5
chocar	-1.5
choque	-1.5
chupa	-1.5
chupar	-1.5
cicatrices	-1.5
cicatriz	-1.5
ciega	-1.5
ciego	-1.5
cielo	1.5
cima	1.5
cinismo	-1.5
cisterna	-1.5
citaciones	-1.5
citación	-1.5
citar	-1.5
clamor	-1.5
claramente	1.5
claridad	1.5
clarificar	1.5
claro	1.5
clear	1.5
cliché	-1.5
cloaca	-1.5
clásico	1.5
cláusula	1.5
coacción	-1.5
cobarde	-1.5
cobertura	-1.5
coche	-1.5
cocido	-1.5
codicia	-1.5
codicioso	-1.5
coerción	-1.5
cofre	1.5
coger	-1.5
cogida	-1.5
cohecho	-1.5
coherencia	1.5
coherente	1.5
coincidir	-1.5
cojera	-1.5
cojo	-1.5
colaboracionista	-1.5
colapsar	-1.5
colapso	-1.5
colar	-1.5
colgado	-1.5
colgar	-1.5
collapse	-1.5
color	-1.5
colorido	1.5
combativo	-1.5
comenzar	1.5
como	1.5
comodidad	1.5
comodín	-1.5
compacta	1.5
compasivo	1.5
compatible	1.5
competente	1.5
competitivo	1.5
competitivos	-1.5
complacencia	1.5
complacer	1.5
complacido	1.5
complementado	1.5
complementar	1.5
complementario	1.5
complemento	1.5
complementos	1.5
completamente	1.5
completar	1.5
completo	1.5
complex	-1.5
complicación	-1.5
complot	-1.5
comprender	1.5
comprensible	1.5
comprensión	1.5
comprimir	1.5
compromiso	1.5
compulsivo	-1.5
concede	-1.5
conceder	-1.5
concedido	-1.5
concesiones	-1.5
concesión	-1.5
concha	-1.5
conciliador	1.5
conciliar	1.5
conciso	1.5
concurrido	-1.5
condena	-1.5
condenación	-1.5
condenado	-1.5
condenar	-1.5
condensar	-1.5
condescendiente	-1.5
condimento	1.5
conduce	1.5
conducir	1.5
confesar	-1.5
confesiones	-1.5
confesión	-1.5
confiable	1.5
confianza	1.5
confiar	1.5
confidencial	1.5
confidente	1.5
confinado	-1.5
confiscado	-1.5
conflicto	-1.5
conflictos	-1.5
conforme	1.5
confortable	1.5
confrontación	-1.5
confrontar	-1.5
confunde	-1.5
confundido	-1.5
confundiendo	-1.5
confundir	-1.5
confusiones	-1.5
confusión	-1.5
confuso	-1.5
congelación	-1.5
congelado	-1.5
congelar	-1.5
congeló	-1.5
congestión	-1.5
conllevar	1.5
conmocionado	-1.5
conmoción	-1.5
conmovedor	1.5
consecuentemente	1.5
conseguir	1.5
consentir	-1.5
conservador	-1.5
considerable	1.5
considerado	1.5
considerar	1.5
consistente	1.5
consistentemente	1.5
consolar	1.5
consorcio	1.5
conspicuo	-1.5
conspiraciones	-1.5
conspiración	-1.5
conspirador	-1.5
conspirar	-1.5
consternación	-1.5
constructivo	1.5
consuelo	1.5
consumado	1.5
consumar	1.5
contagioso	-1.5
contaminación	-1.5
contaminado	-1.5
contaminar	-1.5
contencioso	-1.5
contención	-1.5
contender	-1.5
contento	1.5
contienda	-1.5
continuidad	1.5
contradecir	-1.5
contradicción	-1.5
contradictorio	-1.5
contraproducente	-1.5
contrariedad	-1.5
contrario	-1.5
contraste	1.5
contratiempos	-1.5
contrato	1.5
contribución	1.5
controversia	-1.5
controversial	-1.5
controvertido	-1.5
contusión	-1.5
convencimiento	1.5
conveniencia	1.5
conveniente	1.5
convenientemente	1.5
convenio	1.5
convincente	1.5
convulsión	-1.5
cool	1.5
cooperativa	1.5
cooperativo	1.5
copa	-1.5
copo	-1.5
coqueta	-1.5
coquetear	-1.5
coraje	1.5
corazón	1.5
cordial	1.5
coronar	1.5
correctamente	1.5
correcto	1.5
corregir	1.5
corriente	-1.5
corromper	-1.5
corrompido	-1.5
corrosivo	-1.5
corrosión	-1.5
corrupción	-1.5
corrupto	-1.5
cortante	-1.5
cortar	-1.5
corte	-1.5
cortejar	1.5
cortesía	1.5
corto	-1.5
cortés	1.5
costoso	-1.5
crack	-1.5
crash	-1.5
creativa	1.5
creativo	1.5
creer	1.5
creíble	1.5
creído	-1.5
criada	-1.5
criado	-1.5
crianza	1.5
crimen	-1.5
criminal	-1.5
crisis	-1.5
criticado	-1.5
criticando	-1.5
criticar	-1.5
crudo	-1.5
cruel	-1.5
crueldad	-1.5
cruelmente	-1.5
cruento	-1.5
crujiente	1.5
cry	-1.5
crédito	1.5
cría	-1.5
crítica	-1.5
crítico	-1.5
críticos	-1.5
crónico	-1.5
cuadra	1.5
cuantioso	1.5
cubierta	1.5
cuchillo	-1.5
cuelga	-1.5
cuerdo	1.5
cuerpo	1.5
cuestionable	-1.5
cuestiones	-1.5
cuestión	-1.5
cueva	-1.5
culo	-1.5
culpa	-1.5
culpabilidad	-1.5
culpable	-1.5
culpar	-1.5
cumplido	1.5
cumplimiento	1.5
cumplir	1.5
cura	1.5
curación	1.5
curado	1.5
curandero	-1.5
curar	1.5
curarse	1.5
cure	1.5
curioso	1.5
cursi	-1.5
curtido	-1.5
curva	-1.5
curvatura	-1.5
cuña	-1.5
cálido	1.5
cáncer	-1.5
cárcel	-1.5
célebre	1.5
cínico	-1.5
cólera	-1.5
cómico	-1.5
cómoda	-1.5
cómodamente	1.5
cómodo	1.5
cómplices	-1.5
dado	-1.5
dark	-1.5
dañado	-1.5
dañar	-1.5
dañino	-1.5
daño	-1.5
daños	-1.5
dead	-1.5
death	-1.5
debacle	-1.5
deber	1.5
debilidad	-1.5
debilidades	-1.5
debilitar	-1.5
debilitarse	-1.5
decadencia	-1.5
decadente	-1.5
decaer	-1.5
decaimiento	-1.5
decencia	1.5
decente	1.5
decepcionado	-1.5
decepcionante	-1.5
decepciones	-1.5
decepción	-1.5
decisivo	1.5
declaración	1.5
decreciente	-1.5
decrecimiento	-1.5
decretar	1.5
dedicado	1.5
dedicar	-1.5
defecto	-1.5
defectos	-1.5
defectuoso	-1.5
defender	1.5
defensiva	-1.5
defensive	-1.5
defensivo	-1.5
defensor	1.5
defensores	1.5
deferencia	1.5
deficiencia	-1.5
deficiencias	-1.5
deficiente	-1.5
definido	1.5
deformado	-1.5
deformar	-1.5
degeneración	-1.5
degenerado	-1.5
degradación	-1.5
degradante	-1.5
degradar	-1.5
dejar	-1.5
delatar	-1.5
deleite	1.5
delgado	1.5
delicadeza	1.5
delicia	1.5
delicioso	1.5
delincuencia	-1.5
delincuente	-1.5
delirante	-1.5
delirio	-1.5
delito	-1.5
delitos	-1.5
demandar	-1.5
demente	-1.5
demoler	-1.5
demonio	-1.5
demoníaco	-1.5
demora	-1.5
demorar	-1.5
demuestra	1.5
denegar	-1.5
denso	-1.5
dentado	-1.5
denuncia	-1.5
denunciar	-1.5
denuncias	-1.5
deplorable	-1.5
deportivo	1.5
deposición	-1.5
depravación	-1.5
depredador	-1.5
depresiones	-1.5
depresión	-1.5
deprimente	-1.5
deprimido	-1.5
depósito	-1.5
derecha	1.5
derecho	1.5
derramamiento	-1.5
derramar	-1.5
derrame	-1.5
derribar	-1.5
derrocamiento	-1.5
derrocar	-1.5
derrota	1.5
derrotado	1.5
derrotar	1.5
derrotas	1.5
derruido	-1.5
derrumbarse	-1.5
desacato	-1.5
desacreditado	-1.5
desacreditar	-1.5
desactivar	-1.5
desacuerdo	-1.5
desafiante	-1.5
desafortunada	-1.5
desafortunadamente	-1.5
desafortunado	-1.5
desafuero	-1.5
desafío	-1.5
desagradable	-1.5
desagrado	-1.5
desaguar	-1.5
desagüe	-1.5
desagües	-1.5
desalentar	-1.5
desanimado	-1.5
desapercibido	-1.5
desaprobación	-1.5
desarmar	-1.5
desasosiego	-1.5
desastre	-1.5
desastroso	-1.5
desazón	-1.5
desbaratar	-1.5
descansar	1.5
descansos	-1.5
descarada	-1.5
descaradamente	-1.5
descarado	-1.5
descendencia	-1.5
descender	-1.5
descenso	-1.5
descensos	-1.5
descomponer	-1.5
descomponerse	-1.5
desconcertado	-1.5
desconcertante	-1.5
desconfiado	-1.5
desconfianza	-1.5
desconfiar	-1.5
desconocer	-1.5
desconocido	-1.5
descontento	-1.5
descontrolado	-1.5
descrédito	-1.5
descuidado	-1.5
descuidar	-1.5
descuido	-1.5
desdén	-1.5
deseable	1.5
deseando	1.5
desechar	-1.5
desempleado	-1.5
desempleados	-1.5
desenfrenado	-1.5
desenfreno	-1.5
desequilibrio	-1.5
deserción	-1.5
desertar	-1.5
desesperación	-1.5
desesperadamente	-1.5
desesperado	-1.5
desesperanza	-1.5
desestabilización	-1.5
desfasado	-1.5
desfavorable	-1.5
desfiladero	-1.5
desfilar	-1.5
desfile	-1.5
desglose	-1.5
desgracia	-1.5
desgraciadamente	-1.5
desgraciado	-1.5
deshacer	-1.5
deshecho	-1.5
deshizo	-1.5
deshonor	-1.5
deshonra	-1.5
desierto	-1.5
designar	1.5
desigual	-1.5
desigualdad	-1.5
desigualdades	-1.5
desilusionado	-1.5
desilusión	-1.5
desintegración	-1.5
desintegrado	-1.5
desintegrarse	-1.5
desinteresado	-1.5
desinterés	-1.5
desleal	-1.5
deslealtad	-1.5
deslumbrante	1.5
desmayado	-1.5
desmayo	-1.5
desmontable	1.5
desmontar	1.5
desmoronamiento	-1.5
desmoronarse	-1.5
desnivel	-1.5
desobedecer	-1.5
desobediencia	-1.5
desolado	-1.5
desorden	-1.5
desordenado	-1.5
desorganización	-1.5
desorganizado	-1.5
desorientado	-1.5
despacio	-1.5
despecho	-1.5
despectivamente	-1.5
despectivo	-1.5
despedido	-1.5
despedir	-1.5
despejado	1.5
despejar	1.5
desperdiciar	-1.5
desperdicio	-1.5
desperdicios	-1.5
desperfecto	-1.5
despertador	-1.5
despiadado	-1.5
despido	-1.5
despistado	-1.5
desplazado	-1.5
desplazar	-1.5
despotismo	-1.5
despreciable	-1.5
despreciado	-1.5
despreciar	-1.5
desprecio	-1.5
desprendido	1.5
desprevenido	-1.5
desproporcionado	-1.5
desprovisto	-1.5
despuntar	1.5
despótico	-1.5
destaca	1.5
destacado	1.5
destello	1.5
desterrado	-1.5
desterrar	-1.5
destierro	-1.5
destino	1.5
destreza	1.5
destrozado	-1.5
destrozar	-1.5
destrucción	-1.5
destructivo	-1.5
destructor	-1.5
destruir	-1.5
desunión	-1.5
desvanecerse	-1.5
desventaja	-1.5
desventajas	-1.5
desviación	-1.5
desviarse	-1.5
desértico	-1.5
detenido	1.5
deteriorado	-1.5
deteriorar	-1.5
deteriorarse	-1.5
deterioro	-1.5
determinante	-1.5
detrimento	-1.5
deuda	-1.5
deudas	-1.5
devastación	-1.5
devastado	-1.5
devastador	-1.5
devastar	-1.5
devil	-1.5
devolución	1.5
devorar	-1.5
devoto	1.5
diablo	-1.5
diablos	-1.5
diabólico	-1.5
diagrama	-1.5
diamante	-1.5
diametralmente	-1.5
diana	1.5
diatriba	-1.5
dicha	1.5
dictador	-1.5
dictatorial	-1.5
die	-1.5
dies	-1.5
diestro	1.5
difamación	-1.5
difamar	-1.5
dificultad	-1.5
dificultades	-1.5
dificultar	-1.5
dificultosa	-1.5
dificultoso	-1.5
difunto	-1.5
difícilmente	-1.5
dignidad	1.5
digno	1.5
dilación	-1.5
dilema	-1.5
diligencia	1.5
diligente	1.5
diluvio	-1.5
dim	-1.5
din	-1.5
dinámica	1.5
dinámico	1.5
diplomático	1.5
dire	-1.5
dirección	1.5
discapacitado	-1.5
discontinuidad	-1.5
discontinuo	-1.5
discordia	-1.5
discrepancia	-1.5
discrepar	-1.5
discriminación	-1.5
discriminar	-1.5
discriminatorio	-1.5
disculpa	-1.5
discusión	-1.5
discutible	-1.5
discutir	-1.5
disensión	-1.5
disfruta	1.5
disfrutado	1.5
disfrutando	1.5
disfrutar	1.5
disfrute	1.5
disgustado	-1.5
disgusto	-1.5
disgustos	-1.5
disidencia	-1.5
disidente	-1.5
disidentes	-1.5
disminución	-1.5
disminuido	1.5
disminuir	-1.5
disminuyendo	-1.5
disolución	-1.5
disolvente	1.5
disonancia	-1.5
disonante	-1.5
dispar	-1.5
disparate	-1.5
disponible	1.5
disposición	1.5
dispuesto	1.5
disputa	-1.5
disputado	-1.5
disputar	-1.5
distanciado	-1.5
distensión	-1.5
distinción	1.5
distinguido	1.5
distinguirse	1.5
distintivo	1.5
distorsiona	-1.5
distorsionado	-1.5
distorsionar	-1.5
distorsión	-1.5
distracción	-1.5
disturbio	-1.5
disturbios	-1.5
disuadir	-1.5
divergente	-1.5
diversificado	1.5
diversión	1.5
diverso	-1.5
divertido	1.5
divertir	1.5
dividido	-1.5
dividir	-1.5
dividirse	-1.5
divino	1.5
división	-1.5
doblado	-1.5
doblar	-1.5
dogmático	-1.5
dolencia	-1.5
dolor	-1.5
dolores	-1.5
dolorosamente	-1.5
doloroso	-1.5
domina	1.5
dominado	1.5
dominante	-1.5
dominar	1.5
doom	-1.5
dorado	1.5
dormido	-1.5
dotado	1.5
drag	-1.5
dragón	-1.5
drenaje	-1.5
drenar	-1.5
droga	-1.5
drogadicto	-1.5
drones	-1.5
drásticamente	-1.5
drástico	-1.5
duda	-1.5
dudar	-1.5
dudas	-1.5
dudoso	-1.5
duele	-1.5
duelo	-1.5
dulce	1.5
dulcemente	1.5
dulzura	1.5
durable	1.5
duramente	-1.5
durazno	1.5
dureza	-1.5
débil	-1.5
débiles	-1.5
déspota	-1.5
dócil	1.5
easy	1.5
ebrio	-1.5
ebullición	-1.5
económico	1.5
educación	1.5
educado	1.5
efectuar	1.5
eficacia	1.5
eficaz	1.5
eficazmente	1.5
eficiente	1.5
eficientemente	1.5
efigie	-1.5
efusión	1.5
egoísmo	-1.5
egoísta	-1.5
ejemplar	1.5
ejercicio	-1.5
elaborado	1.5
elegancia	1.5
elegante	1.5
elegantemente	1.5
elevación	1.5
elevar	1.5
eliminación	-1.5
eliminar	-1.5
elite	1.5
elitista	1.5
elocuencia	1.5
elocuente	1.5
elogiar	1.5
elogio	1.5
embate	-1.5
embellecer	1.5
embestir	-1.5
emboscada	-1.5
emboscar	-1.5
emergencia	-1.5
eminencia	1.5
eminente	1.5
emisión	-1.5
emitir	-1.5
emocionado	1.5
emocionante	1.5
emociones	1.5
emoción	1.5
empatía	1.5
empeoramiento	-1.5
empeorar	-1.5
empinado	-1.5
empobrecido	-1.5
empoderamiento	1.5
emprendedor	1.5
empujar	1.5
empuje	1.5
en	-1.5
enajenar	-1.5
enamorada	1.5
enamorado	1.5
enano	-1.5
encallado	-1.5
encantado	1.5
encantador	1.5
encarcelamiento	-1.5
encarcelar	-1.5
encendedor	1.5
encender	1.5
encenderse	-1.5
encomiable	1.5
endeble	-1.5
enderezar	1.5
endeudado	1.5
endurecer	-1.5
enemigo	-1.5
enemigos	-1.5
enemistad	-1.5
energético	1.5
energía	1.5
enfadado	-1.5
enfado	-1.5
enfatizar	-1.5
enferma	-1.5
enfermedad	-1.5
enfermizo	-1.5
enfermo	-1.5
enfermos	-1.5
enfrentamiento	-1.5
enfrentar	-1.5
enfurecido	-1.5
enganchar	-1.5
engañado	-1.5
engañar	-1.5
engaño	-1.5
engañosa	-1.5
engañoso	-1.5
engorroso	-1.5
enhorabuena	1.5
enigmático	-1.5
enjuiciar	-1.5
enloquecido	-1.5
enmienda	1.5
enojado	-1.5
enojar	-1.5
enojo	-1.5
enorme	-1.5
enough	1.5
enredado	-1.5
enredo	-1.5
enriquecer	1.5
enriquecimiento	1.5
ensangrentado	-1.5
entendible	1.5
entendido	1.5
enteramente	1.5
entorpecer	-1.5
entrañable	1.5
entrega	-1.5
entregar	-1.5
entretener	1.5
entretenido	1.5
entretiene	1.5
entusiasmado	1.5
entusiasmo	1.5
entusiasta	1.5
envenenar	-1.5
envidiable	1.5
envolver	-1.5
envuelto	-1.5
envío	-1.5
enérgico	1.5
epidemia	-1.5
equilibrado	1.5
equilibrio	1.5
equitativamente	1.5
equitativo	1.5
equivocación	-1.5
equivocadamente	-1.5
equivocado	-1.5
equívoco	-1.5
erosión	-1.5
errante	-1.5
errar	-1.5
error	-1.5
errores	-1.5
errático	-1.5
erróneamente	-1.5
erróneo	-1.5
erudito	1.5
erupciones	-1.5
erupción	-1.5
esbelto	1.5
escabroso	-1.5
escalofriante	-1.5
escama	-1.5
escamoso	-1.5
escandaloso	-1.5
escapatoria	-1.5
escape	-1.5
escaramuza	-1.5
escarcha	-1.5
escarnio	-1.5
escarpado	-1.5
escasa	-1.5
escasez	-1.5
escaso	-1.5
escepticismo	-1.5
escisión	-1.5
esclarecer	1.5
esclava	-1.5
esclavitud	-1.5
esclavizar	-1.5
esclavo	-1.5
esclavos	-1.5
escombros	-1.5
esconder	-1.5
escoria	-1.5
escándalo	-1.5
escándalos	-1.5
escénico	1.5
escéptico	-1.5
esfuerzo	-1.5
esmero	1.5
espacioso	1.5
espaldarazo	1.5
espantar	-1.5
espanto	-1.5
espantoso	-1.5
espectacular	1.5
espectacularmente	1.5
específico	-1.5
espejismo	-1.5
espeluznante	-1.5
esperanzador	1.5
esperar	1.5
espeso	-1.5
espinoso	-1.5
espionaje	-1.5
espiritual	1.5
esplendor	1.5
espléndido	1.5
espontáneo	1.5
esporádico	-1.5
espumoso	1.5
esqueleto	-1.5
esqueletos	-1.5
esquivar	-1.5
estabilidad	1.5
estabilizar	1.5
estabilizarse	1.5
estable	1.5
establo	1.5
establos	-1.5
estaca	-1.5
estafa	-1.5
estafar	-1.5
estafas	-1.5
estallar	-1.5
estallido	-1.5
estampida	-1.5
estancado	-1.5
estancamiento	-1.5
estelar	1.5
estereotipada	-1.5
estereotipo	-1.5
estigma	-1.5
estilizado	1.5
estimula	1.5
estimulante	1.5
estimular	1.5
estirar	1.5
estofado	-1.5
estorbo	-1.5
estrafalario	-1.5
estragos	-1.5
estrangulación	-1.5
estrangular	-1.5
estratagema	-1.5
estrellado	-1.5
estrellar	-1.5
estrellarse	-1.5
estresante	-1.5
estrictamente	-1.5
estricto	-1.5
estridente	-1.5
estropeado	-1.5
estropear	-1.5
estruendo	-1.5
estrés	-1.5
estudiante	-1.5
estupendo	1.5
estupidez	-1.5
estupor	-1.5
estática	-1.5
estático	-1.5
estéril	-1.5
estímulo	1.5
estúpido	-1.5
eternidad	1.5
euforia	1.5
evade	-1.5
evadir	-1.5
evasión	-1.5
evidente	-1.5
evil	-1.5
evitar	-1.5
evocador	1.5
exactamente	1.5
exacto	1.5
exageración	-1.5
exagerado	-1.5
exagerar	-1.5
exaltación	1.5
exaltado	1.5
exaltar	1.5
excede	1.5
excedente	-1.5
exceder	1.5
excedido	1.5
excelencia	1.5
excelente	1.5
excelentemente	1.5
excentricidad	-1.5
excepcional	1.5
excepcionalmente	1.5
exceso	-1.5
excita	1.5
excitación	1.5
excitado	1.5
excitar	1.5
exclusión	-1.5
excusa	-1.5
excusas	-1.5
excéntrico	-1.5
exento	1.5
exhaustivo	1.5
exhausto	-1.5
exigente	-1.5
exiliado	-1.5
exilio	-1.5
exitosamente	1.5
expansivo	1.5
experimental	-1.5
experto	1.5
expirado	-1.5
expirar	-1.5
explosivo	-1.5
explosión	-1.5
explotación	-1.5
explotar	-1.5
expresivo	1.5
expropiación	-1.5
expulsar	-1.5
exquisitamente	1.5
exquisito	1.5
extender	-1.5
extenso	1.5
exterminar	-1.5
exterminio	-1.5
extinguir	-1.5
extorsión	-1.5
extranjero	-1.5
extraordinariamente	1.5
extraordinario	1.5
extravagancia	-1.5
extravagante	-1.5
extraviado	-1.5
extrañamente	-1.5
extrañar	-1.5
extraño	-1.5
extremadamente	1.5
extremismo	-1.5
extremista	-1.5
extremistas	-1.5
exuberancia	1.5
exuberante	1.5
fabricación	-1.5
fabricar	-1.5
fabuloso	1.5
facilidad	1.5
facilita	1.5
facilitando	1.5
facilitar	1.5
factible	1.5
faena	-1.5
fair	1.5
falacia	-1.5
falacias	-1.5
fall	-1.5
falla	-1.5
fallas	-1.5
fallecimiento	-1.5
fallo	-1.5
fallos	-1.5
falsamente	-1.5
false	-1.5
falsear	-1.5
falsedad	-1.5
falsificación	-1.5
falsificado	-1.5
falsificar	-1.5
falso	-1.5
falta	-1.5
faltar	-1.5
fama	1.5
famoso	1.5
fanatismo	-1.5
fandango	-1.5
fanfarria	1.5
fango	-1.5
fans	1.5
fantasmal	-1.5
fantasía	1.5
fantástico	1.5
fanático	-1.5
fanáticos	-1.5
farsa	-1.5
fascinación	1.5
fascinante	1.5
fascismo	-1.5
fascista	-1.5
fast	1.5
fastidiar	-1.5
fatal	-1.5
fatalmente	-1.5
fatiga	-1.5
fatídico	-1.5
favor	1.5
favorable	1.5
favorecer	1.5
favorecido	1.5
favorito	1.5
fe	1.5
fealdad	-1.5
feat	1.5
felicidad	1.5
felicitaciones	1.5
felicitación	1.5
felicitar	1.5
feliz	1.5
felizmente	1.5
felpa	1.5
fenomenal	1.5
feo	-1.5
fermentar	1.5
ferocidad	-1.5
feroz	-1.5
ferviente	1.5
fervor	1.5
festejar	1.5
festivo	1.5
fiable	1.5
fiar	1.5
fiasco	-1.5
ficcional	-1.5
ficción	-1.5
ficticio	-1.5
fideicomiso	1.5
fidelidad	1.5
fiduciario	1.5
fiebre	-1.5
fiebres	-1.5
fiel	1.5
fielmente	1.5
fiero	-1.5
fijo	1.5
filtración	-1.5
filtrar	-1.5
finamente	1.5
fine	1.5
fingido	-1.5
fingir	-1.5
fino	1.5
finta	-1.5
firmamento	1.5
firme	1.5
firmemente	1.5
fisura	-1.5
fisuras	-1.5
flaco	-1.5
flagelo	-1.5
flagrante	-1.5
flexibilidad	1.5
flexible	1.5
flojo	-1.5
flor	1.5
floración	1.5
florecer	1.5
floreciente	1.5
florido	1.5
fluido	1.5
flujo	-1.5
fobia	-1.5
fomentar	1.5
forajido	-1.5
forastero	-1.5
forjado	-1.5
formal	-1.5
formalmente	1.5
formidable	1.5
fortaleza	1.5
fortuna	1.5
fracasado	-1.5
fracasar	-1.5
fracaso	-1.5
fractura	-1.5
fragante	1.5
fragilidad	1.5
fragmentado	-1.5
fragor	-1.5
francamente	1.5
franco	1.5
franquear	1.5
franqueza	1.5
fraternal	1.5
fraude	-1.5
fraudulento	-1.5
freak	-1.5
free	1.5
frenar	-1.5
frenesí	-1.5
frenéticamente	-1.5
frenético	-1.5
fresco	1.5
fricción	-1.5
frito	-1.5
fronterizo	-1.5
fructífero	1.5
frustraciones	-1.5
frustración	-1.5
frustrado	-1.5
frustrante	-1.5
frustrar	-1.5
frágil	-1.5
fríamente	-1.5
fuck	-1.5
fuga	-1.5
fugarse	-1.5
fugas	-1.5
fugaz	-1.5
fugitivo	-1.5
fumar	-1.5
fun	1.5
funcionar	1.5
fundamentalismo	-1.5
fundir	-1.5
funesto	-1.5
funky	-1.5
furia	-1.5
furiosamente	-1.5
furioso	-1.5
furor	-1.5
furtivamente	-1.5
furtivo	-1.5
futurista	1.5
fácil	1.5
fácilmente	1.5
fértil	1.5
fúnebre	-1.5
galante	1.5
galardón	1.5
galán	1.5
gana	1.5
ganado	1.5
ganador	1.5
ganadora	1.5
ganadores	1.5
ganancia	1.5
ganancias	1.5
ganando	1.5
ganar	1.5
ganga	1.5
garante	1.5
garantizar	1.5
garantía	1.5
garantías	1.5
garfio	-1.5
gastado	-1.5
gauche	-1.5
geek	1.5
general	1.5
generosamente	1.5
generosidad	1.5
generoso	1.5
genial	1.5
genio	1.5
genocidio	-1.5
genuino	1.5
ghetto	-1.5
gigantesco	-1.5
gimmick	-1.5
giros	-1.5
gloria	1.5
glorificar	1.5
glorioso	1.5
gold	1.5
golfo	-1.5
golosina	1.5
golpe	-1.5
golpeado	-1.5
golpear	-1.5
golpes	-1.5
good	1.5
gordo	-1.5
goteo	-1.5
gozar	1.5
gozo	1.5
grabado	1.5
gracia	1.5
gracias	1.5
gracioso	1.5
gradual	1.5
gran	1.5
grand	1.5
grande	1.5
grandeza	1.5
grandioso	1.5
granizo	1.5
grasa	-1.5
graso	-1.5
gratificación	1.5
gratificante	1.5
gratis	1.5
gratitud	1.5
grato	1.5
gratuito	1.5
gravar	-1.5
grave	-1.5
gravedad	-1.5
gravemente	-1.5
great	1.5
grieta	-1.5
grietas	-1.5
gripe	-1.5
grito	-1.5
grotesco	-1.5
gruesa	-1.5
grueso	-1.5
gruñón	-1.5
grácil	1.5
gráfica	-1.5
guapa	1.5
guapo	1.5
guardado	-1.5
guarida	-1.5
guerrero	-1.5
guerrillero	-1.5
gueto	-1.5
guiar	1.5
guisado	-1.5
gustar	1.5
gusto	1.5
gustos	1.5
gustoso	1.5
gángster	-1.5
gánster	-1.5
gótico	-1.5
habilidad	1.5
hacha	-1.5
hack	-1.5
hambre	-1.5
hambruna	-1.5
happy	1.5
hard	-1.5
hebilla	-1.5
hedonista	-1.5
hedor	-1.5
hegemonía	-1.5
helada	-1.5
helado	-1.5
hell	-1.5
hematomas	-1.5
heredar	1.5
herederos	-1.5
hereje	-1.5
herejía	-1.5
herida	-1.5
heridas	-1.5
herir	-1.5
hermoso	1.5
hermosura	1.5
heroicamente	1.5
heroico	1.5
heroína	1.5
hervir	-1.5
herético	-1.5
heterodoxo	-1.5
hierba	-1.5
hilarante	1.5
hinchado	-1.5
hinchazón	-1.5
hipocresía	-1.5
hipócrita	-1.5
hirviendo	-1.5
histeria	-1.5
hoax	-1.5
hollow	-1.5
homenaje	1.5
honestidad	1.5
honesto	1.5
honor	1.5
honorable	1.5
honradez	1.5
honrado	1.5
honrando	1.5
honrar	1.5
horda	-1.5
horrendo	-1.5
horrible	-1.5
horrorizado	-1.5
hospitalario	1.5
hostigamiento	-1.5
hostil	-1.5
hostilidad	-1.5
hostilidades	-1.5
hot	1.5
hueco	-1.5
huelga	-1.5
huevo	-1.5
huir	-1.5
humano	1.5
humildad	1.5
humildemente	-1.5
humillación	-1.5
humillante	-1.5
humo	-1.5
humor	1.5
humorista	-1.5
humorístico	1.5
humos	-1.5
hundido	-1.5
hundimiento	-1.5
hundir	-1.5
hundirse	-1.5
huye	-1.5
huyendo	-1.5
huérfana	-1.5
huérfano	-1.5
hábil	1.5
hábilmente	1.5
héroe	1.5
húmedo	-1.5
ideal	1.5
idealmente	1.5
idear	-1.5
idiota	-1.5
idiotas	-1.5
idol	1.5
idílico	1.5
ignorancia	-1.5
ignorante	-1.5
ignorar	-1.5
igual	1.5
igualmente	1.5
ilegal	-1.5
ilegalmente	-1.5
ilegible	-1.5
ilegítimo	-1.5
ilimitado	1.5
iluminar	1.5
ilusiones	-1.5
ilusión	-1.5
ilusorio	-1.5
ilustración	1.5
ilustre	1.5
ilícito	-1.5
ilógico	-1.5
imaginado	-1.5
imaginar	-1.5
imaginario	-1.5
imaginativo	1.5
imbatible	1.5
imitar	-1.5
impar	-1.5
imparcial	1.5
imparcialidad	1.5
impasible	-1.5
impecable	1.5
impedancia	-1.5
impedimento	-1.5
impedir	-1.5
impenetrable	-1.5
impensable	-1.5
imperfecciones	-1.5
imperfección	-1.5
imperfecto	-1.5
imperialista	-1.5
impersonal	-1.5
impetuoso	-1.5
implacable	-1.5
implicación	-1.5
implicar	-1.5
imponente	-1.5
imponer	-1.5
impopular	-1.5
important	1.5
importante	1.5
imposible	-1.5
imposición	-1.5
impostor	-1.5
impotencia	-1.5
impotente	-1.5
impotentes	-1.5
impracticable	-1.5
imprecisiones	-1.5
impreciso	-1.5
impredecible	-1.5
impresiona	1.5
impresionada	1.5
impresionado	1.5
impresionante	1.5
impresionar	1.5
impresión	1.5
imprevisible	-1.5
imprevisto	-1.5
improbable	-1.5
impropio	-1.5
imprudencia	-1.5
imprudente	-1.5
imprudentemente	-1.5
impulsar	1.5
impulsivo	-1.5
impulso	1.5
impunidad	-1.5
impureza	-1.5
impuro	-1.5
inacabado	-1.5
inaccesible	-1.5
inacción	-1.5
inaceptable	-1.5
inactivo	-1.5
inadecuado	-1.5
inadvertido	-1.5
inalcanzable	-1.5
inamovible	-1.5
inanición	-1.5
inapropiado	-1.5
inaudito	-1.5
incansable	-1.5
incapacidad	-1.5
incapaz	-1.5
incendiario	-1.5
incertidumbre	-1.5
incesante	-1.5
incesantemente	-1.5
incidente	-1.5
incienso	-1.5
incierto	-1.5
incisivo	1.5
incitación	-1.5
incitar	1.5
inclinación	-1.5
inclinado	-1.5
incoherente	-1.5
incomodidad	-1.5
incompatibilidad	-1.5
incompatible	-1.5
incompetencia	-1.5
incompetente	-1.5
incompleto	-1.5
incomprendido	-1.5
incomprensible	-1.5
inconcebible	-1.5
inconcluso	-1.5
incondicionalmente	1.5
inconsistencia	-1.5
inconsistencias	-1.5
inconsistente	-1.5
inconstitucional	-1.5
incontrolable	-1.5
inconveniente	-1.5
inconvenientes	-1.5
incorrectamente	-1.5
incorrecto	-1.5
incredulidad	-1.5
increíblemente	1.5
incuestionable	1.5
inculcar	-1.5
incumplimiento	-1.5
incógnita	-1.5
incómodo	-1.5
indebido	-1.5
indecente	-1.5
indecisión	-1.5
indeciso	-1.5
indefenso	-1.5
indefinido	-1.5
indeseable	-1.5
indeterminado	-1.5
indicado	1.5
indiferencia	-1.5
indiferente	-1.5
indigente	-1.5
indignación	-1.5
indignado	-1.5
indiscriminadamente	-1.5
indiscriminado	-1.5
indiscutible	1.5
indistinguible	-1.5
individualizado	1.5
indocumentados	-1.5
indudable	1.5
indulgencia	1.5
indulgente	1.5
indulto	1.5
ineficacia	-1.5
ineficaz	-1.5
ineficiente	-1.5
ineludible	-1.5
ineptitud	-1.5
inepto	-1.5
inequívocamente	1.5
inequívoco	1.5
inerte	-1.5
inesperadamente	-1.5
inesperado	-1.5
inestabilidad	-1.5
inestable	-1.5
inestimable	1.5
inevitable	-1.5
inevitablemente	-1.5
inexacta	-1.5
inexactitud	-1.5
inexacto	-1.5
inexistente	-1.5
inexorable	-1.5
inexorablemente	-1.5
inexperiencia	-1.5
inexperto	-1.5
inexplicable	-1.5
inexpugnable	1.5
infalibilidad	1.5
infalible	1.5
infame	-1.5
infamia	-1.5
infantil	-1.5
infecciones	-1.5
infección	-1.5
infectado	-1.5
infelicidad	-1.5
infeliz	-1.5
inferior	-1.5
inferioridad	-1.5
infernal	-1.5
infestado	-1.5
infiel	-1.5
infieles	-1.5
infierno	-1.5
infiltrados	-1.5
inflado	-1.5
inflamación	-1.5
inflamatorio	-1.5
inflexible	-1.5
infligir	-1.5
influencia	1.5
influir	-1.5
influyente	1.5
informativo	1.5
infortunio	-1.5
infracciones	-1.5
infracción	-1.5
infringir	-1.5
infructuoso	-1.5
ingenio	1.5
ingenioso	1.5
ingenuo	-1.5
inhibición	-1.5
inhibir	-1.5
inhumano	-1.5
inhóspito	-1.5
inimaginable	-1.5
ininteligible	-1.5
injerto	-1.5
injustamente	-1.5
injusticia	-1.5
injusticias	-1.5
injustificado	-1.5
injusto	-1.5
inmaduro	-1.5
inmaterial	-1.5
inmediatamente	1.5
inmenso	1.5
inminente	-1.5
inmiscuirse	-1.5
inmoral	-1.5
inmoralidad	-1.5
inmovilizado	-1.5
inmóvil	-1.5
innecesariamente	-1.5
innecesario	-1.5
innecesarios	-1.5
innovación	1.5
innovador	1.5
inocente	1.5
inofensivo	1.5
inolvidable	1.5
inoxidable	1.5
inquebrantable	1.5
inquietante	-1.5
inquieto	-1.5
inquietud	-1.5
insaciable	-1.5
insalubre	-1.5
insalvable	-1.5
insatisfacción	-1.5
insatisfecho	-1.5
inseguridad	-1.5
inseguro	-1.5
insensibilidad	-1.5
insensible	-1.5
inservible	-1.5
insignificante	-1.5
insinuación	-1.5
insolente	-1.5
insoportable	-1.5
insostenible	-1.5
inspiración	1.5
inspirador	1.5
inspirar	1.5
instantáneamente	1.5
instigador	-1.5
instigadores	-1.5
instigar	-1.5
instinto	-1.5
instructivo	1.5
instrumental	1.5
insuficiencia	-1.5
insuficiente	-1.5
insuficientemente	-1.5
insular	-1.5
insultado	-1.5
insultante	-1.5
insultar	-1.5
insulto	-1.5
insultos	-1.5
insuperable	-1.5
insurrección	-1.5
insólito	-1.5
integrado	1.5
integral	1.5
integridad	1.5
intelectual	1.5
inteligencia	1.5
inteligente	1.5
inteligentemente	1.5
inteligible	1.5
intención	1.5
intenso	-1.5
interesado	-1.5
interesante	1.5
intereses	1.5
interferencia	-1.5
interferir	-1.5
interfiere	-1.5
intermitente	-1.5
interrumpieron	-1.5
interrumpir	-1.5
interrupciones	-1.5
interrupción	-1.5
interés	-1.5
intimidación	-1.5
intimidad	1.5
intimidante	-1.5
intimidar	-1.5
intolerable	-1.5
intolerancia	-1.5
intransigente	-1.5
intriga	1.5
intrigante	1.5
intrincado	1.5
intrusión	-1.5
intruso	-1.5
intrépido	1.5
intuitivo	1.5
inundado	-1.5
inundar	-1.5
inusual	-1.5
inutilizable	-1.5
inutilizar	-1.5
invadir	-1.5
invalidar	-1.5
invaluable	1.5
invasivo	-1.5
invasión	-1.5
invasor	-1.5
invasora	-1.5
invencible	1.5
invención	-1.5
inventar	-1.5
inventiva	1.5
invisible	-1.5
involuntariamente	-1.5
involuntario	-1.5
invulnerable	1.5
inválido	-1.5
inútil	-1.5
ir	-1.5
ira	-1.5
ironía	-1.5
irracional	-1.5
irracionalidad	-1.5
irreal	1.5
irregular	-1.5
irregularidad	-1.5
irrelevante	-1.5
irreparable	-1.5
irresistible	1.5
irrespetuoso	-1.5
irresponsable	-1.5
irreversible	-1.5
irritable	-1.5
irritación	-1.5
irritado	-1.5
irritante	-1.5
irritar	-1.5
irónicamente	-1.5
irónico	-1.5
issue	-1.5
izquierdo	-1.5
jam	-1.5
jerga	-1.5
jovial	1.5
joya	1.5
joyas	1.5
jugando	1.5
jugar	-1.5
juguetón	1.5
junco	-1.5
justamente	1.5
justicia	1.5
justo	1.5
juvenil	1.5
júbilo	1.5
kill	-1.5
knock	-1.5
laborioso	1.5
ladrona	-1.5
ladrones	-1.5
ladrón	-1.5
lagunas	-1.5
lamenta	-1.5
lamentable	-1.5
lamentablemente	-1.5
lamentar	-1.5
lamento	-1.5
lamentó	-1.5
lapso	-1.5
lapsos	-1.5
largo	-1.5
lasca	-1.5
lastimado	-1.5
lastimar	-1.5
lata	-1.5
latencia	-1.5
latente	-1.5
laudo	1.5
lazo	-1.5
lead	1.5
leal	1.5
lealtad	1.5
lean	1.5
led	1.5
legal	1.5
legalmente	1.5
legato	-1.5
legendario	1.5
legible	1.5
lego	-1.5
legítimamente	1.5
legítimo	1.5
lejos	-1.5
lentamente	-1.5
lento	-1.5
lesionar	-1.5
lesión	-1.5
letal	-1.5
letargo	-1.5
levantar	1.5
liberación	1.5
liberado	1.5
libertad	1.5
libertades	1.5
libertinaje	-1.5
libertino	-1.5
librar	1.5
libre	1.5
licenciar	-1.5
liderar	1.5
lied	-1.5
ligar	-1.5
ligeramente	-1.5
ligero	1.5
like	1.5
limitaciones	-1.5
limitación	-1.5
limitado	-1.5
limitar	-1.5
limo	-1.5
limpiador	1.5
limpiamente	1.5
limpiar	1.5
limpieza	1.5
limpio	1.5
limón	-1.5
lindo	1.5
liso	1.5
listo	1.5
litera	-1.5
llamarada	-1.5
llanto	-1.5
llevado	1.5
llevar	1.5
llorar	-1.5
loable	1.5
loba	-1.5
locamente	-1.5
loco	-1.5
locura	-1.5
logrado	1.5
lograr	1.5
logro	1.5
logros	1.5
lost	-1.5
lote	-1.5
love	1.5
lucha	-1.5
luchado	-1.5
luchadora	1.5
luchando	-1.5
luchar	-1.5
luchas	-1.5
lucio	1.5
lucir	1.5
lucrativo	1.5
lujo	1.5
lujoso	1.5
luminoso	1.5
lustre	1.5
lustroso	1.5
luto	-1.5
lástima	-1.5
látigo	-1.5
látigos	-1.5
líder	1.5
límite	-1.5
límites	-1.5
lío	-1.5
líos	-1.5
lírico	1.5
lógico	1.5
lúcido	1.5
lúgubre	-1.5
macabro	-1.5
machacar	-1.5
macizo	-1.5
madrugada	1.5
madurar	1.5
madurez	1.5
maduro	1.5
maestra	-1.5
maestro	1.5
maestros	1.5
maestría	1.5
magia	1.5
magic	1.5
magnificencia	1.5
magníficamente	1.5
magnífico	1.5
magro	1.5
majestad	1.5
majestuoso	1.5
mal	-1.5
maldad	-1.5
maldecir	-1.5
maldiciones	-1.5
maldición	-1.5
maldito	-1.5
malentendido	-1.5
malentendidos	-1.5
males	-1.5
malestar	-1.5
maleza	-1.5
malhumorado	-1.5
malicia	-1.5
malicioso	-1.5
maligno	-1.5
malo	-1.5
maltratado	-1.5
maltrato	-1.5
malvado	-1.5
malévolo	-1.5
manada	1.5
mancha	-1.5
manchado	-1.5
manchas	-1.5
mandado	-1.5
manejable	1.5
maniobrable	1.5
manipulación	-1.5
manipulador	-1.5
manipular	-1.5
manjar	1.5
manufactura	-1.5
manía	-1.5
maníaco	-1.5
mar	-1.5
maravilla	1.5
maravillas	1.5
maravillosamente	1.5
maravilloso	1.5
maraña	-1.5
marchar	1.5
marginada	-1.5
marginado	-1.5
marginal	-1.5
marioneta	-1.5
marionetas	-1.5
marrón	-1.5
martirio	-1.5
masacrar	-1.5
masacre	-1.5
masacres	-1.5
masivo	1.5
master	1.5
masters	1.5
mata	-1.5
matadero	-1.5
matador	-1.5
matanza	-1.5
matar	-1.5
mate	-1.5
matones	-1.5
matón	-1.5
mayor	1.5
mazmorra	-1.5
mazmorras	-1.5
mechero	1.5
medido	1.5
mediocre	-1.5
mediocridad	-1.5
mejor	1.5
mejora	1.5
mejorado	1.5
mejoramiento	1.5
mejorar	1.5
mejoras	1.5
mejores	1.5
mejoría	1.5
melancolía	-1.5
melancólica	-1.5
melancólico	-1.5
mella	-1.5
melocotón	1.5
melodioso	1.5
memorable	1.5
mendicidad	-1.5
mendigo	-1.5
menguante	-1.5
menguar	-1.5
menospreciar	-1.5
mentir	-1.5
mentira	-1.5
mentiras	-1.5
mentiroso	-1.5
mentirosos	-1.5
merced	1.5
mercenario	-1.5
merecedor	1.5
merecer	1.5
meritorio	1.5
mermelada	-1.5
meticulosamente	1.5
meticuloso	1.5
metido	-1.5
metódico	1.5
mezclar	-1.5
miedo	-1.5
mierda	-1.5
mil	1.5
milagro	1.5
milagros	1.5
milagrosamente	1.5
milagroso	1.5
militancia	-1.5
mina	1.5
minado	-1.5
minar	-1.5
minuciosamente	1.5
minucioso	1.5
mire	-1.5
miserable	-1.5
miseria	-1.5
misericordia	1.5
misericordioso	1.5
miss	-1.5
misterio	-1.5
misteriosamente	-1.5
misterioso	-1.5
mito	-1.5
moco	-1.5
moderar	-1.5
modern	1.5
moderno	1.5
modestia	1.5
modesto	1.5
modo	1.5
mofa	-1.5
moho	-1.5
moler	-1.5
molesta	-1.5
molestado	-1.5
molestar	-1.5
molestia	-1.5
molesto	-1.5
mono	1.5
monotonía	-1.5
monster	-1.5
monstruo	-1.5
monstruos	-1.5
monstruoso	-1.5
monumental	1.5
monótono	-1.5
moral	1.5
moralidad	1.5
morder	1.5
moribundo	-1.5
morir	-1.5
mortal	-1.5
mortalmente	-1.5
mortífero	-1.5
mote	-1.5
motivado	1.5
motivar	1.5
moverse	1.5
mucho	-1.5
mudo	-1.5
muere	-1.5
muerte	-1.5
muerto	-1.5
muertos	-1.5
mujeriego	-1.5
mulato	-1.5
multa	1.5
mundano	-1.5
musaraña	-1.5
mágico	1.5
máster	1.5
máximo	1.5
mérito	1.5
nada	1.5
nalgas	-1.5
nata	1.5
naufragar	-1.5
naufragio	-1.5
navegable	1.5
neblina	-1.5
necesitado	-1.5
negación	-1.5
negado	-1.5
negando	-1.5
negar	-1.5
negarse	-1.5
negativa	-1.5
negativo	-1.5
negativos	-1.5
negligencia	-1.5
negligente	-1.5
negociar	1.5
negro	-1.5
nepotismo	-1.5
nerviosismo	-1.5
nervioso	-1.5
neurótico	-1.5
niebla	-1.5
nieblas	-1.5
niega	-1.5
nihilista	-1.5
nitidez	1.5
niños	-1.5
noble	1.5
nocivo	-1.5
noise	-1.5
notable	1.5
notablemente	1.5
notoriamente	-1.5
notoriedad	-1.5
notorio	-1.5
novedad	1.5
novio	1.5
nube	-1.5
nubes	-1.5
nublado	-1.5
nuevo	1.5
nutrir	1.5
némesis	-1.5
nítido	1.5
oasis	1.5
obediente	1.5
obertura	1.5
obeso	-1.5
objeciones	-1.5
objeción	-1.5
object	-1.5
objetar	-1.5
objeto	-1.5
oblicuo	-1.5
obligación	1.5
obligar	-1.5
obra	1.5
obras	1.5
obscenidad	-1.5
obsceno	-1.5
obscuro	-1.5
obsesiones	1.5
obsesivo	-1.5
obsesión	1.5
obsoleto	-1.5
obstaculizado	-1.5
obstinado	-1.5
obstrucción	-1.5
obstruir	-1.5
obstáculos	-1.5
obtuso	-1.5
ocioso	-1.5
ocultar	-1.5
odia	-1.5
odiado	-1.5
odiar	-1.5
odio	-1.5
odiosa	-1.5
ofender	-1.5
ofendido	-1.5
ofensa	-1.5
ofensiva	-1.5
ofensivo	-1.5
oferta	1.5
ofertar	1.5
ofrecer	1.5
oler	-1.5
olfato	-1.5
olor	-1.5
olores	-1.5
omisión	-1.5
omitir	-1.5
ondear	1.5
oneroso	-1.5
opaco	-1.5
operar	1.5
oponente	-1.5
oponer	-1.5
oponerse	-1.5
oportunista	-1.5
oportuno	1.5
oposiciones	-1.5
oposición	-1.5
opresivo	-1.5
opresión	-1.5
opresor	-1.5
opresores	-1.5
optimismo	1.5
optimista	1.5
opuesto	-1.5
ordenado	1.5
ordenanza	1.5
orgullo	1.5
orgulloso	1.5
original	1.5
originalidad	1.5
oro	1.5
ortiga	-1.5
osado	1.5
oscurece	-1.5
oscurecer	-1.5
oscurecido	-1.5
oscuridad	-1.5
oscuro	-1.5
ostensible	-1.5
otorgado	1.5
ovación	1.5
oxidado	-1.5
paciencia	1.5
paciente	1.5
pacientemente	1.5
pacto	1.5
pacíficamente	1.5
pacífico	1.5
padecer	-1.5
padecimiento	-1.5
pagano	-1.5
pain	-1.5
paja	-1.5
pala	-1.5
palaciego	1.5
palanca	1.5
paliza	-1.5
palo	-1.5
paloma	-1.5
pan	-1.5
panorámico	1.5
pantanoso	-1.5
papelera	-1.5
para	-1.5
parada	-1.5
paradójicamente	-1.5
paradójico	-1.5
paralizado	-1.5
paranoia	-1.5
paranoico	-1.5
parar	-1.5
pararse	-1.5
paraíso	1.5
parcela	-1.5
parcial	-1.5
parcialidad	-1.5
pardusco	-1.5
parecer	-1.5
paria	-1.5
parir	-1.5
parodia	-1.5
parodiar	-1.5
parpadeo	-1.5
parrilla	-1.5
particularmente	-1.5
partidario	-1.5
partidarios	-1.5
partidista	-1.5
partisano	-1.5
parásito	-1.5
pasado	-1.5
pasar	1.5
pasarse	-1.5
pasivo	-1.5
pasión	1.5
paso	-1.5
pastel	1.5
patriota	1.5
patriótico	1.5
patrón	1.5
patético	-1.5
payaso	-1.5
paz	1.5
peaje	-1.5
pecado	-1.5
pecar	-1.5
pecio	-1.5
peculiar	-1.5
pedante	-1.5
pega	-1.5
pegadizo	1.5
pegado	-1.5
pegajoso	-1.5
pegar	-1.5
pelado	-1.5
pelar	-1.5
pelea	-1.5
pelear	-1.5
pelearse	-1.5
peleas	-1.5
peligrar	-1.5
peligro	-1.5
peligroso	-1.5
peluche	1.5
pena	-1.5
penalti	-1.5
penalty	-1.5
pendiente	1.5
pendular	-1.5
penetración	1.5
penitenciaría	-1.5
penoso	-1.5
pensamiento	1.5
pensativo	1.5
penumbra	-1.5
penuria	-1.5
peonza	1.5
peor	-1.5
pequeño	-1.5
pera	1.5
percance	-1.5
perdedor	-1.5
perdedores	-1.5
perder	-1.5
perdición	-1.5
perdido	-1.5
perdurable	1.5
perdón	1.5
perecer	-1.5
pereza	-1.5
perezoso	-1.5
perfeccionar	1.5
perfección	1.5
perfect	1.5
perfectamente	1.5
perfecto	1.5
perforación	-1.5
perforado	-1.5
perforar	-1.5
perjudicado	-1.5
perjudicar	-1.5
perjudicial	-1.5
permisible	1.5
permitirse	1.5
perpendicular	1.5
perplejo	-1.5
perra	-1.5
perro	-1.5
persecución	-1.5
perseguir	-1.5
perseverancia	1.5
persistente	-1.5
personaje	1.5
personajes	1.5
personalizado	1.5
perspicacia	1.5
perspicaz	1.5
persuadir	-1.5
perturbación	-1.5
perturbado	-1.5
perturbador	-1.5
perturbar	-1.5
perversidad	-1.5
perversión	-1.5
perverso	-1.5
pervertido	-1.5
pesadilla	-1.5
pesado	-1.5
pesar	-1.5
pesimismo	-1.5
pesimista	-1.5
peste	-1.5
petrificado	-1.5
pica	-1.5
picado	-1.5
picadura	-1.5
picar	-1.5
picardía	-1.5
picazón	-1.5
pico	-1.5
picor	-1.5
piedad	1.5
piedra	-1.5
pierde	-1.5
pillaje	-1.5
pinchar	-1.5
pinchazo	-1.5
pintoresco	1.5
pináculo	1.5
pipe	-1.5
piquete	-1.5
piquetes	-1.5
piso	-1.5
pito	-1.5
pizca	-1.5
placentero	1.5
placer	1.5
plaga	-1.5
plano	-1.5
plantear	-1.5
plebeyo	-1.5
plomo	1.5
pobre	-1.5
pobreza	-1.5
poco	1.5
poderosamente	1.5
poderoso	1.5
podredumbre	-1.5
podrido	-1.5
polarización	-1.5
polvo	-1.5
polémico	-1.5
pomposo	-1.5
ponche	-1.5
ponderar	1.5
popa	-1.5
portable	1.5
portado	-1.5
portavoz	1.5
portátil	1.5
positivo	1.5
positivos	1.5
poste	-1.5
posturas	-1.5
potente	1.5
pozo	1.5
poético	1.5
precario	-1.5
precaución	-1.5
precioso	1.5
precipitadamente	-1.5
precipitado	-1.5
precipitar	-1.5
precisamente	1.5
preciso	1.5
predeterminado	-1.5
predicamento	-1.5
predilección	-1.5
predilecto	1.5
predisposición	-1.5
preeminente	1.5
preferencia	-1.5
preferencias	1.5
preferible	1.5
preferiblemente	1.5
preferido	1.5
preferir	1.5
prefiere	1.5
prefiriendo	1.5
preguntarse	1.5
prejuicio	-1.5
prejuicios	-1.5
preliminar	-1.5
premeditado	-1.5
premiado	1.5
premiar	1.5
premier	1.5
premio	1.5
premios	1.5
prenda	1.5
prendas	1.5
preocupaciones	-1.5
preocupación	-1.5
preocupado	-1.5
preocupante	-1.5
preocupar	-1.5
preocuparse	-1.5
preparado	1.5
preparar	1.5
presagio	1.5
prescripción	-1.5
presentimiento	-1.5
preso	-1.5
prestación	1.5
prestigio	1.5
prestigioso	1.5
presumido	-1.5
presunción	-1.5
pretencioso	-1.5
pretender	-1.5
pretensión	-1.5
prevenido	-1.5
prevenir	-1.5
preventiva	1.5
previsión	1.5
prima	1.5
primero	1.5
primitivo	-1.5
principal	1.5
principios	1.5
prisa	-1.5
prisionero	-1.5
prisión	-1.5
privación	-1.5
privado	-1.5
privar	-1.5
privilegiado	1.5
privilegiar	1.5
privilegio	1.5
probado	1.5
probar	1.5
problem	-1.5
problema	-1.5
problemas	-1.5
problemático	-1.5
proceder	-1.5
procesar	-1.5
prodigio	1.5
prodigioso	1.5
producir	1.5
productiva	1.5
productivo	1.5
profano	-1.5
profecía	1.5
profesional	1.5
profundamente	1.5
profundidades	1.5
profundo	1.5
profusamente	1.5
profusión	1.5
progresar	1.5
progresista	1.5
progreso	1.5
progresos	1.5
progressive	1.5
prohibido	-1.5
prohibiendo	-1.5
prohibir	-1.5
prolijo	-1.5
prolongada	-1.5
prolongado	-1.5
prolongar	-1.5
prolífico	1.5
promesa	1.5
promesas	1.5
prometedor	1.5
prometedora	1.5
prometer	1.5
prometido	1.5
prominencia	1.5
prominente	1.5
promiscuo	-1.5
promocionado	-1.5
promotor	1.5
pronto	1.5
propaganda	-1.5
propenso	-1.5
propicio	1.5
propiedad	-1.5
propietario	-1.5
propio	1.5
proponer	-1.5
propuesta	1.5
pros	1.5
proscrito	-1.5
prosperando	1.5
prosperar	1.5
prosperidad	1.5
prostituta	-1.5
protección	1.5
protector	1.5
proteger	1.5
protesta	-1.5
protestado	-1.5
protestar	-1.5
protestas	-1.5
protuberancia	1.5
provecho	1.5
provechoso	1.5
providencia	1.5
provisional	-1.5
provisorio	-1.5
provocación	-1.5
provocador	-1.5
provocar	-1.5
provocativo	-1.5
prudencia	1.5
prudente	1.5
prudentemente	1.5
prueba	1.5
práctico	1.5
pródigo	1.5
próspero	1.5
pudiente	1.5
puerco	-1.5
puerto	-1.5
puertos	-1.5
pues	1.5
puesto	-1.5
pulido	1.5
pulir	-1.5
pum	1.5
punk	-1.5
puntal	-1.5
puntiagudo	1.5
punzante	-1.5
pura	1.5
purgar	-1.5
purificar	1.5
puro	1.5
puta	-1.5
puñal	-1.5
puñalada	-1.5
puñetazo	-1.5
puño	-1.5
pálido	-1.5
pánico	-1.5
páramo	-1.5
pérdida	-1.5
pérdidas	-1.5
pésimo	-1.5
pícaro	-1.5
quebrada	-1.5
quebradizo	-1.5
quebrado	-1.5
quebrantar	-1.5
quebranto	-1.5
quebrar	-1.5
queer	-1.5
quehacer	-1.5
queja	-1.5
quejado	-1.5
quejarse	-1.5
quejas	-1.5
quemado	-1.5
quemadura	-1.5
quemaduras	-1.5
quemar	-1.5
querer	1.5
querido	1.5
quieto	1.5
quitar	-1.5
rabia	-1.5
rabioso	-1.5
racional	1.5
racismo	-1.5
racista	-1.5
racistas	-1.5
ración	1.5
radiador	1.5
radiante	1.5
radical	-1.5
radicales	-1.5
radicalización	-1.5
radicalmente	-1.5
radioactivo	1.5
rail	-1.5
ralentizar	-1.5
rampante	-1.5
rapto	1.5
rareza	-1.5
rarezas	-1.5
raro	-1.5
rasgado	-1.5
rayado	-1.5
razonable	1.5
razonablemente	1.5
razonada	1.5
razonado	1.5
razonar	1.5
reaccionario	-1.5
reacio	-1.5
ready	1.5
reafirmar	1.5
real	1.5
realce	1.5
realista	1.5
realizado	1.5
realizar	1.5
realzar	1.5
reanimar	1.5
rebasar	1.5
rebatir	-1.5
rebelarse	-1.5
rebelde	-1.5
rebelión	-1.5
recaer	-1.5
recargar	-1.5
recaída	-1.5
recelo	-1.5
recelos	-1.5
receptivo	1.5
recesión	-1.5
rechaza	-1.5
rechazado	-1.5
rechazar	-1.5
rechazo	-1.5
recibir	-1.5
recio	1.5
reclamar	1.5
recomendable	1.5
recomendaciones	1.5
recomendación	1.5
recomendado	1.5
recomendar	1.5
recompensar	1.5
reconciliación	1.5
reconocido	1.5
reconocimientos	1.5
recorrer	-1.5
rectificación	1.5
rectificar	1.5
recto	1.5
recuperación	1.5
recuperar	1.5
recurso	1.5
redención	1.5
redentor	1.5
redimir	1.5
redondear	-1.5
redundancia	-1.5
redundante	-1.5
reembolso	1.5
reestructuración	1.5
reestructurado	1.5
reestructurar	1.5
referirse	-1.5
refinado	1.5
refinamiento	1.5
refinar	1.5
reforma	1.5
reformado	1.5
reformar	1.5
reformas	1.5
reforzar	1.5
refrescante	1.5
refrescar	1.5
refuta	-1.5
refutación	-1.5
refutado	-1.5
refutar	-1.5
regio	1.5
regla	-1.5
regocijo	1.5
regresión	-1.5
regreso	-1.5
regulable	1.5
rehusar	-1.5
rehén	-1.5
reintegrado	1.5
rejilla	-1.5
relajado	1.5
relajarse	-1.5
rematado	-1.5
rematar	1.5
remediar	1.5
remedio	1.5
remisión	1.5
remordimiento	-1.5
remover	-1.5
renacentista	1.5
renacimiento	1.5
rencor	-1.5
rencores	-1.5
rendición	-1.5
rendija	-1.5
rendirse	-1.5
renegar	-1.5
renombrado	1.5
renombre	1.5
renovado	1.5
renuencia	-1.5
renuente	-1.5
renuncia	-1.5
renunciar	-1.5
renuncio	-1.5
reparos	-1.5
repartir	-1.5
repeler	-1.5
repentino	-1.5
repetitivo	-1.5
representante	1.5
represivo	-1.5
represión	-1.5
reprimenda	-1.5
reprimir	-1.5
reprobación	-1.5
reproche	-1.5
repudiar	-1.5
repudio	-1.5
repugnancia	-1.5
repugnante	-1.5
repulsa	-1.5
repulsión	-1.5
res	1.5
resentido	-1.5
resentimiento	-1.5
resfriado	-1.5
resguardado	1.5
residuos	-1.5
resignado	-1.5
resistencia	-1.5
resistente	1.5
resonante	-1.5
respalda	1.5
respaldar	1.5
respaldo	1.5
respecto	1.5
respetable	1.5
respetar	1.5
respetuosamente	1.5
respetuoso	1.5
respiro	1.5
resplandeciente	1.5
resplandor	1.5
responsabilidad	-1.5
restablecer	1.5
restaurado	1.5
restaurar	1.5
resto	-1.5
restos	-1.5
restricción	-1.5
restrictivo	-1.5
restringido	-1.5
restringir	-1.5
resuelto	1.5
resultar	-1.5
retar	-1.5
retardado	-1.5
retardar	-1.5
reticente	-1.5
retirado	-1.5
retirarse	-1.5
retiro	-1.5
retocar	1.5
retorcido	-1.5
retrasada	-1.5
retrasado	-1.5
retrasar	-1.5
retrasarse	-1.5
retraso	-1.5
retrasos	-1.5
retroceder	-1.5
retroceso	-1.5
retráctil	1.5
retórica	-1.5
retórico	-1.5
revancha	-1.5
revelación	1.5
reventar	-1.5
reverencia	1.5
revertir	-1.5
revestimiento	-1.5
revitalizar	1.5
revival	1.5
revive	1.5
revivir	1.5
revocar	-1.5
revolucionado	1.5
revolucionar	1.5
revolucionaria	1.5
revolucionario	1.5
revolver	-1.5
revuelta	-1.5
revuelto	-1.5
revés	-1.5
rezagado	-1.5
ricamente	1.5
rico	1.5
ridiculiza	-1.5
ridiculizar	-1.5
ridículo	-1.5
riesgo	-1.5
riesgos	-1.5
riesgoso	-1.5
right	1.5
rigidez	-1.5
riguroso	-1.5
riqueza	1.5
rival	-1.5
rivalidad	-1.5
riña	-1.5
riñas	-1.5
robada	-1.5
robadas	-1.5
robado	-1.5
robados	-1.5
robar	-1.5
robo	-1.5
robos	-1.5
robusto	1.5
rocoso	-1.5
rogar	-1.5
rojizo	-1.5
romo	-1.5
romper	-1.5
romperse	-1.5
rompió	-1.5
romántica	1.5
románticamente	1.5
romántico	1.5
rondar	-1.5
rosado	1.5
roscado	-1.5
roto	-1.5
rotundamente	-1.5
rotura	-1.5
roza	-1.5
ruda	-1.5
rudo	-1.5
rue	-1.5
rugido	-1.5
ruido	-1.5
ruidos	-1.5
ruidoso	-1.5
ruina	-1.5
ruinas	-1.5
ruinoso	-1.5
rumor	-1.5
rumores	-1.5
ruptura	-1.5
rupturas	-1.5
rutina	-1.5
rápidamente	1.5
rápido	1.5
rígida	-1.5
rígido	-1.5
rústico	-1.5
sabiamente	1.5
sabiduría	1.5
sabio	1.5
saborear	1.5
sabotaje	-1.5
sabotear	-1.5
sabroso	1.5
sabueso	-1.5
saciar	-1.5
saco	-1.5
sacrificado	-1.5
sacrificados	-1.5
sacrificar	-1.5
sacrificio	-1.5
sacudida	-1.5
sacudir	-1.5
sagaz	1.5
sagrado	1.5
saint	1.5
saludable	1.5
saludar	1.5
saludo	1.5
salvador	1.5
salvaje	-1.5
salvajemente	-1.5
salvajes	-1.5
salvajismo	-1.5
salvo	1.5
sanar	1.5
sancionar	1.5
sangra	-1.5
sangrado	-1.5
sangrante	-1.5
sangrar	-1.5
sangriento	-1.5
sangría	-1.5
sanguinario	-1.5
sano	1.5
santa	1.5
santo	1.5
saquear	-1.5
saqueo	-1.5
sarcasmo	-1.5
sarcásticamente	-1.5
sarcástico	-1.5
sartén	-1.5
satirizar	-1.5
satisfacción	1.5
satisface	1.5
satisfacer	1.5
satisfactoriamente	1.5
satisfactorio	1.5
satisfecho	1.5
satírico	-1.5
savia	-1.5
scratch	-1.5
secreto	-1.5
secundario	1.5
sed	-1.5
sedentario	-1.5
seducido	1.5
seducir	-1.5
seductor	1.5
seguidor	1.5
segura	1.5
seguramente	1.5
seguro	1.5
selectivo	1.5
semejante	1.5
sencillamente	1.5
sencillo	1.5
senil	-1.5
sensacional	1.5
sensaciones	1.5
sensación	1.5
sensato	1.5
sensible	1.5
sensiblemente	1.5
sensual	1.5
sentenciar	1.5
sentido	1.5
sentir	-1.5
separar	-1.5
sequía	-1.5
serenidad	1.5
servicial	1.5
servicio	1.5
servidumbre	-1.5
servil	-1.5
sesgado	-1.5
sesgo	-1.5
sesgos	-1.5
seto	-1.5
severidad	-1.5
severo	-1.5
sexy	1.5
señor	1.5
señorita	-1.5
señuelo	-1.5
shock	-1.5
sicario	-1.5
sifón	-1.5
significativo	1.5
silbido	-1.5
silencio	1.5
silencioso	1.5
sima	-1.5
similar	1.5
simplifica	1.5
simplificado	1.5
simplificando	1.5
simplificar	1.5
simplista	-1.5
simpático	1.5
simulado	-1.5
sin	-1.5
sinceramente	1.5
sinceridad	1.5
sincero	1.5
siniestro	-1.5
sirvienta	-1.5
sitiar	-1.5
sitio	-1.5
situación	-1.5
soberbia	-1.5
soberbio	-1.5
soborno	-1.5
sobras	-1.5
sobrecargado	-1.5
sobrepasar	1.5
sobrepeso	-1.5
sobresaliente	1.5
sobresalir	1.5
sobreviviente	1.5
sobrio	-1.5
socavar	-1.5
sociable	1.5
sofisticado	1.5
sofocante	-1.5
sofocar	-1.5
soft	1.5
solar	-1.5
soldar	-1.5
soledad	-1.5
solemne	-1.5
solid	1.5
solidaridad	1.5
solitario	-1.5
solo	-1.5
soltar	-1.5
solterona	-1.5
solvencia	1.5
sombreado	-1.5
sombrío	-1.5
someter	-1.5
sometido	-1.5
sonar	-1.5
sonda	1.5
sonreír	1.5
sonriente	1.5
sonrisa	1.5
sonrisas	1.5
sopa	-1.5
soplar	-1.5
soporte	1.5
sordo	-1.5
sorprendente	1.5
sorprendentemente	1.5
sorprendido	-1.5
sorpresa	1.5
sosiego	1.5
sospecha	-1.5
sospechar	-1.5
sospechas	-1.5
sospechosamente	-1.5
sospechoso	-1.5
sostener	1.5
sostenibilidad	1.5
sostenible	1.5
sostenido	1.5
sour	-1.5
split	-1.5
squash	-1.5
stable	1.5
static	-1.5
stress	-1.5
strike	-1.5
strong	1.5
suave	1.5
suavemente	1.5
suavizar	1.5
subastado	-1.5
subestimar	-1.5
subir	1.5
sublime	1.5
subordinado	-1.5
subordinados	-1.5
subraya	-1.5
subrayar	-1.5
subsiguiente	1.5
subvencionado	1.5
subvencionar	1.5
subversivo	-1.5
subversión	-1.5
subyugación	-1.5
subyugar	-1.5
suceder	1.5
suciedad	-1.5
sucio	-1.5
sucumbir	-1.5
sudario	-1.5
suelto	-1.5
suerte	1.5
suficiente	1.5
suficientemente	1.5
sufre	-1.5
sufrido	-1.5
sufrimiento	-1.5
sufrimientos	-1.5
sufrir	-1.5
suicida	-1.5
suicide	-1.5
suicidio	-1.5
sujeción	-1.5
sumamente	-1.5
sumergir	-1.5
sumiso	-1.5
sumo	1.5
suntuoso	1.5
super	1.5
superado	1.5
superar	1.5
superficial	-1.5
superficialmente	-1.5
superfluo	-1.5
superintendente	1.5
superior	1.5
superioridad	1.5
supersticioso	-1.5
superstición	-1.5
supervivencia	1.5
superviviente	1.5
superó	1.5
suposición	1.5
support	1.5
suprema	1.5
supremacía	1.5
supremo	1.5
supresión	-1.5
suprimir	-1.5
supuesto	1.5
surgimiento	-1.5
surrealista	1.5
survival	1.5
susceptible	1.5
suscitar	-1.5
suspendido	-1.5
sustancial	1.5
sustantivo	1.5
sustentación	1.5
sustentar	1.5
sustento	1.5
susto	-1.5
sustraer	-1.5
sweet	1.5
síndrome	-1.5
síntoma	-1.5
síntomas	-1.5
sólidamente	1.5
sólido	1.5
sórdido	-1.5
súbito	-1.5
súper	1.5
súpero	1.5
súplica	-1.5
súplicas	-1.5
tablas	-1.5
tabú	-1.5
tacha	-1.5
tachar	-1.5
tajante	-1.5
taladros	-1.5
talar	-1.5
talent	1.5
talento	1.5
talentos	1.5
talentosa	1.5
talentoso	1.5
tallar	1.5
tank	-1.5
tanque	-1.5
tanques	-1.5
tanteo	-1.5
tapa	1.5
tapadera	1.5
tapado	-1.5
tapar	-1.5
tapón	-1.5
taquillera	1.5
tardío	-1.5
tarea	-1.5
tartamudez	-1.5
taxista	-1.5
tedioso	-1.5
temer	-1.5
temerario	-1.5
temeroso	-1.5
temible	-1.5
temores	-1.5
temperamento	-1.5
tempestad	-1.5
templado	-1.5
temple	-1.5
tenaz	1.5
tendencia	-1.5
tendencioso	-1.5
tender	1.5
tensión	-1.5
tenso	-1.5
tentación	-1.5
tentar	1.5
tentativamente	-1.5
tentativo	-1.5
terco	-1.5
terminantemente	1.5
termonuclear	1.5
ternura	-1.5
terreno	-1.5
terrible	-1.5
terriblemente	-1.5
terror	-1.5
terrorismo	-1.5
thrash	-1.5
tibio	-1.5
tiburón	-1.5
tic	-1.5
tiempo	-1.5
tierno	1.5
tierra	-1.5
timbre	-1.5
tipo	-1.5
tirano	-1.5
tirante	-1.5
tiranía	-1.5
tirar	-1.5
tirarse	-1.5
tiránico	-1.5
tirón	-1.5
tocar	-1.5
tocino	-1.5
tolerable	1.5
tontería	-1.5
tonterías	-1.5
tonto	-1.5
top	1.5
torcer	-1.5
torcida	-1.5
torcido	-1.5
tormento	-1.5
torpe	-1.5
torpeza	-1.5
torrent	-1.5
torrente	-1.5
tortuoso	-1.5
tortura	-1.5
torturado	-1.5
torturar	-1.5
torturas	-1.5
tosco	-1.5
totalitaria	-1.5
totalitario	-1.5
tout	-1.5
trabajado	1.5
trabajador	1.5
trabajar	1.5
trabajo	1.5
tracción	1.5
tragedia	-1.5
traiciona	-1.5
traicionar	-1.5
traicionero	-1.5
traición	-1.5
traidor	-1.5
traidora	-1.5
traidores	-1.5
trama	-1.5
trampa	-1.5
tramposo	-1.5
trance	1.5
tranquilidad	1.5
tranquilizar	1.5
tranquilo	1.5
transcurrido	-1.5
transgresión	-1.5
transparente	1.5
trascendental	1.5
trascender	1.5
trasero	-1.5
traste	-1.5
trastes	-1.5
trastorno	-1.5
trato	1.5
trauma	-1.5
traumatizado	-1.5
traumático	-1.5
travesura	-1.5
travieso	-1.5
trazador	-1.5
trazar	-1.5
trazas	-1.5
tremendamente	1.5
tributaria	-1.5
trick	-1.5
triste	-1.5
tristemente	-1.5
tristeza	-1.5
triunfador	1.5
triunfal	1.5
triunfante	1.5
triunfar	1.5
triunfo	1.5
trivial	-1.5
trofeo	1.5
trompeta	1.5
trompo	1.5
tropezar	-1.5
tropiezos	-1.5
trucha	-1.5
truco	-1.5
trucos	-1.5
trunca	-1.5
trust	1.5
trágicamente	-1.5
trágico	-1.5
trío	-1.5
tumulto	-1.5
tupido	-1.5
turbio	-1.5
turbulencia	-1.5
turbulento	-1.5
turca	-1.5
twist	-1.5
táctica	-1.5
tímido	-1.5
títere	-1.5
tóxico	-1.5
ulterior	-1.5
ultimátum	-1.5
ultraje	-1.5
unidad	1.5
uniformemente	1.5
untar	-1.5
urdimbre	-1.5
urgencia	-1.5
urgente	-1.5
urogallo	-1.5
usado	-1.5
usados	-1.5
usurpación	-1.5
usurpador	-1.5
usurpar	-1.5
utilizable	1.5
vacilante	-1.5
vacío	-1.5
vagabundo	-1.5
vago	-1.5
vague	-1.5
valentía	1.5
valeroso	1.5
valiente	1.5
valientemente	1.5
valioso	1.5
valor	1.5
valorar	1.5
vanidad	-1.5
vanidoso	-1.5
vano	-1.5
varado	-1.5
variedad	1.5
varios	-1.5
vehemente	-1.5
vehementemente	-1.5
vencedor	1.5
vencejo	1.5
vencimiento	1.5
veneno	-1.5
venenoso	-1.5
venerar	1.5
venganza	-1.5
vengar	-1.5
vengarse	-1.5
vengativo	-1.5
venia	1.5
vent	-1.5
ventaja	1.5
ventajas	1.5
ventajoso	1.5
ventilador	1.5
ventiladores	1.5
ventosa	-1.5
veracidad	1.5
veraz	1.5
verdad	1.5
verdadero	1.5
verde	-1.5
vergonzoso	-1.5
vergüenza	-1.5
verificable	1.5
versatilidad	1.5
versátil	1.5
vertedero	-1.5
vertederos	-1.5
vertiginoso	-1.5
vestigio	-1.5
vestigios	-1.5
vetar	-1.5
vibración	-1.5
vibrante	1.5
vibrar	-1.5
vice	-1.5
vicio	-1.5
vicioso	-1.5
victoria	1.5
victorioso	1.5
vigilante	1.5
vil	-1.5
villano	-1.5
villanos	-1.5
violación	-1.5
violada	-1.5
violador	-1.5
violadores	-1.5
violar	-1.5
violentamente	-1.5
violento	-1.5
virgen	-1.5
virtud	1.5
virtuoso	1.5
virulencia	-1.5
virulento	-1.5
virus	-1.5
visible	1.5
visionario	1.5
vivaz	1.5
vivo	1.5
vocero	1.5
volatilidad	-1.5
volcar	-1.5
voluble	-1.5
voluminoso	-1.5
volátil	-1.5
vomitar	-1.5
vulgar	-1.5
vulnerable	-1.5
vándalo	-1.5
víbora	-1.5
víctima	-1.5
vívido	1.5
vómito	-1.5
vómitos	-1.5
warp	-1.5
wedge	-1.5
well	1.5
wild	-1.5
win	1.5
won	1.5
work	1.5
works	1.5
yermo	-1.5
zapallo	-1.5
zombi	-1.5
zombie	-1.5
zorra	-1.5
zumbido	-1.5
ácido	-1.5
ágil	1.5
ángel	1.5
ánimo	1.5
áspero	-1.5
ávido	1.5
élite	1.5
énfasis	-1.5
éxito	1.5
éxitos	1.5
éxtasis	1.5
ídolo	1.5
índice	-1.5
íntimo	1.5
óptima	1.5
óptimo	1.5
óxido	-1.5
útil	1.5
