abuse	-1.5
accessible	1.5
accurate	1.5
accurately	1.5
advanced	1.5
advantage	1.5
affinity	1.5
alarm	-1.5
ambiguous	-1.5
appropriate	1.5
approval	1.5
attack	-1.5
attacks	-1.5
available	1.5
award	1.5
awarded	1.5
awards	1.5
ax	-1.5
backward	-1.5
bad	-1.5
benefit	1.5
best	1.5
better	1.5
bias	-1.5
blind	-1.5
bomb	-1.5
break	-1.5
breaking	-1.5
breaks	-1.5
broken	-1.5
brute	-1.5
bug	-1.5
bugs	-1.5
capable	1.5
cave	-1.5
classic	1.5
clean	1.5
cleaner	1.5
clear	1.5
clearly	1.5
cloud	-1.5
cold	-1.5
collapse	-1.5
compact	1.5
compatible	1.5
complement	1.5
complex	-1.5
compliant	1.5
complicated	-1.5
comprehensive	1.5
concern	-1.5
concerned	-1.5
concerns	-1.5
concise	1.5
conflict	-1.5
conflicts	-1.5
confused	-1.5
confusing	-1.5
confusion	-1.5
consistent	1.5
consistently	1.5
contentious	-1.5
contribution	1.5
controversial	-1.5
controversy	-1.5
convenience	1.5
convenient	1.5
correct	1.5
correctly	1.5
crash	-1.5
creative	1.5
critical	-1.5
criticism	-1.5
dark	-1.5
dead	-1.5
death	-1.5
desirable	1.5
destroyer	-1.5
die	-1.5
died	-1.5
dies	-1.5
difficult	-1.5
dim	-1.5
din	-1.5
disable	-1.5
disabled	-1.5
disorder	-1.5
dispute	-1.5
disputed	-1.5
disruption	-1.5
disruptive	-1.5
drag	-1.5
dump	-1.5
dust	-1.5
dynamic	1.5
ease	1.5
easier	1.5
easy	1.5
effective	1.5
effectively	1.5
efficient	1.5
enough	1.5
err	-1.5
error	-1.5
errors	-1.5
expire	-1.5
expired	-1.5
facilitate	1.5
fail	-1.5
failed	-1.5
failure	-1.5
fair	1.5
faith	1.5
fall	-1.5
falls	-1.5
false	-1.5
famous	1.5
fast	1.5
faster	1.5
fiction	-1.5
fine	1.5
flexible	1.5
free	1.5
freedom	1.5
friendly	1.5
funny	-1.5
gain	1.5
gold	1.5
golden	1.5
good	1.5
grand	1.5
great	1.5
guarantee	1.5
guidance	1.5
happy	1.5
hard	-1.5
harm	-1.5
helpful	1.5
hoax	-1.5
hot	1.5
ignore	-1.5
illegal	-1.5
important	1.5
impossible	-1.5
improve	1.5
improved	1.5
inactive	-1.5
inappropriate	-1.5
incompatible	-1.5
incomplete	-1.5
incorrect	-1.5
incorrectly	-1.5
infection	-1.5
inferior	-1.5
infringement	-1.5
integral	1.5
integrated	1.5
interesting	1.5
invalid	-1.5
invisible	-1.5
ir	1.5
isolated	-1.5
issue	-1.5
issues	-1.5
kill	-1.5
lack	-1.5
lag	-1.5
lead	1.5
leading	1.5
leads	1.5
led	1.5
like	1.5
limit	-1.5
limitation	-1.5
limitations	-1.5
limited	-1.5
limits	-1.5
loss	-1.5
lost	-1.5
love	1.5
magic	1.5
manipulation	-1.5
master	1.5
miss	-1.5
mistakes	-1.5
modern	1.5
negative	-1.5
nice	1.5
noise	-1.5
object	-1.5
obsolete	-1.5
odd	-1.5
omit	-1.5
pan	-1.5
peace	1.5
penalty	-1.5
perfect	1.5
plot	-1.5
poor	-1.5
poorly	-1.5
popular	1.5
positive	1.5
precise	1.5
precisely	1.5
prefer	1.5
preferable	1.5
preferably	1.5
problem	-1.5
problematic	-1.5
problems	-1.5
progress	1.5
progressive	1.5
prominent	1.5
prompt	1.5
propaganda	-1.5
proper	1.5
properly	1.5
protect	1.5
protection	1.5
quack	-1.5
qualified	1.5
qualify	1.5
rail	-1.5
readable	1.5
ready	1.5
reasonable	1.5
recommend	1.5
recommended	1.5
redundant	-1.5
reliable	1.5
relief	1.5
respect	1.5
restored	1.5
restrict	-1.5
restricted	-1.5
restriction	-1.5
revert	-1.5
rich	1.5
right	1.5
risk	-1.5
rue	-1.5
safe	1.5
saint	1.5
scandal	-1.5
secure	1.5
sensitive	1.5
shark	-1.5
significant	1.5
simpler	1.5
simplest	1.5
simplified	1.5
simplify	1.5
sin	-1.5
sink	-1.5
slow	-1.5
soft	1.5
solid	1.5
speedy	1.5
split	-1.5
stable	1.5
static	-1.5
strange	-1.5
strict	-1.5
strictly	-1.5
strike	-1.5
strong	1.5
success	1.5
successful	1.5
sufficient	1.5
suicide	-1.5
suitable	1.5
super	1.5
superior	1.5
support	1.5
supported	1.5
supporting	1.5
supports	1.5
suppress	-1.5
supreme	1.5
symptoms	-1.5
syndrome	-1.5
tank	-1.5
tension	-1.5
thank	1.5
throttle	-1.5
top	1.5
transparent	1.5
trick	-1.5
trust	1.5
ugly	-1.5
undefined	-1.5
undesirable	-1.5
unknown	-1.5
unlikely	-1.5
unnecessary	-1.5
unusual	-1.5
useful	1.5
usurp	-1.5
vague	-1.5
variety	1.5
violation	-1.5
warning	-1.5
welcome	1.5
well	1.5
wild	-1.5
willing	1.5
win	1.5
winner	1.5
won	1.5
wonders	1.5
work	1.5
worked	1.5
works	1.5
worry	-1.5
worth	1.5
wrong	-1.5
آبادی	1.5
آتشسوزی	-1.5
آخور	-1.5
آدمکش	-1.5
آرام	1.5
آرامش	1.5
آرمان	1.5
آرمانی	1.5
آزاد	1.5
آزادی	1.5
آزار	-1.5
آزرده	-1.5
آزمایشی	-1.5
آسان	1.5
آسمان	1.5
آسمانی	1.5
آسیب	-1.5
آسیب‌پذیر	-1.5
آشتی	1.5
آشغال	-1.5
آشفته	-1.5
آشکارا	-1.5
آفت	-1.5
آقا	1.5
آلرژی	-1.5
آلوده	-1.5
آلودگی	-1.5
آماده	1.5
آمر	-1.5
آمیخته	-1.5
آنارشیسم	-1.5
آهسته	-1.5
آواره	-1.5
آویزان	-1.5
ئی	-1.5
ابداع	1.5
ابدی	1.5
ابر	-1.5
ابری	-1.5
ابطال	-1.5
ابله	-1.5
ابلهانه	-1.5
ابهام	-1.5
ابهامات	-1.5
اتحاد	1.5
اتلاف	-1.5
اتهام	-1.5
اتهامات	-1.5
اثبات	1.5
اجبار	-1.5
اجباری	-1.5
اجنبی	-1.5
احاطه	-1.5
احترام	1.5
احتیاط	1.5
احتیاطی	-1.5
احساس	1.5
احضاریه	-1.5
احمق	-1.5
احمقانه	-1.5
احیا	1.5
احیای	1.5
اخاذی	-1.5
اختراعی	1.5
اختلاس	-1.5
اختلال	-1.5
اخته	-1.5
اخلاق	1.5
اخلاقی	1.5
ادب	1.5
ادراک	1.5
ادعا	-1.5
اذعان	-1.5
اذیت	-1.5
اراذل	-1.5
ارام	1.5
ارامش	1.5
اربابی	1.5
ارتباط	1.5
ارتداد	-1.5
ارتعاش	-1.5
ارزنده	1.5
ارزیابی	1.5
ارضا	1.5
ارعاب	-1.5
ازادی	1.5
ازار	-1.5
ازدحام	-1.5
اسارت	-1.5
اساس	1.5
اساسا	-1.5
اسان	1.5
استاد	1.5
استادان	1.5
استادانه	1.5
استبداد	-1.5
استبدادی	-1.5
استثمار	-1.5
استثنایی	1.5
استدلال	1.5
استدلالی	-1.5
استرداد	1.5
استطاعت	1.5
استعداد	1.5
استعفا	-1.5
استفراغ	-1.5
استقامت	1.5
استمرار	1.5
استوار	1.5
استیناف	1.5
اسراف	1.5
اسطوره	-1.5
اسفبار	-1.5
اسفناک	-1.5
اسکلت	-1.5
اسکواش	-1.5
اسیب	-1.5
اشاره	-1.5
اشباع	-1.5
اشتباه	-1.5
اشتباهات	-1.5
اشتباهی	-1.5
اشکال	-1.5
اشکالات	-1.5
اشکالاتی	-1.5
اصالت	1.5
اصرار	1.5
اصطکاک	-1.5
اصل	1.5
اصلاح	1.5
اصلاحات	1.5
اصلی	1.5
اصولی	1.5
اضطراب	-1.5
اطمینان	1.5
اعتبار	1.5
اعتراض	-1.5
اعترافات	-1.5
اعتصاب	-1.5
اعتماد	1.5
اعجوبه	1.5
اعطا	1.5
اعلیحضرت	1.5
اعوجاج	-1.5
اغتشاش	-1.5
اغراق	-1.5
افت	-1.5
افتادن	-1.5
افتاده	-1.5
افتخار	1.5
افترا	-1.5
افتضاح	-1.5
افراطی	-1.5
افزایش	1.5
افزونگی	-1.5
افسرده	-1.5
افسردگی	-1.5
افسوس	-1.5
افسون	1.5
افشاگری	1.5
افعی	-1.5
افول	-1.5
اقتدارگرا	-1.5
اقدام	-1.5
اقرار	-1.5
التهاب	-1.5
التهابی	-1.5
الحاد	-1.5
الهی	1.5
الودگی	-1.5
الکی	-1.5
اماده	1.5
امتناع	-1.5
امتیازات	-1.5
امن	1.5
امپریالیست	-1.5
امکانات	1.5
امیدوار	1.5
انباشته	-1.5
انبوه	-1.5
انتحار	-1.5
انتخابی	1.5
انتقاد	-1.5
انتقادات	-1.5
انتقادی	-1.5
انتقام	-1.5
انتگرال	1.5
انجام	1.5
انجماد	-1.5
انجمن	-1.5
انحراف	-1.5
انحطاط	-1.5
انحلال	-1.5
انداختن	-1.5
اندوه	-1.5
اندک	-1.5
انزجار	-1.5
انزوا	-1.5
انسجام	1.5
انسداد	-1.5
انشعاب	-1.5
انصراف	-1.5
انطباقی	1.5
انفجار	-1.5
انقطاع	-1.5
انقلابی	1.5
انقیاد	-1.5
انکار	-1.5
انگ	1.5
انگل	-1.5
انگیختن	1.5
انگیزش	-1.5
اه	-1.5
اوج	1.5
اورژانس	-1.5
اژدهایی	-1.5
اکتیو	1.5
اکثریت	-1.5
اکراه	-1.5
اکسل	1.5
اگاهی	-1.5
اگزوز	-1.5
ایده‌آل	1.5
ایستا	-1.5
ایمان	1.5
ایمن	1.5
باتلاق	-1.5
باختن	-1.5
بادوام	1.5
بار	-1.5
باردار	1.5
بارور	1.5
باریک	-1.5
بازخرید	1.5
بازدارنده	-1.5
بازداری	-1.5
بازسازی	1.5
بازمانده	1.5
بازنده	-1.5
بازپرداخت	-1.5
باقرقره	-1.5
بالا	1.5
بالش	1.5
بالغ	1.5
بانو	-1.5
باهوش	1.5
باور	1.5
باگ	-1.5
بت	1.5
بحران	-1.5
بحرانی	-1.5
بخار	-1.5
بخشش	1.5
بخشنده	1.5
بخشیدن	1.5
بد	-1.5
بدبختانه	-1.5
بدبختی	-1.5
بدبو	-1.5
بدبین	-1.5
بدبینی	-1.5
بدتر	-1.5
بدتری	-1.5
بدترین	-1.5
بدخواه	-1.5
بدخیم	-1.5
بدرفتاری	-1.5
بدشانسی	-1.5
بدشکل	-1.5
بدعت	-1.5
بدنام	-1.5
بدهی	-1.5
بدون	1.5
بدوی	-1.5
بدگمان	-1.5
بدگمانی	-1.5
بدی	-1.5
برادرانه	1.5
برازنده	1.5
براق	1.5
براندازی	-1.5
برانگیخته	1.5
برتر	1.5
برتری	1.5
برترین	1.5
برجسته	1.5
برخورد	-1.5
برد	1.5
بردن	1.5
برده	-1.5
بردگان	-1.5
بردگی	-1.5
برلیان	1.5
برنده	1.5
برندگان	1.5
برکت	1.5
برگشت	-1.5
برگشتن	-1.5
بریدن	-1.5
بریدگی	-1.5
بزرگ	1.5
بزرگترین	1.5
بزمی	1.5
بزه	-1.5
بزهکار	-1.5
بس	1.5
بسان	1.5
بسرعت	1.5
بسیار	1.5
بشدت	-1.5
بعید	-1.5
بغرنج	-1.5
بغض	-1.5
بقاء	1.5
بقایای	-1.5
بلا	-1.5
بلاغت	-1.5
بلند	-1.5
بلندتر	-1.5
بلوغ	1.5
بمب	-1.5
بمباران	-1.5
بموقع	1.5
بنادر	-1.5
بندرگاه	-1.5
بنده	-1.5
به	1.5
بهانه	-1.5
بهبود	1.5
بهبودی	1.5
بهتر	1.5
بهترین	1.5
بهره	1.5
بهشت	1.5
بهمن	-1.5
بهین	1.5
بهینه	1.5
بو	-1.5
بوی	-1.5
بَد	-1.5
بیابان	-1.5
بیات	-1.5
بیدار	1.5
بیرحمانه	-1.5
بیزار	-1.5
بیزاری	-1.5
بیشترین	1.5
بیطرفی	1.5
بیعت	1.5
بیل	-1.5
بیم	-1.5
بیماری	-1.5
بیمناک	-1.5
بیمه	-1.5
بینوا	-1.5
بیهوده	-1.5
بیکار	-1.5
بیکاری	-1.5
بیگانه	-1.5
بیگانگی	-1.5
بیگاه	-1.5
بی‌معنی	-1.5
بی‌کار	-1.5
تأکید	-1.5
تاب	-1.5
تابش	1.5
تابناک	1.5
تابو	-1.5
تاحدی	1.5
تاخیر	-1.5
تار	-1.5
تاریک	-1.5
تاریکی	-1.5
تازه	1.5
تازگی	1.5
تازیانه	-1.5
تاسف	-1.5
تانک	-1.5
تاول	-1.5
تایید	1.5
تب	-1.5
تبانی	-1.5
تباهی	-1.5
تبر	-1.5
تبریک	1.5
تبسم	1.5
تبعید	-1.5
تبعیدی	-1.5
تبعیض	-1.5
تبلیغ	-1.5
تبلیغات	-1.5
تثبیت	1.5
تجاوز	-1.5
تجدید	1.5
تجربی	-1.5
تجزیه	-1.5
تجلیل	1.5
تجملی	1.5
تحریف	-1.5
تحریم	-1.5
تحسین	1.5
تحقیر	-1.5
تحمیل	-1.5
تحول	-1.5
تخریب	-1.5
تخلف	-1.5
تخلیه	-1.5
تداخل	-1.5
تداوم	-1.5
تراژدی	-1.5
تراکم	-1.5
ترجیحا	1.5
ترحم	-1.5
ترد	1.5
تردستی	1.5
تردید	-1.5
تردیدی	-1.5
ترس	-1.5
ترسان	-1.5
ترساندن	-1.5
ترسناک	-1.5
ترسیدن	-1.5
ترسیده	-1.5
ترش	-1.5
ترغیب	1.5
ترقی	1.5
ترمیم	1.5
تروریسم	-1.5
ترومپت	1.5
ترک	-1.5
ترکیدن	-1.5
تسلیم	-1.5
تسهیل	1.5
تسکین	1.5
تسکینی	1.5
تشخیص	1.5
تشدید	-1.5
تشنجی	-1.5
تشنگی	-1.5
تشویق	1.5
تشکر	1.5
تصادفا	-1.5
تصادفی	-1.5
تصور	1.5
تصوری	1.5
تصویب	1.5
تضاد	-1.5
تضعیف	-1.5
تضمین	1.5
تظاهر	-1.5
تظاهرات	-1.5
تعالی	1.5
تعاونی	1.5
تعجب	1.5
تعریف	1.5
تعصب	-1.5
تعصبات	-1.5
تعفن	-1.5
تعلیق	-1.5
تعهد	1.5
تغذیه	1.5
تفاله	-1.5
تفرقه	-1.5
تفننی	1.5
تفکیک	-1.5
تقاضا	-1.5
تقصیر	-1.5
تقلا	-1.5
تقلب	-1.5
تقلیدی	-1.5
تقوا	1.5
تلخ	-1.5
تلخه	-1.5
تلخی	-1.5
تلف	-1.5
تلفات	-1.5
تلقین	-1.5
تله	-1.5
تم	-1.5
تماشایی	1.5
تماما	-1.5
تمایل	1.5
تمثال	-1.5
تمجید	1.5
تمسخر	-1.5
تمیز	1.5
تناقض	-1.5
تناقضات	-1.5
تنبل	-1.5
تنبلی	-1.5
تنبیهی	-1.5
تندباد	-1.5
تندرست	1.5
تندرستی	1.5
تندروها	-1.5
تندی	-1.5
تنزل	-1.5
تنش	-1.5
تنفر	-1.5
تنفس	1.5
تنها	-1.5
تنهایی	-1.5
تنوع	1.5
تنومند	1.5
تنک	-1.5
تنگ	-1.5
تنگنا	-1.5
تنگی	-1.5
تهدید	-1.5
تهی	-1.5
تواضع	1.5
توانا	1.5
توانمندسازی	1.5
توبیخ	-1.5
توتالیتر	-1.5
توجه	1.5
توجهی	1.5
توخالی	-1.5
توده	-1.5
تورم	-1.5
تورنت	-1.5
توصیف	1.5
توصیه	1.5
توطئه	-1.5
توفان	-1.5
توقیف	-1.5
توهم	-1.5
توهمات	-1.5
توهین	-1.5
تکان	-1.5
تکانه	-1.5
تکبر	-1.5
تکذیب	-1.5
تکراری	-1.5
تکمیل	1.5
تگرگ	1.5
تیره	-1.5
تیرگی	-1.5
تیز	1.5
تیغ	-1.5
ثابت	1.5
ثبات	1.5
ثروت	1.5
ثروتمند	1.5
ثروتمندتر	1.5
جادار	1.5
جادویی	1.5
جاذب	1.5
جاذبه	1.5
جالب	1.5
جالبترین	1.5
جامد	1.5
جامع	1.5
جان	1.5
جانان	1.5
جانبداری	-1.5
جانی	-1.5
جایزه	1.5
جبار	-1.5
جدا	-1.5
جدال	-1.5
جدلی	-1.5
جدیت	-1.5
جذاب	1.5
جذب	1.5
جرائم	-1.5
جرات	1.5
جرم	-1.5
جزمی	-1.5
جزیی	-1.5
جشن	1.5
جشنی	1.5
جعلی	-1.5
جغجغه	-1.5
جلوه	1.5
جمال	1.5
جنایات	-1.5
جنایت	-1.5
جنایی	-1.5
جنت	1.5
جنتلمن	1.5
جنده	-1.5
جنون	-1.5
جنگجویی	-1.5
جنگی	-1.5
جهالت	-1.5
جهل	-1.5
جهنم	-1.5
جوان	1.5
جوانمرد	1.5
جوانمردی	1.5
جواهر	1.5
جواهرات	1.5
جوایز	1.5
جوجه	-1.5
جوش	-1.5
جوشاندن	-1.5
جوک	-1.5
جوی	-1.5
جویدن	1.5
جیغ	-1.5
حاشیه	-1.5
حاضر	1.5
حامی	1.5
حبس	-1.5
حتمی	-1.5
حد	-1.5
حذف	-1.5
حرامزاده	-1.5
حرص	-1.5
حرمت	1.5
حریص	-1.5
حریف	-1.5
حساسیت	-1.5
حسن	1.5
حسی	1.5
حشاشین	-1.5
حشو	-1.5
حفاظت	1.5
حفره	-1.5
حق	1.5
حقگو	1.5
حقیقی	1.5
حل	-1.5
حلقوی	-1.5
حماقت	-1.5
حمایت	1.5
حملات	-1.5
حمله	-1.5
حکمت	1.5
حیاتی	-1.5
حیله	-1.5
حیوان	-1.5
خائن	-1.5
خار	-1.5
خارجی	-1.5
خارش	-1.5
خاص	-1.5
خالص	1.5
خالصانه	1.5
خالق	1.5
خام	-1.5
خاموش	1.5
خاک	-1.5
خاکستری	-1.5
خجالت	-1.5
خدا	1.5
خراب	-1.5
خرابه	-1.5
خرابکار	-1.5
خرابکاری	-1.5
خرابی	-1.5
خراش	-1.5
خراشیدن	-1.5
خرافاتی	-1.5
خردمند	1.5
خردمندانه	1.5
خردمندی	1.5
خروش	-1.5
خرچنگ	-1.5
خزد	-1.5
خزنده	-1.5
خزیدن	-1.5
خس	-1.5
خسارت	-1.5
خسته	-1.5
خستگی	-1.5
خش	-1.5
خشم	-1.5
خشمگین	-1.5
خشمگینانه	-1.5
خشن	-1.5
خشنود	1.5
خشونت	-1.5
خشکی	-1.5
خشک‌سالی	-1.5
خصم	-1.5
خصمانه	-1.5
خصومت	-1.5
خطا	-1.5
خطاهای	-1.5
خطر	-1.5
خطرات	-1.5
خطرناک	-1.5
خفقان	-1.5
خلسه	1.5
خلفی	1.5
خلوص	1.5
خمیازه	-1.5
خنجر	-1.5
خندان	1.5
خنک	1.5
خنگ	-1.5
خوابگاه	-1.5
خوار	-1.5
خواست	1.5
خواستن	1.5
خواندن	-1.5
خواندنی	1.5
خواهش	-1.5
خوب	1.5
خوبی	1.5
خودخواه	-1.5
خودخواهی	-1.5
خودمانی	1.5
خودکشی	-1.5
خوراندن	-1.5
خوردن	-1.5
خوردگی	-1.5
خورنده	-1.5
خوش	1.5
خوشبختانه	1.5
خوشبختی	1.5
خوشبو	1.5
خوشبینی	1.5
خوشحال	1.5
خوشحالی	1.5
خوشمزه	1.5
خوشگل	1.5
خوش‌شانس	1.5
خوف	-1.5
خونخوار	-1.5
خونریزی	-1.5
خونین	-1.5
خوک	-1.5
خوی	-1.5
خیال	-1.5
خیالی	-1.5
خیانت	-1.5
خیانتکار	-1.5
خیر	1.5
خیراندیش	1.5
خیره	-1.5
خیریه	1.5
دادخواست	-1.5
دادن	1.5
داستان	-1.5
داغ	1.5
داغدار	-1.5
دافع	-1.5
دام	-1.5
دانا	1.5
دانشمند	1.5
دخالت	-1.5
درخشان	1.5
درخشش	1.5
درخشنده	1.5
درخشندگی	1.5
درخشیدن	1.5
درد	-1.5
دردناک	-1.5
دردناکی	-1.5
درست	1.5
درستکار	1.5
درشت	-1.5
درمان	1.5
درمانده	-1.5
درماندگی	-1.5
درنده	-1.5
درنگ	-1.5
درهم	-1.5
دروغ	-1.5
دروغگو	-1.5
درویش	-1.5
درگذشت	-1.5
درگیر	-1.5
درگیری	-1.5
دریده	-1.5
دریچه	-1.5
دزد	-1.5
دزدی	-1.5
دزدیدن	-1.5
دستاوردهای	1.5
دسته	-1.5
دستک	-1.5
دستی	1.5
دسیسه	-1.5
دسیسه‌چینی	-1.5
دشمن	-1.5
دشمنان	-1.5
دشمنی	-1.5
دشنام	-1.5
دشنه	-1.5
دفاعی	-1.5
دفع	-1.5
دقت	1.5
دقیق	1.5
دقیقا	1.5
دلارام	1.5
دلالت	-1.5
دلاورانه	1.5
دلاوری	1.5
دلبر	1.5
دلخراش	-1.5
دلداده	1.5
دلدار	1.5
دلربا	1.5
دلسرد	-1.5
دلفریب	1.5
دلنواز	1.5
دلهره	-1.5
دلپذیر	1.5
دلیلی	-1.5
دمیدن	-1.5
دنج	1.5
دندانه	-1.5
دنیوی	-1.5
دهشتناک	-1.5
دود	-1.5
دور	-1.5
دورویی	-1.5
دوری	-1.5
دوزخ	-1.5
دوزخی	-1.5
دوست	1.5
دوستانه	1.5
دوستدار	1.5
دوستی	1.5
دوشیزه	-1.5
دچار	-1.5
دیافراگم	-1.5
دیرپای	1.5
دیرکرد	-1.5
دیز	1.5
دیس	-1.5
دیو	-1.5
دیوانه	-1.5
دیوانگی	-1.5
دیپلماتیک	1.5
دیکتاتور	-1.5
ذبح	-1.5
ذبیح	-1.5
ذخیره	-1.5
ذوق	1.5
ذینفع	1.5
راحت	1.5
راحتی	1.5
رادیکال	-1.5
راز	-1.5
راست	1.5
راستگرا	1.5
راستگو	1.5
راضی	1.5
رافضی	-1.5
رانده	-1.5
راهنمایی	1.5
راکد	-1.5
رایج	1.5
رایگان	1.5
ربط	1.5
ربودن	-1.5
رحمت	1.5
رخشان	1.5
رخنه	-1.5
رد	-1.5
رسام	-1.5
رستگاری	1.5
رسوایی	-1.5
رسیدن	1.5
رسیده	1.5
رشد	1.5
رشوه	-1.5
رشک	1.5
رضایت	1.5
رفت	1.5
رفتار	-1.5
رفتند	-1.5
رقابت	-1.5
رقابتی	1.5
رقیب	-1.5
رم	-1.5
رنج	-1.5
رنجش	-1.5
رنجور	-1.5
رنده	-1.5
رنسانس	1.5
رها	1.5
رهایی	1.5
رهبری	1.5
روان	1.5
روحانی	1.5
روحی	1.5
روزه	1.5
روستایی	1.5
روشن	1.5
روشنگری	1.5
روشنی	1.5
رونق	1.5
رویایی	1.5
رکود	-1.5
رگرسیون	-1.5
ریاضت	-1.5
ریاکار	-1.5
ریختن	-1.5
ریخته	-1.5
ریسک	-1.5
زائد	-1.5
زالو	-1.5
زباله	-1.5
زبر	-1.5
زحمت	-1.5
زحمتکش	-1.5
زخم	-1.5
زخمی	-1.5
زدن	-1.5
زدودن	-1.5
زدوده	1.5
زر	1.5
زرنگ	1.5
زرین	1.5
زشت	-1.5
زشتی	-1.5
زمخت	-1.5
زمزمه	-1.5
زندان	-1.5
زندانی	-1.5
زنده	1.5
زننده	-1.5
زنگ	-1.5
زهر	-1.5
زوال	-1.5
زور	-1.5
زکام	-1.5
زیان	-1.5
زیبا	1.5
زیبایی	1.5
زیردست	-1.5
زیردستانش	-1.5
زیرک	1.5
سابقه	-1.5
ساخت	-1.5
ساختمانی	1.5
ساختن	-1.5
ساخته	-1.5
ساختگی	-1.5
ساده	1.5
سازش	-1.5
سازگار	1.5
ساس	-1.5
ساعی	1.5
ساقط	-1.5
سالخورده	-1.5
سالم	1.5
سامان	1.5
سانحه	-1.5
ساکت	1.5
ساینده	-1.5
ساییده	-1.5
سبقت	1.5
ستایش	1.5
ستمگر	-1.5
ستمگران	-1.5
ستودن	1.5
ستوده	1.5
ستیزه	-1.5
سحر	1.5
سخاوت	1.5
سخاوتمند	1.5
سخاوتمندانه	1.5
سخت	-1.5
سخنور	1.5
سداب	-1.5
سرآمد	1.5
سراب	-1.5
سرازیر	-1.5
سراشیبی	-1.5
سرب	1.5
سرخورده	-1.5
سرخوردگی	-1.5
سرخوشی	1.5
سردرد	-1.5
سردرگم	-1.5
سردرگمی	1.5
سردی	-1.5
سرزده	-1.5
سرزنده	1.5
سرزنش	-1.5
سرسبز	1.5
سرسختانه	-1.5
سرسری	-1.5
سرسپردگی	1.5
سرشاخه	-1.5
سرشار	1.5
سرطان	-1.5
سرطانی	-1.5
سرعت	1.5
سرقت	-1.5
سرما	-1.5
سرماخوردگی	-1.5
سرنگونی	-1.5
سرور	1.5
سرپیچی	-1.5
سرکش	-1.5
سرکوب	-1.5
سرکوبی	-1.5
سرگرم	1.5
سرگرمی	1.5
سری	-1.5
سریع	1.5
سریعتر	1.5
سریعترین	1.5
سست	-1.5
سطحی	-1.5
سعادت	1.5
سعادتمند	1.5
سعایت	-1.5
سعید	1.5
سفته	-1.5
سفتی	-1.5
سفسطه	-1.5
سقط	-1.5
سقوط	-1.5
سلام	1.5
سم	-1.5
سمباده	-1.5
سمج	-1.5
سمپتوم	-1.5
سمی	-1.5
سندرم	-1.5
سنگلاخ	-1.5
سنگین	-1.5
سهم	1.5
سهو	-1.5
سهولت	1.5
سوختن	-1.5
سوخته	-1.5
سوختگی	-1.5
سود	1.5
سودا	-1.5
سودمند	1.5
سورئال	1.5
سوراخ	-1.5
سوزان	-1.5
سوزش	-1.5
سوسو	-1.5
سوگلی	1.5
سوگند	-1.5
سوگوار	-1.5
سپاسگزار	1.5
سپاسگزاری	1.5
سپردن	1.5
سپری	-1.5
سکسی	1.5
سکون	1.5
سگک	-1.5
سیال	-1.5
سیل	-1.5
سیلاب	-1.5
سیلی	-1.5
شأن	1.5
شاد	1.5
شادکام	1.5
شادی	1.5
شاعرانه	1.5
شان	1.5
شانس	1.5
شاهکار	1.5
شاهکارهای	1.5
شایسته	1.5
شایستگی	1.5
شایع	-1.5
شایعات	-1.5
شایعه	-1.5
شبنم	-1.5
شبکه	-1.5
شتابان	-1.5
شجاع	1.5
شجاعانه	1.5
شجاعت	1.5
شخصی	1.5
شخصیت	1.5
شدت	-1.5
شدن	-1.5
شدید	-1.5
شر	-1.5
شرارت	-1.5
شرم	-1.5
شرمنده	-1.5
شریر	-1.5
شریف	1.5
شطرنجی	-1.5
شعله	-1.5
شغل	1.5
شفاف	1.5
شفتالو	1.5
شفقت	1.5
شل	-1.5
شلاق	-1.5
شلوغ	-1.5
شماره	-1.5
شناور	1.5
شنیع	-1.5
شهادت	-1.5
شهامت	1.5
شهبانو	-1.5
شهرت	1.5
شهوت	-1.5
شوت	-1.5
شوخ	1.5
شوخی	1.5
شور	1.5
شورا	-1.5
شورانگیز	1.5
شورش	-1.5
شوریده	-1.5
شوق	1.5
شوم	-1.5
شک	-1.5
شکاف	-1.5
شکافتن	-1.5
شکاک	-1.5
شکایات	-1.5
شکایت	-1.5
شکستن	-1.5
شکسته	-1.5
شکستگی	-1.5
شکفتن	1.5
شکنجه	-1.5
شکننده	-1.5
شکوفه	1.5
شکوه	1.5
شکیبایی	1.5
شگرف	1.5
شگفت	1.5
شگفتی	1.5
شیء	-1.5
شیدایی	-1.5
شیره	-1.5
شیرین	1.5
شیرینی	1.5
شیطان	-1.5
شیطانی	-1.5
شیفته	1.5
شیوع	-1.5
شیپور	1.5
شیک	1.5
صادق	1.5
صادقانه	1.5
صاف	1.5
صالح	1.5
صبر	1.5
صبور	1.5
صبورانه	1.5
صحرا	-1.5
صحه	1.5
صحیح	1.5
صداقت	1.5
صدمه	-1.5
صراحتاً	1.5
صریح	1.5
صعب	-1.5
صفرا	-1.5
صلب	-1.5
صلح	1.5
صمیمانه	1.5
صمیمی	1.5
صمیمیت	1.5
ضایعات	-1.5
ضجه	-1.5
ضخیم	-1.5
ضد	-1.5
ضرب	-1.5
ضربت	-1.5
ضربه	-1.5
ضرر	-1.5
ضعف	-1.5
ضعیف	-1.5
ضمانت	1.5
طاس	-1.5
طاعون	-1.5
طراوت	1.5
طرح	-1.5
طرفداران	1.5
طعم	1.5
طعمه	-1.5
طعن	-1.5
طعنه	-1.5
طغیان	-1.5
طلا	1.5
طلایی	1.5
طلوع	1.5
طمع	-1.5
طنز	-1.5
طهارت	1.5
طوفانی	-1.5
طولانی	-1.5
ظالم	-1.5
ظالمانه	-1.5
ظاهری	-1.5
ظرافت	1.5
ظریف	1.5
ظفر	1.5
ظلم	-1.5
ظهور	-1.5
عاجز	-1.5
عادت	-1.5
عادلانه	1.5
عادی	-1.5
عاری	-1.5
عاشق	1.5
عاشقانه	1.5
عاصی	-1.5
عاقل	1.5
عاقلانه	1.5
عالی	1.5
عام	-1.5
عامی	-1.5
عبث	-1.5
عبوس	-1.5
عجز	-1.5
عجله	-1.5
عجول	-1.5
عجولانه	-1.5
عدالت	1.5
عدم	-1.5
عذاب	-1.5
عزادار	-1.5
عزیز	1.5
عشق	1.5
عصبانی	-1.5
عصبانیت	-1.5
عصبی	-1.5
عطوفت	-1.5
عظمت	1.5
عظیم	1.5
عفت	1.5
عفو	1.5
عفونت	-1.5
عفونی	-1.5
عقل	1.5
عقیم	-1.5
علائم	-1.5
علاج	1.5
علاقمند	-1.5
علنا	1.5
علو	1.5
عملی	1.5
عمیق	1.5
عمیقا	1.5
عهد	1.5
عوارض	-1.5
عواقب	-1.5
عود	-1.5
عوضی	-1.5
عیاشی	-1.5
عیب	-1.5
عینا	1.5
عیوب	-1.5
غار	-1.5
غارت	-1.5
غاصب	-1.5
غافل	-1.5
غالب	1.5
غایی	1.5
غبار	-1.5
غرفه	-1.5
غرق	-1.5
غریبه	-1.5
غصه	-1.5
غضب	-1.5
غفلت	-1.5
غلط	-1.5
غلیان	-1.5
غم	-1.5
غمگین	-1.5
غمگینی	-1.5
غنا	1.5
غنایم	-1.5
غنی	1.5
غوغا	-1.5
غیرت	1.5
غیررقابتی	-1.5
غیرشخصی	-1.5
غیرقانونی	-1.5
غیرممکن	-1.5
فاتحانه	1.5
فاجعه	-1.5
فاحش	-1.5
فاحشه	-1.5
فاسد	-1.5
فاشیست	-1.5
فاشیسم	-1.5
فاقد	-1.5
فتق	-1.5
فتنه	1.5
فجایع	-1.5
فجیع	-1.5
فحش	-1.5
فرار	-1.5
فراری	-1.5
فراست	1.5
فراوان	1.5
فراوانی	1.5
فراگیر	-1.5
فربه	-1.5
فرخنده	1.5
فرد	-1.5
فردوس	1.5
فردی	1.5
فرز	1.5
فرسایش	-1.5
فرشته	1.5
فرق	1.5
فروتن	1.5
فروتنی	1.5
فروختن	-1.5
فرودست	-1.5
فروزان	1.5
فروزنده	1.5
فروپاشی	-1.5
فریاد	-1.5
فریب	-1.5
فریبکاری	-1.5
فریفتن	1.5
فساد	-1.5
فسق	-1.5
فشار	-1.5
فشرده	1.5
فصاحت	1.5
فضولات	-1.5
فضولی	-1.5
فعال	1.5
فقدان	-1.5
فقر	-1.5
فقیر	-1.5
فقیرترین	-1.5
فلج	-1.5
فندک	1.5
فهمیدن	-1.5
فوت	-1.5
فورا	1.5
فکاهی	1.5
فیروز	1.5
قابلیت	1.5
قاتل	-1.5
قاطع	1.5
قاطعانه	1.5
قانونی	1.5
قاچاق	-1.5
قبح	-1.5
قتل	-1.5
قتلگاه	-1.5
قحطی	-1.5
قدرت	1.5
قدردان	1.5
قدردانی	1.5
قرار	-1.5
قراضه	-1.5
قربانی	-1.5
قساوت	-1.5
قشنگ	1.5
قشنگی	1.5
قصاب	-1.5
قطبش	-1.5
قطع	-1.5
قطعی	-1.5
قلاب	-1.5
قلابی	-1.5
قلبی	1.5
قلدر	-1.5
قلدری	-1.5
قمع	-1.5
قناعت	1.5
قهرمان	1.5
قهرمانانه	1.5
قول	1.5
قوی	1.5
قویترین	1.5
قیام	-1.5
قید	-1.5
لات	-1.5
لاس	-1.5
لاغری	-1.5
لال	1.5
لبخند	1.5
لجن	-1.5
لجوج	-1.5
لذت	1.5
لذیذ	1.5
لرزان	-1.5
لرزاند	-1.5
لرزش	1.5
لرزیدن	1.5
لطف	1.5
لطفا	1.5
لعنت	-1.5
لعنتی	-1.5
لغزش	-1.5
لق	-1.5
لقب	-1.5
لنگ	-1.5
لنگی	-1.5
لوازم	-1.5
لوستر	1.5
لکنت	-1.5
لکه	-1.5
لیز	1.5
لیمو	-1.5
لیمون	-1.5
مؤدب	1.5
مات	-1.5
مافوق	1.5
مالیات	-1.5
ماندن	-1.5
مانده	-1.5
مانع	-1.5
مانند	1.5
مانور	1.5
ماهر	1.5
ماهرانه	1.5
ماچ	-1.5
مایع	-1.5
مایل	1.5
مایوس	-1.5
مباحثه	-1.5
مبارز	-1.5
مبارزات	-1.5
مبارزه	-1.5
مبتذل	-1.5
مبتکر	1.5
مبهم	-1.5
متاسف	-1.5
متاسفانه	-1.5
متبحر	1.5
متجاوز	-1.5
متحد	1.5
متحمل	-1.5
متحیر	1.5
متخاصم	-1.5
متخصص	1.5
متخلف	-1.5
متخلفان	-1.5
متداول	1.5
متراکم	-1.5
مترقی	1.5
متروک	-1.5
متزلزل	-1.5
متضاد	-1.5
متعادل	1.5
متعجب	1.5
متعصب	-1.5
متفرقه	-1.5
متفکر	1.5
متقلب	-1.5
متلک	-1.5
متمرد	-1.5
متمم	1.5
متناسب	1.5
متناقض	-1.5
متناوب	-1.5
متنفر	-1.5
متنوع	1.5
متهم	-1.5
متواضع	1.5
متوجه	1.5
متورم	-1.5
متوسط	-1.5
متکبر	-1.5
متکی	1.5
مثبت	1.5
مثل	1.5
مجادله	-1.5
مجاز	1.5
مجازات	-1.5
مجانی	1.5
مجاهد	1.5
مجتمع	-1.5
مجدد	1.5
مجذوب	1.5
مجرد	-1.5
مجلل	1.5
مجموعه	-1.5
مجنون	-1.5
مجهول	-1.5
محاصره	-1.5
محافظ	1.5
محافظت	1.5
محبس	-1.5
محبوب	1.5
محترم	1.5
محدود	-1.5
محدودیت	-1.5
محرم	1.5
محرمانه	-1.5
محروم	-1.5
محرک	-1.5
محزون	-1.5
محسنات	1.5
محسوس	1.5
محصور	-1.5
محقق	1.5
محو	-1.5
محکم	1.5
محکوم	-1.5
محکومیت	-1.5
مخازن	-1.5
مخالف	-1.5
مخالفان	-1.5
مخالفت	-1.5
مختل	-1.5
مخرب	-1.5
مخزن	-1.5
مخفی	-1.5
مخمصه	-1.5
مخوف	-1.5
مدافع	1.5
مدافعان	-1.5
مدرن	1.5
مدفوع	-1.5
مدید	-1.5
مدیون	1.5
مذمت	-1.5
مذهبی	1.5
مراقبت	1.5
مربا	-1.5
مرتب	1.5
مرتجع	-1.5
مرتد	-1.5
مرجح	1.5
مردد	-1.5
مردن	-1.5
مرده	-1.5
مرض	-1.5
مرطوب	-1.5
مرموز	-1.5
مرموزی	-1.5
مرور	-1.5
مرکب	-1.5
مرگ	-1.5
مزاحم	-1.5
مزاحمت	-1.5
مزایای	1.5
مزخرف	-1.5
مزدور	-1.5
مزمن	-1.5
مزه	1.5
مزیت	1.5
مسئله	-1.5
مسئول	-1.5
مسئولانه	1.5
مسئوليت	-1.5
مسامحه	-1.5
مست	-1.5
مستبدانه	-1.5
مستحق	1.5
مسترد	1.5
مستعد	1.5
مستقل	1.5
مسحور	1.5
مسخره	-1.5
مسدود	-1.5
مسری	-1.5
مسلم	1.5
مسکین	-1.5
مشاجره	-1.5
مشاغل	1.5
مشت	-1.5
مشتاق	1.5
مشتاقانه	1.5
مشخص	1.5
مشهور	1.5
مشوق	-1.5
مشکل	-1.5
مشکلات	-1.5
مشکوک	-1.5
مصادره	-1.5
مصالح	1.5
مصالحه	1.5
مصرانه	-1.5
مصمم	1.5
مصنوعی	1.5
مصیبت	-1.5
مضر	-1.5
مضرات	-1.5
مضطرب	-1.5
مطالب	-1.5
مطرود	-1.5
مطلع	1.5
مطلوب	1.5
مطمئن	1.5
مطیع	-1.5
معافیت	-1.5
معامله	1.5
معاند	-1.5
معایب	-1.5
معتاد	-1.5
معتادان	-1.5
معتبر	1.5
معجزه	1.5
معدوم	-1.5
معروف	1.5
معشوق	1.5
معصوم	1.5
معطر	1.5
معقول	1.5
معلول	-1.5
معکوس	-1.5
معین	1.5
معیوب	-1.5
مغالطه	-1.5
مغاک	-1.5
مغرضانه	-1.5
مغشوش	-1.5
مغلطه	-1.5
مفتخر	1.5
مفعول	-1.5
مفقود	-1.5
مفهوم	-1.5
مفید	1.5
مقابله	-1.5
مقاوم	-1.5
مقاومت	-1.5
مقدس	1.5
مقصر	-1.5
ملاحظه	1.5
ملامت	-1.5
ملایم	1.5
ملایمت	1.5
ملتهب	1.5
ملعون	-1.5
ممتاز	1.5
ممد	1.5
مملو	-1.5
ممنوع	-1.5
ممنوعه	-1.5
مناسب	1.5
منافع	1.5
منافق	-1.5
مناقصه	1.5
منت	1.5
منتقدان	-1.5
منجمد	-1.5
منحرف	-1.5
منحط	-1.5
منزجر	-1.5
منزلت	1.5
منزه	1.5
منزوی	-1.5
منسوخ	-1.5
منصف	1.5
منصفانه	1.5
منطقی	1.5
منظم	1.5
منظمی	1.5
منع	-1.5
منفعل	-1.5
منفور	-1.5
منفی	-1.5
منقد	-1.5
منور	1.5
منکر	-1.5
منگنه	-1.5
مهاجم	-1.5
مهار	-1.5
مهارت	1.5
مهتر	1.5
مهذب	1.5
مهر	1.5
مهربان	1.5
مهربانی	1.5
مهلت	1.5
مهلک	-1.5
مهم	1.5
مهیب	-1.5
مهیج	1.5
مهیجی	1.5
مواج	-1.5
مواجهه	-1.5
موافق	1.5
موانع	-1.5
موت	-1.5
موتمن	1.5
موثر	1.5
موجود	1.5
مودب	1.5
موذی	-1.5
مورب	-1.5
مورد	1.5
موضوع	-1.5
موعود	1.5
موفق	1.5
موفقیت	1.5
مولد	1.5
موهن	-1.5
موهومات	-1.5
مچاله	-1.5
مک	-1.5
مکار	-1.5
مکمل	1.5
مکیدن	-1.5
مکیده	-1.5
میل	1.5
ناامن	-1.5
ناامید	-1.5
ناب	1.5
نابجا	-1.5
نابرابر	-1.5
نابرابری	-1.5
نابغه	1.5
نابود	-1.5
نابکار	-1.5
نابینا	-1.5
ناتوان	-1.5
ناجور	-1.5
ناجی	1.5
ناخالص	-1.5
ناخدا	1.5
ناخرسندی	-1.5
ناخشنودی	-1.5
ناخواسته	-1.5
ناخوانده	-1.5
ناخوش	-1.5
ناخوشایند	-1.5
نادان	-1.5
نادانی	-1.5
نادر	-1.5
نادرست	-1.5
ناراحت	-1.5
ناراحتی	-1.5
ناراضی	-1.5
نارس	-1.5
نارسا	-1.5
نارسایی	-1.5
نارضایتی	-1.5
ناروا	-1.5
ناز	1.5
نازنین	1.5
نازک	-1.5
نازکتر	1.5
ناسازگار	-1.5
ناسازگاری	-1.5
ناسالم	-1.5
ناسزا	-1.5
ناشاد	-1.5
ناشایست	-1.5
ناشناخته	-1.5
ناشنوا	-1.5
ناصاف	-1.5
ناعادلانه	-1.5
نافرمان	-1.5
نافرمانی	-1.5
نافع	1.5
ناقص	-1.5
نالایق	-1.5
ناله	-1.5
نامتجانس	-1.5
نامحدود	1.5
نامرد	-1.5
نامساعد	-1.5
نامشخص	-1.5
نامطبوع	-1.5
نامطلوب	-1.5
نامطمئن	-1.5
نامعتبر	-1.5
نامعقول	-1.5
نامفهوم	-1.5
نامناسب	-1.5
نامنظم	-1.5
نامهربان	-1.5
ناموجه	-1.5
ناموفق	-1.5
نامی	1.5
ناهمگون	-1.5
ناهنجار	-1.5
ناپاک	-1.5
ناپایدار	-1.5
ناپایداری	-1.5
ناپسند	-1.5
ناپیوسته	-1.5
ناپیوستگی	-1.5
ناچیز	-1.5
ناک	-1.5
ناکارآمدی	-1.5
ناکارامد	-1.5
ناکافی	-1.5
ناکام	-1.5
ناگزیر	-1.5
ناگهان	-1.5
ناگهانی	-1.5
ناگوار	-1.5
نبوغ	1.5
نتواند	-1.5
نج	-1.5
نجابت	1.5
نجس	-1.5
نجیب	1.5
نجیب‌زاده	1.5
نحیف	-1.5
نخاله	-1.5
نخبه	1.5
نداشتن	-1.5
ندامت	-1.5
ندرتا	-1.5
نرده	-1.5
نرم	1.5
نرمتر	1.5
نزار	-1.5
نزاع	-1.5
نزاکت	1.5
نزدیکی	1.5
نزولی	-1.5
نسل‌کشی	-1.5
نسیم	1.5
نشان	1.5
نشت	-1.5
نشدم	-1.5
نشسته	-1.5
نصرت	1.5
نصیحت	-1.5
نظر	1.5
نظیر	1.5
نعمت	1.5
نفاق	-1.5
نفرت	-1.5
نفرین	-1.5
نفوذی	-1.5
نفی	-1.5
نفیس	1.5
نقاد	-1.5
نقض	-1.5
نقطه	-1.5
نقل	1.5
نم	-1.5
نمایشگاه	1.5
نمونه	1.5
ننگین	-1.5
نهان	-1.5
نوآورانه	1.5
نوسانات	-1.5
نومید	-1.5
نومیدی	-1.5
نوکر	-1.5
نوین	1.5
نژادپرست	-1.5
نژادپرستی	-1.5
نکبت	-1.5
نکوهش	-1.5
نگار	1.5
نگران	-1.5
نگرانی	-1.5
نگریستن	1.5
نیازمند	-1.5
نیرو	1.5
نیرومند	1.5
نیش	-1.5
نیک	1.5
نیکخواه	1.5
نیکوکار	1.5
هار	-1.5
هارمونی	1.5
هایی	-1.5
هدایت	1.5
هدف	-1.5
هذیان	-1.5
هذیانی	-1.5
هراس	-1.5
هراسان	-1.5
هرزه	-1.5
هرزگی	-1.5
هرم	1.5
هزلی	-1.5
هشدار	-1.5
هلو	1.5
هماهنگ	1.5
هماورد	-1.5
همدستی	-1.5
هموار	1.5
همکاری	1.5
هنگامه	-1.5
هوش	1.5
هوشمند	1.5
هوشمندانه	1.5
هولناک	-1.5
هژمونی	-1.5
هک	-1.5
هیبت	1.5
هیجان	1.5
هیستری	-1.5
هیولا	-1.5
وابستگی	1.5
واحه	1.5
وارونه	-1.5
واضح	1.5
واقعی	1.5
والا	1.5
وان	1.5
واژگونی	-1.5
واگرا	-1.5
واین	-1.5
وجد	1.5
وحدت	1.5
وحشت	-1.5
وحشتناک	-1.5
وحشتناکی	-1.5
وحشی	-1.5
وحشیانه	-1.5
وحشیگری	-1.5
وحی	1.5
وخیم	-1.5
ورزشی	1.5
ورشکسته	-1.5
ورم	-1.5
وزوز	-1.5
وزیدن	1.5
وسواس	1.5
وسوسه	-1.5
وسیع	1.5
وسیله	1.5
وضوح	1.5
وعده	1.5
وفات	-1.5
وفادار	1.5
وفاداری	1.5
وفور	1.5
وقاحت	-1.5
وقار	1.5
وقفه	-1.5
ولرم	-1.5
ولگرد	-1.5
ونگ	-1.5
وهم	-1.5
وون	1.5
ویران	-1.5
ویرانه	-1.5
ویرانگر	-1.5
ویرانی	-1.5
ویروس	-1.5
ویژه	1.5
پاداش	1.5
پارانوئید	-1.5
پارانویا	-1.5
پارتیزان	-1.5
پارگی	-1.5
پاسخگو	1.5
پالایش	1.5
پالوده	1.5
پاک	1.5
پاکدامن	1.5
پایانی	-1.5
پایبندی	1.5
پایداری	1.5
پایی	-1.5
پاییدن	1.5
پتیاره	-1.5
پذیرا	1.5
پراکنده	-1.5
پربرکت	1.5
پرحادثه	1.5
پرخاشگری	-1.5
پرخطر	-1.5
پرده	-1.5
پردیس	1.5
پررونق	1.5
پرستیژ	1.5
پرشکوه	-1.5
پرطرفدار	1.5
پرماجرا	1.5
پرهیاهو	-1.5
پروردن	1.5
پرورش	1.5
پرچین	-1.5
پریشان	-1.5
پریشانی	-1.5
پست	-1.5
پستی	-1.5
پسرفت	-1.5
پسندیده	1.5
پسین	-1.5
پشتکار	1.5
پشتیبانی	1.5
پشیمانی	-1.5
پلاتر	-1.5
پلیدی	-1.5
پنهان	-1.5
پنکه	1.5
پوسته	-1.5
پوسیده	-1.5
پوسیدگی	-1.5
پوشاندن	-1.5
پوشیده	-1.5
پوشیدگی	-1.5
پوچ	-1.5
پوچی	-1.5
پویا	1.5
پیروز	1.5
پیروزی	1.5
پیشامد	-1.5
پیشرفت	1.5
پیشرفته	1.5
پیمان	1.5
پیه	-1.5
پیوستگی	1.5
پیوند	-1.5
پیچ	-1.5
پیچیدگی	-1.5
پیک	-1.5
پیکار	-1.5
پیکر	-1.5
چابک	1.5
چابکی	1.5
چاره	1.5
چاق	-1.5
چاقو	-1.5
چاقی	-1.5
چالاک	1.5
چالاکی	1.5
چاه	1.5
چاهک	-1.5
چاپلوس	1.5
چاک	-1.5
چاکر	-1.5
چرب	-1.5
چربی	-1.5
چرخش	-1.5
چرند	-1.5
چروک	-1.5
چرک	-1.5
چسبنده	-1.5
چسبیدن	-1.5
چسبیده	1.5
چشمگیری	1.5
چموش	-1.5
چکیدن	-1.5
چیز	-1.5
ژولیده	-1.5
کابوس	-1.5
کار	1.5
کارآمد	1.5
کارتونی	-1.5
کارد	-1.5
کاردان	1.5
کارفرما	1.5
کارکن	1.5
کاریکاتور	-1.5
کاستن	-1.5
کاسته	1.5
کاستی	-1.5
کافر	-1.5
کافی	1.5
کامل	1.5
کامیابی	1.5
کاه	-1.5
کاهنده	-1.5
کبود	-1.5
کبودی	-1.5
کثافت	-1.5
کثرت	1.5
کثیف	-1.5
کج	-1.5
کدو	-1.5
کذاب	-1.5
کذب	-1.5
کر	-1.5
کس	-1.5
کساد	-1.5
کشتار	-1.5
کشتن	-1.5
کشته	-1.5
کشتی	-1.5
کشش	1.5
کشنده	-1.5
کشیدن	-1.5
کشیده	-1.5
کشیش	1.5
کفار	-1.5
کفر	-1.5
کفن	-1.5
کلاسیک	1.5
کلاله	-1.5
کلاهبرداران	-1.5
کلاهبرداری	-1.5
کلبی	-1.5
کلیشه	-1.5
کمال	1.5
کمبود	-1.5
کمترین	-1.5
کمر	-1.5
کمک	1.5
کمیاب	-1.5
کمیابی	-1.5
کمین	-1.5
کنایه	-1.5
کند	-1.5
کنده	-1.5
کهنه	-1.5
کوبیدن	-1.5
کوتاه	-1.5
کوتاهی	-1.5
کودن	-1.5
کودکانه	-1.5
کور	-1.5
کوسه	-1.5
کوچک	-1.5
کپور	-1.5
کیر	-1.5
کیسه	-1.5
کیف	1.5
کینه	-1.5
گال	-1.5
گانگستر	-1.5
گاو	1.5
گتو	-1.5
گدا	-1.5
گرامی	1.5
گران	-1.5
گرانبها	1.5
گرد	-1.5
گرداندن	-1.5
گردنه	-1.5
گردیده	1.5
گرسنگی	-1.5
گرفتاری	-1.5
گرم	1.5
گرمتر	1.5
گرمی	1.5
گروگان	-1.5
گریختن	-1.5
گریز	-1.5
گریزان	-1.5
گریستن	-1.5
گریه	-1.5
گزاف	-1.5
گزنده	-1.5
گزنه	-1.5
گزیدن	-1.5
گستاخ	-1.5
گسل	-1.5
گشاد	-1.5
گفتن	1.5
گلزار	-1.5
گلو	-1.5
گلگون	1.5
گمراه	-1.5
گناه	-1.5
گناهکار	-1.5
گنج	1.5
گنجینه	1.5
گند	-1.5
گنده	-1.5
گنگی	-1.5
گه	-1.5
گونیا	-1.5
گوه	-1.5
گوهر	1.5
گویا	1.5
گیج	-1.5
گیجی	-1.5
گیر	-1.5
گیرایی	1.5
یابم	1.5
یار	1.5
یارانه	1.5
یاس	-1.5
یاغی	-1.5
یتیم	-1.5
یخ‌زده	-1.5
یواش	-1.5
یورش	-1.5
یکسره	-1.5
یکنواختی	-1.5
یکپارچه	1.5
