Bastards	-1.5
Dungeons	-1.5
Freaks	-1.5
Jumalan	1.5
Mestari	1.5
Nemesis	-1.5
Paholainen	-1.5
Smack	-1.5
Super	1.5
Vaara	-1.5
aalto	-1.5
aatelinen	1.5
aavikko	-1.5
aavistaa	1.5
absoluuttinen	1.5
absurdi	-1.5
aggressiivinen	-1.5
aggressiivisuus	-1.5
aggressio	-1.5
aggression	-1.5
agility	1.5
ahdas	-1.5
ahdinko	-1.5
ahdistella	-1.5
ahdistunut	-1.5
ahdistus	-1.5
ahkera	1.5
ahkerasti	1.5
ahne	-1.5
ahneus	-1.5
aihe	-1.5
aiheellisesti	1.5
aika	1.5
aikaan	1.5
aikamoinen	1.5
aineellisen	1.5
aineeton	-1.5
ainoa	-1.5
aita	-1.5
aito	1.5
aivan	1.5
ajaa	1.5
ajankohtainen	1.5
ajatteleva	1.5
ajo	1.5
ajoittainen	-1.5
akka	-1.5
aksentti	-1.5
alainen	-1.5
alakynnessä	-1.5
alamainen	-1.5
alamäkeä	-1.5
alamäki	-1.5
alas	-1.5
aleneminen	-1.5
alennettu	-1.5
alentaa	-1.5
alentava	-1.5
alhaalla	-1.5
alhainen	-1.5
ali	-1.5
alistaa	-1.5
alistaminen	-1.5
alistamista	-1.5
alisteinen	-1.5
alittaa	-1.5
alkeellinen	-1.5
alkuperäisversio	1.5
alkusoitto	1.5
alkuunpanija	-1.5
allas	-1.5
allergia	-1.5
allerginen	-1.5
altis	-1.5
alue	-1.5
alustava	-1.5
alustavasti	-1.5
ammattilainen	1.5
ammattilaiset	1.5
ammattitaitoinen	1.5
ampua	-1.5
anarkismi	-1.5
anarkisti	-1.5
ankara	-1.5
ankarasti	-1.5
ankarat	-1.5
annos	1.5
anomalia	-1.5
anomus	-1.5
ansa	-1.5
ansaita	1.5
ansaitsevat	1.5
ansio	1.5
ansioitunut	1.5
ansiokas	1.5
antagonisti	-1.5
antautua	-1.5
antautuminen	-1.5
antelias	1.5
arkaainen	-1.5
armahdus	1.5
armahtaa	1.5
armo	1.5
armollinen	1.5
armoton	-1.5
arpi	-1.5
arvaamaton	-1.5
arvata	1.5
arvet	-1.5
arvo	1.5
arvoinen	1.5
arvokas	1.5
arvonimi	1.5
arvostaa	1.5
arvostelija	-1.5
arvostella	-1.5
arvosteltu	-1.5
arvostelu	-1.5
arvostettu	1.5
arvoton	-1.5
arvovalta	1.5
arvovaltainen	1.5
asiallinen	1.5
asianajaja	1.5
asianmukainen	1.5
asianmukaisesti	1.5
asiaton	-1.5
asti	1.5
attack	-1.5
attribuutti	1.5
auki	1.5
aukko	-1.5
auliisti	1.5
aura	-1.5
auringonnousu	1.5
autenttinen	1.5
autio	-1.5
autiomaa	-1.5
autonominen	1.5
autoritaarinen	-1.5
auttaa	1.5
auttanut	1.5
auttava	1.5
available	1.5
avara	-1.5
avioliitto	-1.5
avioton	-1.5
avoimesti	1.5
avoimuus	1.5
avoin	1.5
avokätisesti	1.5
avulla	1.5
avustaminen	1.5
avustava	-1.5
avustus	1.5
ax	-1.5
bad	-1.5
barbaari	-1.5
best	1.5
better	1.5
blah	-1.5
bonukset	1.5
bonus	1.5
break	-1.5
bug	-1.5
bugi	-1.5
champion	1.5
classic	1.5
cool	1.5
crack	-1.5
crash	-1.5
dark	-1.5
dead	-1.5
death	-1.5
demon	-1.5
demoni	-1.5
depression	-1.5
diagrammi	-1.5
die	-1.5
diktaattori	-1.5
din	-1.5
diplomaattinen	1.5
dominoiva	-1.5
doom	-1.5
drag	-1.5
dynaaminen	1.5
easy	1.5
edeltävä	1.5
edetä	1.5
edistyksellinen	1.5
edistynyt	1.5
edistys	1.5
edistää	1.5
edullinen	1.5
edullisesti	1.5
eettinen	1.5
ehdoton	1.5
ehkäisevä	-1.5
ehkäistä	-1.5
ehkäisy	1.5
eksentrinen	-1.5
eksentrisyys	-1.5
eksynyt	-1.5
elegantti	1.5
eliitti	1.5
eliminointi	-1.5
eloisa	1.5
elpyminen	1.5
elpyä	1.5
elvyttää	1.5
eläin	-1.5
elävä	1.5
emälaiva	1.5
emäntä	-1.5
energinen	1.5
enintään	1.5
eniten	-1.5
enkeli	1.5
ennakkoluulo	-1.5
ennakkoluuloja	-1.5
ennakkosuosikki	1.5
ennallaan	1.5
enne	1.5
ennenaikainen	-1.5
ennennäkemätön	-1.5
ennustaa	1.5
ensimmäisenä	1.5
epidemia	-1.5
epäedullinen	-1.5
epäilemättä	1.5
epäilen	-1.5
epäilevästi	-1.5
epäillä	-1.5
epäilty	-1.5
epäily	-1.5
epäilyksiä	-1.5
epäilys	-1.5
epäilyt	-1.5
epäilyttävä	-1.5
epäkohtia	-1.5
epäkäytännöllinen	-1.5
epäluotettava	-1.5
epäluulo	-1.5
epäluuloinen	-1.5
epämiellyttävä	-1.5
epämiellyttävän	-1.5
epämääräinen	-1.5
epänormaali	-1.5
epäoikeudenmukaisesti	-1.5
epäonninen	-1.5
epäonnistua	-1.5
epäonnistui	-1.5
epäonnistuminen	-1.5
epäonnistumisia	-1.5
epäonnistunut	-1.5
epäonnistuu	-1.5
epäpätevä	-1.5
epäselvä	-1.5
epäsuora	-1.5
epäsuorasti	-1.5
epäsuosittu	-1.5
epätarkasti	-1.5
epätarkka	-1.5
epätarkkuus	-1.5
epätasainen	-1.5
epätavallisen	-1.5
epätodennäköinen	-1.5
epätoivoinen	-1.5
epätoivoisesti	-1.5
epätosi	-1.5
epätäydellinen	-1.5
epävakaa	-1.5
epävakaus	-1.5
epävarma	-1.5
epävarmuus	-1.5
epäyhtenäinen	-1.5
erehdyksessä	-1.5
erehdys	-1.5
erehtymätön	1.5
erehtyä	-1.5
eri	-1.5
eriarvoisuutta	-1.5
erilainen	-1.5
erimielisyys	-1.5
erinomainen	1.5
erinomaisen	1.5
erinomaisesti	1.5
erisnimi	1.5
eristetty	-1.5
eristyneisyys	-1.5
eristys	-1.5
eristäminen	-1.5
eristää	-1.5
eritoten	1.5
erittely	-1.5
erittäin	1.5
erityisesti	-1.5
eroaminen	-1.5
eroosio	-1.5
erottua	1.5
error	-1.5
esikuva	1.5
esimerkki	1.5
esimies	1.5
esine	-1.5
este	-1.5
esteetön	1.5
estetty	-1.5
esto	-1.5
estäminen	-1.5
estämisestä	-1.5
estää	-1.5
eteneminen	1.5
etenkin	1.5
etevä	1.5
etiikka	1.5
etu	1.5
etuajassa	1.5
etuja	1.5
etumerkki	-1.5
etuoikeus	1.5
etuudet	1.5
etäinen	-1.5
evätä	-1.5
fair	1.5
false	-1.5
fanit	1.5
farssi	-1.5
fasismi	-1.5
fasistinen	-1.5
feat	1.5
fiasko	-1.5
fiction	-1.5
fiksu	1.5
fiktiivinen	-1.5
fiktio	-1.5
fobia	-1.5
free	1.5
fuck	-1.5
fun	1.5
futuristinen	1.5
gangsteri	-1.5
ghetto	-1.5
glee	1.5
gold	1.5
good	1.5
graafi	-1.5
grand	1.5
great	1.5
greatest	1.5
haastaa	-1.5
haastava	-1.5
haaste	-1.5
haasteita	-1.5
haastoi	-1.5
haava	-1.5
haavat	-1.5
haavoittaa	-1.5
haavoittuva	-1.5
haavoittuvainen	-1.5
hack	-1.5
hahmotella	-1.5
hai	-1.5
haihtuva	-1.5
haista	-1.5
haistaa	-1.5
haitallinen	-1.5
haitat	-1.5
haitata	-1.5
haitta	-1.5
haittoja	-1.5
hajaannus	-1.5
hajaannusta	-1.5
hajanainen	-1.5
hajoaa	-1.5
hajoaminen	-1.5
hajosi	-1.5
hajota	-1.5
hajottaa	-1.5
hajottaminen	-1.5
haju	-1.5
hajuaisti	-1.5
halkeama	-1.5
halkeamia	-1.5
halla	-1.5
hallinta	1.5
hallita	1.5
hallitsee	1.5
hallittavissa	1.5
hallitus	1.5
halpa	1.5
halu	-1.5
haluava	1.5
halukas	1.5
haluta	1.5
haluten	1.5
haluton	-1.5
haluttomuus	-1.5
haluttu	1.5
halvaantunut	-1.5
halvalla	-1.5
halvempaa	1.5
halventava	-1.5
halvin	1.5
hankala	-1.5
hankalasti	-1.5
hapan	-1.5
happy	1.5
hard	-1.5
harha	-1.5
harhaan	-1.5
harhaanjohtava	-1.5
harhaanjohtavasti	-1.5
harhauttaa	-1.5
harjata	1.5
harjoittaa	1.5
harjoitus	-1.5
harmiton	1.5
harmittaa	-1.5
harmonia	1.5
harmoninen	1.5
harras	1.5
harrastaja	1.5
harrastus	1.5
hartaasti	1.5
hassu	-1.5
haukkua	-1.5
hauras	-1.5
hauska	1.5
hauta	-1.5
hautoa	-1.5
havaita	1.5
havaittava	1.5
hedelmällinen	1.5
hegemonia	-1.5
hehku	1.5
hehkua	1.5
hehkuva	1.5
heikentyminen	-1.5
heikentynyt	-1.5
heikentyä	-1.5
heikentänyt	-1.5
heikentää	-1.5
heiketä	-1.5
heikkeneminen	-1.5
heikko	-1.5
heikkoudet	-1.5
heikkous	-1.5
heikompi	-1.5
heitellä	-1.5
heittää	-1.5
hellä	1.5
hellästi	1.5
helmi	1.5
helmiä	1.5
helpoin	1.5
helpompaa	1.5
helposti	1.5
helpottaa	1.5
helpotti	1.5
helppo	1.5
helppohoitoinen	1.5
helppous	1.5
helvetin	-1.5
helvetti	-1.5
hemmoteltu	1.5
hengellinen	1.5
hengenvaarallinen	-1.5
henkilö	1.5
henkilökohtainen	1.5
hento	-1.5
heprea	-1.5
herkku	1.5
hermostunut	-1.5
herra	1.5
herättävä	-1.5
heti	1.5
hidas	-1.5
hidastaa	-1.5
hidastua	-1.5
hidastui	-1.5
hieno	1.5
hienoin	1.5
hienoksi	1.5
hienosti	1.5
hienostunut	1.5
hihna	1.5
hiipua	-1.5
hiipumassa	-1.5
hiipuminen	-1.5
hiljainen	1.5
hiljaisempi	1.5
hiljaisuus	1.5
hillitä	-1.5
himmeä	-1.5
himo	-1.5
hirttää	-1.5
hirveä	-1.5
hirviö	-1.5
hitaammin	-1.5
hitaasti	-1.5
hitain	-1.5
hitti	-1.5
hohtaa	1.5
hohtavan	1.5
hoidettavaksi	1.5
hoikka	1.5
hoitaa	1.5
hoito	1.5
holtittomasti	-1.5
homo	-1.5
horjua	-1.5
horjui	-1.5
horjuttaa	-1.5
hot	1.5
houkutellaan	1.5
houkutteleva	1.5
huhu	-1.5
huhuja	-1.5
huijareita	-1.5
huijari	-1.5
huijasi	-1.5
huijata	-1.5
huijauksia	-1.5
huijaus	-1.5
huippu	1.5
huippukohta	1.5
hukassa	-1.5
hukkaan	-1.5
hukkua	-1.5
hukkuminen	-1.5
hukuttaa	-1.5
hullu	-1.5
hulluus	-1.5
humalassa	-1.5
humoristinen	1.5
humoristisesti	1.5
huolehtia	-1.5
huolellinen	1.5
huolellisesti	1.5
huolenaihe	-1.5
huolestunut	-1.5
huoli	-1.5
huolia	-1.5
huolimaton	-1.5
huolimatta	-1.5
huolimattomasti	-1.5
huolissaan	-1.5
huomaamaton	-1.5
huomaamatta	-1.5
huomattava	1.5
huomattavan	1.5
huomautus	-1.5
huomionarvoinen	1.5
huomionosoituksia	1.5
huono	-1.5
huonoin	-1.5
huonokuntoinen	-1.5
huonommin	-1.5
huonompi	-1.5
huonontaa	-1.5
huonontua	-1.5
huonosti	-1.5
huonovointisuus	-1.5
huora	-1.5
huostaan	1.5
hurja	-1.5
hurskas	1.5
huumori	1.5
huutaa	-1.5
huutava	-1.5
huuto	-1.5
huvi	1.5
hylky	-1.5
hylkäys	-1.5
hylkää	-1.5
hylkääminen	-1.5
hylätty	-1.5
hylätä	-1.5
hymy	1.5
hymyilee	1.5
hyve	1.5
hyveellinen	1.5
hyvin	1.5
hyvinvointi	1.5
hyvittää	1.5
hyvyys	1.5
hyvä	1.5
hyväksikäyttö	-1.5
hyväksyminen	1.5
hyväksyntä	1.5
hyväksyä	1.5
hyväntahtoinen	1.5
hyväntekijä	1.5
hyödyllinen	1.5
hyödyntää	-1.5
hyödyttää	1.5
hyödytön	-1.5
hyökkäyksiä	-1.5
hyökkäys	-1.5
hyökkäystä	-1.5
hyökkääjä	-1.5
hyökkäävä	-1.5
hyökätä	-1.5
hyöty	1.5
hyötysuhde	1.5
häikäilemätön	-1.5
häilyvä	-1.5
häipyä	-1.5
häiriintynyt	-1.5
häirikkö	-1.5
häirintä	-1.5
häiritsee	-1.5
häiritseviä	-1.5
häiritsevä	-1.5
häiritä	-1.5
häiriö	-1.5
hälyttää	-1.5
hälytys	-1.5
hämmentynyt	-1.5
hämmentää	-1.5
hämmästynyt	1.5
hämmästyttävä	1.5
hämmästyttävän	1.5
hämärtää	-1.5
hämärä	-1.5
hämätä	-1.5
häpeissään	-1.5
häpeä	-1.5
hätä	-1.5
hätäisesti	-1.5
hätätila	-1.5
hävittäjä	-1.5
hävittäminen	-1.5
hävittää	-1.5
hävitys	-1.5
hävitä	-1.5
häviäjä	-1.5
häviöt	-1.5
höyry	-1.5
ideaali	1.5
ideaalinen	1.5
idealistinen	1.5
idiootti	-1.5
idoli	1.5
idyllinen	1.5
ihailija	1.5
ihailla	1.5
ihailu	1.5
ihan	1.5
ihana	1.5
ihanne	1.5
ihannoi	1.5
ihanteellinen	1.5
ihastunut	1.5
ihme	1.5
ihmeellinen	1.5
ihmeitä	1.5
ihmetellä	1.5
ihottuma	-1.5
ikuinen	1.5
ikävä	-1.5
ilkeä	-1.5
illuusio	-1.5
illuusioita	-1.5
ilmainen	1.5
ilmaiseksi	1.5
ilmeinen	1.5
ilmoittaa	-1.5
ilmoitus	1.5
ilo	1.5
iloinen	1.5
iloisesti	1.5
imetään	-1.5
imeä	-1.5
impedanssi	-1.5
imperfekti	-1.5
important	1.5
infektio	-1.5
infektioita	-1.5
inhimillinen	1.5
inhoaa	-1.5
innoissaan	1.5
innokas	1.5
innokkaasti	1.5
innostaa	1.5
innostunut	1.5
innostus	1.5
innovaatio	1.5
innovatiivinen	1.5
inspiraatio	1.5
instrumentaali	1.5
instrumentaalinen	1.5
integraali	1.5
integroitu	1.5
intelligence	1.5
intensiivinen	-1.5
into	1.5
intohimo	1.5
intohimoinen	1.5
intuitiivinen	1.5
invalid	-1.5
ironia	-1.5
ironinen	-1.5
ironisesti	-1.5
irrotettava	1.5
irrottaa	-1.5
irti	1.5
irtisanoa	-1.5
irtisanominen	-1.5
iskevä	1.5
iskeä	-1.5
iski	-1.5
isku	-1.5
iso	-1.5
issue	-1.5
isänmaallinen	1.5
isäntä	1.5
itkeä	-1.5
itku	-1.5
itsekeskeinen	-1.5
itsekäs	-1.5
itseluottamus	1.5
itsemurha	-1.5
itsetuhoinen	-1.5
itsevarma	1.5
jaettu	-1.5
jakaa	-1.5
jakaantuminen	-1.5
jakautuminen	-1.5
jako	-1.5
jakso	-1.5
jalo	1.5
jalokivi	1.5
jalostaa	1.5
jalostus	1.5
jano	-1.5
jarru	-1.5
jarruttaa	-1.5
jatkuvuus	1.5
jauhaa	-1.5
johdattaa	1.5
johdatus	1.5
johdonmukainen	1.5
johdonmukaisesti	1.5
johtaa	1.5
johtaminen	1.5
johtava	1.5
johto	1.5
johtoasema	1.5
johtolanka	1.5
jono	-1.5
joukkomurha	-1.5
joukkomurhia	-1.5
joustava	1.5
joustavuus	1.5
joutuneiden	-1.5
jugend	1.5
juhla	1.5
juhlia	1.5
juhlistaa	1.5
juhlittu	1.5
julistaa	-1.5
julkinen	1.5
julkisesti	1.5
julma	-1.5
julmasti	-1.5
julmuuksista	-1.5
jumalainen	1.5
jumalallinen	1.5
jumissa	-1.5
juonia	-1.5
juopunut	-1.5
jutella	-1.5
juuri	-1.5
juuttunut	-1.5
jykevä	1.5
jyrkkä	-1.5
jäljennös	-1.5
jäljessä	-1.5
jäljitelmä	-1.5
jälki	-1.5
jännite	-1.5
jännittynyt	-1.5
jännittävä	1.5
jännitys	1.5
jännitystä	1.5
järjestäytynyt	1.5
järjestään	1.5
järjestö	1.5
järjetön	-1.5
järkevä	1.5
järkevästi	1.5
järkyttävä	-1.5
järkyttää	-1.5
jäte	-1.5
jätkä	-1.5
jätteet	-1.5
jättimäinen	1.5
jättäminen	-1.5
jättää	-1.5
jäykkyys	-1.5
jäykkä	-1.5
jäädytetty	-1.5
jäädyttää	-1.5
jääneiden	-1.5
jäänne	-1.5
jäännös	-1.5
jäänteitä	-1.5
jäätyi	-1.5
jäätynyt	-1.5
jäätyy	-1.5
jäätyä	-1.5
jäätävä	-1.5
kaaos	-1.5
kaapata	-1.5
kaappi	-1.5
kaasu	-1.5
kaataa	-1.5
kaataminen	-1.5
kaato	-1.5
kaatopaikka	-1.5
kaatua	-1.5
kaatui	-1.5
kaatuminen	-1.5
kaatuneet	-1.5
kaatunut	-1.5
kaatuu	-1.5
kadoksissa	-1.5
kadonnut	-1.5
kadota	-1.5
kadotukseen	-1.5
kaipuu	-1.5
kaivata	-1.5
kaivo	1.5
kalleus	1.5
kallioinen	-1.5
kallis	-1.5
kallistua	1.5
kalpea	-1.5
kaltainen	1.5
kaltaisesti	1.5
kalteva	-1.5
kamala	-1.5
kamppailee	-1.5
kamppailivat	-1.5
kamppailla	-1.5
kamppailu	-1.5
kannattaa	1.5
kannattanut	1.5
kannattava	1.5
kannatti	1.5
kannella	-1.5
kannettava	1.5
kannustaa	1.5
kansa	1.5
kansanmurha	-1.5
kansannousu	-1.5
kansi	1.5
kanta	-1.5
kantaja	1.5
kantava	1.5
kantavuus	-1.5
kanto	-1.5
kaoottinen	-1.5
kapea	-1.5
kapeampi	-1.5
kapina	-1.5
kapinallinen	-1.5
kapinoida	-1.5
kappale	1.5
kapteeni	1.5
karannut	-1.5
karata	-1.5
karhea	-1.5
karikatyyri	-1.5
karille	-1.5
karismaattinen	1.5
karkea	-1.5
karkeasti	-1.5
karkottaa	-1.5
karkotus	-1.5
karsia	-1.5
karttaa	-1.5
karu	-1.5
karvas	-1.5
katastrofaalinen	-1.5
katastrofaalisesti	-1.5
katastrofi	-1.5
katkaistu	-1.5
katkennut	-1.5
katkera	-1.5
katkeruus	-1.5
katkonainen	-1.5
katse	1.5
kattaa	1.5
kattava	1.5
katua	-1.5
kauhea	-1.5
kauhean	-1.5
kauhu	-1.5
kauhuissaan	-1.5
kauneus	1.5
kauniisti	1.5
kaunis	1.5
kaunokirjallisuus	-1.5
kaunotar	1.5
kaupat	1.5
kehittynyt	1.5
kehittää	1.5
kehitysvammainen	-1.5
kehno	-1.5
kehotus	-1.5
keidas	1.5
keittää	-1.5
kekseliäs	1.5
kellari	-1.5
kelluva	1.5
kelpo	1.5
kelvollinen	1.5
kerjäläinen	-1.5
kertoa	-1.5
kertomus	-1.5
keskeneräinen	-1.5
keskeyttää	-1.5
keskeytys	-1.5
keskimääräinen	-1.5
keskinkertainen	-1.5
keskiverto	-1.5
kestävyys	1.5
kestävä	1.5
kestää	-1.5
kesyttää	-1.5
ketteryys	1.5
ketterä	1.5
keulakuva	-1.5
kidutettu	-1.5
kiduttaa	-1.5
kidutus	-1.5
kiehtova	1.5
kiehua	-1.5
kielimuoto	1.5
kielletty	-1.5
kielletään	-1.5
kielteinen	-1.5
kielto	-1.5
kieltäminen	-1.5
kieltäytyi	-1.5
kieltäytyminen	-1.5
kieltäytyy	-1.5
kieltäytyä	-1.5
kieltää	-1.5
kiero	-1.5
kierre	-1.5
kierretty	-1.5
kierteinen	-1.5
kiertelevä	-1.5
kierto	-1.5
kiertää	-1.5
kiihdyttää	-1.5
kiihtynyt	1.5
kiihtyvyyden	-1.5
kiila	-1.5
kiilto	1.5
kiiltävä	1.5
kiinni	1.5
kiinnittää	1.5
kiinnostava	1.5
kiire	-1.5
kiireesti	-1.5
kiirehtiä	-1.5
kiireinen	-1.5
kiista	-1.5
kiistanalainen	-1.5
kiistaton	1.5
kiistatta	1.5
kiistattomasti	1.5
kiistellä	-1.5
kiistely	-1.5
kiistää	-1.5
kiitollinen	1.5
kiitos	1.5
kiittää	1.5
kiivaasti	-1.5
kiivas	-1.5
killer	-1.5
kilpaileva	-1.5
kilpailija	-1.5
kilpailla	-1.5
kilpailu	-1.5
kilpailukykyinen	1.5
kimallus	1.5
kipeästi	-1.5
kipu	-1.5
kireä	-1.5
kiristää	-1.5
kirjaimellinen	-1.5
kirjava	-1.5
kirkas	1.5
kirkkaampi	1.5
kirkkaasti	1.5
kirkkain	1.5
kirkkaus	1.5
kiroaa	-1.5
kirottu	-1.5
kirous	-1.5
kirpeä	1.5
kirves	-1.5
kisko	-1.5
kitka	-1.5
kitkerä	-1.5
kitkeä	-1.5
kiusaa	-1.5
kiusaaminen	-1.5
kiusallinen	-1.5
kiusata	-1.5
kiva	1.5
kivinen	-1.5
kivulias	-1.5
kivut	-1.5
klassikko	1.5
klassinen	1.5
kohdata	-1.5
kohde	-1.5
kohdella	-1.5
kohdistaa	1.5
kohentaa	1.5
kohina	-1.5
kohottaa	1.5
kohouma	1.5
kohtalainen	1.5
kohtaus	-1.5
kohteeksi	-1.5
kohtelias	1.5
kohtuullinen	1.5
kohtuullisen	1.5
kohtuullisesti	1.5
kohtuus	1.5
kohtuuttoman	-1.5
kohtuuttomasti	-1.5
kohu	1.5
koittaa	-1.5
kokeellinen	-1.5
kokematon	-1.5
kokemattomuus	-1.5
kokenut	1.5
kokonainen	1.5
kokonaisluku	1.5
kokonaisvaltainen	-1.5
kolari	-1.5
kolmikko	-1.5
kolo	-1.5
komea	1.5
komeasti	1.5
kompakti	1.5
kompleksi	-1.5
komplementti	1.5
komplikaatio	-1.5
kone	1.5
konflikti	-1.5
konfliktit	-1.5
konkurssi	-1.5
konkurssiin	-1.5
konna	-1.5
konnia	-1.5
konservatiivi	-1.5
konservatiivinen	-1.5
kookas	-1.5
koominen	-1.5
koristeltu	-1.5
korjata	1.5
korkea	1.5
korkeintaan	1.5
korkeus	1.5
korkki	1.5
korostaa	-1.5
korroosio	-1.5
korruptio	-1.5
korruptoitunut	-1.5
korvaamaton	1.5
korvaus	1.5
koskea	-1.5
koskematon	-1.5
koskemattomuus	-1.5
koski	1.5
kostaa	-1.5
kostea	-1.5
kosto	-1.5
kovaa	-1.5
kovalla	-1.5
kovaääninen	-1.5
kovempaa	-1.5
kovempia	1.5
kovimmat	1.5
kriisi	-1.5
kriitikko	-1.5
kriitikot	-1.5
kriittinen	-1.5
kritiikki	-1.5
kritiikkiä	-1.5
kritisoi	-1.5
krooninen	-1.5
kudos	1.5
kuilu	-1.5
kuin	1.5
kuivattaa	-1.5
kuivuus	-1.5
kukinta	1.5
kukistaa	-1.5
kukistamalla	1.5
kukistaminen	-1.5
kukistuminen	-1.5
kukka	1.5
kukkia	1.5
kukkula	-1.5
kukoistaa	1.5
kukoistava	1.5
kulkuri	-1.5
kullanvärinen	1.5
kulmakivi	1.5
kulta	1.5
kultainen	1.5
kuluminen	-1.5
kulunut	-1.5
kuluttaa	-1.5
kummallinen	-1.5
kumoamaan	-1.5
kumota	-1.5
kumottu	-1.5
kuninkaallinen	1.5
kunnia	1.5
kunniaksi	1.5
kunniallinen	1.5
kunnianhimoinen	1.5
kunnianloukkaus	-1.5
kunnianosoitus	1.5
kunnioitettava	1.5
kunnioittaa	1.5
kunnioittaminen	1.5
kunnioittava	1.5
kunnioittavasti	1.5
kunnioitus	1.5
kunnioitusta	1.5
kunnolla	1.5
kunnollinen	1.5
kunnon	1.5
kunnostaa	1.5
kuolee	-1.5
kuolema	-1.5
kuoleminen	-1.5
kuolettava	-1.5
kuolettavasti	-1.5
kuoleva	-1.5
kuolla	-1.5
kuollut	-1.5
kuona	-1.5
kuoppia	-1.5
kuori	1.5
kuorma	-1.5
kupla	-1.5
kuristaa	-1.5
kurja	-1.5
kurjuus	-1.5
kurpitsa	-1.5
kuten	1.5
kutina	-1.5
kutsua	1.5
kuuluisa	1.5
kuuluisuus	1.5
kuulumaton	-1.5
kuuluva	1.5
kuuluvien	-1.5
kuuma	1.5
kuume	-1.5
kuumeisesti	-1.5
kuumin	1.5
kuuro	-1.5
kuurot	-1.5
kuva	-1.5
kuvio	-1.5
kuvitella	1.5
kuviteltu	-1.5
kykenemättömyys	-1.5
kykenemätön	-1.5
kykenevä	1.5
kyky	1.5
kykyjä	1.5
kylliksi	1.5
kyllin	1.5
kyllästynyt	-1.5
kylmyys	-1.5
kylmä	-1.5
kylmästi	-1.5
kynsiä	-1.5
kypsyä	1.5
kypsä	1.5
kyseenalainen	-1.5
kyseenalaistaa	-1.5
kyseenalaistaminen	-1.5
kysymykset	-1.5
kysymys	-1.5
kytkeä	-1.5
kyvykäs	1.5
kyvyttömyys	-1.5
kyvytön	-1.5
kyy	-1.5
kyyninen	-1.5
kärki	1.5
kärpänen	-1.5
kärryt	-1.5
kärsi	-1.5
kärsii	-1.5
kärsimätön	-1.5
kärsivällinen	1.5
kärsivällisyys	1.5
kärsiä	-1.5
käsillä	1.5
käsitellä	-1.5
käsittämättömän	-1.5
käsittämätön	-1.5
käsitys	-1.5
kätevä	1.5
kätevästi	1.5
kätkeä	-1.5
kätyri	-1.5
käynnistää	-1.5
käyrä	-1.5
käytettävissä	1.5
käyttämätön	-1.5
käyttää	1.5
käyttökelpoinen	1.5
käyttökelvoton	-1.5
käytännöllinen	1.5
käänne	-1.5
käännetty	1.5
käänteitä	-1.5
kääntää	-1.5
kääpiö	-1.5
kömpelö	-1.5
kömpelöitä	-1.5
köyhimpien	-1.5
köyhtynyt	-1.5
köyhyys	-1.5
köyhä	-1.5
köyhät	-1.5
laaja	1.5
laatikko	-1.5
lahja	1.5
lahjakas	1.5
lahjakkuus	1.5
lahjoa	-1.5
lahjoittaja	1.5
lahti	-1.5
laillinen	1.5
laillisesti	1.5
laiminlyönti	-1.5
laiminlyöty	-1.5
lainen	1.5
lainsuojaton	-1.5
lainvastaisesti	-1.5
lainvoimainen	1.5
laiska	-1.5
laiton	-1.5
laittomasti	-1.5
laji	1.5
lajike	1.5
lakkaamatta	-1.5
lakkauttaa	-1.5
lakko	-1.5
lama	-1.5
lamauttaa	-1.5
langennut	-1.5
lapsellinen	-1.5
laskea	-1.5
laskeuma	-1.5
laskeutua	-1.5
laskevan	-1.5
laski	-1.5
lasku	-1.5
laskussa	-1.5
latva	1.5
lautta	1.5
lead	1.5
led	1.5
legendaarinen	1.5
lehdetön	-1.5
leikata	-1.5
leikkaamalla	-1.5
leikkisästi	1.5
leima	1.5
leimata	-1.5
lempeä	1.5
lempi	1.5
lentää	-1.5
leuto	1.5
levittää	-1.5
levitä	-1.5
levoton	-1.5
levottomuudet	-1.5
levottomuus	-1.5
lie	-1.5
lied	-1.5
lieju	-1.5
lieventää	-1.5
lievittää	1.5
lievästi	-1.5
lihava	-1.5
liiallinen	-1.5
liian	-1.5
liika	-1.5
liikaa	-1.5
liikkumaton	-1.5
liikutella	-1.5
liikuttaa	-1.5
liikuttava	1.5
liioitella	-1.5
liioiteltu	-1.5
liitto	1.5
liittäminen	-1.5
liittää	-1.5
lika	-1.5
likainen	-1.5
like	1.5
limit	-1.5
limited	-1.5
lisenssiä	-1.5
lisälaite	1.5
lisäys	1.5
lisää	1.5
liukas	1.5
logo	-1.5
lohduttaa	1.5
loinen	-1.5
loistaa	1.5
loistanut	1.5
loistava	1.5
loistavan	1.5
loistavasti	1.5
loistelias	1.5
loisto	1.5
lojaali	1.5
loka	-1.5
looginen	1.5
lopetettu	-1.5
lopettaa	-1.5
loppua	-1.5
loukata	-1.5
loukkaantuminen	-1.5
loukkaantunut	-1.5
loukkaava	-1.5
loukkaavia	-1.5
loukkaukset	-1.5
loukkaus	-1.5
loukkuun	-1.5
loukussa	-1.5
love	1.5
luettava	1.5
luhistuminen	-1.5
luja	1.5
lukea	-1.5
luku	-1.5
lunastaa	1.5
lunnaat	1.5
luola	-1.5
luonne	-1.5
luonnos	-1.5
luonteenomainen	1.5
luopua	-1.5
luopumaan	-1.5
luopuminen	-1.5
luotettava	1.5
luotettavasti	1.5
luotettavuus	1.5
luotettu	1.5
luoti	1.5
luottaa	1.5
luottamus	1.5
luotti	-1.5
luotto	1.5
luova	1.5
luovuttaa	-1.5
luovutus	-1.5
lupa	1.5
lupaa	1.5
lupaava	1.5
lupasi	1.5
lupaus	1.5
luukku	-1.5
luuranko	-1.5
luurankoja	-1.5
luvata	1.5
luvaton	-1.5
lyhytkestoinen	-1.5
lyijy	1.5
lyyrinen	1.5
lyödä	-1.5
lyömätön	1.5
lyönyt	1.5
lähde	1.5
lähellä	1.5
lähettyvillä	1.5
lähettäminen	1.5
lähtö	1.5
läikkä	1.5
lämmetä	1.5
lämmin	1.5
lämmittää	1.5
lämpimämpi	1.5
lämpimästi	1.5
lämpö	1.5
läpi	-1.5
läpikuultava	1.5
läpimurto	1.5
läpinäkyvä	1.5
lävistää	-1.5
lääke	1.5
löyhä	-1.5
löysä	-1.5
löytää	-1.5
löytö	-1.5
maa	-1.5
maaginen	1.5
maahanmuuttaja	-1.5
maailmanloppu	-1.5
maailmanlopun	-1.5
maaliskuu	-1.5
maallinen	-1.5
maata	-1.5
magia	1.5
magic	1.5
mahdollinen	1.5
mahdoton	-1.5
mahdottoman	-1.5
mahtava	1.5
mahtavaa	1.5
mahtipontinen	-1.5
maine	1.5
maineikas	1.5
mainio	1.5
mainostaa	-1.5
majoittaa	-1.5
makaava	-1.5
makea	1.5
makeinen	1.5
maksaa	1.5
maksu	-1.5
maksullinen	-1.5
maksuton	1.5
maku	-1.5
makuinen	-1.5
malliesimerkki	1.5
manipuloida	-1.5
manipulointi	-1.5
marginaalinen	-1.5
markiisi	-1.5
markkina	1.5
markkinoida	-1.5
masennus	-1.5
masentunut	-1.5
massiivinen	1.5
master	1.5
matala	-1.5
matalapaine	-1.5
matkia	-1.5
mauton	-1.5
mehevä	1.5
melankolinen	-1.5
melko	1.5
melkoinen	1.5
melu	-1.5
menehtyä	-1.5
menestyksellisesti	1.5
menestyminen	1.5
menestynyt	1.5
menestys	1.5
menestyvä	1.5
menestyä	1.5
menetellä	1.5
menetetty	-1.5
menettää	-1.5
menetys	-1.5
merkillinen	-1.5
merkintä	1.5
merkittävyys	1.5
merkittävä	1.5
merkityksellinen	1.5
merkityksetön	-1.5
merkitä	-1.5
messu	1.5
messut	1.5
mestari	1.5
mestarit	1.5
mestariteoksia	1.5
mestariteos	1.5
mestaruus	1.5
meteli	-1.5
mielekäs	1.5
mielellään	1.5
mielenkiintoinen	1.5
mielenosoitus	-1.5
mielentila	-1.5
mieletön	-1.5
mieliala	-1.5
mielissään	1.5
mielivaltainen	-1.5
miellyttävä	1.5
miellyttää	1.5
mieltymys	1.5
mieltään	-1.5
mieluinen	1.5
mieluiten	1.5
mieluummin	1.5
mieto	-1.5
mittava	1.5
mitätöidä	-1.5
mitätön	-1.5
modern	1.5
moderni	1.5
monipuolinen	1.5
monipuolistaa	1.5
monipuolisuus	1.5
monitahoinen	-1.5
monumentaalinen	1.5
motivoitunut	1.5
mukava	1.5
mukavasti	1.5
mullistava	-1.5
mullistus	-1.5
multa	-1.5
munat	-1.5
munkki	1.5
muodikas	1.5
muokata	1.5
muoto	1.5
muotti	-1.5
murha	-1.5
murhaaja	-1.5
murhata	-1.5
murhenäytelmä	-1.5
murrettu	-1.5
murros	-1.5
murskaava	-1.5
murskata	-1.5
murtaa	-1.5
murtama	-1.5
murtaminen	-1.5
murtautua	-1.5
murtua	-1.5
murtuma	-1.5
murtuminen	-1.5
murtunut	-1.5
mustasukkainen	-1.5
mustasukkaisuus	-1.5
mustelmia	-1.5
muta	-1.5
mutka	-1.5
mutkitteleva	-1.5
muukalainen	-1.5
muunnos	1.5
muuttua	-1.5
myrkky	-1.5
myrkyllinen	-1.5
myrkyttää	-1.5
myrsky	-1.5
myrskyisä	-1.5
mysteeri	-1.5
mystinen	-1.5
myytti	-1.5
myöhässä	-1.5
myöhästynyt	-1.5
myönnytyksiä	-1.5
myönteinen	1.5
myönteisesti	1.5
myöntäminen	-1.5
myöntänyt	-1.5
myöntävä	1.5
mäki	-1.5
mätä	-1.5
määre	1.5
määritellä	1.5
määrittelemätön	-1.5
määrätietoinen	1.5
määrätä	-1.5
määräys	-1.5
määräysvalta	1.5
määrääminen	-1.5
mönkijä	-1.5
naida	-1.5
naiivi	-1.5
naistenmies	-1.5
napata	-1.5
nappia	-1.5
narri	-1.5
narttu	-1.5
naurettava	-1.5
nauta	1.5
nautinto	1.5
nautittava	1.5
nauttia	1.5
nauttii	1.5
nauttiminen	1.5
nauttinut	1.5
negatiivinen	-1.5
neiti	-1.5
nero	1.5
nerokas	1.5
neuroottinen	-1.5
neuvokas	1.5
nimekäs	1.5
niukasti	-1.5
niukka	-1.5
niukkuus	-1.5
no	1.5
noin	-1.5
noise	-1.5
noituus	1.5
nokkela	1.5
nolla	1.5
nopea	1.5
nopeammin	1.5
nopeasti	1.5
nopein	1.5
nopeuttaa	-1.5
nostaa	1.5
notkea	1.5
nujertaa	-1.5
nuket	-1.5
nukke	-1.5
nukkehallitsija	-1.5
nukkevaltio	-1.5
numero	-1.5
nuppi	1.5
nykyaikainen	1.5
nyrkillä	-1.5
nyrkki	-1.5
nähtävyys	1.5
näkymätön	-1.5
näkyvä	1.5
näkyvästi	-1.5
nälkä	-1.5
nälänhätä	-1.5
näyttely	1.5
näyttävästi	1.5
näön	-1.5
nöyrä	1.5
object	-1.5
objekti	-1.5
odottamaton	-1.5
offensiivi	-1.5
ohi	-1.5
ohittaa	1.5
ohittaminen	1.5
ohittanut	1.5
ohitti	1.5
ohjata	1.5
ohjaus	1.5
oikaista	1.5
oikaisua	1.5
oikea	1.5
oikeaan	1.5
oikealla	1.5
oikealle	1.5
oikeanpuoleinen	1.5
oikein	1.5
oikeisto	1.5
oikeistolainen	1.5
oikeudenmukainen	1.5
oikeudenmukaisesti	1.5
oikeudenmukaisuus	1.5
oikeus	1.5
oikeusjuttu	-1.5
oire	-1.5
oireita	-1.5
oireyhtymä	-1.5
oitis	1.5
oivallinen	1.5
oksentaa	-1.5
oleellinen	1.5
olematon	-1.5
olennainen	1.5
oleva	1.5
olio	-1.5
olla	-1.5
omaisuus	1.5
omalaatuinen	-1.5
ominaispiirre	-1.5
ominaisuus	1.5
omistaja	-1.5
omistautua	-1.5
omistautunut	1.5
omistava	-1.5
omistus	-1.5
omituinen	-1.5
ongelma	-1.5
ongelmallinen	-1.5
ongelmia	-1.5
onnea	1.5
onnekas	1.5
onneksi	1.5
onnellinen	1.5
onnellisesti	1.5
onnellisuus	1.5
onneton	-1.5
onnettomasti	-1.5
onnettomuus	-1.5
onnettomuutta	-1.5
onni	1.5
onnistuminen	1.5
onnistuneesti	1.5
onnistunut	1.5
onnistuu	1.5
ontto	-1.5
opastaa	1.5
opettava	1.5
oppinut	1.5
oppositio	-1.5
opposition	-1.5
optimaalinen	1.5
optimistinen	1.5
orja	-1.5
orjia	-1.5
orjuus	-1.5
orpo	-1.5
osoitettu	1.5
osoittautuu	1.5
ostaa	1.5
osu	-1.5
osuus	1.5
osuuskunta	1.5
otsa	-1.5
ottaminen	-1.5
outo	-1.5
ovela	-1.5
paalu	-1.5
paasto	1.5
paeta	-1.5
paha	-1.5
pahamaineinen	-1.5
pahanlaatuinen	-1.5
pahasti	-1.5
pahentaa	-1.5
pahin	-1.5
pahoillaan	-1.5
pahoinpitely	-1.5
pahoinvointi	-1.5
pahoittelee	-1.5
pahoitteli	-1.5
paholainen	-1.5
pahuus	-1.5
pahuutta	-1.5
paikalla	-1.5
paikallistaa	-1.5
painajainen	-1.5
paini	-1.5
painia	-1.5
paino	-1.5
painottaa	-1.5
painotus	-1.5
painua	-1.5
paistettu	-1.5
paisui	-1.5
paisunut	-1.5
pakana	-1.5
pakanallinen	-1.5
pakenee	-1.5
pakenemaan	-1.5
pakeneminen	-1.5
pakkanen	-1.5
pakko	-1.5
pakkomielle	1.5
pakkomielteisesti	-1.5
pako	-1.5
pakolainen	-1.5
pakottaa	-1.5
pakottaminen	-1.5
paksu	-1.5
paksumpi	-1.5
palaa	-1.5
palanen	-1.5
palata	-1.5
palautetaan	1.5
palautettu	1.5
palauttaa	1.5
palava	1.5
palavasti	1.5
paljas	-1.5
paljastaa	-1.5
paljastua	1.5
palkinnot	1.5
palkinto	1.5
palkita	1.5
palkittiin	1.5
palkka	-1.5
palkkio	1.5
palo	1.5
palovammoja	-1.5
palvelus	1.5
palvonta	1.5
palvottu	1.5
pamaus	1.5
pan	-1.5
paniikki	-1.5
paniikkiin	-1.5
panna	-1.5
panssarivaunu	-1.5
parani	1.5
paranneltu	1.5
parannuksia	1.5
parannus	1.5
parantaa	1.5
parantaminen	1.5
parantua	1.5
paras	1.5
paratiisi	1.5
paremmin	1.5
paremmuus	1.5
parempana	1.5
parempi	1.5
parhaat	1.5
parhain	1.5
parhaiten	1.5
pariton	-1.5
parodia	-1.5
partisaanien	-1.5
parvi	-1.5
paska	-1.5
passiivinen	-1.5
passio	1.5
passion	1.5
pata	-1.5
patentoitu	-1.5
patsas	-1.5
peace	1.5
pedon	-1.5
pehmeä	1.5
pehmeämpi	1.5
pehmeästi	1.5
peitellä	-1.5
peitossa	-1.5
pelastaa	1.5
pelastaja	1.5
pelastus	1.5
pelko	-1.5
pelkoja	-1.5
pelkuri	-1.5
pelle	-1.5
peloissaan	-1.5
pelokas	-1.5
peloton	1.5
pelottava	-1.5
pelätä	-1.5
perfekti	1.5
perhe	1.5
periaate	1.5
periaatteellinen	1.5
perillinen	1.5
perkele	-1.5
perseestä	-1.5
persoonallinen	1.5
perua	-1.5
perus	-1.5
peruste	-1.5
perusteellisesti	1.5
perusteet	-1.5
perusteeton	-1.5
perusteltu	1.5
perustelu	-1.5
peruuttaa	-1.5
perä	-1.5
perätön	-1.5
perääntyä	-1.5
pessimistinen	-1.5
pesula	1.5
pesä	-1.5
peto	-1.5
petollinen	-1.5
petollisen	-1.5
petos	-1.5
petturi	-1.5
pettymyksiä	-1.5
pettymys	-1.5
pettymystä	-1.5
pettyneitä	-1.5
pettynyt	-1.5
pettäminen	-1.5
pettää	-1.5
pidätellä	-1.5
pidättää	-1.5
pidätys	-1.5
piikikäs	-1.5
piilottaa	-1.5
piiloutunut	-1.5
piirittää	-1.5
piiritys	-1.5
piirtää	-1.5
pikaisesti	1.5
pikkurikollinen	-1.5
pila	-1.5
pilaa	-1.5
pilata	-1.5
pilkallisesti	-1.5
pilkata	-1.5
pilkkaa	-1.5
pilvi	-1.5
pilvinen	-1.5
pimentää	-1.5
pimeys	-1.5
pimeä	-1.5
pinnallinen	-1.5
pintapuolisesti	-1.5
piristää	1.5
pirteä	1.5
piru	-1.5
pirun	-1.5
pisto	-1.5
pistävä	1.5
piti	1.5
pito	1.5
pituus	1.5
pitävä	1.5
pitää	1.5
poiketa	-1.5
poikkeama	-1.5
poikkeaminen	-1.5
poikkeava	-1.5
poikkeavuus	-1.5
poikkeuksellisen	1.5
poikkeuksellisesti	1.5
poikkeuksetta	-1.5
poikkeus	-1.5
poikki	-1.5
pois	-1.5
poissaolo	-1.5
poistaa	-1.5
poisto	-1.5
poistua	-1.5
pokaali	1.5
polarisaatio	-1.5
polte	1.5
poltettu	-1.5
polttaa	-1.5
polttaminen	-1.5
poltto	-1.5
pommi	-1.5
pommittaa	-1.5
pommitus	-1.5
porata	-1.5
porsas	-1.5
positiivinen	1.5
positiivisesti	1.5
positiivisia	1.5
potilas	1.5
potkaista	-1.5
potkut	-1.5
pride	1.5
primitiivinen	-1.5
problem	-1.5
progressiivinen	1.5
promoottori	1.5
propaganda	-1.5
prostituoitu	-1.5
protesti	-1.5
protestit	-1.5
protestoida	-1.5
provosoida	-1.5
pudonnut	-1.5
pudota	-1.5
pudotus	-1.5
puhaltaa	-1.5
puhdas	1.5
puhdistaa	1.5
puhdistettu	1.5
puhjeta	1.5
puhkeaminen	-1.5
puhki	-1.5
puhtain	1.5
puhtaus	1.5
pula	-1.5
pulassa	-1.5
pullistuma	1.5
pulma	-1.5
punk	-1.5
puolestapuhuja	1.5
puolikas	-1.5
puolue	-1.5
puolueellinen	-1.5
puolueeton	1.5
puolueettomuus	1.5
puolustaa	1.5
puolustaja	1.5
puolustava	-1.5
puolustus	-1.5
puolustusasianajaja	1.5
puomi	1.5
pure	1.5
purema	-1.5
puristaa	-1.5
puristus	-1.5
purjehduskelpoinen	1.5
purkaa	-1.5
purkaminen	-1.5
purkaukset	-1.5
purkauksia	-1.5
purkaus	-1.5
purra	-1.5
putoaminen	-1.5
putous	-1.5
puukko	-1.5
puukottaa	-1.5
puute	-1.5
puutteellinen	-1.5
puutteellisesti	-1.5
puutteessa	-1.5
puutteet	-1.5
puutteita	-1.5
puuttui	-1.5
puuttuminen	-1.5
puuttuu	-1.5
puuttuva	-1.5
pyhimys	1.5
pyhin	1.5
pyhitetty	1.5
pyhä	1.5
pyrkimykset	1.5
pyrkimys	1.5
pyrkimällä	1.5
pyrkiä	1.5
pystyvä	1.5
pystyy	1.5
pysyvyys	1.5
pysyvä	1.5
pysyä	1.5
pysähdyksissä	-1.5
pysähdys	-1.5
pysähtyminen	-1.5
pysähtynyt	-1.5
pysähtyä	-1.5
pysäyttää	-1.5
pyyhkiä	-1.5
pyörähtää	-1.5
pähkinä	-1.5
päihitti	1.5
päihittää	1.5
päinvastainen	-1.5
päivitetty	1.5
pärjätä	-1.5
pätevä	1.5
pätevän	1.5
pää	1.5
päähenkilö	1.5
päällikkö	1.5
pääministeri	1.5
päänsärky	-1.5
päänsärkyä	-1.5
päästä	1.5
päättyä	-1.5
päättäväinen	1.5
päätökseen	1.5
päätös	1.5
pöllö	-1.5
pöly	-1.5
qualified	1.5
queer	-1.5
raa'asti	-1.5
raakaöljy	-1.5
radikaali	-1.5
radikaalisti	-1.5
radikaalit	-1.5
raha	-1.5
raikas	1.5
raiskaa	-1.5
raiskata	-1.5
raiskattu	-1.5
raiskaus	-1.5
raivata	1.5
raivo	-1.5
raivoissaan	-1.5
raivokkaasti	-1.5
raivostunut	-1.5
raja	-1.5
rajat	-1.5
rajaton	1.5
rajattu	-1.5
rajoita	-1.5
rajoitettu	-1.5
rajoittamaton	1.5
rajoittaminen	-1.5
rajoittava	-1.5
rajoittavia	-1.5
rajoitukset	-1.5
rajoitus	-1.5
raju	-1.5
rajusti	-1.5
rakas	1.5
rakastaa	1.5
rakastaja	1.5
rakastajatar	-1.5
rakastava	1.5
rakastella	1.5
rakastettu	1.5
rakeet	1.5
rakennemuutos	1.5
rakennuskompleksi	-1.5
rakentava	1.5
rakkaus	1.5
rako	-1.5
rampa	-1.5
rangaista	-1.5
rangaistava	-1.5
rangaistus	-1.5
rankka	-1.5
rantakana	-1.5
rappeutua	-1.5
rappeutuminen	-1.5
rappeutunut	-1.5
rappio	-1.5
rasismi	-1.5
rasistinen	-1.5
rasite	-1.5
rasittaa	-1.5
rasittava	-1.5
rasitus	-1.5
raskas	-1.5
rasva	-1.5
rata	-1.5
rationaalinen	1.5
ratkaisematon	-1.5
ratkaisematta	-1.5
ratkaista	-1.5
rauha	1.5
rauhallinen	1.5
rauhallisuus	1.5
rauhanomainen	1.5
rauhanomaisesti	1.5
rauhanturvaajat	1.5
rauhoittaa	1.5
rauhoittava	1.5
raukeaa	-1.5
raunio	-1.5
rauniot	-1.5
rautatie	-1.5
ravinto	1.5
ready	1.5
realistinen	1.5
rehellinen	1.5
rehellisesti	1.5
rehellisyys	1.5
rehevä	1.5
reikä	-1.5
reilu	1.5
reilusti	1.5
reipas	1.5
reki	-1.5
rekyyli	-1.5
renessanssi	1.5
rento	1.5
repeämä	-1.5
repiä	-1.5
republikaaninen	-1.5
resistanssi	-1.5
retoriikka	-1.5
revitty	-1.5
riemuissaan	1.5
riemuvoitto	1.5
right	1.5
riidellä	-1.5
riippua	-1.5
riippumaton	1.5
riippuvainen	-1.5
riippuvuus	1.5
riistää	-1.5
riita	-1.5
riitoja	-1.5
riittämätön	-1.5
riittävä	1.5
riittävän	1.5
riittävästi	1.5
riittää	1.5
rikas	1.5
rike	-1.5
rikkaruoho	-1.5
rikkaus	1.5
rikki	-1.5
rikkoa	-1.5
rikkomatta	-1.5
rikkominen	-1.5
rikkomus	-1.5
rikkoutuminen	-1.5
rikoksentekijä	-1.5
rikokset	-1.5
rikollinen	-1.5
rikollisuus	-1.5
rikos	-1.5
rintakuva	-1.5
ripeästi	1.5
rippi	-1.5
ripuli	-1.5
ripustaa	-1.5
riskejä	-1.5
riski	-1.5
riskialtis	-1.5
ristikko	-1.5
ristiriidassa	-1.5
ristiriita	-1.5
ristiriitainen	-1.5
ristiriitaisia	-1.5
rohkaista	1.5
rohkea	1.5
rohkeasti	1.5
rohkeus	1.5
roikkua	-1.5
roisto	-1.5
roistoja	-1.5
romahdus	-1.5
romahduttaa	-1.5
romahtaa	-1.5
romantiikka	1.5
romanttinen	1.5
romuttaa	-1.5
roska	-1.5
roskat	-1.5
rosoinen	-1.5
rosvo	-1.5
roteva	1.5
rue	-1.5
ruma	-1.5
runollinen	1.5
runsaasti	1.5
runsas	1.5
runsaslukuinen	1.5
runsaus	1.5
ruoho	-1.5
ruoska	-1.5
ruosteenruskea	-1.5
rutto	-1.5
ruuhka	-1.5
ruumis	-1.5
ryppyinen	-1.5
ryöstellä	-1.5
ryöstää	-1.5
ryöstö	-1.5
räjähde	-1.5
räjähdysaine	-1.5
räjähdysmäinen	-1.5
räjähtänyt	-1.5
räjähtävä	-1.5
räjähtää	-1.5
räjäyttää	-1.5
saada	1.5
saadut	1.5
saalis	-1.5
saamassa	1.5
saarnata	-1.5
saastuminen	-1.5
saastunut	-1.5
saastuttaa	-1.5
saatana	-1.5
saatavilla	1.5
saatavissa	1.5
saavutettavissa	1.5
saavuttaa	1.5
saavuttaminen	1.5
saavutuksia	1.5
saavutus	1.5
sabotoida	-1.5
sairaalloinen	-1.5
sairaan	-1.5
sairaat	-1.5
sairas	-1.5
sairaus	-1.5
sakko	1.5
salainen	-1.5
salaisuus	-1.5
salaliitto	-1.5
salamurhaaja	-1.5
salaperäinen	-1.5
salaperäisesti	-1.5
salata	-1.5
sallittu	1.5
sama	1.5
samanlainen	1.5
sammuttaa	-1.5
sangen	1.5
sankari	1.5
sankarillinen	1.5
sankaritar	1.5
sappi	-1.5
sarkastinen	-1.5
sarkastisesti	-1.5
sataa	-1.5
satama	-1.5
satamat	-1.5
satiirinen	-1.5
sattuma	1.5
sattumalta	-1.5
sattumanvaraisesti	-1.5
sattuu	-1.5
satunnaisesti	-1.5
satuttaa	-1.5
savu	-1.5
seisova	-1.5
sekaannuksia	-1.5
sekaannus	-1.5
sekaantua	-1.5
sekaantuminen	-1.5
sekaantuneet	-1.5
sekaisin	-1.5
sekalainen	-1.5
sekasorto	-1.5
sekava	-1.5
sekavaa	-1.5
sekavuus	-1.5
sekoitettu	-1.5
sekoittaa	-1.5
seksikäs	1.5
selitys	-1.5
selkeys	1.5
selkeä	1.5
selkeämpi	1.5
selkkaus	-1.5
selkäranka	1.5
selventää	1.5
selvitetty	1.5
selvittää	1.5
selvitä	-1.5
selviytyjä	1.5
selviytyminen	1.5
selvä	1.5
selvästi	1.5
sensaatio	1.5
seurallinen	1.5
shock	-1.5
siat	-1.5
sietämätön	-1.5
sietää	-1.5
siipi	-1.5
siirtolohkare	-1.5
siisti	1.5
siististi	1.5
siistiä	1.5
siivooja	1.5
siivota	1.5
sijaita	-1.5
sijoiltaan	-1.5
sika	-1.5
sileä	1.5
sin	-1.5
sissi	-1.5
sisukas	-1.5
sisään	-1.5
sitkeä	1.5
sitominen	-1.5
sitoumus	1.5
sitoutua	1.5
sitoutuminen	1.5
sitruuna	-1.5
siunaaminen	1.5
siunata	1.5
siunaus	1.5
sivistynyt	1.5
sivuuttaa	-1.5
sivuvaikutus	-1.5
skandaali	-1.5
skandaalit	-1.5
skeptikko	-1.5
skeptinen	-1.5
soft	1.5
soida	-1.5
sointu	1.5
soittaa	-1.5
soittaminen	-1.5
soitto	-1.5
sokea	-1.5
sokeasti	-1.5
sokeri	-1.5
sola	-1.5
solid	1.5
solidaarisuus	1.5
solki	-1.5
solmia	-1.5
solmitut	-1.5
solmu	-1.5
sopia	1.5
sopimaton	-1.5
sopiminen	1.5
sopiva	1.5
sopivasti	1.5
sopivuus	1.5
sorto	-1.5
sortua	-1.5
sosiaalinen	1.5
sotaisa	-1.5
sotasaalis	-1.5
sotkea	-1.5
sotkeutunut	-1.5
sovelias	1.5
sovinto	1.5
sovitella	1.5
sovittaa	1.5
sovittava	1.5
split	-1.5
spontaani	1.5
squash	-1.5
staattinen	-1.5
stimuloi	1.5
stressi	-1.5
stunt	-1.5
substantiivi	1.5
suhde	1.5
sujuva	1.5
sujuvasti	1.5
sukulainen	1.5
sula	-1.5
sulaminen	-1.5
sulattaa	-1.5
sulavasti	1.5
sulkeminen	1.5
sulkeuma	1.5
sulku	-1.5
suloinen	1.5
sumu	-1.5
suo	-1.5
suoja	1.5
suojaaminen	1.5
suojaava	1.5
suojata	1.5
suojaus	1.5
suojella	1.5
suojelu	1.5
suora	1.5
suoraviivainen	1.5
suoraviivaisesti	1.5
suorittaa	1.5
suoritus	1.5
suosia	1.5
suosikki	1.5
suosionosoitukset	1.5
suosiota	1.5
suositaan	1.5
suositella	1.5
suositeltu	1.5
suosittaa	1.5
suosittu	1.5
suosituksia	1.5
suositus	1.5
suotuisa	1.5
super	1.5
suppea	1.5
support	1.5
surkea	-1.5
surkeasti	-1.5
surma	-1.5
surmata	-1.5
surmattu	-1.5
suru	-1.5
surullinen	-1.5
surumielinen	-1.5
susi	-1.5
suunnilleen	-1.5
suunniltaan	-1.5
suunnitella	-1.5
suunniteltu	-1.5
suure	-1.5
suuri	1.5
suurin	1.5
suuruus	1.5
suutari	-1.5
suuttunut	-1.5
suututtaa	-1.5
suvaita	1.5
sweet	1.5
sydän	-1.5
sympaattinen	1.5
syndrooma	-1.5
synkkä	-1.5
synnyttää	1.5
synti	-1.5
syntinen	-1.5
syrjintä	-1.5
syrjässä	-1.5
syrjäyttää	-1.5
syrjäytymistä	-1.5
sytytin	1.5
sytyttää	-1.5
syvennys	-1.5
syvyys	-1.5
syvä	1.5
syvällinen	1.5
syvästi	1.5
syy	-1.5
syyllinen	-1.5
syys	-1.5
syystä	1.5
syyte	-1.5
syyttäen	-1.5
syyttää	-1.5
syytökset	-1.5
syytön	1.5
syytös	-1.5
syöksylasku	-1.5
syöpä	-1.5
syöstä	-1.5
syötti	-1.5
syövyttää	-1.5
säiliö	-1.5
säiliöt	-1.5
säkä	1.5
särkeä	-1.5
särmikäs	-1.5
säteilevä	1.5
säädettävä	1.5
sääliä	-1.5
säännöllinen	-1.5
säästöpankki	1.5
säästöt	1.5
säätää	-1.5
taakka	-1.5
taaksepäin	-1.5
taantua	-1.5
taantuma	-1.5
taantuminen	-1.5
taata	1.5
tabu	-1.5
tahallisesti	-1.5
tahmea	-1.5
tahtomattaan	-1.5
taidokas	1.5
taika	1.5
taikoa	1.5
taikuus	1.5
tainnuttaa	-1.5
taipuisa	1.5
taipumaton	-1.5
taipunut	-1.5
taistelu	-1.5
taistelutahto	-1.5
taitava	1.5
taitavasti	1.5
taito	1.5
taittaa	-1.5
taivaallinen	1.5
taivas	1.5
taivutella	-1.5
taivuttaa	-1.5
taju	1.5
tajuta	1.5
tajuton	-1.5
takaisku	-1.5
takaiskuja	-1.5
takaperin	-1.5
takapuoli	-1.5
takoa	-1.5
takuu	1.5
talja	-1.5
tallessa	1.5
talli	1.5
tallit	-1.5
taloudellinen	1.5
talous	1.5
tanakka	1.5
tank	-1.5
tankki	-1.5
tapa	1.5
tapella	-1.5
tappaa	-1.5
tappaja	-1.5
tappaminen	-1.5
tappava	-1.5
tappelu	-1.5
tappio	1.5
tappiollinen	-1.5
tappo	-1.5
tarina	1.5
tarjota	1.5
tarjous	1.5
tarkalleen	1.5
tarkasti	1.5
tarkka	1.5
tarkkaavainen	1.5
tarkkaavaisuus	1.5
tarkkuus	1.5
tarmokas	1.5
tarpeeksi	1.5
tarpeeton	-1.5
tarpeetonta	-1.5
tarpeettomasti	-1.5
tarpeettomat	-1.5
tarttuminen	-1.5
tartunnan	-1.5
tartunta	-1.5
tartuttaa	-1.5
taru	-1.5
tarunomainen	1.5
tasainen	1.5
tasaisempi	1.5
tasaisesti	1.5
tasan	1.5
tasapaino	1.5
tasapainoinen	1.5
tasapainottaa	1.5
tasapuolinen	1.5
tasoittaa	1.5
tauko	-1.5
taukoja	-1.5
tavallinen	-1.5
tavanomainen	-1.5
tavarat	-1.5
tavattoman	1.5
tavoitettavissa	1.5
teettää	1.5
tehdas	1.5
teho	1.5
tehokas	1.5
tehokkaasti	1.5
tehokkuus	1.5
tehokkuutta	1.5
tehollinen	1.5
tehostettu	1.5
tehoton	-1.5
tehottomuus	-1.5
tehty	1.5
tehtävissä	1.5
tehtäväksi	1.5
tekijä	1.5
tekosyy	-1.5
temppu	-1.5
temppuja	-1.5
teologi	1.5
teos	1.5
terrori	-1.5
terrorismi	-1.5
terttu	-1.5
terve	1.5
terveellinen	1.5
tervehdys	1.5
tervetullut	1.5
tervetuloa	1.5
terä	-1.5
terävä	1.5
terävämpi	1.5
teurastaa	-1.5
teurastaja	-1.5
thrash	-1.5
tietoinen	1.5
tietämättömyys	-1.5
tietämätön	-1.5
tiheä	-1.5
tiiviisti	1.5
tiivistää	1.5
tilava	1.5
tiukasti	-1.5
tiukka	-1.5
todella	1.5
todellinen	1.5
todennäköisyys	-1.5
todistaa	1.5
todistajaksi	-1.5
todistettu	1.5
toimelias	1.5
toimi	1.5
toimia	1.5
toimii	1.5
toimilupa	-1.5
toimimaton	-1.5
toimiva	1.5
toipua	1.5
toipunut	1.5
toisinajattelija	-1.5
toisinajattelijoita	-1.5
toistuva	-1.5
toive	1.5
toivoton	-1.5
toivottoman	-1.5
toivottu	1.5
toivottuja	-1.5
tomu	-1.5
tonni	1.5
tontti	-1.5
tonttu	1.5
top	1.5
torjua	-1.5
torjuminen	-1.5
torjuttiin	-1.5
tosi	1.5
tosiasia	1.5
tosiasiallinen	1.5
toteuttaa	1.5
traaginen	-1.5
traagisesti	-1.5
tragedia	-1.5
trap	-1.5
trauma	-1.5
traumaattinen	-1.5
traumoja	-1.5
triviaali	-1.5
trumpetti	1.5
tuettu	1.5
tuhlaa	-1.5
tuhlata	-1.5
tuho	-1.5
tuhoaminen	-1.5
tuhoava	-1.5
tuhoavat	-1.5
tuhoisa	-1.5
tuhota	-1.5
tuhoutuminen	-1.5
tuhoutunut	-1.5
tukahduttaa	-1.5
tukahduttaminen	-1.5
tukea	1.5
tukee	1.5
tukeminen	1.5
tukeva	1.5
tuki	1.5
tukikohta	-1.5
tukkia	-1.5
tulehdus	-1.5
tulinen	1.5
tulkinnanvarainen	-1.5
tulli	-1.5
tulokas	-1.5
tuloksetta	-1.5
tulos	-1.5
tulostimet	-1.5
tulva	-1.5
tulvia	-1.5
tumma	-1.5
tummempi	-1.5
tunkea	-1.5
tunkeutuminen	-1.5
tunkeutumisen	-1.5
tunne	1.5
tunnettu	1.5
tunnetusti	-1.5
tunnusmerkkejä	1.5
tunnusmerkki	1.5
tunnusomainen	1.5
tunnustaa	-1.5
tunnustuksia	-1.5
tunnustus	-1.5
tunteet	1.5
tunteeton	-1.5
tuntematon	-1.5
tuntemuksia	1.5
tuntemus	1.5
tunturi	-1.5
tuntuva	1.5
tuoksua	-1.5
tuoksuu	-1.5
tuomita	-1.5
tuomitsee	-1.5
tuomitseminen	-1.5
tuomitsi	-1.5
tuomittava	-1.5
tuomittu	-1.5
tuore	1.5
tuota	1.5
tuottamaton	-1.5
tuottava	1.5
tuottelias	1.5
tuottoisa	1.5
turha	-1.5
turhaan	-1.5
turhautunut	-1.5
turkki	-1.5
turva	1.5
turvaaminen	1.5
turvallinen	1.5
turvallisesti	1.5
turvallisuus	1.5
turvassa	1.5
turvata	1.5
turvotus	-1.5
tuska	-1.5
tuskallinen	-1.5
tuskallisen	-1.5
tuskin	-1.5
tuttu	1.5
tuuli	-1.5
tyhjennys	-1.5
tyhjyys	-1.5
tyhjästä	-1.5
tyhmä	-1.5
tykkää	1.5
tylppä	-1.5
tylsä	-1.5
tyly	-1.5
tynkä	-1.5
typerä	-1.5
tyranni	-1.5
tyrannia	-1.5
tyven	1.5
tyydyttävä	1.5
tyydyttää	1.5
tyyli	1.5
tyylikkäästi	1.5
tyylikäs	1.5
tyylitelty	1.5
tyyni	1.5
tyypillinen	1.5
tyyppi	1.5
tyytymättömyys	-1.5
tyytymätön	-1.5
tyytyväinen	1.5
työ	1.5
työläs	-1.5
työnantaja	1.5
työntyvät	-1.5
työntää	1.5
työntö	1.5
työpaikka	1.5
työskennellä	1.5
työstetty	-1.5
työstää	1.5
työtön	-1.5
tähtien	1.5
täristä	-1.5
tärkein	1.5
tärkeä	1.5
täsmällinen	1.5
täydellinen	1.5
täydellisen	1.5
täydellisesti	1.5
täydellisyys	1.5
täydennetään	1.5
täydennys	1.5
täydentävä	1.5
täydentää	1.5
täynnä	1.5
täysi	1.5
täyttymys	1.5
täyttyä	-1.5
täyttävä	1.5
täyttää	1.5
törkeä	-1.5
törkeästi	-1.5
törmäsi	-1.5
törmätä	-1.5
törmäys	-1.5
uhata	-1.5
uhka	-1.5
uhkaava	-1.5
uhkailu	-1.5
uhkaus	-1.5
uhkia	-1.5
uhrasi	-1.5
uhrata	-1.5
uhri	-1.5
ujo	-1.5
ulkoinen	-1.5
ulkona	-1.5
ulkopuolinen	-1.5
undefined	-1.5
unohtaa	-1.5
upea	1.5
upeasti	1.5
uponnut	-1.5
upota	-1.5
upottaa	-1.5
uppoaminen	-1.5
ura	-1.5
uraauurtava	1.5
urhea	1.5
urheilullinen	1.5
urotyö	-1.5
usko	1.5
uskoa	1.5
uskollinen	1.5
uskollisesti	1.5
uskollisuus	1.5
uskomus	-1.5
uskoton	-1.5
uskottava	1.5
uskottavasti	1.5
uskottavuus	1.5
uudelleen	1.5
uudenaikainen	1.5
uudistaa	1.5
uudistamalla	1.5
uudistaminen	1.5
uudistetun	1.5
uudistua	1.5
uudistuksia	1.5
uudistus	1.5
uupunut	-1.5
uusi	1.5
uusiutua	-1.5
uutuus	1.5
vaalia	1.5
vaaliminen	1.5
vaara	-1.5
vaarallinen	-1.5
vaarantaa	-1.5
vaaraton	1.5
vaatimaton	1.5
vaativa	-1.5
vahingoittaa	-1.5
vahingoittamatta	-1.5
vahingoittanut	-1.5
vahingollinen	-1.5
vahingonkorvaus	-1.5
vahinko	-1.5
vahva	1.5
vahvempi	1.5
vahvin	1.5
vahvistaa	1.5
vahvistavat	1.5
vahvistus	1.5
vaihdettava	1.5
vaihteleva	-1.5
vaikea	-1.5
vaikeuksia	-1.5
vaikeus	-1.5
vaikeuttaa	-1.5
vaikeutti	-1.5
vaikuttava	1.5
vaikuttunut	1.5
vaikutuksen	1.5
vaikutusvalta	1.5
vaikutusvaltainen	1.5
vailla	-1.5
vaillinainen	-1.5
vaimentaa	-1.5
vain	-1.5
vainaa	-1.5
vainaja	-1.5
vaino	-1.5
vainoaminen	-1.5
vainoharhainen	-1.5
vainota	-1.5
vaiva	-1.5
vaivata	-1.5
vaivattomasti	1.5
vaivautunut	-1.5
vaivihkaa	-1.5
vajota	-1.5
vakaa	1.5
vakaasti	1.5
vakaus	1.5
vakauttaa	1.5
vakavasti	-1.5
vakuuttaa	1.5
vakuuttava	1.5
vakuuttavasti	1.5
vakuuttunut	1.5
vakuutus	1.5
valaista	1.5
valaistuminen	1.5
vale	-1.5
valehdella	-1.5
valehtelija	-1.5
valehtelu	-1.5
valhe	-1.5
valheita	-1.5
valikoiva	1.5
valistaa	1.5
valistus	1.5
valitettavan	-1.5
valitettavasti	-1.5
valittaa	-1.5
valittivat	-1.5
valitukset	-1.5
vallankumouksellinen	1.5
vallata	-1.5
vallita	1.5
valloilleen	-1.5
valmiiksi	1.5
valmis	1.5
valmistaa	-1.5
valmiudet	1.5
valo	1.5
valoisa	1.5
valpas	1.5
valtava	1.5
valtavasti	1.5
valtti	1.5
valua	-1.5
valvoa	-1.5
vamma	-1.5
vammainen	-1.5
vammaiset	-1.5
vangita	-1.5
vanhahtava	-1.5
vanhanaikainen	-1.5
vanhentunut	-1.5
vanhoillinen	-1.5
vankeus	-1.5
vankeusrangaistus	-1.5
vanki	-1.5
vankila	-1.5
vankka	1.5
vankkumaton	1.5
vannoa	-1.5
vapaa	1.5
vapaaehtoisesti	1.5
vapaan	1.5
vapauksien	1.5
vapaus	1.5
vapautettu	1.5
vapauttaa	1.5
vapauttaminen	1.5
vapautus	1.5
varakas	1.5
varastaa	-1.5
varastaminen	-1.5
varastettu	-1.5
varasti	-1.5
varattu	1.5
varautunut	-1.5
varjostaa	-1.5
varkaus	-1.5
varma	1.5
varmasti	1.5
varmistaa	1.5
varmistaen	1.5
varmuus	1.5
varoa	-1.5
varoittaa	-1.5
varoittava	-1.5
varoitti	-1.5
varoitus	-1.5
varsin	1.5
varsinainen	1.5
varsinkin	1.5
vartio	-1.5
vartioida	-1.5
varustaa	1.5
varustus	1.5
vasta	1.5
vastaanotto	1.5
vastaehdokas	-1.5
vastahakoinen	-1.5
vastahakoisesti	-1.5
vastahyökkäys	-1.5
vastainen	-1.5
vastaisuus	-1.5
vastakkain	-1.5
vastakkainasettelua	-1.5
vastakkainen	-1.5
vastakkaisia	-1.5
vastalause	-1.5
vastalauseita	-1.5
vastapuoli	-1.5
vastapäätä	-1.5
vastarinta	-1.5
vastarintaliike	-1.5
vastaus	-1.5
vastaväite	-1.5
vastenmielinen	-1.5
vastine	-1.5
vastukset	-1.5
vastus	-1.5
vastustaa	-1.5
vastustaja	-1.5
vastustus	-1.5
vastustuskyky	-1.5
vastuu	-1.5
vauhdikas	1.5
vaunut	-1.5
vauras	1.5
vauraus	1.5
vaurio	-1.5
vaurioittaa	-1.5
vaurioitunut	-1.5
vedenpaisumus	-1.5
vedota	1.5
veitsi	-1.5
velat	-1.5
velka	-1.5
velkaa	1.5
velkaantunut	1.5
velvoite	-1.5
velvollinen	-1.5
verenvuoto	-1.5
verho	-1.5
verilöyly	-1.5
verinen	-1.5
vero	-1.5
verottaa	-1.5
verso	1.5
vesiputous	-1.5
veto	1.5
vetonaula	1.5
vetoomus	-1.5
vetovoima	1.5
vetämällä	-1.5
vetäytyivät	-1.5
vetäytyä	-1.5
viallinen	-1.5
viat	-1.5
viaton	1.5
viehättävä	1.5
viemäriin	-1.5
vieras	-1.5
viettävä	-1.5
viha	-1.5
vihaa	-1.5
vihainen	-1.5
vihamielinen	-1.5
vihamielisyys	-1.5
vihasi	-1.5
vihata	-1.5
vihje	1.5
vihollinen	-1.5
vihollisia	-1.5
vihollisuudet	-1.5
viihdyttää	1.5
viihteellinen	1.5
viipymättä	1.5
viiru	-1.5
viisaasti	1.5
viisas	1.5
viisaus	1.5
viive	-1.5
viiveellä	-1.5
viivyttää	-1.5
vika	-1.5
vikoja	-1.5
vilkas	1.5
villejä	-1.5
villi	-1.5
villit	-1.5
vilpittömästi	1.5
vilpitön	1.5
vimma	-1.5
vino	-1.5
virhe	-1.5
virheellinen	-1.5
virheellisesti	-1.5
virheetön	1.5
virheitä	-1.5
virittää	1.5
virrata	-1.5
virtaviivainen	1.5
virus	-1.5
vitsi	-1.5
vittu	-1.5
vitun	-1.5
voimakkaasti	1.5
voimassa	1.5
voimat	-1.5
voimaton	-1.5
voitokas	1.5
voitokkaasti	1.5
voittaa	1.5
voittaja	1.5
voittajat	1.5
voittamaton	1.5
voittaminen	1.5
voitti	1.5
voitto	1.5
voittoisa	1.5
vuoristorata	-1.5
vuotaa	-1.5
vuotava	-1.5
vuoto	-1.5
vähenee	-1.5
vähentää	-1.5
vähetä	-1.5
vähäinen	-1.5
vähäisyys	-1.5
vähän	-1.5
vähäpätöinen	-1.5
vähätellä	-1.5
väistämättä	-1.5
väistämätön	-1.5
väite	-1.5
väitteet	-1.5
väitteitä	-1.5
väittely	-1.5
väittää	-1.5
väkevä	1.5
väkivaltainen	-1.5
väkivaltaisesti	-1.5
väkivaltaisuudet	-1.5
väkivaltaisuus	-1.5
väliaika	-1.5
väliintulo	-1.5
välinpitämättömyys	-1.5
välinpitämätön	-1.5
välirikko	-1.5
välit	1.5
välittömästi	1.5
väljä	-1.5
vältellä	-1.5
välttäminen	-1.5
välttävä	1.5
välttää	-1.5
väriaine	-1.5
värinen	-1.5
värinä	1.5
väristä	-1.5
väritön	-1.5
värjätä	-1.5
värähdellä	-1.5
värähtely	-1.5
väsymys	-1.5
väsynyt	-1.5
väylä	1.5
vääjäämättä	-1.5
vääntynyt	-1.5
vääntö	-1.5
väärennetty	-1.5
väärennös	-1.5
väärentää	-1.5
väärin	-1.5
väärinkäsityksiä	-1.5
väärinkäsitys	-1.5
väärinkäyttö	-1.5
väärinkäytöksiä	-1.5
vääristynyt	-1.5
vääristää	-1.5
vääriä	-1.5
väärä	-1.5
vääräksi	-1.5
well	1.5
work	1.5
works	1.5
wrong	-1.5
yhdenmukaistaa	1.5
yhdistys	1.5
yhdistää	-1.5
yhteenotto	-1.5
yhteensopiva	1.5
yhtenäinen	1.5
yhtenäisesti	1.5
yhtenäisyys	1.5
yhtäkkiä	-1.5
yksi	-1.5
yksilöllisiä	1.5
yksinkertaisempi	1.5
yksinkertaisin	1.5
yksinkertaistaa	1.5
yksinkertaistettu	1.5
yksinäinen	-1.5
yksinäisyys	-1.5
yksiselitteinen	1.5
yksiselitteisesti	1.5
yksittäinen	-1.5
yksityinen	-1.5
yksivärinen	1.5
yleinen	-1.5
ylellinen	1.5
ylentää	1.5
ylevä	1.5
yli	1.5
ylijäämä	-1.5
yliluonnollinen	-1.5
ylin	1.5
ylipainoinen	-1.5
ylistys	1.5
ylistämä	1.5
ylistää	1.5
ylitetty	1.5
ylittää	1.5
ylivalta	1.5
ylivertainen	1.5
ylivoimainen	-1.5
ylivoimaisesti	-1.5
ylläpitää	1.5
yllättäen	-1.5
yllättävä	-1.5
yllätys	-1.5
ylpeys	1.5
ylpeä	1.5
yläosa	1.5
yläpuolinen	1.5
yläreuna	1.5
ymmärrettävä	1.5
ymmärrys	-1.5
ymmärtäminen	-1.5
ympäri	-1.5
yritys	-1.5
ystävyysottelu	1.5
ystävällinen	1.5
ystävällisesti	1.5
yöpyä	-1.5
zombi	-1.5
zombie	-1.5
äkillinen	-1.5
äkillisesti	-1.5
äkkipikainen	-1.5
äly	1.5
älykkyys	1.5
älykäs	1.5
älyllinen	1.5
äpärä	-1.5
ärsyttävä	-1.5
ärsyttää	-1.5
äänekäs	-1.5
äänetön	1.5
ääniä	-1.5
äärettömän	-1.5
äärimmäisen	1.5
šokki	-1.5
