Cliche	-1.5
Diable	-1.5
Dick	-1.5
Divers	-1.5
Doom	-1.5
Doomsday	-1.5
Déluge	-1.5
Gallant	1.5
Glee	1.5
Hardy	1.5
Ironiquement	-1.5
Joker	-1.5
Jolly	1.5
Mademoiselle	-1.5
Malheur	-1.5
Marvel	1.5
Moody	-1.5
Nazi	-1.5
Passion	1.5
Premier	1.5
Punk	-1.5
Rampage	-1.5
Revere	1.5
Rift	-1.5
Runaway	-1.5
SAP	-1.5
Satan	-1.5
Smash	-1.5
Stark	-1.5
Swift	1.5
Trump	1.5
abandon	-1.5
abandonne	-1.5
abandonner	-1.5
abandonné	-1.5
abattage	-1.5
abattre	-1.5
abattu	-1.5
abattus	-1.5
aberrant	-1.5
abolir	-1.5
abominable	-1.5
abondance	1.5
abondant	1.5
abondante	1.5
abonde	1.5
abordable	1.5
abrupt	-1.5
abruptement	-1.5
absence	-1.5
absent	-1.5
abstraction	-1.5
absurde	-1.5
absurdité	-1.5
abus	-1.5
abuse	-1.5
abuser	-1.5
abusif	-1.5
abusive	-1.5
abusé	-1.5
abyssale	-1.5
abîme	-1.5
abîmé	-1.5
accablant	-1.5
accablé	-1.5
accalmie	-1.5
accentuation	-1.5
accessible	1.5
accident	-1.5
accidentel	-1.5
accidentelle	-1.5
accidents	-1.5
accidenté	-1.5
accidentée	-1.5
acclamation	1.5
acclamé	1.5
accolade	1.5
accolades	1.5
accompli	1.5
accomplir	1.5
accomplissement	1.5
accord	1.5
accro	-1.5
accrocher	-1.5
accroché	-1.5
accroître	1.5
accueil	1.5
accueillant	1.5
accueillir	1.5
accumuler	-1.5
accusant	-1.5
accusation	-1.5
accusations	-1.5
accuse	-1.5
accuser	-1.5
accès	-1.5
accélérateur	-1.5
acharnement	-1.5
achever	1.5
actionner	1.5
adaptable	1.5
adaptatif	1.5
adapté	1.5
adjacent	-1.5
admettre	-1.5
admirable	1.5
admirablement	1.5
admirateur	1.5
admiratif	1.5
admiration	1.5
admire	1.5
admirer	1.5
admissible	1.5
adorable	1.5
adore	1.5
adorer	1.5
adoré	1.5
adorée	1.5
adoucir	-1.5
adresse	1.5
adroit	1.5
adversaire	-1.5
adverse	-1.5
adéquat	1.5
adéquate	1.5
affable	1.5
affaibli	-1.5
affaiblir	-1.5
affaiblissant	-1.5
affaiblissement	-1.5
affaire	1.5
affaissement	-1.5
affection	1.5
affectueusement	1.5
affectueux	1.5
affecté	-1.5
affectée	1.5
affiner	1.5
affinité	1.5
affiné	1.5
affirmation	1.5
affirmative	1.5
affirmer	1.5
affligé	-1.5
affluence	1.5
affluent	1.5
affranchir	1.5
affreuse	-1.5
affreux	-1.5
affront	-1.5
affrontement	-1.5
affronter	-1.5
agace	-1.5
agacé	-1.5
agaçant	-1.5
aggravant	-1.5
aggravation	-1.5
aggraver	-1.5
agile	1.5
agilité	1.5
agitation	-1.5
agité	-1.5
agonie	-1.5
agonisant	-1.5
agresser	-1.5
agresseur	-1.5
agression	-1.5
agressivité	-1.5
agréable	1.5
agréablement	1.5
agrément	1.5
aider	1.5
aidé	1.5
aigre	-1.5
aiguiser	1.5
aimable	1.5
aimablement	1.5
aimant	1.5
aime	1.5
aimer	1.5
aimé	1.5
aisance	1.5
alarmant	-1.5
alarme	-1.5
alcoolique	1.5
aliénation	-1.5
aliéné	-1.5
allergie	-1.5
allergies	-1.5
allergique	-1.5
alliance	1.5
allié	1.5
alliée	1.5
allégation	-1.5
allégations	-1.5
altercation	-1.5
altruiste	1.5
altérer	-1.5
altérée	-1.5
alésage	-1.5
amant	1.5
amante	1.5
amasser	-1.5
ambigu	-1.5
ambiguïté	-1.5
ambitieux	1.5
ambition	1.5
ambivalence	-1.5
ambivalent	-1.5
amende	1.5
amender	1.5
amener	1.5
amer	-1.5
amertume	-1.5
ami	1.5
amiable	1.5
amical	1.5
amicale	1.5
amicalement	1.5
amorcé	1.5
amortir	-1.5
amortissement	-1.5
amortisseur	-1.5
amour	1.5
amoureux	1.5
amovible	1.5
ample	1.5
amplement	1.5
ampoule	-1.5
amusant	1.5
amusante	1.5
amuse	1.5
amusement	1.5
amuser	1.5
amèrement	-1.5
amélioration	1.5
améliorations	1.5
améliore	1.5
améliorer	1.5
amélioré	1.5
améliorée	1.5
analogue	1.5
analphabète	-1.5
analphabètes	-1.5
anarchie	-1.5
anarchisme	-1.5
anarchiste	-1.5
ange	1.5
angoissante	-1.5
angoisse	-1.5
angoisses	-1.5
anguleux	-1.5
angélique	1.5
animer	1.5
animosité	-1.5
animé	1.5
animée	1.5
annulation	-1.5
annuler	-1.5
anodin	-1.5
anomalie	-1.5
anormal	-1.5
anormale	-1.5
antagonisme	-1.5
antagoniste	-1.5
antipathie	-1.5
antre	-1.5
anxieux	-1.5
anxiété	-1.5
anéantir	-1.5
apaiser	1.5
apocalypse	-1.5
apocalyptique	-1.5
appauvri	-1.5
appeler	1.5
applaudir	1.5
approbation	1.5
approprié	1.5
approuve	1.5
approuver	1.5
approuvé	1.5
approximatif	-1.5
appréciable	1.5
apprécie	1.5
apprécier	1.5
apprécié	1.5
appréhension	-1.5
appât	-1.5
aptitude	-1.5
aquarium	-1.5
arbitraire	-1.5
archaïque	-1.5
ardemment	1.5
ardent	1.5
ardeur	1.5
ardu	-1.5
ardue	-1.5
aristocrate	1.5
aristocratique	1.5
armé	-1.5
arnaque	-1.5
aromatique	1.5
arracher	-1.5
arrestation	-1.5
arrière	-1.5
arrogance	-1.5
arrogant	-1.5
arrogante	-1.5
arrêt	-1.5
arrêter	-1.5
articuler	1.5
articulé	1.5
artificiel	-1.5
aspiration	1.5
aspirations	1.5
aspire	1.5
aspirer	1.5
assainir	1.5
assassin	-1.5
assassinat	-1.5
assassiner	-1.5
assassiné	-1.5
assaut	-1.5
assertion	-1.5
asservir	-1.5
assez	1.5
assiduité	1.5
assidûment	-1.5
assignation	-1.5
assigner	-1.5
assiéger	-1.5
assiégé	-1.5
assouplissement	1.5
assouvir	-1.5
assujetti	-1.5
assurance	1.5
assurances	1.5
assurant	1.5
assure	1.5
assurer	1.5
assuré	1.5
asséché	-1.5
astuce	-1.5
atone	-1.5
atout	1.5
atroce	-1.5
atrocités	-1.5
atrophie	-1.5
attachant	1.5
attack	-1.5
attaque	-1.5
attaquer	-1.5
attaques	-1.5
attardé	-1.5
atteinte	-1.5
attentif	1.5
attention	-1.5
attentionné	1.5
attentive	1.5
atterrissage	-1.5
attester	1.5
attirance	1.5
attirant	1.5
attirer	1.5
attractif	1.5
attraction	1.5
attractive	1.5
attraper	-1.5
attrayant	1.5
attribuer	1.5
aubaine	1.5
aube	1.5
audacieux	-1.5
audible	1.5
augmentation	1.5
augmenter	1.5
augure	1.5
aurore	1.5
auspices	1.5
austère	-1.5
authentique	1.5
autocratique	-1.5
automne	-1.5
autonome	1.5
autoriser	1.5
autorisé	1.5
autoritaire	-1.5
autorité	1.5
available	1.5
avalanche	-1.5
avancement	1.5
avancé	1.5
avancée	1.5
avantage	1.5
avantages	1.5
avantageux	1.5
avarice	-1.5
aventureux	1.5
averse	-1.5
aversion	-1.5
averti	-1.5
avertir	-1.5
avertissement	-1.5
aveugle	-1.5
avocat	1.5
avocate	1.5
avorter	-1.5
avorté	-1.5
avouer	-1.5
award	1.5
awards	1.5
ax	-1.5
bad	-1.5
baise	-1.5
baisse	-1.5
baisser	-1.5
balancer	-1.5
balayage	1.5
balayant	1.5
balle	-1.5
ballon	-1.5
banal	-1.5
banc	-1.5
bandit	-1.5
banni	-1.5
bannir	-1.5
bannissement	-1.5
barbare	-1.5
barricade	-1.5
bas	-1.5
battage	-1.5
battement	1.5
battu	-1.5
battues	-1.5
bavarder	-1.5
beau	1.5
beautiful	1.5
beauté	1.5
belle	1.5
belliqueux	-1.5
ben	1.5
berner	-1.5
best	1.5
better	1.5
biaisé	-1.5
biaisée	-1.5
bien	1.5
bienfaisance	1.5
bienfaiteur	1.5
bienheureuse	1.5
bienheureux	1.5
bienveillance	1.5
bienveillant	1.5
bienveillante	1.5
bienvenu	1.5
bienvenue	1.5
bile	-1.5
bizarre	-1.5
bizarrement	-1.5
bizarrerie	-1.5
blabla	-1.5
blablabla	-1.5
blague	-1.5
blah	-1.5
blasphème	-1.5
blesse	-1.5
blesser	-1.5
blessure	-1.5
blessures	-1.5
blessé	-1.5
bleu	-1.5
blind	-1.5
blocage	-1.5
blockbuster	1.5
bloquer	-1.5
blâme	-1.5
blâmer	-1.5
blé	-1.5
bogue	-1.5
bogues	-1.5
boiteux	-1.5
bol	1.5
bombarde	-1.5
bombardement	-1.5
bombardements	-1.5
bombarder	-1.5
bombe	-1.5
bon	1.5
bonbon	1.5
bondage	-1.5
bonheur	1.5
bonne	1.5
bons	1.5
bonté	1.5
bonus	1.5
boom	1.5
bordel	-1.5
bore	-1.5
borné	-1.5
bornée	-1.5
bosse	-1.5
bosser	1.5
bosses	-1.5
boucher	-1.5
bouchon	-1.5
bouchère	-1.5
bouché	-1.5
boucle	-1.5
boucler	-1.5
boudé	-1.5
boue	-1.5
boueux	-1.5
bouffon	-1.5
bouillant	-1.5
bouillir	-1.5
bouleversant	-1.5
bouleverse	-1.5
bouleversement	-1.5
bouleverser	-1.5
bouleversé	-1.5
bourde	-1.5
bourru	-1.5
bourré	-1.5
bousculade	-1.5
bout	-1.5
bouteille	-1.5
boycott	-1.5
boycotter	-1.5
branché	1.5
brave	1.5
braver	1.5
bravo	-1.5
bravoure	1.5
break	-1.5
breaks	-1.5
brillamment	1.5
brillant	1.5
brillants	1.5
briller	1.5
briquet	1.5
brisant	-1.5
brise	1.5
briser	-1.5
brisé	-1.5
brouillage	-1.5
brouillard	-1.5
brouille	-1.5
brouiller	-1.5
brouillon	-1.5
broyer	-1.5
bruit	-1.5
bruits	-1.5
brume	-1.5
brumes	-1.5
brumeux	-1.5
brusque	-1.5
brut	-1.5
brutal	-1.5
brutale	-1.5
brutalement	-1.5
brutalité	-1.5
brute	-1.5
bruyamment	-1.5
bruyant	-1.5
bruyante	-1.5
bruyants	-1.5
brèche	-1.5
brûlant	-1.5
brûler	-1.5
brûlure	-1.5
brûlures	-1.5
brûlé	-1.5
bug	-1.5
bugs	-1.5
burlesque	-1.5
buste	-1.5
bustes	-1.5
butin	-1.5
buveur	-1.5
bâtard	-1.5
bâtards	-1.5
béatitude	1.5
bégaiement	-1.5
béguin	-1.5
bénir	1.5
bénédiction	1.5
bénéfice	1.5
bénéficiaire	1.5
bénéfique	1.5
bétail	1.5
bêche	-1.5
bête	-1.5
bêtement	-1.5
bêtise	-1.5
bôme	1.5
bœuf	-1.5
cabane	-1.5
cacher	-1.5
cachette	-1.5
cachot	-1.5
cadavre	-1.5
caduc	-1.5
calamité	-1.5
calamités	-1.5
cale	-1.5
caler	-1.5
calibre	-1.5
calme	1.5
calmer	1.5
calomnie	-1.5
calvaire	-1.5
camper	-1.5
canaille	-1.5
cancan	-1.5
cancer	-1.5
cancéreux	-1.5
caniveau	-1.5
cannibale	-1.5
canular	-1.5
capable	1.5
capacité	1.5
capital	1.5
capitale	1.5
capitulation	-1.5
capituler	-1.5
caprice	-1.5
capricieuse	-1.5
capricieux	-1.5
caractère	-1.5
caractériser	1.5
caractéristiques	1.5
caramel	-1.5
carcasse	-1.5
carence	-1.5
caricatural	-1.5
caricature	-1.5
caricaturer	-1.5
carnage	-1.5
carpe	-1.5
cascade	-1.5
casser	-1.5
casserole	-1.5
cassé	-1.5
castré	-1.5
cataclysme	-1.5
catastrophe	-1.5
catastrophes	-1.5
catastrophique	-1.5
catégorique	-1.5
catégoriquement	-1.5
cauchemar	-1.5
cauchemardesque	-1.5
causer	-1.5
caustique	-1.5
cave	-1.5
caverne	-1.5
censure	-1.5
censurer	-1.5
cesser	-1.5
cessé	-1.5
chagrin	-1.5
chaleur	1.5
chaleureuse	1.5
chaleureusement	1.5
chaleureux	1.5
champ	1.5
champion	1.5
championne	1.5
chance	1.5
chancelante	-1.5
chanceux	1.5
chantage	-1.5
chaos	-1.5
chaotique	-1.5
charge	-1.5
charger	-1.5
chargé	-1.5
charismatique	1.5
charisme	1.5
charitable	1.5
charlatan	-1.5
charmant	1.5
charme	1.5
charmer	1.5
chaste	1.5
chatte	-1.5
chaud	1.5
chaude	1.5
chaudement	1.5
chauffer	1.5
chauffeur	1.5
chavirer	-1.5
chaîne	-1.5
cheminée	-1.5
cher	-1.5
chevaleresque	1.5
chevalerie	1.5
chevronné	1.5
chiant	-1.5
chic	1.5
chienne	-1.5
chier	-1.5
chimérique	-1.5
choc	-1.5
choquant	-1.5
choquante	-1.5
choquer	-1.5
choqué	-1.5
chouchou	1.5
chouette	1.5
chronique	-1.5
chute	-1.5
chutes	-1.5
chère	-1.5
chéri	1.5
chérie	1.5
chômage	-1.5
chômeur	-1.5
chômeurs	-1.5
cicatrice	-1.5
cicatrices	-1.5
ciel	1.5
cime	1.5
cinglant	-1.5
cire	-1.5
citation	-1.5
citerne	-1.5
citron	-1.5
civilité	1.5
clair	1.5
claire	1.5
clairement	1.5
clairvoyance	1.5
claque	-1.5
claquer	-1.5
clarifier	1.5
clarté	1.5
clash	-1.5
classe	1.5
classic	1.5
classique	1.5
clean	1.5
clear	1.5
cliché	-1.5
clique	-1.5
cliquetis	-1.5
cloaque	-1.5
clochard	-1.5
cloud	-1.5
clé	-1.5
cochon	-1.5
coercitif	-1.5
coercition	-1.5
coffre	1.5
cohérence	1.5
cohérent	1.5
cohérente	1.5
cohésion	1.5
coin	-1.5
coincer	-1.5
coincé	-1.5
cold	-1.5
collant	-1.5
collapse	-1.5
collet	-1.5
collusion	-1.5
collé	-1.5
coloré	1.5
colossal	-1.5
colère	-1.5
combat	-1.5
combatif	-1.5
combattant	1.5
combattre	-1.5
combler	-1.5
comique	-1.5
commander	1.5
comme	1.5
commode	1.5
commodité	1.5
commotion	-1.5
compact	1.5
compacte	1.5
compatible	1.5
complainte	-1.5
complet	1.5
complex	-1.5
complication	-1.5
complice	-1.5
complices	-1.5
complicité	-1.5
compliment	1.5
compliments	1.5
compliquer	-1.5
complot	-1.5
comploter	-1.5
complètement	-1.5
complément	1.5
complémentaire	1.5
compléments	1.5
compléter	1.5
complétée	1.5
composer	-1.5
comprendre	1.5
comprimer	1.5
compromettre	-1.5
compréhensible	1.5
compulsif	-1.5
compétences	1.5
compétitif	1.5
compétitives	-1.5
comédie	-1.5
con	-1.5
concerner	-1.5
concerné	-1.5
concession	-1.5
concessions	-1.5
conciliant	1.5
conciliante	1.5
concilier	1.5
concis	1.5
concise	1.5
concéder	-1.5
concédé	-1.5
condamnable	-1.5
condamnation	-1.5
condamne	-1.5
condamner	-1.5
condamné	-1.5
conduire	1.5
conduit	1.5
confesser	-1.5
confession	-1.5
confessions	-1.5
confiance	1.5
confiant	1.5
confidence	1.5
confident	1.5
confier	1.5
confiné	-1.5
confirmé	1.5
confiture	-1.5
conflictuelle	-1.5
conflit	-1.5
conflits	-1.5
confond	-1.5
confondre	-1.5
confondu	-1.5
conforme	1.5
confort	1.5
confortable	1.5
confortablement	1.5
confrontation	-1.5
confronter	-1.5
confus	-1.5
confuse	-1.5
confuses	-1.5
confusion	-1.5
confusions	-1.5
congelé	-1.5
congelés	-1.5
congestion	-1.5
congélation	-1.5
connerie	-1.5
conneries	-1.5
conquérir	1.5
cons	-1.5
consciencieux	1.5
conseils	1.5
conservateur	-1.5
conservative	-1.5
considérablement	-1.5
considérer	1.5
consistent	1.5
consolation	1.5
consoler	1.5
consommer	1.5
consommé	1.5
conspirateur	-1.5
conspiration	-1.5
conspirations	-1.5
constant	1.5
consternation	-1.5
consterné	-1.5
constructif	1.5
constructive	1.5
contagieuse	-1.5
contagieux	-1.5
contaminant	-1.5
contamination	-1.5
contaminer	-1.5
contaminés	-1.5
contenir	-1.5
content	1.5
contente	1.5
contentement	1.5
contentieux	-1.5
contention	-1.5
contestation	-1.5
contester	-1.5
contesté	-1.5
contestée	-1.5
continuité	1.5
contracté	-1.5
contradiction	-1.5
contradictoire	-1.5
contradictoires	-1.5
contraindre	-1.5
contraint	-1.5
contrarier	-1.5
contrarié	-1.5
contre	-1.5
contrecarrer	-1.5
contredire	-1.5
contrefaçon	-1.5
contrevenant	-1.5
contribution	1.5
controverse	-1.5
controversé	-1.5
controversée	-1.5
convaincant	1.5
convaincante	1.5
convaincantes	-1.5
convaincre	1.5
convenable	1.5
convivialité	1.5
cool	1.5
coopératif	1.5
coopératifs	-1.5
coopérative	1.5
copieux	1.5
copine	1.5
corbeille	-1.5
cordial	1.5
cordiale	1.5
correct	1.5
correctement	1.5
corriger	1.5
corrompre	-1.5
corrompu	-1.5
corrosif	-1.5
corrosion	-1.5
corruption	-1.5
corvée	-1.5
costaud	1.5
couche	-1.5
couchette	-1.5
coude	-1.5
coulé	-1.5
coup	-1.5
coupable	-1.5
coupant	1.5
coups	-1.5
coupé	-1.5
courage	1.5
courageusement	1.5
courageux	1.5
courant	1.5
courante	1.5
courbe	-1.5
courbé	-1.5
coureur	-1.5
courge	-1.5
couronner	1.5
courroux	-1.5
courtiser	1.5
courtois	1.5
couteau	-1.5
couve	-1.5
couver	-1.5
couvercle	1.5
couvrir	-1.5
couvée	-1.5
coûteuse	-1.5
coûteux	-1.5
crachant	-1.5
crack	-1.5
craindre	-1.5
craintes	-1.5
craquer	-1.5
crash	-1.5
crasse	-1.5
creative	1.5
creux	-1.5
crevasse	-1.5
cri	-1.5
crier	-1.5
crime	-1.5
criminel	-1.5
criminelle	-1.5
crise	-1.5
critique	-1.5
critiquer	-1.5
critiques	-1.5
critiqué	-1.5
croquant	-1.5
croyant	1.5
cru	-1.5
cruauté	-1.5
cruel	-1.5
cruellement	-1.5
crème	1.5
créatif	1.5
création	1.5
créative	1.5
crédible	1.5
crédit	1.5
crétin	-1.5
culpabilité	-1.5
cultivé	1.5
cupide	-1.5
cupidité	-1.5
cure	1.5
curieux	-1.5
cuve	-1.5
cynique	-1.5
cynisme	-1.5
céder	-1.5
céleste	1.5
célibataire	-1.5
célèbre	1.5
célébration	1.5
célébrer	1.5
célébré	1.5
cérémonie	-1.5
cœur	-1.5
d'invasion	-1.5
d'or	1.5
d'urgence	-1.5
d'élite	1.5
dallage	-1.5
damnation	-1.5
danger	-1.5
dangereuse	-1.5
dangereux	-1.5
dark	-1.5
dead	-1.5
death	-1.5
defensive	-1.5
demeuré	-1.5
dense	-1.5
dent	-1.5
dentelé	-1.5
descendre	-1.5
descente	-1.5
despote	-1.5
despotique	-1.5
despotisme	-1.5
dessus	1.5
destin	1.5
destinée	1.5
destituer	-1.5
destroyer	-1.5
destructeur	-1.5
destructif	-1.5
destruction	-1.5
destructive	-1.5
dette	-1.5
dettes	-1.5
deuil	-1.5
devenir	-1.5
deviner	1.5
diable	-1.5
diabolique	-1.5
diagramme	-1.5
diamétralement	-1.5
diatribe	-1.5
dictateur	-1.5
dictatorial	-1.5
die	-1.5
dies	-1.5
diffamation	-1.5
diffamatoire	-1.5
difficulté	-1.5
difficultés	-1.5
difforme	-1.5
différend	-1.5
différé	-1.5
digne	1.5
dignité	1.5
dilemme	-1.5
diligence	1.5
dim	-1.5
diminuant	-1.5
diminuer	-1.5
diminution	-1.5
din	-1.5
diplomatique	1.5
dire	-1.5
direct	1.5
dirigeants	1.5
diriger	1.5
discipline	-1.5
discontinu	-1.5
discontinue	-1.5
discontinuité	-1.5
discorde	-1.5
discret	1.5
discrimination	-1.5
discriminatoire	-1.5
discriminer	-1.5
discrédit	-1.5
discréditer	-1.5
disculper	1.5
discutable	-1.5
discuter	-1.5
disette	-1.5
disgracié	-1.5
disgrâce	-1.5
disparaître	-1.5
disparition	-1.5
disponible	1.5
disposition	1.5
disproportionné	-1.5
disproportionnée	-1.5
dispute	-1.5
dissension	-1.5
dissidence	-1.5
dissident	-1.5
dissidente	-1.5
dissidents	-1.5
dissimuler	-1.5
dissimulé	-1.5
dissolue	-1.5
dissolution	-1.5
dissonance	-1.5
dissuade	-1.5
dissuader	-1.5
dissuasif	-1.5
dissuasion	-1.5
distant	-1.5
distinctif	1.5
distinction	1.5
distinctive	1.5
distingué	1.5
distorsion	-1.5
distraction	-1.5
distraire	-1.5
distrait	-1.5
divergent	-1.5
divergente	-1.5
divers	-1.5
diversifié	1.5
diversifiée	1.5
divertir	1.5
divertissant	1.5
divertissement	1.5
divin	1.5
divine	1.5
diviser	-1.5
division	-1.5
divisé	-1.5
dièse	1.5
dogmatique	-1.5
dominatrice	-1.5
domine	1.5
dominer	1.5
dominé	1.5
dommage	-1.5
dommages	-1.5
donjon	-1.5
donjons	-1.5
doom	-1.5
doré	1.5
douce	1.5
doucement	1.5
douceur	1.5
douleur	-1.5
douleurs	-1.5
douloureusement	-1.5
douloureux	-1.5
doute	-1.5
douter	-1.5
doutes	-1.5
douteuse	-1.5
douteux	-1.5
doux	1.5
doué	1.5
drag	-1.5
dragon	-1.5
draguer	-1.5
drain	-1.5
drainer	-1.5
drainé	-1.5
drastique	-1.5
drogue	-1.5
droit	1.5
droite	1.5
droiture	1.5
drone	-1.5
drones	-1.5
dubitatif	-1.5
duel	-1.5
dump	-1.5
dumping	-1.5
dupe	-1.5
duper	-1.5
dupé	-1.5
dur	-1.5
durabilité	1.5
durable	1.5
durcir	-1.5
dure	-1.5
durement	-1.5
dureté	-1.5
duvet	1.5
dynamique	1.5
dynamisme	1.5
dynamité	-1.5
dé	-1.5
débandade	-1.5
débattre	-1.5
débauche	-1.5
débile	-1.5
débiteur	1.5
débrouillard	1.5
débâcle	-1.5
décadence	-1.5
décadent	-1.5
décadente	-1.5
décalage	-1.5
décalages	-1.5
décence	1.5
décent	1.5
déception	-1.5
déceptions	-1.5
décerner	1.5
décerné	1.5
décevant	-1.5
décevante	-1.5
décevoir	-1.5
décharger	-1.5
décharges	-1.5
déchaînement	-1.5
déchet	-1.5
déchets	-1.5
déchiqueté	-1.5
déchirant	-1.5
déchirer	-1.5
déchirure	-1.5
déchiré	-1.5
déchu	-1.5
déchéance	-1.5
décidé	1.5
décidée	1.5
décisif	1.5
décisive	1.5
déclenchement	-1.5
déclin	-1.5
déclinant	-1.5
décliner	-1.5
décourager	-1.5
découragé	-1.5
décrochage	-1.5
décrocher	-1.5
décroissance	-1.5
décroissant	-1.5
décroissante	-1.5
décrépitude	-1.5
décès	-1.5
décédé	-1.5
dédain	-1.5
défaillant	-1.5
défait	-1.5
défaite	1.5
défaites	1.5
défaut	-1.5
défauts	-1.5
défaveur	-1.5
défavorable	-1.5
défavorisé	-1.5
défavorisés	-1.5
défectueux	-1.5
défendre	1.5
défenseur	1.5
défenseurs	1.5
défensif	-1.5
défensive	-1.5
défi	-1.5
défiance	-1.5
déficience	-1.5
déficiences	-1.5
déficient	-1.5
défier	-1.5
défiler	-1.5
défilé	-1.5
définir	1.5
défit	-1.5
déformation	-1.5
déforme	-1.5
déformer	-1.5
déformé	-1.5
déformée	-1.5
défricher	1.5
défunt	-1.5
défunte	-1.5
dégager	1.5
dégagé	1.5
dégoût	-1.5
dégoûté	-1.5
dégradant	-1.5
dégradants	-1.5
dégradation	-1.5
dégrader	-1.5
dégât	-1.5
dégâts	-1.5
dégénérer	-1.5
dégénérescence	-1.5
dégénéré	-1.5
dégénérés	-1.5
déjouer	-1.5
délabré	-1.5
délabrée	-1.5
délai	-1.5
délicat	1.5
délicatesse	1.5
délicieuse	1.5
délicieux	1.5
délinquance	-1.5
délinquant	-1.5
délirant	-1.5
délire	-1.5
délivrer	-1.5
déloyale	-1.5
déluge	-1.5
délétère	-1.5
démangeaisons	-1.5
dément	-1.5
démission	-1.5
démissionné	-1.5
démodé	-1.5
démolir	-1.5
démon	-1.5
démoniaque	-1.5
démuni	-1.5
démunis	-1.5
démêler	-1.5
déni	-1.5
dénigrement	-1.5
dénigrer	-1.5
dénoncer	-1.5
dénonciation	-1.5
dénonciations	-1.5
dénouer	-1.5
dépasse	1.5
dépassement	1.5
dépasser	1.5
dépassée	-1.5
dépendant	-1.5
dépit	-1.5
déplacer	-1.5
déplacé	-1.5
déplaisant	-1.5
déplaisir	-1.5
déplorable	-1.5
déplorer	-1.5
déporter	-1.5
déposer	-1.5
dépouillé	-1.5
dépourvu	-1.5
dépression	-1.5
dépressions	-1.5
déprimé	-1.5
dépérissement	-1.5
déraisonnable	-1.5
dérange	-1.5
dérangeant	-1.5
dérangement	-1.5
déranger	-1.5
dérangé	-1.5
dérision	-1.5
dérisoire	-1.5
dérogatoire	-1.5
déroutant	-1.5
déroutante	-1.5
dérouter	-1.5
désabusé	-1.5
désaccord	-1.5
désactiver	-1.5
désactivé	-1.5
désagréable	-1.5
désagrément	-1.5
désapprobation	-1.5
désarmer	-1.5
désarroi	-1.5
désastre	-1.5
désastreux	-1.5
désemparé	-1.5
désert	-1.5
déserter	-1.5
désertion	-1.5
désertique	-1.5
désespoir	-1.5
désespérant	-1.5
désespéré	-1.5
désespérée	-1.5
désespérément	-1.5
désillusion	-1.5
désintègre	-1.5
désintégration	-1.5
désintégrer	-1.5
désintéressement	-1.5
désintéressé	1.5
désintérêt	-1.5
désirable	1.5
désirant	1.5
désireux	1.5
désobéir	-1.5
désobéissance	-1.5
désolation	-1.5
désolé	-1.5
désordonné	-1.5
désordonnée	-1.5
désordre	-1.5
désorganisé	-1.5
désuet	-1.5
désunion	-1.5
déséquilibre	-1.5
déséquilibré	-1.5
détacher	-1.5
détail	-1.5
détendu	1.5
déterminé	1.5
déterminée	1.5
déteste	-1.5
détester	-1.5
détesté	-1.5
détresse	-1.5
détriment	-1.5
détruire	-1.5
détérioration	-1.5
détériorer	-1.5
détérioré	-1.5
dévastateur	-1.5
dévastation	-1.5
dévastatrice	-1.5
dévaster	-1.5
dévastée	-1.5
déversant	-1.5
déverser	-1.5
déviant	-1.5
déviation	-1.5
dévier	-1.5
dévorer	-1.5
dévot	1.5
dévoué	1.5
déçu	-1.5
easy	1.5
efface	1.5
effective	1.5
efficace	1.5
efficacement	1.5
efficacité	1.5
effigie	-1.5
effilé	1.5
effondrement	-1.5
effrayant	-1.5
effrayante	-1.5
effrayer	-1.5
effrayé	-1.5
effroi	-1.5
effroyable	-1.5
effréné	-1.5
embarras	-1.5
embarrassé	-1.5
embellir	1.5
embrasser	1.5
embuscade	-1.5
embêter	-1.5
empathie	1.5
emphatique	-1.5
empiéter	-1.5
empoisonner	-1.5
empressement	1.5
emprisonnement	-1.5
emprisonner	-1.5
empêchement	-1.5
empêcher	-1.5
encastrée	-1.5
encens	-1.5
encerclé	-1.5
enchanteur	1.5
enchanté	1.5
enchevêtrement	-1.5
encombrant	-1.5
encombrants	-1.5
encombrement	-1.5
encourage	1.5
encourageant	1.5
encouragement	1.5
encourager	1.5
endetté	1.5
endettés	1.5
endommageant	-1.5
endommager	-1.5
endommagé	-1.5
endosser	1.5
endurance	-1.5
endurer	-1.5
endémique	1.5
enfantin	-1.5
enfer	-1.5
enflammer	-1.5
enflammé	1.5
enflammée	1.5
enfreindre	-1.5
engageant	1.5
engagement	1.5
engouement	-1.5
enjoué	1.5
enlèvement	1.5
ennemi	-1.5
ennemis	-1.5
ennui	-1.5
ennuyeuse	-1.5
ennuyeux	-1.5
ennuyé	-1.5
enough	1.5
enragé	-1.5
enrayer	-1.5
enrichir	1.5
enrichissement	1.5
entaché	-1.5
entachée	-1.5
entaille	-1.5
enthousiasme	1.5
enthousiaste	1.5
entrain	1.5
entrave	-1.5
entraver	-1.5
entravé	-1.5
entraînant	1.5
entraînement	-1.5
entreprenant	1.5
entériner	1.5
envahi	-1.5
envahir	-1.5
envahissant	-1.5
envelopper	-1.5
enveloppée	-1.5
enviable	1.5
envier	1.5
errant	-1.5
errante	-1.5
erratique	-1.5
errer	-1.5
erreur	-1.5
erreurs	-1.5
erroné	-1.5
erronée	-1.5
erronément	-1.5
error	-1.5
escarmouche	-1.5
escarpé	-1.5
esclavage	-1.5
esclave	-1.5
esclaves	-1.5
escrocs	-1.5
escroquerie	-1.5
espace	-1.5
esquiver	-1.5
estime	1.5
estimer	1.5
exact	1.5
exagération	-1.5
exagérer	-1.5
exagérées	-1.5
exaltation	1.5
exalter	1.5
exalté	1.5
exaspéré	-1.5
excelle	1.5
excellence	1.5
excellent	1.5
excellente	1.5
excentricité	-1.5
excentrique	-1.5
exceptionnel	1.5
excessive	-1.5
excessivement	-1.5
excitant	1.5
excitation	1.5
excite	1.5
exciter	1.5
excité	1.5
exclu	-1.5
exclusion	-1.5
excuse	-1.5
excuser	-1.5
excuses	-1.5
excès	-1.5
excéder	1.5
exemplaire	1.5
exemple	1.5
exhaustif	1.5
exigeant	1.5
exil	-1.5
exile	-1.5
exilé	-1.5
exorbitant	-1.5
experte	1.5
expire	-1.5
expiré	-1.5
exploitation	-1.5
exploiter	-1.5
exploser	-1.5
explosif	-1.5
explosion	-1.5
explosions	-1.5
explosive	-1.5
exposer	-1.5
expropriation	-1.5
expulser	-1.5
expérimentalement	-1.5
exquis	1.5
extase	1.5
extermination	-1.5
exterminer	-1.5
extorquer	-1.5
extraordinaire	1.5
extraordinairement	1.5
extravagant	-1.5
extrémiste	-1.5
extrémistes	-1.5
extrême	-1.5
extrêmement	1.5
exubérant	1.5
exubérante	1.5
fabrication	-1.5
fabriquer	-1.5
fabuleux	1.5
facile	1.5
facilement	1.5
facilite	1.5
faciliter	1.5
facilité	1.5
factice	-1.5
fade	-1.5
faible	-1.5
faiblesse	-1.5
faiblesses	-1.5
faiblir	-1.5
faille	-1.5
failles	-1.5
failli	-1.5
faillite	-1.5
fair	1.5
faire	-1.5
faisable	1.5
fall	-1.5
fallacieux	-1.5
false	-1.5
falsifier	-1.5
falsifié	-1.5
fameux	1.5
famine	-1.5
fanatique	-1.5
fanatiques	-1.5
fanatisme	-1.5
fanfare	1.5
fans	1.5
fantaisiste	-1.5
fantasque	-1.5
fantastique	1.5
fantoche	-1.5
farce	-1.5
farceur	-1.5
fardeau	-1.5
farfelu	-1.5
farouche	1.5
fascinant	1.5
fascination	1.5
fascisme	-1.5
fasciste	-1.5
fast	1.5
faste	1.5
fastidieux	-1.5
fat	-1.5
fatal	-1.5
fatidique	-1.5
fatigue	-1.5
fatiguer	-1.5
fatigué	-1.5
fatiguée	-1.5
fauche	-1.5
fauché	-1.5
faufiler	-1.5
faussaire	-1.5
faussement	-1.5
fausser	-1.5
faute	-1.5
faux	-1.5
faveur	1.5
favorable	1.5
favori	1.5
favoriser	1.5
favorisé	1.5
favorite	1.5
favoritisme	-1.5
feat	1.5
feindre	-1.5
feint	-1.5
feinte	-1.5
fendre	-1.5
fendu	-1.5
ferme	1.5
fermement	1.5
ferraille	-1.5
ferreux	-1.5
fertile	1.5
fervent	1.5
ferveur	1.5
fesses	-1.5
festive	1.5
feu	1.5
feuilletée	-1.5
fiabilité	1.5
fiable	1.5
fiasco	-1.5
fichu	-1.5
fictif	-1.5
fiction	-1.5
fictive	-1.5
fidèle	1.5
fidèlement	1.5
fidélité	1.5
fiel	-1.5
fier	1.5
fierté	1.5
fige	-1.5
filière	-1.5
fin	1.5
fine	1.5
finement	1.5
finesse	1.5
fissure	-1.5
fissures	-1.5
fièvre	-1.5
fièvres	-1.5
flagrant	-1.5
flagrante	-1.5
flair	-1.5
flamme	-1.5
flatter	1.5
flatteur	1.5
fleur	1.5
fleurir	1.5
flexibilité	1.5
flexible	1.5
flic	-1.5
flirt	-1.5
flirter	-1.5
flocon	-1.5
floraison	1.5
florissant	1.5
flottant	1.5
flottante	1.5
flou	-1.5
floue	-1.5
flous	-1.5
fluage	-1.5
fléau	-1.5
foi	1.5
foire	1.5
folie	-1.5
folle	-1.5
follement	-1.5
foncer	-1.5
fonctionne	1.5
fonctionner	1.5
foncé	-1.5
fond	1.5
fondamentalisme	-1.5
fondre	-1.5
forage	-1.5
forcer	-1.5
forcé	-1.5
forfait	-1.5
forgé	-1.5
forgée	-1.5
formidable	1.5
forte	1.5
fortifié	-1.5
fortuit	1.5
fortuite	1.5
fortune	1.5
fou	-1.5
foudroyé	-1.5
fouet	-1.5
fouets	-1.5
fouetter	-1.5
fougueux	1.5
foule	-1.5
fourbe	-1.5
foutre	-1.5
foutu	-1.5
fracas	-1.5
fractionnement	-1.5
fracture	-1.5
fracturé	-1.5
fragile	-1.5
fragment	-1.5
fragmenté	-1.5
fraiches	-1.5
frais	1.5
franchise	1.5
frappant	1.5
frappante	1.5
frapper	-1.5
fraternel	1.5
fraude	-1.5
frauduleux	-1.5
fraîche	1.5
free	1.5
freedom	1.5
freiner	-1.5
fret	-1.5
frettes	-1.5
friandise	1.5
fric	-1.5
friction	-1.5
frisson	1.5
frissons	1.5
frit	-1.5
frite	1.5
frivole	-1.5
froid	-1.5
froidement	-1.5
froisser	-1.5
fromage	-1.5
frottement	-1.5
frottis	-1.5
fructueuse	1.5
fructueux	1.5
frustrant	-1.5
frustration	-1.5
frustrations	-1.5
frustré	-1.5
frénésie	-1.5
frénétique	-1.5
frêle	-1.5
fuck	-1.5
fugace	-1.5
fugitif	-1.5
fuir	-1.5
fuite	-1.5
fuites	-1.5
fulgurant	1.5
fumant	-1.5
fumble	-1.5
fume	-1.5
fumer	-1.5
fumier	-1.5
fumée	-1.5
fumées	-1.5
fun	1.5
funeste	-1.5
funky	-1.5
funèbre	-1.5
fureur	-1.5
furie	-1.5
furieusement	-1.5
furieux	-1.5
furtif	-1.5
fusées	-1.5
futile	-1.5
futilité	-1.5
futuriste	1.5
fuyant	-1.5
fâcher	-1.5
fâché	-1.5
fébrile	-1.5
fécond	1.5
félicitations	1.5
féliciter	1.5
félicité	1.5
féroce	-1.5
férocité	-1.5
fétide	-1.5
fête	1.5
fêter	1.5
gadget	-1.5
gaffe	-1.5
gagnant	1.5
gagnants	1.5
gagne	1.5
gagner	1.5
gagné	1.5
gai	1.5
gaiement	1.5
gaieté	1.5
gain	1.5
gains	1.5
galant	1.5
galanterie	1.5
galles	-1.5
gangster	-1.5
garant	1.5
garantie	1.5
garantir	1.5
gaspillage	-1.5
gaspiller	-1.5
gauche	-1.5
gel	-1.5
geler	-1.5
gelé	-1.5
gem	1.5
gemme	1.5
gemmes	1.5
genre	1.5
gentil	1.5
gentille	1.5
gentillesse	1.5
gentiment	1.5
ghetto	-1.5
gifle	-1.5
gigantesque	-1.5
gigue	-1.5
gimmick	-1.5
givre	-1.5
glacial	-1.5
glamour	1.5
glauque	-1.5
glissement	-1.5
glisser	-1.5
glissée	-1.5
gloire	1.5
glorieux	1.5
glorifier	1.5
gluant	-1.5
gold	1.5
golden	1.5
gonflement	-1.5
gonflé	-1.5
good	1.5
gosse	-1.5
gothique	-1.5
gouffre	-1.5
gourmand	-1.5
gourmandise	1.5
gouttière	-1.5
goût	1.5
goûts	1.5
grace	1.5
gracieuse	1.5
gracieusement	1.5
gracieux	1.5
graisse	-1.5
grand	1.5
grande	1.5
grandement	-1.5
grandeur	1.5
grandiose	1.5
graphique	-1.5
grappin	-1.5
gras	-1.5
gratification	1.5
gratitude	1.5
gratter	-1.5
gratuit	1.5
gratuitement	1.5
grave	-1.5
graveleux	-1.5
gravement	-1.5
graver	-1.5
gravier	-1.5
gravité	-1.5
great	1.5
greffe	-1.5
greffer	-1.5
greffon	-1.5
grief	-1.5
griefs	-1.5
grille	-1.5
grillé	-1.5
grinçant	-1.5
gros	-1.5
grosse	-1.5
grossier	-1.5
grossir	-1.5
grossière	-1.5
grossièrement	-1.5
grotesque	-1.5
grotte	-1.5
groupe	1.5
grâce	1.5
grâces	1.5
grève	-1.5
grêle	1.5
guerrier	-1.5
gueule	-1.5
guider	1.5
guidé	1.5
guérir	1.5
guérison	1.5
gâcher	-1.5
gâchis	-1.5
gâté	-1.5
génie	1.5
génocide	-1.5
généreuse	1.5
généreusement	1.5
généreux	1.5
générosité	1.5
gênant	-1.5
gênante	-1.5
gêne	-1.5
gêner	-1.5
gêné	-1.5
habile	1.5
habilement	1.5
habileté	1.5
habiter	-1.5
hache	-1.5
haché	-1.5
hack	-1.5
haie	-1.5
haine	-1.5
haineux	-1.5
hallucination	-1.5
handicap	-1.5
handicapé	-1.5
handicapés	-1.5
hanter	-1.5
hantise	-1.5
hanté	-1.5
happy	1.5
harangue	-1.5
harceler	-1.5
harcelé	-1.5
harcelés	-1.5
harcèlement	-1.5
hard	-1.5
harde	1.5
hardi	1.5
harmonie	1.5
harmonieusement	1.5
harmonieux	1.5
harmoniser	1.5
hasard	-1.5
haut	1.5
hautain	-1.5
haïr	-1.5
hedge	-1.5
hein	1.5
herbe	-1.5
heureuse	1.5
heureusement	1.5
heureux	1.5
heurter	-1.5
heurté	-1.5
hideux	-1.5
histoires	-1.5
hollow	-1.5
homicide	-1.5
hommage	1.5
honneur	1.5
honnête	1.5
honnêteté	1.5
honorable	1.5
honorant	1.5
honorer	1.5
honoré	1.5
honte	-1.5
honteux	-1.5
horrible	-1.5
horribles	-1.5
horrifique	-1.5
hospitalier	1.5
hostile	-1.5
hostilité	-1.5
hostilités	-1.5
hot	1.5
houlette	-1.5
houleuse	-1.5
hum	-1.5
humain	1.5
humaine	1.5
humbles	-1.5
humide	-1.5
humiliant	-1.5
humiliation	-1.5
humilité	1.5
humoristique	1.5
humour	1.5
hurler	-1.5
hypocrisie	-1.5
hypocrite	-1.5
hystérique	-1.5
hâte	-1.5
hâtivement	-1.5
hébergeant	-1.5
héberger	-1.5
hédoniste	-1.5
hégémonie	-1.5
hémorragie	-1.5
héros	1.5
héroïne	1.5
héroïque	1.5
héroïquement	1.5
hérédité	-1.5
hérésie	-1.5
hérétique	-1.5
hésitant	-1.5
hésitation	-1.5
hétéroclite	-1.5
idiot	-1.5
idiots	-1.5
idol	1.5
idole	1.5
idyllique	1.5
idéal	1.5
idéalement	1.5
ignorance	-1.5
ignorant	-1.5
ignore	-1.5
ignorer	-1.5
ignoré	-1.5
illettré	-1.5
illicite	-1.5
illimité	1.5
illisible	-1.5
illumination	1.5
illusion	-1.5
illusions	-1.5
illusoire	-1.5
illustre	1.5
illégal	-1.5
illégale	-1.5
illégalement	-1.5
illégalité	-1.5
illégitime	-1.5
imaginatif	1.5
imagé	1.5
imbattable	1.5
imbécile	-1.5
imitation	-1.5
imiter	-1.5
immaculé	1.5
immaculée	1.5
immature	-1.5
immatériel	-1.5
immense	1.5
immeuble	-1.5
imminent	-1.5
imminente	-1.5
immobile	-1.5
immobilisation	-1.5
immobiliser	-1.5
immobilisé	-1.5
immoral	-1.5
immorale	-1.5
immédiatement	1.5
impair	-1.5
imparfait	-1.5
imparfaite	-1.5
imparfaitement	-1.5
impartial	1.5
impartiale	1.5
impartialité	1.5
impasse	-1.5
impatience	-1.5
impatient	-1.5
impeccable	1.5
impensable	-1.5
imperceptible	-1.5
imperfections	-1.5
impersonnel	-1.5
impersonnelle	-1.5
impitoyable	-1.5
impitoyablement	-1.5
implacable	-1.5
implication	-1.5
impliquer	-1.5
impliqué	-1.5
implorer	-1.5
impopulaire	-1.5
importance	1.5
important	1.5
importante	1.5
impose	-1.5
imposer	-1.5
imposition	-1.5
impossibilité	-1.5
impossible	-1.5
imposteur	-1.5
impraticable	-1.5
impressionnant	1.5
impressionnante	1.5
impressionne	1.5
impressionner	1.5
impressionné	1.5
improbable	-1.5
impropre	-1.5
impropres	-1.5
improvisé	-1.5
imprudemment	-1.5
imprudence	-1.5
imprudent	-1.5
imprécis	-1.5
imprécise	-1.5
imprécision	-1.5
imprévu	-1.5
impuissance	-1.5
impuissant	-1.5
impulsive	-1.5
impunité	-1.5
impur	-1.5
impédance	-1.5
impénétrable	-1.5
impérialiste	-1.5
impérieux	1.5
impétueux	-1.5
inacceptable	-1.5
inaccessible	-1.5
inachevé	-1.5
inachevée	-1.5
inactif	-1.5
inactive	-1.5
inadapté	-1.5
inadéquat	-1.5
inaperçu	-1.5
inapproprié	-1.5
inappropriée	-1.5
inapte	-1.5
inattendu	-1.5
inattendue	-1.5
incapable	-1.5
incapacité	-1.5
incendiaire	-1.5
incendie	-1.5
incertain	-1.5
incertaine	-1.5
incessant	-1.5
incitation	-1.5
incite	-1.5
incohérence	-1.5
incohérences	-1.5
incohérent	-1.5
incompatibilité	-1.5
incompatible	-1.5
incomplet	-1.5
incomplète	-1.5
incompris	-1.5
incompréhensible	-1.5
incompétence	-1.5
incompétent	-1.5
inconcevable	-1.5
inconditionnelle	-1.5
inconfortable	-1.5
incongru	-1.5
inconnu	-1.5
inconnue	-1.5
inconscient	-1.5
inconstitutionnelle	-1.5
incontestable	1.5
incontestablement	1.5
incontesté	1.5
incontournable	-1.5
incontrôlable	-1.5
inconvénient	-1.5
inconvénients	-1.5
incorrect	-1.5
incorrecte	-1.5
incorrectement	-1.5
incriminé	-1.5
incrédule	-1.5
inculquer	-1.5
indifférence	-1.5
indifférent	-1.5
indifférente	-1.5
indigents	-1.5
indignation	-1.5
indigne	-1.5
indigné	-1.5
indigène	1.5
indiscutable	1.5
indisponible	-1.5
indistinctement	-1.5
individualisé	1.5
indolore	1.5
indubitablement	1.5
indulgence	1.5
indulgent	1.5
indécis	-1.5
indécise	-1.5
indéfini	-1.5
indésirable	-1.5
indéterminé	-1.5
indéterminée	-1.5
inefficace	-1.5
inefficacité	-1.5
inestimable	1.5
inexacte	-1.5
inexactes	-1.5
inexactitudes	-1.5
inexistant	-1.5
inexorablement	-1.5
inexpérience	-1.5
inexpérimenté	-1.5
infaillible	1.5
infection	-1.5
infections	-1.5
infecté	-1.5
infernal	-1.5
infesté	-1.5
infidèle	-1.5
infidèles	-1.5
infiltrés	-1.5
infirme	-1.5
infirmer	-1.5
infirmes	-1.5
inflammation	-1.5
inflammatoire	-1.5
inflexible	-1.5
infliger	-1.5
influence	1.5
influencer	-1.5
influent	1.5
influente	1.5
informer	1.5
informés	1.5
infos	-1.5
infraction	-1.5
infractions	-1.5
infructueux	-1.5
infâme	-1.5
inféodée	-1.5
inférieur	-1.5
inférieure	-1.5
infériorité	-1.5
ingénieuse	1.5
ingénieux	1.5
ingéniosité	1.5
ingérence	-1.5
inhabituel	-1.5
inhiber	-1.5
inhibition	-1.5
inhumain	-1.5
inhumains	-1.5
inimaginable	-1.5
inimitié	-1.5
inintelligible	-1.5
injure	-1.5
injuste	-1.5
injustement	-1.5
injustice	-1.5
injustices	-1.5
injustifié	-1.5
injustifiée	-1.5
innovante	1.5
innovation	1.5
inoccupé	-1.5
inoffensif	1.5
inoffensifs	1.5
inoffensive	1.5
inondation	-1.5
inonder	-1.5
inondé	-1.5
inoubliable	1.5
inoxydable	1.5
inquiet	-1.5
inquiétant	-1.5
inquiéter	-1.5
inquiétude	-1.5
insaisissable	-1.5
insalubres	-1.5
insatiable	-1.5
insatisfaction	-1.5
insatisfait	-1.5
insecte	-1.5
insensible	-1.5
insensé	-1.5
insignifiant	-1.5
insignifiante	-1.5
insolite	-1.5
insoumis	-1.5
insoutenable	-1.5
inspirant	1.5
inspiration	1.5
inspire	1.5
inspirer	1.5
inspiré	1.5
instabilité	-1.5
instable	-1.5
instigateur	-1.5
instigateurs	-1.5
instructif	1.5
instruit	1.5
instrumental	1.5
insuffisamment	-1.5
insuffisance	-1.5
insuffisant	-1.5
insuffisante	-1.5
insulaire	-1.5
insultant	-1.5
insulte	-1.5
insulter	-1.5
insultes	-1.5
insulté	-1.5
insupportable	-1.5
insurmontable	-1.5
insurrection	-1.5
insécurité	-1.5
intacte	-1.5
intacts	1.5
intelligence	1.5
intelligent	1.5
intelligente	1.5
intelligible	1.5
intempestif	-1.5
intenable	-1.5
intercepter	-1.5
interception	-1.5
interdiction	-1.5
interdire	-1.5
interdisant	-1.5
interdit	-1.5
interfère	-1.5
interférer	-1.5
intermittent	-1.5
interrompre	-1.5
interrompu	-1.5
interruption	-1.5
interruptions	-1.5
intime	1.5
intimider	-1.5
intimité	1.5
intolérable	-1.5
intolérance	-1.5
intraitable	-1.5
intransigeant	-1.5
intransigeante	-1.5
intrigant	1.5
intrigante	1.5
intrusion	-1.5
intrépide	1.5
intuitif	1.5
intuitive	1.5
intègre	1.5
intégral	1.5
intégrale	1.5
intégrante	1.5
intégré	1.5
intéressant	1.5
intérêts	1.5
inutile	-1.5
inutilement	-1.5
inutiles	-1.5
inutilisables	-1.5
invalide	-1.5
invalider	-1.5
invasif	-1.5
invasive	-1.5
inventif	1.5
inventive	1.5
invincible	1.5
invisible	-1.5
invite	1.5
involontaire	-1.5
involontairement	-1.5
invraisemblable	-1.5
invulnérable	1.5
inébranlable	1.5
inégal	-1.5
inégale	-1.5
inégalité	-1.5
inégalités	-1.5
inégalée	1.5
inéligible	-1.5
inéluctable	-1.5
inéluctablement	-1.5
inévitable	-1.5
inévitablement	-1.5
ironie	-1.5
ironique	-1.5
ironiquement	-1.5
irrationnel	-1.5
irrationnelle	-1.5
irremplaçable	1.5
irrespectueux	-1.5
irresponsable	-1.5
irritable	-1.5
irritant	-1.5
irritation	-1.5
irrité	-1.5
irruption	-1.5
irréaliste	-1.5
irréfutable	-1.5
irrégularité	-1.5
irréparable	-1.5
irréprochable	1.5
irrésistible	1.5
irréversible	-1.5
isolation	-1.5
isolement	-1.5
isoler	-1.5
isolé	-1.5
isolée	-1.5
issue	-1.5
issues	-1.5
ivre	-1.5
ivrogne	-1.5
jalouse	-1.5
jalousement	-1.5
jalousie	-1.5
jaloux	-1.5
jam	-1.5
jaunâtre	-1.5
jeté	-1.5
jeunesse	1.5
jeûne	1.5
jeûner	1.5
joie	1.5
joker	-1.5
joli	1.5
jolie	1.5
joliment	1.5
joueur	1.5
jouir	1.5
jouissance	1.5
jouissant	1.5
jovial	1.5
joyau	1.5
joyeuse	1.5
joyeusement	1.5
joyeux	1.5
judicieusement	1.5
judicieux	1.5
juguler	-1.5
juste	1.5
justement	1.5
justice	1.5
justiciables	1.5
justifier	-1.5
juvénile	1.5
kill	-1.5
killer	-1.5
kitsch	-1.5
knock	-1.5
krach	-1.5
l'adversité	-1.5
l'amélioration	1.5
l'anarchisme	-1.5
l'assurance	1.5
l'ennui	-1.5
l'impunité	-1.5
l'incitation	-1.5
l'inspiration	1.5
l'instabilité	-1.5
l'intimidation	-1.5
l'intolérance	-1.5
l'unité	1.5
l'écart	-1.5
l'égoïsme	-1.5
l'équité	1.5
l'érosion	-1.5
labeur	-1.5
laborieux	-1.5
laconique	-1.5
lacune	-1.5
lacunes	-1.5
laid	-1.5
laideur	-1.5
laisse	1.5
lambeaux	-1.5
lame	-1.5
lamentable	-1.5
lamentation	-1.5
lande	-1.5
laps	-1.5
large	1.5
largement	1.5
larguer	-1.5
las	-1.5
lasse	-1.5
lasser	-1.5
latence	-1.5
lead	1.5
led	1.5
lent	-1.5
lente	-1.5
lentement	-1.5
leurre	-1.5
liaison	-1.5
liberté	1.5
libertés	1.5
libre	1.5
librement	1.5
libération	1.5
libérer	1.5
libéré	1.5
licite	1.5
lie	-1.5
lied	-1.5
lies	-1.5
like	1.5
limace	-1.5
limit	-1.5
limitation	-1.5
limitations	-1.5
limite	-1.5
limited	-1.5
limiter	-1.5
limites	-1.5
limitrophe	-1.5
limité	-1.5
limitée	-1.5
linceul	-1.5
lisible	1.5
lissage	1.5
lisse	1.5
lisser	1.5
litige	-1.5
livrer	-1.5
logique	1.5
logo	-1.5
long	-1.5
longue	-1.5
longuement	-1.5
lopin	-1.5
loser	-1.5
lost	-1.5
louable	1.5
louange	1.5
louche	-1.5
louer	1.5
lourd	-1.5
lourde	-1.5
louve	-1.5
love	1.5
lover	1.5
loyal	1.5
loyauté	1.5
lucide	1.5
lucky	1.5
lucratif	1.5
lucrative	1.5
ludique	1.5
lugubre	-1.5
luisant	1.5
lumineux	1.5
lumières	1.5
lustre	1.5
lutte	-1.5
lutter	-1.5
luttes	-1.5
lutté	-1.5
luxe	1.5
luxueux	1.5
luxuriante	1.5
lyrique	1.5
lâche	-1.5
légal	1.5
légalement	1.5
légendaire	1.5
légitime	1.5
léguer	-1.5
légèrement	-1.5
lésion	-1.5
lésée	-1.5
létale	-1.5
léthargie	-1.5
mac	-1.5
macabre	-1.5
mademoiselle	-1.5
magic	1.5
magie	1.5
magique	1.5
magnificence	1.5
magnifique	1.5
magnifiquement	1.5
magot	-1.5
mainmise	-1.5
maintenir	1.5
majestueux	1.5
majesté	1.5
mal	-1.5
malade	-1.5
malades	-1.5
maladie	-1.5
maladresse	-1.5
maladroit	-1.5
malaise	-1.5
malaisé	-1.5
malchance	-1.5
malchanceux	-1.5
malencontreusement	-1.5
malentendu	-1.5
malentendus	-1.5
malgré	-1.5
malheur	-1.5
malheureusement	-1.5
malheureux	-1.5
malhonnête	-1.5
malhonnêteté	-1.5
malice	-1.5
malicieux	-1.5
malsain	-1.5
malveillance	-1.5
malveillant	-1.5
malveillants	-1.5
malédiction	-1.5
malédictions	-1.5
maléfique	-1.5
maniable	1.5
maniaque	-1.5
manie	-1.5
manifestation	-1.5
manifestations	-1.5
manipulateur	-1.5
manipulation	-1.5
manipulatrice	-1.5
manipuler	-1.5
manque	-1.5
manquements	-1.5
manquer	-1.5
manqué	-1.5
maquillé	-1.5
mar	-1.5
marasme	-1.5
marcher	1.5
marché	1.5
marginal	-1.5
marionnette	-1.5
marionnettes	-1.5
marque	1.5
marrant	-1.5
martinet	1.5
martyre	-1.5
masquer	-1.5
massacre	-1.5
massacrer	-1.5
massacres	-1.5
massif	1.5
master	1.5
masters	1.5
mate	-1.5
mature	1.5
maturité	1.5
maudit	-1.5
maudite	-1.5
mauvais	-1.5
mauvaise	-1.5
maux	-1.5
maître	1.5
maîtres	1.5
maîtresse	-1.5
maîtrise	1.5
meilleur	1.5
menace	-1.5
menacer	-1.5
menaces	-1.5
menaçant	-1.5
mendiant	-1.5
mendicité	-1.5
mendier	-1.5
mener	1.5
mensonge	-1.5
mensonges	-1.5
menteur	-1.5
menteurs	-1.5
mentir	-1.5
merci	1.5
merde	-1.5
merveille	1.5
merveilles	1.5
merveilleusement	1.5
merveilleux	1.5
mess	-1.5
messe	-1.5
messes	-1.5
meurt	-1.5
meurtre	-1.5
meurtri	-1.5
meurtrier	-1.5
meurtrière	-1.5
micro	-1.5
microbe	-1.5
mieux	1.5
mignon	1.5
mignonne	1.5
milieu	-1.5
militant	-1.5
militante	-1.5
militantisme	-1.5
minable	-1.5
mince	1.5
mine	1.5
miner	-1.5
minuscule	-1.5
minutieusement	1.5
miné	-1.5
miracle	1.5
miracles	1.5
miraculeuse	1.5
miraculeusement	1.5
miraculeux	1.5
mirage	-1.5
mire	-1.5
miss	-1.5
misère	-1.5
misérable	-1.5
misérablement	-1.5
miséricorde	1.5
miséricordieux	1.5
moche	-1.5
modern	1.5
moderne	1.5
modeste	1.5
modestie	1.5
modique	-1.5
modérer	-1.5
molle	1.5
monotone	-1.5
monotonie	-1.5
monstre	-1.5
monstrueux	-1.5
moquer	-1.5
moquerie	-1.5
moralité	1.5
morbide	-1.5
morceau	-1.5
mordu	1.5
moribond	-1.5
morne	-1.5
morose	-1.5
mort	-1.5
mortel	-1.5
mortellement	-1.5
mortification	-1.5
morts	-1.5
morue	-1.5
motiver	1.5
motivé	1.5
motivée	1.5
motivés	1.5
motocross	-1.5
moudre	-1.5
mourant	-1.5
mourir	-1.5
mousse	-1.5
mousseux	1.5
mouvementé	1.5
musaraigne	-1.5
mutiler	-1.5
mutilé	-1.5
mystification	-1.5
mystère	-1.5
mystérieusement	-1.5
mystérieux	-1.5
mythe	-1.5
méchanceté	-1.5
méchant	-1.5
méchante	-1.5
méchants	-1.5
mécontent	-1.5
mécontentement	-1.5
mécontents	-1.5
médaille	1.5
médiocre	-1.5
médiocrité	-1.5
méfait	-1.5
méfaits	-1.5
méfiance	-1.5
méfiant	-1.5
mélancolie	-1.5
mélancolique	-1.5
mélodieux	1.5
mémorable	1.5
ménager	1.5
méprendre	-1.5
mépris	-1.5
méprisant	-1.5
méprisante	-1.5
mépriser	-1.5
méprisé	-1.5
méritant	1.5
méritants	1.5
mérite	1.5
mériter	1.5
méritoire	1.5
mésaventure	-1.5
méticuleuse	1.5
méticuleusement	1.5
mêler	-1.5
mêlé	-1.5
mûr	1.5
mûre	1.5
mûrir	1.5
mœurs	-1.5
nain	-1.5
naine	-1.5
nanti	1.5
nappe	1.5
naturel	1.5
naufrage	-1.5
navigable	1.5
naître	1.5
naïf	-1.5
naïve	-1.5
naïvement	-1.5
nerveux	-1.5
nervosité	-1.5
net	1.5
nette	1.5
nettement	-1.5
nettoyant	1.5
nettoyer	1.5
nettoyeur	1.5
niais	-1.5
nie	-1.5
nier	-1.5
noble	1.5
nocif	-1.5
nocives	-1.5
noir	-1.5
noirceur	-1.5
noise	-1.5
non	1.5
nostalgie	-1.5
notable	1.5
notamment	1.5
notoire	-1.5
notoirement	-1.5
notoriété	-1.5
nouer	-1.5
nourrir	1.5
nourriture	1.5
nouveau	1.5
nouveauté	1.5
nouveaux	1.5
nouvel	1.5
nouvelle	1.5
nouvelles	1.5
noués	-1.5
novateur	1.5
noyade	-1.5
nuage	-1.5
nuageux	-1.5
nui	-1.5
nuire	-1.5
nuisance	-1.5
nuisible	-1.5
nuisibles	-1.5
nul	-1.5
nulle	-1.5
néant	-1.5
nécessiteux	-1.5
néfaste	-1.5
négatif	-1.5
négatifs	-1.5
négation	-1.5
négative	-1.5
négligeable	-1.5
négligence	-1.5
négligent	-1.5
négliger	-1.5
négligé	-1.5
négocier	1.5
népotisme	-1.5
névrotique	-1.5
oasis	1.5
object	-1.5
objection	-1.5
objections	-1.5
objet	-1.5
oblique	-1.5
obscur	-1.5
obscure	-1.5
obscures	-1.5
obscurité	-1.5
obscène	-1.5
obsession	1.5
obsessionnel	-1.5
obsessions	1.5
obsolète	-1.5
obstacle	-1.5
obstiné	-1.5
obstinée	-1.5
obstinément	-1.5
obstruction	-1.5
obsédé	-1.5
obtenus	1.5
obtus	-1.5
obèse	-1.5
odeur	-1.5
odeurs	-1.5
odieux	-1.5
odorant	1.5
odorat	-1.5
offense	-1.5
offenser	-1.5
offenses	-1.5
offensif	-1.5
offensive	-1.5
offre	1.5
offrir	1.5
oh	1.5
ombragé	-1.5
ombre	-1.5
omettre	-1.5
omission	-1.5
opaque	-1.5
opiniâtre	-1.5
opportun	1.5
opportuniste	-1.5
oppose	-1.5
opposer	-1.5
opposition	-1.5
oppositions	-1.5
oppression	-1.5
optimal	1.5
optimale	1.5
optimisme	1.5
optimiste	1.5
or	1.5
orageux	-1.5
ordinaire	-1.5
ordonnance	1.5
ordonné	1.5
ordonnée	1.5
ordures	-1.5
organisateur	1.5
orientation	1.5
original	-1.5
originalité	1.5
orphelin	-1.5
orpheline	-1.5
orthodoxe	-1.5
osciller	-1.5
oser	1.5
ostensiblement	-1.5
osé	-1.5
otage	-1.5
ouah	1.5
oubli	-1.5
oublier	-1.5
outrage	-1.5
outrages	-1.5
outrageusement	-1.5
outsider	-1.5
ouvertement	1.5
ouverture	1.5
ovation	1.5
pacifique	1.5
pacifiquement	1.5
paf	-1.5
pagaille	-1.5
pain	-1.5
pains	-1.5
paisible	1.5
paix	1.5
pal	-1.5
palatial	1.5
pale	-1.5
palissade	-1.5
pan	-1.5
panache	-1.5
panique	-1.5
panne	-1.5
panoramique	1.5
paquet	-1.5
paradis	1.5
paradoxal	-1.5
paradoxalement	-1.5
paralyser	-1.5
paralysie	-1.5
paralysé	-1.5
paralysée	-1.5
parano	-1.5
paranoïa	-1.5
paranoïaque	-1.5
parasite	-1.5
parasites	-1.5
parcelle	-1.5
parcimonie	1.5
pardon	1.5
pareil	1.5
paresse	-1.5
paresseux	-1.5
parfaire	1.5
parfait	1.5
parfaitement	1.5
parfum	-1.5
parfumer	1.5
parfumé	1.5
paria	-1.5
parodie	-1.5
parodier	-1.5
part	-1.5
parterre	-1.5
partialité	-1.5
particulier	-1.5
particulière	-1.5
partiel	-1.5
partisane	-1.5
partisans	-1.5
passage	-1.5
passe	-1.5
passible	-1.5
passif	-1.5
passion	1.5
passionnant	1.5
passionné	1.5
passionnément	1.5
passive	-1.5
pat	-1.5
pathétique	-1.5
patiemment	1.5
patience	1.5
patient	1.5
patiente	1.5
patients	1.5
patine	-1.5
patriote	1.5
patriotique	1.5
pause	-1.5
pauvre	-1.5
pauvrement	-1.5
pauvres	-1.5
pauvreté	-1.5
païen	-1.5
païens	-1.5
peace	1.5
peine	-1.5
peines	-1.5
pelle	-1.5
peluche	1.5
penalty	-1.5
penchant	1.5
pencher	1.5
pend	-1.5
pendaison	-1.5
pendre	-1.5
percer	-1.5
perche	1.5
percuter	-1.5
percée	1.5
percées	1.5
perd	-1.5
perdant	-1.5
perdants	-1.5
perdre	-1.5
perdu	-1.5
perfect	1.5
perfection	1.5
perfectionnement	1.5
perfectionner	1.5
perfide	-1.5
permanent	1.5
permettre	1.5
permis	1.5
pernicieuse	-1.5
perplexe	-1.5
personnage	1.5
personnages	1.5
personnaliser	1.5
personnalisé	1.5
perspicace	1.5
perspicacité	1.5
persécuter	-1.5
persécution	-1.5
persévérance	1.5
persévérer	1.5
perte	-1.5
pertes	-1.5
pertinent	-1.5
perturbant	-1.5
perturbateur	-1.5
perturbateurs	-1.5
perturbation	-1.5
perturber	-1.5
perturbé	-1.5
pervers	-1.5
perverse	-1.5
perversion	-1.5
pesant	-1.5
peser	-1.5
pessimisme	-1.5
pessimiste	-1.5
peste	-1.5
petit	-1.5
petitesse	-1.5
peu	-1.5
peur	-1.5
peureux	-1.5
phobie	-1.5
phénoménal	1.5
pic	1.5
pigeon	-1.5
pile	1.5
pillage	-1.5
piller	-1.5
pincer	-1.5
pincée	-1.5
pipe	-1.5
piquant	1.5
pique	-1.5
piquet	-1.5
piquets	-1.5
piqûre	-1.5
pirater	-1.5
pire	-1.5
piste	1.5
pitié	-1.5
pitoyable	-1.5
pittoresque	1.5
piège	-1.5
piètre	-1.5
piégeage	-1.5
piéger	-1.5
piégé	-1.5
piété	1.5
plaider	1.5
plaie	-1.5
plaignait	-1.5
plaindre	-1.5
plainte	-1.5
plaintes	-1.5
plaire	1.5
plaisant	1.5
plaisanterie	-1.5
plaise	-1.5
plaisir	1.5
plancher	-1.5
planer	-1.5
planter	-1.5
plaît	1.5
pleine	1.5
pleurer	-1.5
pli	-1.5
plomb	1.5
plot	-1.5
plus	1.5
plébéien	-1.5
poche	-1.5
poignant	1.5
poignarder	-1.5
poil	-1.5
poindre	1.5
poing	-1.5
pointilleux	-1.5
pointu	1.5
poison	-1.5
polarisation	-1.5
poli	1.5
polie	1.5
politesse	1.5
polluer	-1.5
pollution	-1.5
pollué	-1.5
polyvalent	1.5
polémique	-1.5
pompeux	-1.5
populaire	1.5
popular	1.5
porc	-1.5
porcs	-1.5
port	-1.5
portable	1.5
portatif	1.5
porteur	1.5
portion	1.5
ports	-1.5
porté	-1.5
poser	-1.5
positif	1.5
positifs	1.5
positive	1.5
positivement	1.5
positives	1.5
possible	1.5
poupe	-1.5
pourri	-1.5
pourrir	-1.5
pourriture	-1.5
poursuivi	-1.5
poursuivre	-1.5
pousser	1.5
poussière	-1.5
poussiéreux	-1.5
poétique	1.5
poêle	-1.5
pratique	1.5
premier	1.5
pressentiment	-1.5
pressing	1.5
prestige	1.5
prestigieux	1.5
preux	1.5
prime	1.5
primitif	-1.5
primitive	-1.5
primordial	1.5
primordiale	1.5
principal	1.5
prison	-1.5
prisonnier	-1.5
privation	-1.5
priver	-1.5
privilège	1.5
privilégier	1.5
privilégié	1.5
privé	-1.5
prix	1.5
pro	1.5
probant	1.5
problem	-1.5
problème	-1.5
problèmes	-1.5
problématique	-1.5
prodige	1.5
prodigieux	1.5
prodiguer	1.5
productif	1.5
productive	1.5
profane	-1.5
profit	1.5
profiter	1.5
profond	1.5
profonde	1.5
profondeur	-1.5
profondément	1.5
profusion	1.5
progresser	1.5
progressif	1.5
progression	1.5
progressiste	1.5
progressive	1.5
progrès	1.5
prohibitif	-1.5
proie	-1.5
prolifique	1.5
prolongé	-1.5
prolongée	-1.5
promesse	1.5
promet	1.5
prometteur	1.5
prometteurs	1.5
promettre	1.5
promis	1.5
promise	1.5
promises	1.5
promoteur	1.5
promouvoir	1.5
prompt	1.5
propagande	-1.5
prophète	-1.5
propice	1.5
propre	1.5
proprement	1.5
propreté	1.5
propriétaire	-1.5
pros	1.5
proscrit	-1.5
prospère	1.5
prospérer	1.5
prospérité	1.5
prostituer	-1.5
prostituée	-1.5
protagoniste	1.5
protecteur	1.5
protection	1.5
protestant	-1.5
protestation	-1.5
protester	-1.5
protubérance	1.5
protéger	1.5
prouesse	1.5
prouesses	1.5
prouvant	1.5
prouve	1.5
prouver	1.5
providence	1.5
provisoire	-1.5
provisoirement	-1.5
provocant	-1.5
provocateur	-1.5
provocation	-1.5
provoquent	-1.5
provoquer	-1.5
proxénétisme	-1.5
proéminence	1.5
proéminent	1.5
prudence	1.5
précaire	-1.5
précieux	1.5
précipice	-1.5
précipitamment	-1.5
précipiter	-1.5
précipité	-1.5
précipitée	-1.5
précis	1.5
précise	1.5
précisément	1.5
préconiser	1.5
préconisé	1.5
précurseur	-1.5
prédateur	-1.5
prédilection	1.5
prédire	1.5
préfère	1.5
préférable	1.5
préférant	1.5
préférence	1.5
préférer	1.5
préféré	1.5
préjudice	-1.5
préjudiciable	-1.5
préjugé	-1.5
préjugés	-1.5
prématuré	-1.5
prématurément	-1.5
prémédité	-1.5
préoccupation	-1.5
préoccupations	-1.5
préoccuper	-1.5
préoccupé	-1.5
préparer	1.5
préparés	-1.5
présage	1.5
prétendre	-1.5
prétentieux	-1.5
prétention	-1.5
prétexte	-1.5
prévenant	1.5
prévoyance	1.5
prééminent	1.5
prêt	1.5
prête	1.5
prôner	1.5
psychotique	-1.5
puissamment	1.5
puissant	1.5
puits	1.5
pulvériser	-1.5
punaise	-1.5
punir	-1.5
punissable	-1.5
punitive	-1.5
punk	-1.5
pur	1.5
pure	1.5
purifier	1.5
purée	-1.5
putain	-1.5
pute	-1.5
puéril	-1.5
pâle	-1.5
péage	-1.5
péché	-1.5
pédant	-1.5
péjoratif	-1.5
pénaliser	-1.5
pénalité	-1.5
pénible	-1.5
pénurie	-1.5
pénétrant	-1.5
pépin	-1.5
pépins	-1.5
péril	-1.5
périlleuse	-1.5
périlleux	-1.5
périphérique	-1.5
périr	-1.5
pétrifié	-1.5
pêche	1.5
pêcher	1.5
qualifier	1.5
qualifié	1.5
qualifiés	1.5
quartier	-1.5
queer	-1.5
quelconque	-1.5
quelqu'un	-1.5
querelle	-1.5
querelles	-1.5
question	-1.5
questions	-1.5
queue	-1.5
race	-1.5
rachat	1.5
racheter	1.5
rachis	1.5
racine	-1.5
racisme	-1.5
raciste	-1.5
racistes	-1.5
radical	-1.5
radicale	-1.5
radicalement	-1.5
radicalisation	-1.5
radicaux	-1.5
radioactif	1.5
raffinement	1.5
raffiné	1.5
rafraîchir	1.5
rafraîchissant	1.5
rage	-1.5
ragoût	-1.5
raide	-1.5
raideur	-1.5
rail	-1.5
railler	-1.5
railleries	-1.5
raisonnable	1.5
raisonnablement	1.5
raisonner	1.5
rajeunir	1.5
ralenti	-1.5
ralentir	-1.5
ralentissement	-1.5
rampant	-1.5
rampante	-1.5
ramper	-1.5
rancune	-1.5
ranger	1.5
rangé	1.5
rapide	1.5
rapidement	1.5
rapport	1.5
rapprochement	1.5
rare	-1.5
rares	-1.5
rareté	-1.5
rassurant	1.5
rassurante	1.5
rassurer	1.5
rater	-1.5
rationaliser	1.5
rationnel	1.5
rationnelle	1.5
raté	-1.5
ratée	-1.5
ravage	-1.5
ravager	-1.5
ravageur	-1.5
ravi	1.5
ravir	1.5
ravis	1.5
rayer	-1.5
rayonnante	1.5
rayonnement	1.5
rayure	-1.5
rayures	-1.5
ready	1.5
rebelle	-1.5
recevoir	1.5
rechute	-1.5
recommandation	1.5
recommandations	1.5
recommander	1.5
recommandé	1.5
reconnaissant	1.5
reconnaître	-1.5
reconnu	1.5
recours	1.5
recouvrer	1.5
rectification	1.5
rectifier	1.5
recul	-1.5
reculer	-1.5
reddition	-1.5
redondance	-1.5
redondant	-1.5
redondante	-1.5
redouter	-1.5
redresser	1.5
refroidissement	-1.5
refus	-1.5
refusant	-1.5
refuse	-1.5
refuser	-1.5
refusé	-1.5
refusée	-1.5
regard	1.5
regret	-1.5
regrets	-1.5
regrettable	-1.5
regretter	-1.5
regretté	-1.5
rejet	-1.5
rejetant	-1.5
rejeter	-1.5
rejette	-1.5
rejeté	-1.5
relancer	1.5
relief	1.5
relève	1.5
remarquable	1.5
remarquablement	1.5
rembourser	1.5
remboursé	1.5
remercier	1.5
remise	-1.5
remords	-1.5
remède	1.5
remédier	1.5
renaissance	1.5
renaissant	-1.5
rencontre	-1.5
rendre	-1.5
renforcement	1.5
renforcer	1.5
renom	1.5
renommé	1.5
renommée	1.5
renoncer	-1.5
renonciation	-1.5
renouveau	1.5
renouvelé	1.5
renseignements	1.5
rentable	-1.5
renversement	-1.5
renverser	-1.5
renvoyer	-1.5
renvoyé	-1.5
repos	1.5
repoussant	-1.5
repousser	-1.5
repoussé	-1.5
reproche	-1.5
reprocher	-1.5
représailles	-1.5
requin	-1.5
rescapé	1.5
rescapée	1.5
respect	1.5
respectable	1.5
respecter	1.5
respectueux	1.5
responsabilité	-1.5
ressentiment	-1.5
ressource	1.5
restaurer	1.5
restauré	1.5
reste	-1.5
restreindre	-1.5
restreint	-1.5
restrictif	-1.5
restriction	-1.5
restrictive	-1.5
restructuration	1.5
restructure	1.5
restructurer	1.5
restructuré	1.5
retard	-1.5
retardant	-1.5
retarder	-1.5
retards	-1.5
retardé	-1.5
retenir	-1.5
retentissant	1.5
retentissement	1.5
retirer	-1.5
retomber	-1.5
retombées	-1.5
retourner	-1.5
retraite	-1.5
retraité	-1.5
revenir	-1.5
revers	-1.5
revert	-1.5
revitaliser	1.5
revival	1.5
rhume	-1.5
rhétorique	-1.5
riche	1.5
richement	1.5
riches	1.5
richesse	1.5
ride	-1.5
rides	-1.5
ridicule	-1.5
ridicules	-1.5
ridiculise	-1.5
ridiculiser	-1.5
rien	-1.5
rift	-1.5
right	1.5
rigide	-1.5
rigidité	-1.5
rigolo	-1.5
rigoureux	-1.5
riposter	-1.5
risque	-1.5
risquer	-1.5
risques	-1.5
risqué	-1.5
rival	-1.5
rivaliser	-1.5
rivalité	-1.5
robuste	1.5
rocheuse	-1.5
rocheux	-1.5
romantique	1.5
rompre	-1.5
rompu	-1.5
rongeur	-1.5
rose	1.5
rosé	1.5
rot	-1.5
rouille	-1.5
rouler	-1.5
royal	1.5
rude	-1.5
rue	-1.5
rugueux	-1.5
ruinant	-1.5
ruine	-1.5
ruiner	-1.5
ruines	-1.5
ruiné	-1.5
rumeur	-1.5
rumeurs	-1.5
rupture	-1.5
ruptures	-1.5
ruse	-1.5
rusé	-1.5
rut	-1.5
ruée	-1.5
râle	-1.5
râler	-1.5
râpé	-1.5
réactionnaire	-1.5
réaffirmer	1.5
réalisable	1.5
réalisation	1.5
réalisations	1.5
réaliser	1.5
réaliste	1.5
récalcitrant	-1.5
réceptif	1.5
récession	-1.5
réchauffer	1.5
récompense	1.5
récompenser	1.5
récompenses	1.5
réconciliation	1.5
réconcilier	1.5
réconfort	1.5
réconforter	1.5
récupérer	1.5
récuser	-1.5
rédemption	1.5
réduire	-1.5
réduit	-1.5
réflexe	1.5
réfléchi	1.5
réforme	1.5
réformer	1.5
réformes	1.5
réformé	1.5
réformée	1.5
réfractaire	-1.5
réfutant	-1.5
réfutation	-1.5
réfute	-1.5
réfuter	-1.5
réfutée	-1.5
réglable	1.5
régresser	-1.5
régression	-1.5
régulier	1.5
réjouir	1.5
réjouissances	1.5
rémission	1.5
répandu	-1.5
répartir	-1.5
répercussions	-1.5
répit	1.5
répondre	1.5
répressif	-1.5
répression	-1.5
réprimande	-1.5
réprimer	-1.5
répréhensible	-1.5
répudiation	-1.5
répudier	-1.5
répugnance	-1.5
répugnant	-1.5
répulsif	-1.5
réputation	1.5
répétitif	-1.5
répétitive	-1.5
réservoir	-1.5
réservoirs	-1.5
réservé	-1.5
résignation	-1.5
résigné	-1.5
résistance	-1.5
résistant	1.5
résolu	1.5
résolue	1.5
résolument	1.5
résoudre	-1.5
rétablissement	1.5
réticence	-1.5
réticent	-1.5
réticents	-1.5
rétorsion	-1.5
rétractable	1.5
rétracter	-1.5
rétrograder	-1.5
réussi	1.5
réussir	1.5
réussissant	1.5
réveil	-1.5
révolte	-1.5
révolter	-1.5
révolutionnaire	1.5
révolutionner	1.5
révolutionné	1.5
révoquer	-1.5
révélation	1.5
révérence	1.5
s'accrocher	-1.5
s'adonner	-1.5
s'affronter	-1.5
s'aggraver	-1.5
s'approprier	1.5
s'arranger	-1.5
s'arrêter	-1.5
s'effondrer	-1.5
s'efforcer	-1.5
s'efforçant	1.5
s'enfoncer	-1.5
s'enfuir	-1.5
s'enfuit	-1.5
s'estomper	-1.5
s'exiler	-1.5
s'imaginer	1.5
s'inquiéter	-1.5
s'opposer	-1.5
s'écarter	-1.5
s'écraser	-1.5
s'épanouir	1.5
sabot	-1.5
sabotage	-1.5
saboter	-1.5
sac	-1.5
saccage	-1.5
saccager	-1.5
saccagé	-1.5
sacrifié	-1.5
sacrifiée	-1.5
sacrilège	-1.5
sacré	1.5
sagacité	1.5
sage	1.5
sagement	1.5
sagesse	1.5
saigne	-1.5
saignement	-1.5
saignements	-1.5
saigner	-1.5
saignée	-1.5
saillant	1.5
sain	1.5
saine	1.5
saint	1.5
sainte	1.5
sale	-1.5
saleté	-1.5
salir	-1.5
saluer	1.5
salut	1.5
sanglant	-1.5
sanglante	-1.5
sanguinaire	-1.5
sans	1.5
saoul	-1.5
sape	-1.5
saper	-1.5
sarcasme	-1.5
sarcastique	-1.5
sarrasins	-1.5
satire	-1.5
satirique	-1.5
satisfaire	1.5
satisfaisant	1.5
satisfaisante	1.5
satisfait	1.5
satisfaite	1.5
sauf	1.5
sauter	-1.5
sauvage	-1.5
sauvagement	-1.5
sauvagerie	-1.5
sauvages	-1.5
sauveur	1.5
savant	1.5
savourer	1.5
savoureux	1.5
scandale	-1.5
scandales	-1.5
scandaleux	-1.5
scepticisme	-1.5
sceptique	-1.5
scinder	-1.5
scission	-1.5
scratch	-1.5
scrupule	-1.5
scénique	1.5
sec	-1.5
secouer	-1.5
secours	1.5
secousse	-1.5
secoué	-1.5
secrètes	-1.5
sensation	1.5
sensationnel	1.5
sensations	1.5
sensible	1.5
sensiblement	1.5
sensibles	-1.5
sensitive	1.5
sensé	1.5
sentant	-1.5
sentimental	1.5
sentir	-1.5
serein	1.5
serf	-1.5
serrer	1.5
serré	1.5
servage	-1.5
serviable	1.5
servile	-1.5
servitude	-1.5
seul	-1.5
sexy	1.5
sifflement	-1.5
sifflements	-1.5
siffler	-1.5
signalisation	-1.5
signes	-1.5
significatif	1.5
significative	1.5
silencieux	1.5
sillonner	-1.5
simple	1.5
simplifie	1.5
simplifier	1.5
simplifié	1.5
simplifiée	1.5
simpliste	-1.5
sin	-1.5
sincère	1.5
sincèrement	1.5
sincérité	1.5
singularité	-1.5
sinistre	-1.5
sinistrée	-1.5
siphon	-1.5
situation	-1.5
siège	-1.5
slave	-1.5
slaves	-1.5
slow	-1.5
smart	1.5
smooth	1.5
snob	-1.5
snobisme	-1.5
sobre	-1.5
sociable	1.5
soft	1.5
soif	-1.5
soigneusement	1.5
soigné	1.5
sole	-1.5
solennel	-1.5
solennelle	-1.5
solid	1.5
solidarité	1.5
solide	1.5
solidement	1.5
solidité	1.5
solitaire	-1.5
solitude	-1.5
solvabilité	1.5
sombre	-1.5
sombrer	-1.5
sommaire	-1.5
sommet	1.5
somptueusement	1.5
somptueux	1.5
sonde	1.5
sonner	-1.5
sophisme	-1.5
sophistiqué	1.5
sordide	-1.5
sorry	-1.5
sot	-1.5
sottise	-1.5
souche	-1.5
souches	-1.5
souci	-1.5
soucieux	-1.5
soucis	-1.5
soudain	1.5
souffert	-1.5
souffler	-1.5
soufflet	-1.5
souffrance	-1.5
souffrant	-1.5
souffre	-1.5
souffrir	-1.5
souhaitable	1.5
souillure	-1.5
souillé	-1.5
soulagement	1.5
soulager	1.5
souligne	-1.5
souligner	-1.5
soumettre	-1.5
soumis	-1.5
souple	1.5
souplesse	1.5
soupçonner	-1.5
soupçons	-1.5
sour	-1.5
source	1.5
sourd	-1.5
sourds	-1.5
souriant	1.5
sourire	1.5
sourires	1.5
sournois	-1.5
soustraire	-1.5
soutenir	1.5
soutenu	1.5
soutien	1.5
soutient	1.5
spacieux	1.5
spectaculaire	1.5
spirituel	1.5
spirituelle	1.5
splendeur	1.5
splendide	1.5
split	-1.5
spontané	1.5
spontanée	1.5
sporadique	-1.5
sportif	1.5
squash	-1.5
squelette	-1.5
squelettes	-1.5
stabilisation	1.5
stabiliser	1.5
stabilité	1.5
stable	1.5
stagnante	-1.5
stagnation	-1.5
stalles	-1.5
stand	-1.5
starter	-1.5
static	-1.5
statique	-1.5
stellaire	1.5
stigmate	-1.5
stigmatisation	-1.5
stimulant	1.5
stimulante	1.5
stimulants	1.5
stimule	1.5
stimuler	1.5
stopper	-1.5
store	-1.5
stratagème	-1.5
stratégie	-1.5
stress	-1.5
strict	-1.5
strictement	-1.5
strike	-1.5
stupeur	-1.5
stupide	-1.5
stupidité	-1.5
stupéfaction	1.5
stupéfiant	1.5
style	-1.5
stylisé	1.5
stérile	-1.5
stéréotype	-1.5
stéréotypé	-1.5
suaire	-1.5
suave	1.5
subalterne	-1.5
subalternes	-1.5
subjugué	-1.5
sublime	1.5
submerger	-1.5
submergé	-1.5
subordonné	-1.5
subordonnée	-1.5
subordonnées	-1.5
subordonnés	-1.5
substantiel	1.5
substantif	1.5
subvention	1.5
subventionner	1.5
subventionné	1.5
subversif	-1.5
subversion	-1.5
subversive	-1.5
succion	-1.5
succombent	-1.5
succomber	-1.5
succède	1.5
succès	1.5
succéder	1.5
sucer	-1.5
sucreries	1.5
sucré	1.5
sue	-1.5
suffire	1.5
suffisamment	1.5
suffisante	1.5
suffit	1.5
suicidaire	-1.5
suicide	-1.5
suicidé	-1.5
suicidée	-1.5
sujétion	-1.5
superbe	1.5
superbement	1.5
supercherie	-1.5
superficiel	-1.5
superficielle	-1.5
superficiellement	-1.5
superflu	-1.5
superposé	-1.5
superstitieux	-1.5
superstition	-1.5
superviser	-1.5
supplier	-1.5
support	1.5
supports	1.5
suppression	-1.5
supprimer	-1.5
suprématie	1.5
suprême	1.5
supérieur	1.5
supérieure	1.5
supériorité	1.5
sur	-1.5
surabondance	-1.5
surcharger	-1.5
surchargé	-1.5
surpasser	1.5
surprenant	-1.5
surprenante	-1.5
surrection	-1.5
surréaliste	1.5
sursaut	-1.5
surveillance	-1.5
surveiller	-1.5
survie	1.5
survival	1.5
survivant	1.5
survivante	1.5
susceptible	-1.5
susciter	-1.5
suspect	-1.5
suspecter	-1.5
suspectes	-1.5
suspicieux	-1.5
suspicion	-1.5
suspicions	-1.5
sweet	1.5
sympa	1.5
sympathie	1.5
sympathique	1.5
symptôme	-1.5
symptômes	-1.5
syndrome	-1.5
sève	-1.5
sécheresse	-1.5
sécurité	1.5
sédentaire	-1.5
séduire	-1.5
séduisant	1.5
séduisante	1.5
séjourner	-1.5
sélectif	1.5
sénestre	-1.5
séparer	-1.5
séparé	-1.5
sérieusement	1.5
sérénité	1.5
sévit	-1.5
sévère	-1.5
sévérité	-1.5
sûr	1.5
tabou	-1.5
tache	-1.5
taches	-1.5
tacheté	-1.5
taciturne	-1.5
tactique	-1.5
taire	1.5
talent	1.5
talents	1.5
talentueux	1.5
tank	-1.5
tanks	-1.5
tapage	-1.5
taquiner	-1.5
tardif	-1.5
tardive	-1.5
taupe	-1.5
taxation	-1.5
tease	-1.5
temps	-1.5
tempérament	-1.5
tempérer	-1.5
tempête	-1.5
tenace	1.5
tendance	-1.5
tender	1.5
tendrement	1.5
tendresse	-1.5
tendu	-1.5
tendue	-1.5
tenir	1.5
tension	-1.5
tentant	1.5
tentation	-1.5
tentative	-1.5
terne	-1.5
ternie	-1.5
ternir	-1.5
terre	-1.5
terreur	-1.5
terrible	-1.5
terriblement	-1.5
terroriser	-1.5
terrorisme	-1.5
thrash	-1.5
théologien	1.5
tic	-1.5
timide	-1.5
tirer	-1.5
titanesque	-1.5
tiède	-1.5
tollé	-1.5
tolérable	1.5
tolérance	1.5
tomber	-1.5
tombé	-1.5
tonus	1.5
top	1.5
tordre	-1.5
tordu	-1.5
torrent	-1.5
torsion	-1.5
tort	-1.5
torture	-1.5
torturer	-1.5
tortures	-1.5
torturé	-1.5
totalement	-1.5
totalitaire	-1.5
toucher	-1.5
toujours	1.5
toupie	1.5
tour	-1.5
tourment	-1.5
tourmente	-1.5
tourmenter	-1.5
tourmenté	-1.5
tourmentée	-1.5
tourner	-1.5
tout	-1.5
toxicomane	-1.5
toxicomanes	-1.5
toxique	-1.5
tracas	-1.5
trace	-1.5
tracer	-1.5
traceur	-1.5
traceurs	-1.5
traction	1.5
tragique	-1.5
tragiquement	-1.5
tragédie	-1.5
trahir	-1.5
trahison	-1.5
trahissant	-1.5
trahit	-1.5
trainée	-1.5
traitement	1.5
traiter	1.5
traitre	-1.5
trame	-1.5
tranchant	1.5
tranquille	1.5
tranquillement	1.5
tranquillité	1.5
transcender	1.5
transe	1.5
transgresser	-1.5
transgression	-1.5
transparent	1.5
transparente	1.5
trap	-1.5
trappe	-1.5
trash	-1.5
traumatique	-1.5
traumatisme	-1.5
travail	1.5
travailler	1.5
travaillé	1.5
travestissement	-1.5
traînant	-1.5
traîne	-1.5
traîner	-1.5
traîné	-1.5
traînée	-1.5
traître	-1.5
traîtrise	-1.5
tremblement	-1.5
trembler	-1.5
trempe	-1.5
tremper	-1.5
trempé	-1.5
tricher	-1.5
tricherie	-1.5
tricheur	-1.5
triché	-1.5
trick	-1.5
trio	-1.5
triomphal	1.5
triomphale	1.5
triomphalement	1.5
triomphant	1.5
triomphe	1.5
triompher	1.5
triste	-1.5
tristement	-1.5
tristesse	-1.5
trivial	-1.5
triviale	-1.5
trompant	-1.5
tromper	-1.5
tromperie	-1.5
trompette	1.5
trompettiste	1.5
trompeur	-1.5
trompeuse	-1.5
trop	-1.5
trophée	1.5
troublant	-1.5
trouble	-1.5
troubler	-1.5
troubles	-1.5
troublé	-1.5
troublée	-1.5
troupeau	1.5
trouée	1.5
truand	-1.5
truc	-1.5
truie	-1.5
truqué	-1.5
trust	1.5
très	-1.5
trébuche	-1.5
tue	-1.5
tuer	-1.5
tueur	-1.5
tumulte	-1.5
tumultueuse	-1.5
tumultueux	-1.5
turbulent	-1.5
turbulente	-1.5
tuyau	1.5
tué	-1.5
twist	-1.5
type	-1.5
tyran	-1.5
tyrannie	-1.5
tyrannique	-1.5
téméraire	-1.5
ténacité	1.5
ténu	-1.5
ténèbres	-1.5
tétras	-1.5
têtu	-1.5
ultimatum	-1.5
ultérieur	-1.5
undefined	-1.5
uniformément	1.5
unique	-1.5
unité	1.5
urgence	-1.5
urgences	-1.5
urgent	-1.5
user	-1.5
usurpateur	-1.5
usurper	-1.5
usé	-1.5
utile	1.5
utilisable	1.5
utiliser	-1.5
vacarme	-1.5
vagabond	-1.5
vagabonde	-1.5
vague	-1.5
vaillamment	1.5
vaillance	1.5
vaillant	1.5
vain	-1.5
vaincre	1.5
vaincu	1.5
vaine	-1.5
vainement	-1.5
vainqueur	1.5
valeur	1.5
vanité	-1.5
vanter	-1.5
variateur	-1.5
vase	-1.5
vaseux	-1.5
veine	1.5
velours	1.5
vengeance	-1.5
venger	-1.5
vengeur	-1.5
venimeux	-1.5
venin	-1.5
vent	-1.5
ventilateur	1.5
ventouse	-1.5
vernis	-1.5
versatile	1.5
vert	-1.5
vertu	1.5
vertueux	1.5
vestige	-1.5
vestiges	-1.5
veuillez	1.5
vexé	-1.5
viable	1.5
vibrante	1.5
vibration	-1.5
vice	-1.5
vicieux	-1.5
victime	-1.5
victoire	1.5
victorieux	1.5
vidange	-1.5
vide	-1.5
vider	-1.5
vieilli	-1.5
vieux	-1.5
vif	1.5
vigilance	1.5
vigilant	1.5
vigilants	1.5
vigile	1.5
vil	-1.5
vilain	-1.5
vile	-1.5
viol	-1.5
violation	-1.5
violemment	-1.5
violent	-1.5
violer	-1.5
violé	-1.5
violée	-1.5
vipère	-1.5
virer	-1.5
virulence	-1.5
virulent	-1.5
virus	-1.5
visiblement	-1.5
visionnaire	1.5
vit	-1.5
vite	1.5
vivace	1.5
vive	1.5
vivement	1.5
vogue	-1.5
voiles	-1.5
voilé	-1.5
voisin	-1.5
vol	-1.5
volage	-1.5
volatil	-1.5
volatile	-1.5
volatilité	-1.5
vole	-1.5
voler	-1.5
volontaire	1.5
volontiers	1.5
volumineux	-1.5
volé	-1.5
volée	-1.5
vomir	-1.5
vomissement	-1.5
vomissements	-1.5
voyant	-1.5
voyante	-1.5
voyantes	-1.5
voyou	-1.5
vraiment	-1.5
vulgaire	-1.5
vulnérable	-1.5
vulnérables	-1.5
véhémence	-1.5
vénérer	1.5
véracité	1.5
véridique	1.5
vérifiable	1.5
véritable	1.5
vœu	1.5
wedge	-1.5
welcome	1.5
well	1.5
wild	-1.5
won	1.5
work	1.5
works	1.5
wrong	-1.5
zeste	1.5
zizanie	-1.5
zombie	-1.5
zut	-1.5
zélé	-1.5
zénith	1.5
âpre	1.5
éblouissant	1.5
éblouissante	1.5
éboulement	-1.5
ébullition	-1.5
échappatoire	-1.5
échappement	-1.5
échappements	-1.5
échapper	-1.5
échec	-1.5
échecs	-1.5
échoue	-1.5
échouer	-1.5
échoué	-1.5
éclairant	1.5
éclaircir	1.5
éclairer	1.5
éclat	1.5
éclatant	1.5
éclatement	-1.5
éclater	-1.5
économie	1.5
économies	1.5
économique	1.5
écoute	-1.5
écoutez	1.5
écrasant	-1.5
écrasement	-1.5
écraser	-1.5
écrasé	-1.5
écume	-1.5
écurie	1.5
édifiant	1.5
éduqués	1.5
égaré	-1.5
égarés	-1.5
égoïsme	-1.5
égoïste	-1.5
élastique	1.5
élever	1.5
élimination	-1.5
élite	1.5
éloigner	-1.5
éloquence	1.5
éloquent	1.5
éloquente	1.5
élégamment	1.5
élégance	1.5
élégant	1.5
émanations	-1.5
éminence	1.5
éminent	1.5
émoi	-1.5
énergiquement	-1.5
énergétique	1.5
énervé	-1.5
énorme	-1.5
énormément	1.5
épais	-1.5
épargnant	1.5
épargne	1.5
épave	-1.5
éperdument	-1.5
éphémère	-1.5
épicé	1.5
épidémie	-1.5
épidémique	-1.5
épineux	-1.5
éponge	-1.5
épouvantable	-1.5
épreuve	-1.5
épreuves	-1.5
épris	1.5
éprouvé	1.5
éprouvée	1.5
épuisement	-1.5
épuiser	-1.5
épuisé	-1.5
équilibre	1.5
équilibré	1.5
équipement	1.5
équitable	1.5
équitablement	1.5
équivalent	1.5
équivoque	-1.5
équivoques	-1.5
érosion	-1.5
érudit	1.5
érudite	1.5
éruption	-1.5
éruptions	-1.5
ésotérique	-1.5
étable	1.5
étals	-1.5
étau	-1.5
éteindre	-1.5
éteint	-1.5
éternel	1.5
éthique	1.5
étonnamment	1.5
étonnant	1.5
étonnement	1.5
étonner	1.5
étonné	1.5
étouffant	-1.5
étouffer	-1.5
étrange	-1.5
étrangement	-1.5
étranger	-1.5
étrangler	-1.5
étrangère	-1.5
étroit	-1.5
étroite	-1.5
évacuation	-1.5
évacuer	-1.5
évanoui	-1.5
évasif	-1.5
évasion	-1.5
éviter	-1.5
évocateur	1.5
évocatrice	1.5
événements	-1.5
œuvre	1.5
