attack	-1.5
available	1.5
ax	-1.5
best	1.5
better	1.5
break	-1.5
bug	-1.5
clear	1.5
complex	-1.5
cool	1.5
dead	-1.5
death	-1.5
devious	-1.5
die	-1.5
dim	-1.5
din	-1.5
disorder	-1.5
error	-1.5
fair	1.5
false	-1.5
free	1.5
fuck	-1.5
gold	1.5
good	1.5
grand	1.5
great	1.5
hard	-1.5
important	1.5
inferior	-1.5
kill	-1.5
like	1.5
love	1.5
master	1.5
modern	1.5
negative	-1.5
object	-1.5
peace	1.5
positive	1.5
problem	-1.5
ready	1.5
right	1.5
risk	-1.5
rue	-1.5
sin	-1.5
solid	1.5
static	-1.5
success	1.5
superior	1.5
support	1.5
syndrome	-1.5
tank	-1.5
top	1.5
undefined	-1.5
virus	-1.5
warning	-1.5
wedge	-1.5
well	1.5
work	1.5
works	1.5
wrong	-1.5
אֵת	-1.5
אבד	-1.5
אבדון	-1.5
אבדות	-1.5
אבוד	-1.5
אבוי	-1.5
אבזם	-1.5
אבטלה	-1.5
אבירות	1.5
אבירי	1.5
אבסורד	-1.5
אבסורדי	-1.5
אבק	-1.5
אגדי	1.5
אגרה	-1.5
אגרוף	-1.5
אדון	1.5
אדונים	1.5
אדוק	1.5
אדיב	1.5
אדים	-1.5
אדיקות	1.5
אדיר	1.5
אדיש	-1.5
אדישות	-1.5
אהב	1.5
אהבה	1.5
אהבתי	1.5
אהוב	1.5
אהובה	1.5
אואזיס	1.5
אובססיבי	-1.5
אובססיבית	-1.5
אוהב	1.5
אוהדים	1.5
אוטונומי	1.5
אוי	-1.5
אויב	-1.5
אויבים	-1.5
אולטימטום	-1.5
אומלל	-1.5
אומללות	-1.5
אומץ	1.5
אונס	-1.5
אופוזיציה	-1.5
אופוריה	1.5
אופטימי	1.5
אופטימיות	1.5
אופטימלי	1.5
אופנתי	1.5
אוצר	1.5
אורבני	-1.5
אורוות	-1.5
אושר	1.5
אותנטי	1.5
אזהרה	-1.5
אזעקה	-1.5
אח	-1.5
אחדות	1.5
אחותי	1.5
אחריות	-1.5
אטרקציה	1.5
איבה	-1.5
אידאל	1.5
אידיוט	-1.5
איום	-1.5
איומה	-1.5
איומים	-1.5
איחור	-1.5
אימה	-1.5
אינדוקטרינציה	-1.5
אינטואיטיבי	1.5
אינטימי	1.5
אינטימיות	1.5
אינטליגנטי	1.5
אינטליגנציה	1.5
אינטנסיבי	-1.5
אינטרסים	1.5
אירוני	-1.5
אירוניה	-1.5
אישור	1.5
אישים	1.5
אישית	1.5
אישר	1.5
איתן	1.5
אכזב	-1.5
אכזבה	-1.5
אכזבות	-1.5
אכזר	-1.5
אכזרי	-1.5
אכזריות	-1.5
אכזרית	-1.5
אכיל	1.5
אלגנטי	1.5
אלגנטיות	1.5
אלוהי	1.5
אלוף	1.5
אלופה	1.5
אליטה	1.5
אלים	-1.5
אלימות	-1.5
אלכסוני	-1.5
אלמוניות	-1.5
אלרגי	-1.5
אלרגיה	-1.5
אלרגיות	-1.5
אמון	1.5
אמיד	1.5
אמין	1.5
אמינות	1.5
אמיץ	1.5
אמיצה	1.5
אמיתי	1.5
אמן	1.5
אמפתיה	1.5
אמתי	1.5
אנאלפביתים	-1.5
אנוכיות	-1.5
אנומליה	-1.5
אנוסים	-1.5
אנושי	1.5
אנס	-1.5
אנרכיה	-1.5
אנרכיזם	-1.5
אנרכיסט	-1.5
אסון	-1.5
אסונות	-1.5
אסור	-1.5
אסיר	-1.5
אסר	-1.5
אפוקליפטי	-1.5
אפוקליפסה	-1.5
אפל	-1.5
אפליה	-1.5
אפס	1.5
אפקטיבי	1.5
אפרסק	1.5
אציל	1.5
אצילי	1.5
אקטואלי	1.5
אקסטזה	1.5
אקראי	-1.5
ארב	-1.5
ארוך	-1.5
ארור	-1.5
ארח	1.5
ארכאי	-1.5
ארס	-1.5
ארסי	-1.5
ארצי	-1.5
אשי	1.5
אשליה	-1.5
אשליות	-1.5
אשם	-1.5
אשמה	-1.5
אשפה	-1.5
את	-1.5
אתי	1.5
באג	-1.5
באגים	-1.5
באדיבות	1.5
באחריות	1.5
באכזריות	-1.5
באר	1.5
בבטחה	1.5
בבירור	1.5
בגד	-1.5
בגידה	-1.5
בגידות	-1.5
בגלוי	1.5
בגסות	-1.5
בגרות	1.5
בדוי	-1.5
בדידות	-1.5
בדיוני	-1.5
בדיוק	1.5
בדיחה	-1.5
בהיר	1.5
בהירה	1.5
בהירות	1.5
בהלה	-1.5
בהצלחה	1.5
בהתלהבות	1.5
בהתקפה	-1.5
בהתרגשות	1.5
בובה	-1.5
בובות	-1.5
בוגד	-1.5
בוגר	1.5
בודד	-1.5
בוז	-1.5
בוטה	-1.5
בוטל	-1.5
בולטות	1.5
בום	1.5
בונוסים	1.5
בוער	-1.5
בוצי	-1.5
בור	-1.5
בורות	-1.5
בורח	-1.5
בושה	-1.5
בזדון	-1.5
בזוי	-1.5
בזול	-1.5
בחדות	-1.5
בחוכמה	1.5
בחום	1.5
בחן	1.5
בחריפות	-1.5
בחשדנות	-1.5
בחשש	-1.5
בטוח	1.5
בטוחה	1.5
בטעות	-1.5
בידוד	-1.5
בידידות	1.5
ביותר	1.5
ביטחון	1.5
ביטל	-1.5
בינוני	-1.5
בינוניות	-1.5
ביקורת	-1.5
ביקורתי	-1.5
בירידה	-1.5
בכבוד	1.5
בכה	-1.5
בכי	-1.5
בכנות	1.5
בלבול	-1.5
בלגן	-1.5
בלה	-1.5
בלי	1.5
בליטה	1.5
בליטות	-1.5
בלימה	-1.5
במדויק	1.5
במיומנות	1.5
בעדינות	1.5
בעיה	-1.5
בעיות	-1.5
בעייתי	-1.5
בעיקר	1.5
בעצב	-1.5
בפראות	-1.5
בצדק	1.5
בצורת	-1.5
בקורת	-1.5
בקיעים	-1.5
בקפידה	1.5
ברברי	-1.5
ברד	1.5
ברוטו	-1.5
ברור	1.5
בריא	1.5
בריאה	1.5
בריון	-1.5
בריונים	-1.5
ברית	1.5
ברך	1.5
ברכה	1.5
ברצינות	1.5
ברק	1.5
בשלום	1.5
בשלמות	1.5
בשמחה	1.5
בשקיקה	1.5
בתוקף	-1.5
בתקיפות	-1.5
ג'יבריש	-1.5
גא	1.5
גאווה	1.5
גאולה	1.5
גאולת	1.5
גאון	1.5
גבולות	-1.5
גבור	1.5
גבורה	1.5
גביע	1.5
גבירה	-1.5
גד	1.5
גדול	1.5
גדולה	1.5
גודש	-1.5
גולה	-1.5
גולם	-1.5
גוסס	-1.5
גועל	-1.5
גוץ	-1.5
גורל	1.5
גורלי	-1.5
גזל	-1.5
גזען	-1.5
גזענות	-1.5
גזענים	-1.5
גטו	-1.5
גיבור	1.5
גיהנום	-1.5
גימיק	-1.5
גינה	-1.5
גינויים	-1.5
גירוד	-1.5
גלות	-1.5
גמגום	-1.5
גמד	-1.5
גמור	-1.5
גמילה	1.5
גמיש	1.5
גמישות	1.5
גנאי	-1.5
גנב	-1.5
גנגסטר	-1.5
גנוב	-1.5
גניבה	-1.5
גס	-1.5
גסה	-1.5
געגועים	-1.5
גף	-1.5
גרגירי	-1.5
גרד	-1.5
גרוטסקי	-1.5
גרוע	-1.5
גרועה	-1.5
גרזן	-1.5
גרף	-1.5
גרר	-1.5
דאג	-1.5
דאגה	-1.5
דאגות	-1.5
דביק	-1.5
דגול	1.5
דגש	-1.5
דהוי	-1.5
דוחה	-1.5
דוכן	-1.5
דולף	-1.5
דומיננטי	-1.5
דחה	-1.5
דחוס	1.5
דחוף	-1.5
דחייה	-1.5
די	1.5
דיוק	1.5
דיכא	-1.5
דילמה	-1.5
דימום	-1.5
דימומים	-1.5
דינג	-1.5
דינמי	1.5
דינמיקה	1.5
דיסוננס	-1.5
דיפלומטי	1.5
דיקטטור	-1.5
דכדוך	-1.5
דל	-1.5
דליפה	-1.5
דליקה	-1.5
דלקת	-1.5
דלקתי	-1.5
דמות	-1.5
דמיון	1.5
דמים	-1.5
דפוק	-1.5
דקיק	-1.5
דקירה	-1.5
דרדר	-1.5
דרסטי	-1.5
דרקוני	-1.5
האבל	-1.5
האטה	-1.5
האיר	1.5
הארה	1.5
האשים	-1.5
האשמה	-1.5
האשמות	-1.5
הבהיר	1.5
הבולט	1.5
הבחנה	1.5
הבטחה	1.5
הבטחות	1.5
הבטיח	1.5
הבל	-1.5
הבצורת	-1.5
הגביל	-1.5
הגבלה	-1.5
הגברה	1.5
הגון	1.5
הגזים	-1.5
הגזמה	-1.5
הגיוני	1.5
הגינות	1.5
הגלה	-1.5
הגליה	-1.5
הגמוניה	-1.5
הגן	1.5
הגנה	1.5
הגנתי	-1.5
הגשמה	1.5
הדחקה	-1.5
הדיוט	-1.5
הדלפות	-1.5
הדר	1.5
הדרדר	-1.5
הדרכה	1.5
ההיבריס	-1.5
הוביל	1.5
הוגן	1.5
הודאה	-1.5
הודאות	-1.5
הודה	-1.5
הוזה	-1.5
הוטרד	-1.5
הוללות	-1.5
הולם	1.5
הומור	1.5
הומני	1.5
הונאה	-1.5
הונאות	-1.5
הוענק	1.5
הופסק	-1.5
הוקיע	-1.5
הורג	-1.5
הורס	-1.5
הזיה	-1.5
הזיק	-1.5
הזנחה	-1.5
החטיא	-1.5
החליש	-1.5
החלפה	1.5
החלשה	-1.5
החמיא	1.5
החמיר	-1.5
החמרה	-1.5
החסרון	-1.5
החרים	-1.5
החשדות	-1.5
הטבות	1.5
הטיה	-1.5
הטיות	-1.5
הטיף	1.5
הטלת	-1.5
הטעיה	-1.5
הטרדה	-1.5
הטריד	-1.5
הידלדלות	-1.5
היחלשות	-1.5
היטב	1.5
היטה	-1.5
היסוס	-1.5
היסטרי	-1.5
היסטריה	-1.5
היעדרות	-1.5
הישג	1.5
הישגים	1.5
הישרדות	1.5
הכבוד	1.5
הכחיש	-1.5
הכחשה	-1.5
הכעיס	-1.5
הלהיב	1.5
הלול	1.5
הלם	-1.5
המבריקים	1.5
המולה	-1.5
המזוין	-1.5
המליץ	1.5
המלצה	1.5
המלצות	1.5
המשכיות	1.5
הנאה	1.5
הנהיג	1.5
הנסים	1.5
הסובל	-1.5
הסתבכות	-1.5
הסתה	-1.5
הסתערות	-1.5
העדיף	1.5
העז	1.5
העזה	-1.5
העצמה	1.5
הערב	1.5
העריך	1.5
העריץ	1.5
הערכתי	1.5
הערצה	1.5
העשרה	1.5
הפגזה	-1.5
הפוגה	1.5
הפוגע	-1.5
הפחדה	-1.5
הפכפך	-1.5
הפסד	-1.5
הפסקות	-1.5
הפעיל	1.5
הפציץ	-1.5
הפקעה	-1.5
הפקרות	-1.5
הפר	-1.5
הפרה	-1.5
הפרות	-1.5
הפריך	-1.5
הפריע	-1.5
הפרכה	-1.5
הפרעה	-1.5
הפרעות	-1.5
הצדעה	1.5
הצטיין	1.5
הצטער	-1.5
הצלחה	1.5
הצלחות	1.5
הצליח	1.5
הקאה	-1.5
הקל	1.5
הקלה	1.5
הקפאה	-1.5
הקצנה	-1.5
הקשו	-1.5
הרגיע	1.5
הרגעה	1.5
הרואי	1.5
הרוס	-1.5
הרחה	-1.5
הריגה	-1.5
הריח	-1.5
הרמוניה	1.5
הרס	-1.5
הרסני	-1.5
הרעה	-1.5
הרפתקן	1.5
השבחה	1.5
השבעה	1.5
השג	1.5
השגה	1.5
השגת	1.5
השהיה	-1.5
השחית	-1.5
השטן	-1.5
השליליות	-1.5
השלים	1.5
השמדה	-1.5
השמטה	-1.5
השמצה	-1.5
השפלה	-1.5
השק	-1.5
השראה	1.5
השרה	-1.5
השתאות	1.5
השתוללות	-1.5
השתלמות	1.5
השתפר	1.5
התאבדות	-1.5
התאוששות	1.5
התבדח	-1.5
התגלות	1.5
התגנב	-1.5
התדרדרות	-1.5
התובעת	-1.5
התוודה	-1.5
התחיל	1.5
התחלק	-1.5
התחמקות	-1.5
התחנן	-1.5
התחרט	-1.5
התייאש	-1.5
התיר	-1.5
התכחשות	-1.5
התלהבות	1.5
התלונן	-1.5
התמדה	1.5
התמוטטות	-1.5
התמרמרות	-1.5
התנגדויות	-1.5
התנגדות	-1.5
התנגש	-1.5
התנגשות	-1.5
התנוונות	-1.5
התנפחות	-1.5
התנקש	-1.5
התעלל	-1.5
התעללות	-1.5
התעלמות	-1.5
התעמת	-1.5
התערב	-1.5
התערערות	-1.5
התפוצץ	-1.5
התפורר	-1.5
התפוררות	-1.5
התפטרות	-1.5
התפצלות	-1.5
התפרצויות	-1.5
התפרצות	-1.5
התפרק	-1.5
התפרקות	-1.5
התקדמות	1.5
התקוממות	-1.5
התקיף	-1.5
התקלקל	-1.5
התקפה	-1.5
התקפות	-1.5
התרגשות	1.5
התרסה	-1.5
התרסק	-1.5
ודאי	1.5
וואו	1.5
וואלה	1.5
וזר	-1.5
וידוי	-1.5
וירוס	-1.5
ויתורים	-1.5
ויתר	-1.5
ורוד	1.5
זָהָב	1.5
זבל	-1.5
זדון	-1.5
זדוני	-1.5
זהב	1.5
זהוב	1.5
זוהר	1.5
זוועות	-1.5
זוכה	1.5
זוכים	1.5
זולה	-1.5
זומבי	-1.5
זונה	-1.5
זועם	-1.5
זורח	1.5
זחילה	-1.5
זיהום	-1.5
זיהומים	-1.5
זיון	-1.5
זיין	-1.5
זיכיון	-1.5
זימון	-1.5
זין	-1.5
זיקה	1.5
זכאי	1.5
זכות	1.5
זכייה	1.5
זלזול	-1.5
זמזום	-1.5
זמין	1.5
זן	1.5
זעום	-1.5
זעזע	-1.5
זעם	-1.5
זעקה	-1.5
זר	-1.5
זריז	1.5
זריזות	1.5
זרמי	1.5
זרק	-1.5
חב	1.5
חבה	1.5
חבורה	-1.5
חבורות	-1.5
חביב	1.5
חבלה	-1.5
חברותי	1.5
חבריה	-1.5
חגיגה	1.5
חגיגי	1.5
חד	1.5
חדף	-1.5
חדשנות	1.5
חדשני	1.5
חוב	-1.5
חובות	-1.5
חוזה	1.5
חוטא	-1.5
חוכמה	1.5
חולי	-1.5
חולין	-1.5
חולני	-1.5
חולף	-1.5
חולשה	-1.5
חולשות	-1.5
חומרה	-1.5
חוסר	-1.5
חופש	1.5
חופשי	1.5
חוצפה	-1.5
חוקי	1.5
חור	-1.5
חורבן	-1.5
חושך	-1.5
חושש	-1.5
חזה	-1.5
חזיר	-1.5
חזירים	-1.5
חזק	1.5
חטא	-1.5
חטיפות	-1.5
חיבב	1.5
חיבה	1.5
חיבוק	1.5
חיה	1.5
חיוב	1.5
חיובי	1.5
חיוור	-1.5
חיוך	1.5
חיזוקים	1.5
חייך	1.5
חיכוך	-1.5
חילק	-1.5
חינם	1.5
חיסול	-1.5
חיסכון	1.5
חיצוני	-1.5
חירויות	1.5
חירום	-1.5
חירש	-1.5
חירשים	-1.5
חכם	1.5
חכמה	1.5
חלודה	-1.5
חלול	-1.5
חלוש	-1.5
חלילה	-1.5
חלק	1.5
חלקה	1.5
חלקלק	1.5
חלש	-1.5
חם	1.5
חמדן	-1.5
חמדנות	-1.5
חמה	1.5
חמוד	1.5
חמוץ	-1.5
חמור	-1.5
חמים	1.5
חמלה	1.5
חנינה	1.5
חנק	-1.5
חסד	1.5
חסוי	1.5
חסום	-1.5
חסון	1.5
חסימה	-1.5
חסין	1.5
חסר	-1.5
חסרון	-1.5
חסרונות	-1.5
חפוז	-1.5
חפץ	-1.5
חצוצרה	1.5
חרא	-1.5
חרג	1.5
חרד	-1.5
חרדה	-1.5
חרדות	-1.5
חרוץ	1.5
חרטה	-1.5
חריג	-1.5
חריגה	-1.5
חריף	-1.5
חריפות	1.5
חריצות	1.5
חרם	-1.5
חרפה	-1.5
חרק	-1.5
חרש	-1.5
חשד	-1.5
חשדני	-1.5
חשוב	1.5
חשוד	-1.5
חשוך	-1.5
חשיכה	-1.5
חשש	-1.5
חששות	-1.5
חתרנות	-1.5
חתרנית	-1.5
טבוע	1.5
טבח	-1.5
טביעה	-1.5
טהור	1.5
טוֹב	1.5
טוב	1.5
טובה	1.5
טוטליטרי	-1.5
טומאה	-1.5
טועה	-1.5
טינה	-1.5
טיפוח	1.5
טיפש	-1.5
טיפשות	-1.5
טיפשי	-1.5
טירוף	-1.5
טמא	-1.5
טנק	-1.5
טנקים	-1.5
טעה	-1.5
טעויות	-1.5
טעות	-1.5
טעים	1.5
טעם	1.5
טענה	-1.5
טענות	-1.5
טפטוף	-1.5
טפיל	-1.5
טראומה	-1.5
טראומטי	-1.5
טרגדיה	-1.5
טרגי	-1.5
טרור	-1.5
טרח	-1.5
טרחה	-1.5
טרי	1.5
טריה	1.5
טריז	-1.5
טריק	-1.5
טרף	-1.5
טשטוש	-1.5
יאוש	-1.5
יגון	-1.5
יגע	-1.5
ידידות	1.5
ידידותי	1.5
ידע	1.5
יהיר	-1.5
יהירות	-1.5
יוחזר	1.5
יופי	1.5
יוצר	1.5
יוצרת	1.5
יוקרה	1.5
יוקרתי	1.5
יושר	1.5
ייאוש	-1.5
יכולת	1.5
ילדותי	-1.5
ימין	1.5
יעה	-1.5
יעיל	1.5
יעילות	1.5
יפה	1.5
יציב	1.5
יציבות	1.5
יצירתי	1.5
יקיר	1.5
ירד	-1.5
ירודים	-1.5
יריב	-1.5
יריבות	-1.5
ירידה	-1.5
ירידות	-1.5
ישר	1.5
יתד	-1.5
יתום	-1.5
יתומה	-1.5
יתרון	1.5
יתרונות	1.5
כאב	-1.5
כאבים	-1.5
כאוס	-1.5
כבד	-1.5
כבוד	1.5
כדאי	1.5
כדין	1.5
כהה	-1.5
כהלכה	1.5
כואב	-1.5
כוויות	-1.5
כוכבים	1.5
כוס	-1.5
כועס	-1.5
כופר	-1.5
כופרים	-1.5
כושר	1.5
כזב	-1.5
כיבד	1.5
כיור	-1.5
כיף	1.5
כישלון	-1.5
כישלונות	-1.5
כישרון	1.5
כלא	-1.5
כלבה	-1.5
כלה	-1.5
כמו	1.5
כמוס	-1.5
כן	1.5
כנות	1.5
כספת	1.5
כעס	-1.5
כפה	-1.5
כפוף	-1.5
כפופים	-1.5
כפור	-1.5
כפייה	-1.5
כפירה	-1.5
כראוי	-1.5
כרוך	-1.5
כרוני	-1.5
כריזמה	1.5
כריזמטי	1.5
כריש	-1.5
כשל	-1.5
כשלון	-1.5
כשלים	-1.5
כשרונות	1.5
כתוש	-1.5
כתם	-1.5
כתמים	-1.5
לאבטח	1.5
לאהוב	1.5
לאחור	-1.5
לאט	-1.5
לאיים	-1.5
לאימות	1.5
לאכזב	-1.5
לאסור	-1.5
לאשר	1.5
לבבי	1.5
לבגוד	-1.5
לבדר	1.5
לבודד	-1.5
לבוז	-1.5
לבזבז	-1.5
לבזוז	-1.5
לבזות	-1.5
לבטא	1.5
לבטל	-1.5
לבכות	-1.5
לבלבל	-1.5
לבלוע	-1.5
לבקר	-1.5
לברוח	-1.5
לברך	1.5
לגאול	1.5
לגמול	1.5
לגנוב	-1.5
לגנות	-1.5
לגעת	-1.5
לגרד	-1.5
לגרום	-1.5
לגרוע	-1.5
לגרור	-1.5
לגרות	-1.5
לגרש	-1.5
לדאוג	-1.5
לדחות	-1.5
לדכא	-1.5
לדלוף	-1.5
לדמם	-1.5
לדעוך	-1.5
לדפוק	-1.5
להאט	-1.5
להאיר	1.5
להאפיל	-1.5
להאשים	-1.5
להבטיח	1.5
להביך	-1.5
להביס	1.5
להגזים	-1.5
להגשים	1.5
להדוף	-1.5
להדחיק	-1.5
להוביל	1.5
להוט	1.5
להוכיח	1.5
להונות	-1.5
להוקיע	-1.5
להוקיר	1.5
להזין	1.5
להחיות	1.5
להחלים	1.5
להחליק	1.5
להחליש	-1.5
להחמיץ	-1.5
להחמיר	-1.5
להחסיר	-1.5
להחריב	-1.5
להחריד	-1.5
להחרים	-1.5
להט	1.5
להטיל	-1.5
להטעות	-1.5
להיזהר	-1.5
להיט	1.5
להיכנע	-1.5
להיכשל	-1.5
להימנע	-1.5
להיסחף	-1.5
להישען	1.5
להכות	1.5
להכחיש	-1.5
להכניע	-1.5
להכעיס	-1.5
להכריח	-1.5
להכתים	-1.5
להמליץ	1.5
להמם	-1.5
להמרות	-1.5
להניא	-1.5
להניע	1.5
להסית	-1.5
להסמיך	1.5
להסס	-1.5
להספיק	1.5
להעדיף	1.5
להעליב	-1.5
להעניש	-1.5
להעריך	1.5
להערים	1.5
להעריץ	1.5
להפחיד	-1.5
להפיל	-1.5
להפלות	-1.5
להפליא	1.5
להפסיד	-1.5
להפציץ	-1.5
להפקיד	1.5
להפר	-1.5
להפריך	-1.5
להפריע	-1.5
להצטיין	1.5
להציף	-1.5
להציק	-1.5
להצליח	1.5
להקיא	-1.5
להקל	1.5
להקפיא	-1.5
להרגיז	-1.5
להרגיע	1.5
להרוג	-1.5
להרוס	-1.5
להרחיק	-1.5
להרע	-1.5
להרשים	1.5
להרתיח	-1.5
להרתיע	-1.5
להשבית	-1.5
להשיג	1.5
להשליך	-1.5
להשלים	1.5
להשמיד	-1.5
להשמיט	-1.5
להשמיץ	-1.5
להשפיל	-1.5
להשתולל	-1.5
להתאבל	-1.5
להתאבק	-1.5
להתאמץ	-1.5
להתבטל	-1.5
להתגנב	-1.5
להתגרות	-1.5
להתדרדר	-1.5
להתהפך	-1.5
להתחמק	-1.5
להתחנן	-1.5
להתחרט	-1.5
להתייחס	1.5
להתיך	-1.5
להתכחש	-1.5
להתלונן	-1.5
להתמזג	1.5
להתנגד	-1.5
להתנכל	-1.5
להתעלם	-1.5
להתעמת	-1.5
להתענג	1.5
להתעסק	-1.5
להתפוצץ	-1.5
להתפורר	-1.5
להתקוטט	-1.5
להתקיף	-1.5
להתרחק	-1.5
להתריס	-1.5
להתרסק	-1.5
לוהט	1.5
לוותר	-1.5
לוחמני	-1.5
לום	1.5
לועג	-1.5
לועגים	-1.5
לזהם	-1.5
לזחול	-1.5
לזכות	1.5
לזלזל	-1.5
לזנוח	-1.5
לזרז	-1.5
לח	-1.5
לחבוט	-1.5
לחבל	-1.5
לחבק	1.5
לחגוג	1.5
לחזור	-1.5
לחטוף	-1.5
לחייך	1.5
לחינם	-1.5
לחלוטין	-1.5
לחנוק	-1.5
לחסום	-1.5
לחץ	-1.5
לחרוג	1.5
לחשוד	-1.5
לחשמל	1.5
לטהר	1.5
לטחון	-1.5
לטמא	-1.5
לטעון	-1.5
לטעות	-1.5
לטפח	-1.5
לטרוף	-1.5
לטשטש	-1.5
ליבה	1.5
ליהנות	1.5
לייצב	1.5
ליישר	1.5
לימון	-1.5
ליפול	-1.5
ליקויים	-1.5
לירי	1.5
לכבוד	1.5
לכבות	-1.5
לכודים	-1.5
לכידות	1.5
לכלוא	-1.5
לכלוך	-1.5
לכלות	-1.5
לכעוס	-1.5
לכפות	-1.5
ללעוג	-1.5
למגר	-1.5
למדי	1.5
למות	-1.5
למחוץ	-1.5
למחוק	-1.5
למחות	-1.5
למצוץ	-1.5
למצות	-1.5
למרוח	-1.5
למשעי	1.5
לנער	-1.5
לנפץ	-1.5
לנצח	1.5
לנצל	-1.5
לנקום	-1.5
לנקות	1.5
לנקז	-1.5
לסבול	-1.5
לסבך	-1.5
לסגוד	1.5
לסגת	-1.5
לסחוט	-1.5
לסטות	-1.5
לסטר	-1.5
לסכל	-1.5
לסמוך	1.5
לסרב	-1.5
לסתום	-1.5
לסתור	-1.5
לעבוד	1.5
לעבור	-1.5
לעג	-1.5
לעדן	1.5
לעודד	1.5
לעורר	1.5
לעזאזל	-1.5
לעכב	-1.5
לעמול	-1.5
לענות	-1.5
לעקוף	1.5
לעקור	-1.5
לערוב	1.5
לפאר	1.5
לפגום	-1.5
לפגוע	-1.5
לפוג	-1.5
לפוצץ	-1.5
לפסול	-1.5
לפענח	-1.5
לפצוע	-1.5
לפצח	-1.5
לפצל	-1.5
לפרוח	1.5
לפשט	1.5
לפתות	1.5
לצור	-1.5
לצנן	-1.5
לצפייה	1.5
לקויי	-1.5
לקוני	-1.5
לקיים	1.5
לקלל	-1.5
לקלקל	-1.5
לקנא	1.5
לקרוע	-1.5
לרגש	1.5
לרדוף	-1.5
לרדת	-1.5
לרוקן	-1.5
לרחם	-1.5
לריב	-1.5
לרמות	-1.5
לרסק	-1.5
לרענן	1.5
לרפא	1.5
לשאוף	1.5
לשבור	-1.5
לשבח	1.5
לשבש	-1.5
לשגות	-1.5
לשגשג	1.5
לשוא	-1.5
לשלוט	1.5
לשלול	-1.5
לשמוח	1.5
לשנוא	-1.5
לשעבד	-1.5
לשעשע	1.5
לשפר	1.5
לשקוד	1.5
לשקוע	-1.5
לשקר	-1.5
לשרוף	-1.5
לתבוע	-1.5
לתלות	-1.5
לתמוך	1.5
לתפעל	-1.5
לתקוף	-1.5
לתקן	1.5
מאבק	-1.5
מאבקים	-1.5
מאהב	1.5
מאובטח	1.5
מאובן	-1.5
מאוד	1.5
מאוזן	1.5
מאוחר	-1.5
מאוכזב	-1.5
מאומץ	-1.5
מאוס	-1.5
מאופק	-1.5
מאור	1.5
מאושר	1.5
מאיים	-1.5
מאיר	1.5
מאכזב	-1.5
מאכל	-1.5
מאלף	1.5
מאמצים	-1.5
מאסר	-1.5
מארב	-1.5
מאשים	-1.5
מאשר	1.5
מאתגר	-1.5
מבודד	-1.5
מבוטח	-1.5
מבוים	-1.5
מבוכה	-1.5
מבול	-1.5
מבולבל	-1.5
מבולבלת	-1.5
מבוקר	-1.5
מבוקש	-1.5
מבזבז	-1.5
מבחן	-1.5
מבטיח	1.5
מביך	-1.5
מביש	-1.5
מבלבל	-1.5
מבעיר	-1.5
מבעית	-1.5
מבקר	-1.5
מבקרים	-1.5
מבריק	1.5
מגביל	-1.5
מגבלות	-1.5
מגוון	1.5
מגוחך	-1.5
מגונה	-1.5
מגורה	-1.5
מגושם	-1.5
מגיב	-1.5
מגן	1.5
מגניב	1.5
מגעיל	-1.5
מגפה	-1.5
מגרה	1.5
מדאיג	-1.5
מדבק	-1.5
מדבר	-1.5
מדגיש	-1.5
מדהים	1.5
מדויק	1.5
מדוכא	-1.5
מדון	-1.5
מדכא	-1.5
מדכאים	-1.5
מדמם	-1.5
מהודר	1.5
מהולל	1.5
מהומה	-1.5
מהימן	1.5
מהימנות	1.5
מהיר	1.5
מהנה	1.5
מהסס	-1.5
מהפך	-1.5
מהפכה	1.5
מהפכני	1.5
מהפנט	1.5
מהרה	1.5
מובטח	1.5
מובטל	-1.5
מוביל	1.5
מובן	1.5
מובס	1.5
מוגבל	-1.5
מוגזם	-1.5
מודאג	-1.5
מודיעין	1.5
מודרני	1.5
מוהל	-1.5
מוות	-1.5
מוזנח	-1.5
מוזר	-1.5
מוזרה	-1.5
מוזרויות	-1.5
מוזרות	-1.5
מוחץ	-1.5
מוטב	1.5
מוטיבציה	1.5
מוטעה	-1.5
מוטרד	-1.5
מוכה	-1.5
מוכח	1.5
מוכיח	1.5
מוכן	1.5
מוכשר	1.5
מוכתם	-1.5
מומחיות	1.5
מומלץ	1.5
מונוטוני	-1.5
מונומנטלי	1.5
מוניטין	1.5
מוסמך	1.5
מוסרי	1.5
מוסריות	1.5
מועיל	1.5
מוערך	1.5
מופרז	-1.5
מופרך	-1.5
מופרע	-1.5
מופת	1.5
מופתי	1.5
מופתע	1.5
מוץ	-1.5
מוצלח	1.5
מוצף	-1.5
מוצק	1.5
מוקדש	1.5
מוקסם	1.5
מוקפד	1.5
מוקרב	-1.5
מוקשה	-1.5
מושא	-1.5
מושג	-1.5
מושחת	-1.5
מושיע	1.5
מושך	1.5
מושכת	1.5
מושלם	1.5
מותק	1.5
מותר	1.5
מזג	-1.5
מזוהם	-1.5
מזויף	-1.5
מזועזע	-1.5
מזיק	-1.5
מזל	1.5
מזלזל	-1.5
מזעזע	-1.5
מחאה	-1.5
מחאות	-1.5
מחבב	1.5
מחבת	-1.5
מחדל	-1.5
מחדלים	-1.5
מחדש	1.5
מחה	-1.5
מחודש	1.5
מחויבות	1.5
מחונן	1.5
מחוספס	-1.5
מחורבן	-1.5
מחייך	1.5
מחית	-1.5
מחלה	-1.5
מחלוקת	-1.5
מחמאה	1.5
מחמיא	1.5
מחמירה	-1.5
מחסה	-1.5
מחסומים	-1.5
מחסור	-1.5
מחץ	-1.5
מחריד	-1.5
מטוגן	-1.5
מטומטם	-1.5
מטופח	1.5
מטופל	1.5
מטופש	-1.5
מטורף	-1.5
מטושטש	-1.5
מטלה	-1.5
מטעה	-1.5
מטרד	-1.5
מטריד	-1.5
מיואש	-1.5
מיוחד	1.5
מיומן	1.5
מיומנות	1.5
מיושן	-1.5
מיותר	-1.5
מיטב	1.5
מייד	1.5
מיכל	-1.5
מיסוי	-1.5
מיצי	1.5
מיקרופון	-1.5
מיתון	-1.5
מיתוס	-1.5
מכביד	-1.5
מכה	-1.5
מכובד	1.5
מכווץ	-1.5
מכוער	-1.5
מכור	-1.5
מכורים	-1.5
מכושף	1.5
מכחיש	-1.5
מכרז	1.5
מכרסם	-1.5
מכשול	-1.5
מלאך	1.5
מלאכה	1.5
מלאכי	1.5
מלגלג	-1.5
מלהיב	1.5
מלוטש	1.5
מלוכדת	1.5
מלוכלך	-1.5
מלומד	1.5
מלחמתי	-1.5
מלכודת	-1.5
מלכותי	1.5
ממאיר	-1.5
ממורמר	-1.5
ממזר	-1.5
ממזרים	-1.5
ממשי	1.5
מנגד	-1.5
מנוגד	-1.5
מנודה	-1.5
מנוכר	-1.5
מנומס	1.5
מנומק	1.5
מנופח	-1.5
מנחם	1.5
מנחת	-1.5
מניה	-1.5
מניעה	-1.5
מניפולציה	-1.5
מנצח	1.5
מנצחת	1.5
מנקה	1.5
מנקז	-1.5
מסביר	-1.5
מסובך	-1.5
מסובכת	-1.5
מסובסד	1.5
מסוגלים	1.5
מסוגנן	1.5
מסודר	1.5
מסוכן	-1.5
מסוכנת	-1.5
מסולף	-1.5
מסורבל	-1.5
מסייע	1.5
מסית	-1.5
מסיתים	-1.5
מסכן	-1.5
מספיק	1.5
מסקרן	1.5
מסרב	-1.5
מסריח	-1.5
מסתורי	-1.5
מסתננים	-1.5
מסתעף	-1.5
מעד	-1.5
מעדיף	1.5
מעדן	1.5
מעודד	1.5
מעודן	1.5
מעוות	-1.5
מעוכב	-1.5
מעולה	1.5
מעונה	-1.5
מעונן	-1.5
מעורפל	-1.5
מעורר	1.5
מעידות	-1.5
מעכב	-1.5
מעלה	1.5
מעליב	-1.5
מעניין	1.5
מענין	1.5
מעניש	-1.5
מענק	1.5
מעצבן	-1.5
מעקה	-1.5
מערה	-1.5
מעריך	1.5
מעריץ	1.5
מעריצה	1.5
מערער	-1.5
מעשי	1.5
מעשן	-1.5
מפגע	-1.5
מפגר	-1.5
מפואר	1.5
מפוזר	-1.5
מפוקפק	-1.5
מפורסם	1.5
מפושט	1.5
מפותל	-1.5
מפחיד	-1.5
מפירי	-1.5
מפלג	-1.5
מפלה	-1.5
מפליא	1.5
מפלצת	-1.5
מפלצתי	-1.5
מפסידים	-1.5
מפריך	-1.5
מפריע	-1.5
מפשט	1.5
מפתה	1.5
מפתיע	1.5
מצב	-1.5
מצבור	-1.5
מצוי	-1.5
מצוין	1.5
מצוינות	1.5
מצוקה	-1.5
מצור	-1.5
מצטיין	1.5
מצטער	-1.5
מציאותי	1.5
מציל	1.5
מציק	-1.5
מצית	1.5
מצליח	1.5
מצמרר	-1.5
מצער	-1.5
מקדם	1.5
מקובל	1.5
מקודש	1.5
מקוטע	-1.5
מקולל	-1.5
מקורי	1.5
מקוריות	1.5
מקיף	1.5
מקל	1.5
מקסים	1.5
מקצוענים	1.5
מר	-1.5
מרגיז	-1.5
מרגש	1.5
מרד	-1.5
מרה	-1.5
מרהיב	1.5
מרווח	1.5
מרוכז	1.5
מרוכזת	1.5
מרומה	-1.5
מרוצה	1.5
מרוצף	-1.5
מרוקן	-1.5
מרושל	-1.5
מרושע	-1.5
מרושעת	-1.5
מרושש	-1.5
מרי	-1.5
מריבות	-1.5
מריח	-1.5
מריר	-1.5
מרירה	-1.5
מרירות	-1.5
מרכבה	-1.5
מרמה	-1.5
מרסן	-1.5
מרענן	1.5
מרפא	1.5
מרשים	1.5
מרתיע	-1.5
מרתק	1.5
משבר	-1.5
משבש	-1.5
משגשג	1.5
משובח	1.5
משובץ	-1.5
משוגע	-1.5
משודרג	1.5
משוחזר	1.5
משוטט	-1.5
משולב	1.5
משונה	-1.5
משונן	-1.5
משועמם	-1.5
משופע	1.5
משופר	1.5
משותק	-1.5
משחית	-1.5
משחתת	-1.5
משיכה	1.5
משכנע	1.5
משלים	1.5
משמח	1.5
משמים	-1.5
משמעות	-1.5
משמעותי	1.5
משמרות	-1.5
משעמם	-1.5
משעממים	-1.5
משעממת	-1.5
משעשע	1.5
משעשעים	1.5
משפיל	-1.5
משפר	1.5
משתולל	-1.5
משתלם	1.5
משתק	-1.5
מת	-1.5
מתאבד	-1.5
מתאבדת	-1.5
מתאים	1.5
מתבייש	-1.5
מתגנב	-1.5
מתגעגע	-1.5
מתגרה	-1.5
מתדרדר	-1.5
מתובל	1.5
מתוח	-1.5
מתוחכם	1.5
מתון	-1.5
מתוסכל	-1.5
מתועד	-1.5
מתוק	1.5
מתוקים	1.5
מתח	-1.5
מתחמק	-1.5
מתחשב	1.5
מתיחה	-1.5
מתים	-1.5
מתיקות	1.5
מתיש	-1.5
מתלהב	1.5
מתלונן	-1.5
מתנגד	-1.5
מתנקש	-1.5
מתנשא	-1.5
מתסכל	-1.5
מתעלם	-1.5
מתעקש	1.5
מתערער	-1.5
מתפעל	1.5
מתפרק	-1.5
מתקדם	1.5
מתקפה	-1.5
מתרגש	1.5
מתרסק	-1.5
מתרצה	1.5
נאבק	-1.5
נאה	1.5
נאומיו	-1.5
נאות	1.5
נאיבי	-1.5
נאמן	1.5
נאמנות	1.5
נאציזם	-1.5
נבהל	-1.5
נבוך	-1.5
נבון	1.5
נבלים	-1.5
נגוע	-1.5
נגטיב	-1.5
נגיעות	-1.5
נגיף	-1.5
נגיש	1.5
נגעל	-1.5
נגרר	-1.5
נדבן	1.5
נדהם	1.5
נדחה	-1.5
נדיב	1.5
נדיבות	1.5
נדיף	-1.5
נדיר	-1.5
נדר	1.5
נהדף	-1.5
נהדר	1.5
נהדרת	1.5
נהנה	1.5
נהרג	-1.5
נואש	-1.5
נואשות	-1.5
נוה	1.5
נוח	1.5
נוחה	1.5
נוחות	1.5
נוכל	-1.5
נוכלים	-1.5
נועז	1.5
נועזת	1.5
נועם	1.5
נופי	1.5
נוצץ	1.5
נוקשה	-1.5
נוקשות	-1.5
נורא	-1.5
נוראי	-1.5
נושאים	-1.5
נושרים	-1.5
נזיפה	-1.5
נזיקין	-1.5
נזף	-1.5
נזק	-1.5
נזקק	-1.5
נחות	-1.5
נחותה	-1.5
נחותים	-1.5
נחישות	1.5
נחיתות	-1.5
נחלש	-1.5
נחמד	1.5
נחמדה	1.5
נחמה	1.5
נחנק	-1.5
נחשלות	-1.5
נטוי	-1.5
נטול	-1.5
נטל	-1.5
ניגודים	-1.5
ניגוח	-1.5
נידון	-1.5
ניהול	1.5
ניוון	-1.5
ניזוק	-1.5
נייד	1.5
נימוס	1.5
ניסיון	-1.5
ניצול	-1.5
ניצח	1.5
ניצל	-1.5
ניקה	1.5
ניקיון	1.5
נכה	-1.5
נכון	1.5
נכונה	1.5
נכונות	1.5
נכשל	-1.5
נלהב	1.5
נמחק	-1.5
נמלט	-1.5
נמלים	-1.5
נמנע	-1.5
נמרץ	1.5
נמשך	-1.5
ננסי	-1.5
נס	1.5
נסבל	1.5
נסוג	-1.5
נסיגה	-1.5
נסיגות	-1.5
נעדר	-1.5
נעה	1.5
נעורי	1.5
נעים	1.5
נעימה	1.5
נעלב	-1.5
נעלה	1.5
נערץ	1.5
נפגע	-1.5
נפטר	-1.5
נפיחות	-1.5
נפילה	-1.5
נפילות	-1.5
נפל	-1.5
נפלא	1.5
נפלאה	1.5
נפעם	1.5
נפקד	-1.5
נפרד	-1.5
נפתח	1.5
נצח	1.5
נקי	1.5
נקייה	1.5
נקמה	-1.5
נקע	-1.5
נרגע	1.5
נרגש	1.5
נשבר	-1.5
נשגב	1.5
נשורת	-1.5
נשיכה	-1.5
נשירה	-1.5
נשמע	1.5
נשרף	-1.5
נתבע	-1.5
נתון	-1.5
נתמך	1.5
נתקל	-1.5
נתקע	-1.5
סאטירי	-1.5
סבוך	-1.5
סביבון	1.5
סביר	1.5
סבך	-1.5
סבל	-1.5
סבלנות	1.5
סבסוד	1.5
סגן	-1.5
סדקים	-1.5
סובל	-1.5
סובלים	-1.5
סובלת	-1.5
סוגיה	-1.5
סוחף	1.5
סוטה	-1.5
סולד	-1.5
סולידריות	1.5
סופר	1.5
סוריאליסטי	1.5
סורר	-1.5
סותר	-1.5
סחט	-1.5
סחיטה	-1.5
סטה	-1.5
סטטי	-1.5
סטיגמה	-1.5
סטייה	-1.5
סטירה	-1.5
סטריאוטיפי	-1.5
סיוט	-1.5
סיכון	-1.5
סיכונים	-1.5
סימפטום	-1.5
סימפטומים	-1.5
סינון	-1.5
סיפוק	1.5
סיפק	-1.5
סירב	-1.5
סכין	-1.5
סכנה	-1.5
סכסוך	-1.5
סל	-1.5
סלחני	-1.5
סלידה	-1.5
סליחה	-1.5
סלעי	-1.5
סלקטיבי	1.5
סם	-1.5
סמוי	-1.5
סמיך	-1.5
סמכותי	-1.5
סמל	-1.5
סנדל	-1.5
סנט	-1.5
סנסציוני	1.5
ססגוני	-1.5
סערה	-1.5
ספונטני	1.5
ספורטיבי	1.5
ספק	-1.5
ספקות	-1.5
ספקן	-1.5
ספקנות	-1.5
סקסי	1.5
סר	-1.5
סרב	-1.5
סרבני	-1.5
סרטן	-1.5
סרטני	-1.5
סריג	-1.5
סריגים	-1.5
סרקסטי	-1.5
סתום	-1.5
סתימה	-1.5
סתירה	-1.5
סתר	-1.5
עבד	1.5
עבדות	-1.5
עבדים	-1.5
עבודה	1.5
עביד	1.5
עביר	1.5
עבירה	-1.5
עבירות	-1.5
עבריין	-1.5
עבריינות	-1.5
עגום	-1.5
עדין	1.5
עדיף	1.5
עובד	1.5
עודד	1.5
עודף	-1.5
עוולות	-1.5
עוין	-1.5
עוינות	-1.5
עולה	1.5
עוני	-1.5
עונש	-1.5
עופרת	1.5
עוצמה	1.5
עוקץ	-1.5
עורר	1.5
עושק	-1.5
עושר	1.5
עז	-1.5
עזאזל	-1.5
עזב	-1.5
עזוב	-1.5
עזיבה	-1.5
עזר	1.5
עיגון	-1.5
עידוד	1.5
עידון	1.5
עיוור	-1.5
עיוות	-1.5
עייף	-1.5
עייפות	-1.5
עיכובים	-1.5
עילית	1.5
עימות	-1.5
עימם	-1.5
עינוי	-1.5
עינויים	-1.5
עיקש	-1.5
עישון	-1.5
עישן	-1.5
עכבה	-1.5
עלבון	-1.5
עלבונות	-1.5
עלוב	-1.5
עלולים	-1.5
עליון	1.5
עליונות	1.5
עליז	1.5
עלילה	-1.5
עמום	-1.5
עמוס	-1.5
עמוק	1.5
עמיד	1.5
עני	-1.5
ענן	-1.5
ענקיות	-1.5
עסקה	1.5
עפצים	-1.5
עצב	-1.5
עצבים	-1.5
עצבנות	-1.5
עצוב	-1.5
עצום	1.5
עצל	-1.5
עצלן	-1.5
עקבי	1.5
עקום	-1.5
עקיפה	1.5
עקף	1.5
עקר	-1.5
עקרוני	1.5
עקשן	-1.5
ערבול	-1.5
ערבות	1.5
עריץ	-1.5
עריצות	-1.5
ערמומי	-1.5
ערנות	1.5
ערפול	-1.5
ערפל	-1.5
ערק	-1.5
עשב	-1.5
עשה	1.5
עשיר	1.5
עשן	-1.5
עתידני	1.5
עתידנית	1.5
עתירה	-1.5
עתק	-1.5
פאנק	-1.5
פאר	1.5
פגום	-1.5
פגיע	-1.5
פגיעה	-1.5
פגם	-1.5
פגמים	-1.5
פגע	-1.5
פוביה	-1.5
פוגע	-1.5
פוזה	-1.5
פולט	-1.5
פולש	-1.5
פונדמנטליזם	-1.5
פופולרי	1.5
פוצץ	-1.5
פורה	1.5
פורח	1.5
פורץ	1.5
פורקן	-1.5
פורש	-1.5
פושע	-1.5
פושעת	-1.5
פזיז	-1.5
פזיזות	-1.5
פח	-1.5
פחד	-1.5
פחדים	-1.5
פחדן	-1.5
פטורים	-1.5
פטריוט	1.5
פיגרה	-1.5
פיוטי	1.5
פיוס	1.5
פייר	1.5
פילגש	-1.5
פינה	1.5
פיצל	-1.5
פיקח	1.5
פיקציה	-1.5
פישוט	1.5
פישל	-1.5
פיתוי	-1.5
פיתולים	-1.5
פלא	1.5
פלאי	1.5
פלאים	1.5
פלילי	-1.5
פנוי	1.5
פנורמי	1.5
פנטסטי	1.5
פנינה	1.5
פסגה	1.5
פסיבי	-1.5
פסימי	-1.5
פסימיות	-1.5
פסל	1.5
פסלים	-1.5
פעוט	-1.5
פצוע	-1.5
פציעה	-1.5
פצע	-1.5
פצעים	-1.5
פצצה	-1.5
פקע	-1.5
פקק	-1.5
פראי	-1.5
פראייר	-1.5
פראים	-1.5
פרדוקסלי	-1.5
פרובוקטיבי	-1.5
פרובוקציה	-1.5
פרוגרסיבי	1.5
פרודיה	-1.5
פרום	1.5
פרוע	-1.5
פרחח	-1.5
פרטיזן	-1.5
פרטיזנים	-1.5
פרידה	-1.5
פריחה	1.5
פריך	1.5
פרימיטיבי	-1.5
פריצות	-1.5
פריקים	-1.5
פרישה	-1.5
פרנויה	-1.5
פרס	1.5
פרסום	1.5
פרסים	1.5
פרץ	-1.5
פרצה	-1.5
פרצות	-1.5
פשוט	1.5
פשטני	-1.5
פשיזם	-1.5
פשיסט	-1.5
פשיסטי	-1.5
פשע	-1.5
פתאום	-1.5
פתאומי	-1.5
פתוח	1.5
פתיחה	1.5
פתיחות	1.5
פתית	-1.5
צבוע	-1.5
צביעות	-1.5
צבעוני	1.5
צבר	1.5
צדיק	1.5
צדק	1.5
צדקה	1.5
צהלה	1.5
צואה	-1.5
צודק	1.5
צולע	-1.5
צורב	-1.5
צורם	-1.5
ציורי	1.5
צינוק	-1.5
ציני	-1.5
ציניות	-1.5
צלול	1.5
צללים	-1.5
צלקות	-1.5
צלקת	-1.5
צם	1.5
צמא	-1.5
צמיחה	1.5
צמצום	-1.5
צמרות	1.5
צמרמורת	-1.5
צנוע	1.5
צניעות	1.5
צעיר	1.5
צער	-1.5
צפוף	-1.5
צפע	-1.5
צר	-1.5
צרה	-1.5
צרות	-1.5
קא	-1.5
קבצן	-1.5
קדוש	1.5
קדושה	1.5
קדחתני	-1.5
קדר	-1.5
קדרות	-1.5
קואופרטיב	1.5
קובייה	-1.5
קודר	-1.5
קוהרנטי	1.5
קולני	-1.5
קומי	-1.5
קומפקטי	1.5
קונסטרוקטיבי	1.5
קונפליקט	-1.5
קונפליקטים	-1.5
קופא	-1.5
קוצני	-1.5
קוצר	-1.5
קורוזיה	-1.5
קורן	1.5
קושי	-1.5
קושר	-1.5
קושרים	-1.5
קטוע	-1.5
קטורת	-1.5
קטטה	-1.5
קטלני	-1.5
קטלנית	-1.5
קיטוב	-1.5
קיימות	1.5
קילל	-1.5
קינה	-1.5
קיצוני	-1.5
קיצוניות	-1.5
קיצונים	-1.5
קישט	1.5
קל	1.5
קלאסי	1.5
קלון	-1.5
קלוש	-1.5
קליט	1.5
קליע	-1.5
קליקה	-1.5
קללה	-1.5
קללות	-1.5
קלקול	-1.5
קמט	-1.5
קמטים	-1.5
קנאה	-1.5
קנאות	-1.5
קנאי	-1.5
קנוניה	-1.5
קנטור	-1.5
קניינית	-1.5
קנס	1.5
קסום	1.5
קסומה	1.5
קסם	1.5
קפא	-1.5
קפדן	-1.5
קפוא	-1.5
קצב	-1.5
קר	-1.5
קריטי	-1.5
קריקטורה	-1.5
קרירות	-1.5
קרע	-1.5
קרפיון	-1.5
קשוב	1.5
קשוח	-1.5
קשיחות	-1.5
קשיים	-1.5
קשקשים	-1.5
קשר	-1.5
ראוי	1.5
רגוע	1.5
רדוד	-1.5
רדיפה	-1.5
רדיקלי	-1.5
רדיקלים	-1.5
רהוט	1.5
רוּחַ	1.5
רוגע	1.5
רודן	-1.5
רודני	-1.5
רווחי	1.5
רווחים	1.5
רווחת	1.5
רווית	-1.5
רוח	1.5
רוחני	1.5
רוך	-1.5
רומז	-1.5
רומנטי	1.5
רועש	-1.5
רוצח	-1.5
רוקה	-1.5
רותח	-1.5
רזה	-1.5
רחום	1.5
רחמים	1.5
רטורי	-1.5
רטוריקה	-1.5
ריבה	-1.5
ריגושים	1.5
ריח	-1.5
ריחני	1.5
רימה	-1.5
ריפא	1.5
ריקנות	-1.5
רך	1.5
רכילות	-1.5
רמאות	-1.5
רמיזה	-1.5
רע	-1.5
רעב	-1.5
רעוע	-1.5
רעות	-1.5
רעיל	-1.5
רעל	-1.5
רענן	1.5
רעש	-1.5
רעשים	-1.5
רפוי	-1.5
רפורמה	1.5
רפורמות	1.5
רפרוף	1.5
רפת	1.5
רצה	1.5
רצוי	1.5
רצח	-1.5
רצחני	-1.5
רציונלים	1.5
רצינות	-1.5
רציני	1.5
רקב	-1.5
רקוב	-1.5
רשלן	-1.5
רשלנות	-1.5
רשלני	-1.5
רשע	-1.5
רשעות	-1.5
רשעים	-1.5
רתיעה	-1.5
שאיפה	1.5
שאיפות	1.5
שאפתן	1.5
שבור	-1.5
שבח	1.5
שבחים	1.5
שביעות	1.5
שביר	-1.5
שבירה	-1.5
שביתה	-1.5
שבר	-1.5
שגוי	-1.5
שגיאה	-1.5
שגעון	-1.5
שגשוג	1.5
שד	-1.5
שדים	-1.5
שהתפטר	-1.5
שוא	-1.5
שואה	-1.5
שובב	-1.5
שוד	-1.5
שווה	1.5
שוחד	-1.5
שוחט	-1.5
שוט	-1.5
שוטים	-1.5
שולט	1.5
שולי	-1.5
שולל	-1.5
שומם	-1.5
שומן	-1.5
שונא	-1.5
שונות	-1.5
שופע	1.5
שורץ	-1.5
שותפה	-1.5
שחוק	-1.5
שחיקה	-1.5
שחיתות	-1.5
שחצן	-1.5
שחר	1.5
שחרור	1.5
שחרר	1.5
שטויות	-1.5
שטחי	-1.5
שטן	-1.5
שטני	-1.5
שיא	1.5
שיגעון	-1.5
שיכור	-1.5
שיפור	1.5
שיפורים	1.5
שיקר	-1.5
שכב	-1.5
שכול	-1.5
שכל	1.5
שלדים	-1.5
שלהוב	1.5
שלוו	1.5
שלווה	1.5
שלום	1.5
שלט	1.5
שליטה	1.5
שלילה	-1.5
שלילי	-1.5
שלילית	-1.5
שלישייה	-1.5
שלל	-1.5
שלמות	1.5
שלפוחיות	-1.5
שלפוחית	-1.5
שמועה	-1.5
שמועות	-1.5
שמח	1.5
שמחה	1.5
שמים	1.5
שמימיים	1.5
שמיש	1.5
שממה	-1.5
שמן	-1.5
שמנוני	-1.5
שמרן	-1.5
שמרני	-1.5
שמרנית	-1.5
שנאה	-1.5
שנוא	-1.5
שנון	1.5
שנינות	1.5
שסעים	-1.5
שעבוד	-1.5
שעמום	-1.5
שערוריות	-1.5
שערורייה	-1.5
שערורייתי	-1.5
שפיכה	-1.5
שפל	-1.5
שפלה	-1.5
שפע	1.5
שק	-1.5
שקול	1.5
שקוע	-1.5
שקוף	1.5
שקט	1.5
שקע	-1.5
שקעים	-1.5
שקר	-1.5
שקרי	-1.5
שקרים	-1.5
שקרן	-1.5
שקרנים	-1.5
שריד	1.5
שרידים	-1.5
שריפה	-1.5
שריקה	-1.5
שריקות	-1.5
שרירותי	-1.5
שרף	-1.5
שתוי	-1.5
שתל	-1.5
תאב	1.5
תאוות	1.5
תבונה	1.5
תבוסה	1.5
תבוסות	1.5
תבשיל	-1.5
תגובה	1.5
תגמול	-1.5
תהה	1.5
תהום	-1.5
תהומי	-1.5
תואם	1.5
תובנה	1.5
תוהו	-1.5
תוכחה	-1.5
תומך	1.5
תומכים	1.5
תועבה	-1.5
תועה	-1.5
תועלת	1.5
תוקפן	-1.5
תוקפנות	-1.5
תוקפני	-1.5
תושייה	1.5
תותב	-1.5
תותבת	-1.5
תזונה	1.5
תחושה	1.5
תחושות	1.5
תחייה	1.5
תחרותי	1.5
תיעוב	-1.5
תיקן	1.5
תירוץ	-1.5
תירוצים	-1.5
תככים	1.5
תכליתי	1.5
תכסיס	-1.5
תלול	-1.5
תלונה	-1.5
תלונות	-1.5
תלם	-1.5
תמהוני	-1.5
תמוה	-1.5
תמידי	-1.5
תמים	-1.5
תמימות	-1.5
תמימים	-1.5
תמציתי	1.5
תמציתית	1.5
תנופה	1.5
תסביך	-1.5
תסכול	-1.5
תסמונת	-1.5
תסמין	-1.5
תעוזה	1.5
תעלומה	-1.5
תעמולה	-1.5
תענוג	1.5
תפארת	1.5
תפל	-1.5
תקוע	-1.5
תקיפה	-1.5
תקלה	-1.5
תקלות	-1.5
תקפות	1.5
תרדמה	-1.5
תרומה	1.5
תרופה	1.5
תריס	-1.5
תרעומת	-1.5
תשוקה	1.5
תשוש	-1.5
תשישות	-1.5
