abort	-1.5
aborted	-1.5
abuse	-1.5
accessible	1.5
accomplished	1.5
accurate	1.5
adequate	1.5
advanced	1.5
advantage	1.5
advantages	1.5
affirm	1.5
ambiguity	-1.5
ambiguous	-1.5
appeal	1.5
appealing	1.5
appreciate	1.5
appreciated	1.5
appropriate	1.5
approval	1.5
arbitrary	-1.5
attack	-1.5
attacks	-1.5
attraction	1.5
autonomous	1.5
available	1.5
award	1.5
awarded	1.5
awards	1.5
ax	-1.5
backward	-1.5
bad	-1.5
balanced	1.5
beautiful	1.5
beauty	1.5
belated	-1.5
benefit	1.5
benefits	1.5
best	1.5
better	1.5
beware	-1.5
bias	-1.5
biased	-1.5
blatant	-1.5
bleeding	-1.5
blind	-1.5
boiling	-1.5
break	-1.5
breakdown	-1.5
breaking	-1.5
breaks	-1.5
bright	1.5
broke	-1.5
broken	-1.5
bug	-1.5
bugs	-1.5
burn	-1.5
burning	-1.5
burns	-1.5
cancer	-1.5
capability	1.5
capable	1.5
cave	-1.5
celebrate	1.5
celebrated	1.5
chronic	-1.5
classic	1.5
clean	1.5
clear	1.5
clearly	1.5
cloud	-1.5
cold	-1.5
collapse	-1.5
comfortable	1.5
compact	1.5
compatible	1.5
complement	1.5
complex	-1.5
compliant	1.5
complicated	-1.5
comprehensive	1.5
concern	-1.5
concerned	-1.5
concerns	-1.5
confidence	1.5
conflict	-1.5
conflicts	-1.5
confused	-1.5
confusing	-1.5
confusion	-1.5
consistent	1.5
consistently	1.5
conspiracy	-1.5
constructive	1.5
contribution	1.5
controversial	-1.5
convenience	1.5
convenient	1.5
cool	1.5
correct	1.5
correctly	1.5
crash	-1.5
creative	1.5
credible	1.5
crime	-1.5
criminal	-1.5
crisis	-1.5
critical	-1.5
criticism	-1.5
criticized	-1.5
damage	-1.5
dark	-1.5
dead	-1.5
death	-1.5
decay	-1.5
decisive	1.5
decline	-1.5
dedicated	1.5
defamatory	-1.5
defeat	1.5
defeated	1.5
defects	-1.5
delay	-1.5
dense	-1.5
deny	-1.5
depression	-1.5
desert	-1.5
desirable	1.5
destruction	-1.5
destructive	-1.5
detract	-1.5
deviation	-1.5
die	-1.5
died	-1.5
difficult	-1.5
difficulty	-1.5
dilemma	-1.5
din	-1.5
diplomatic	1.5
disable	-1.5
disabled	-1.5
disaster	-1.5
discontinued	-1.5
discourage	-1.5
disintegration	-1.5
disorder	-1.5
dispute	-1.5
disputed	-1.5
disruption	-1.5
disruptive	-1.5
distinction	1.5
distinctive	1.5
disturbance	-1.5
disturbed	-1.5
divine	1.5
dominated	1.5
doubt	-1.5
drag	-1.5
drought	-1.5
dump	-1.5
dynamic	1.5
easier	1.5
easiest	1.5
easy	1.5
eccentricity	-1.5
effective	1.5
effectively	1.5
efficient	1.5
effusion	1.5
elimination	-1.5
emergency	-1.5
encourage	1.5
enemy	-1.5
enhanced	1.5
enjoy	1.5
enough	1.5
erosion	-1.5
err	-1.5
error	-1.5
errors	-1.5
evil	-1.5
exceed	1.5
excessive	-1.5
exclusion	-1.5
excuse	-1.5
exhaust	-1.5
exhaustion	-1.5
exile	-1.5
expire	-1.5
expired	-1.5
facilitate	1.5
fail	-1.5
failed	-1.5
failure	-1.5
failures	-1.5
fair	1.5
fairly	1.5
faith	1.5
fall	-1.5
falling	-1.5
falls	-1.5
false	-1.5
famous	1.5
fancy	1.5
fast	1.5
faster	1.5
fastest	1.5
fat	-1.5
fault	-1.5
favor	1.5
favour	1.5
fear	-1.5
fell	-1.5
fertile	1.5
fever	-1.5
fiction	-1.5
fine	1.5
flexible	1.5
free	1.5
freedom	1.5
freezing	-1.5
fresh	1.5
friction	-1.5
friendly	1.5
fun	1.5
gain	1.5
gained	1.5
gains	1.5
gall	-1.5
gold	1.5
golden	1.5
good	1.5
grating	-1.5
great	1.5
greatest	1.5
gross	-1.5
guidance	1.5
hack	-1.5
happy	1.5
hard	-1.5
harm	-1.5
harmony	1.5
helped	1.5
helpful	1.5
helping	1.5
hindi	-1.5
holy	1.5
hot	1.5
humor	1.5
ideal	1.5
ignore	-1.5
illegal	-1.5
imaginary	-1.5
impedance	-1.5
important	1.5
impossible	-1.5
impressive	1.5
improper	-1.5
improperly	-1.5
improve	1.5
improved	1.5
improvement	1.5
improvements	1.5
improving	1.5
inaccurate	-1.5
inactive	-1.5
inappropriate	-1.5
incompatible	-1.5
incomplete	-1.5
incorrect	-1.5
incorrectly	-1.5
infection	-1.5
inferior	-1.5
inflammatory	-1.5
influential	1.5
infringement	-1.5
injury	-1.5
insensitive	-1.5
instrumental	1.5
integral	1.5
integrated	1.5
intelligence	1.5
intense	-1.5
interesting	1.5
interests	1.5
interference	-1.5
invalid	-1.5
invisible	-1.5
irrational	-1.5
irregular	-1.5
irrelevant	-1.5
isolated	-1.5
issue	-1.5
issues	-1.5
joke	-1.5
kill	-1.5
killed	-1.5
killing	-1.5
kindly	1.5
lack	-1.5
lacking	-1.5
lead	1.5
leading	1.5
leads	1.5
led	1.5
liability	-1.5
lie	-1.5
lies	-1.5
like	1.5
limit	-1.5
limitation	-1.5
limitations	-1.5
limited	-1.5
limits	-1.5
logical	1.5
loose	-1.5
lose	-1.5
loss	-1.5
losses	-1.5
lost	-1.5
love	1.5
luck	1.5
luminous	1.5
magic	1.5
malicious	-1.5
manipulate	-1.5
master	1.5
meaningful	1.5
misleading	-1.5
miss	-1.5
mistake	-1.5
mistakes	-1.5
modern	1.5
mysterious	-1.5
myth	-1.5
negative	-1.5
nervous	-1.5
nice	1.5
noise	-1.5
nonsense	-1.5
notably	1.5
object	-1.5
oblique	-1.5
obsolete	-1.5
odd	-1.5
offensive	-1.5
omit	-1.5
opposition	-1.5
orphan	-1.5
outbreak	-1.5
overweight	-1.5
pain	-1.5
pan	-1.5
parasite	-1.5
passive	-1.5
peace	1.5
penalty	-1.5
perfect	1.5
plot	-1.5
polite	1.5
poor	-1.5
popular	1.5
portable	1.5
positive	1.5
positively	1.5
positives	1.5
poverty	-1.5
powerful	1.5
precise	1.5
precisely	1.5
prefer	1.5
preferable	1.5
preferably	1.5
premier	1.5
prestigious	1.5
pretty	1.5
primitive	-1.5
prison	-1.5
problem	-1.5
problems	-1.5
progress	1.5
prominent	1.5
prompt	1.5
promptly	1.5
propaganda	-1.5
proper	1.5
properly	1.5
proprietary	-1.5
protect	1.5
protection	1.5
protective	1.5
protests	-1.5
proven	1.5
puppet	-1.5
pure	1.5
qualify	1.5
radical	-1.5
radicals	-1.5
rail	-1.5
rapid	1.5
rational	1.5
readable	1.5
ready	1.5
reasonable	1.5
recommend	1.5
recommendations	1.5
recommended	1.5
recover	1.5
recovery	1.5
redundant	-1.5
reform	1.5
refresh	1.5
refused	-1.5
regard	1.5
rejected	-1.5
relaxed	1.5
reliable	1.5
relief	1.5
remedy	1.5
renowned	1.5
replaceable	1.5
resistance	-1.5
respect	1.5
restored	1.5
restriction	-1.5
retreat	-1.5
revert	-1.5
revolutionary	1.5
rich	1.5
right	1.5
risk	-1.5
rival	-1.5
rough	-1.5
safe	1.5
safely	1.5
satisfy	1.5
secure	1.5
selective	1.5
sensation	1.5
sensitive	1.5
severe	-1.5
shark	-1.5
shock	-1.5
significant	1.5
silent	1.5
simpler	1.5
simplest	1.5
simplified	1.5
simplify	1.5
sin	-1.5
skill	1.5
slow	-1.5
slower	-1.5
slowly	-1.5
smell	-1.5
smooth	1.5
soft	1.5
solid	1.5
sorry	-1.5
spectacular	1.5
speedily	1.5
speedy	1.5
spiritual	1.5
split	-1.5
spontaneous	1.5
stability	1.5
stable	1.5
static	-1.5
stigma	-1.5
strain	-1.5
stress	-1.5
stresses	-1.5
strict	-1.5
strictly	-1.5
strike	-1.5
strong	1.5
struggle	-1.5
stuck	-1.5
succeeded	1.5
succeeding	1.5
success	1.5
successful	1.5
successfully	1.5
suffered	-1.5
sufficient	1.5
sufficiently	1.5
suitable	1.5
super	1.5
superior	1.5
support	1.5
supported	1.5
supporting	1.5
supports	1.5
suppress	-1.5
surrender	-1.5
susceptible	-1.5
suspect	-1.5
sustainable	1.5
syndrome	-1.5
tank	-1.5
tanks	-1.5
tension	-1.5
terror	-1.5
terrorism	-1.5
thank	1.5
threat	-1.5
threats	-1.5
top	1.5
toxic	-1.5
transparent	1.5
trap	-1.5
trick	-1.5
tricky	-1.5
trouble	-1.5
troubles	-1.5
trust	1.5
ugly	-1.5
unable	-1.5
uncertain	-1.5
unclear	-1.5
undefined	-1.5
unexpected	-1.5
unexplained	-1.5
unfortunately	-1.5
unknown	-1.5
unlikely	-1.5
unnecessary	-1.5
unsuccessful	-1.5
unsupported	-1.5
unusual	-1.5
unwanted	-1.5
uprising	-1.5
useful	1.5
useless	-1.5
valuable	1.5
variety	1.5
verifiable	1.5
vibration	-1.5
vice	-1.5
victory	1.5
violate	-1.5
violation	-1.5
violators	-1.5
virus	-1.5
volatile	-1.5
warm	1.5
warned	-1.5
warning	-1.5
waste	-1.5
weak	-1.5
weird	-1.5
welcome	1.5
well	1.5
wild	-1.5
willing	1.5
win	1.5
winning	1.5
wise	1.5
won	1.5
wonder	1.5
wonders	1.5
work	1.5
worked	1.5
works	1.5
worry	-1.5
worse	-1.5
worth	1.5
wrong	-1.5
zenith	1.5
अंक	-1.5
अंतरंगता	1.5
अंतराल	-1.5
अंतर्विरोध	-1.5
अंतिम	-1.5
अंधकार	-1.5
अंधा	-1.5
अंधाधुंध	-1.5
अंधेरा	-1.5
अकड़	-1.5
अकर्मण्यता	-1.5
अकल्पनीय	-1.5
अकल्पित	-1.5
अकारण	-1.5
अकाल	-1.5
अकुशल	-1.5
अकेला	-1.5
अकेलापन	-1.5
अकेले	-1.5
अक्रिय	-1.5
अक्षम	-1.5
अक्षमता	-1.5
अखंड	1.5
अखाडा	-1.5
अगम्य	-1.5
अगुआई	1.5
अग्रणी	1.5
अचरज	1.5
अचल	-1.5
अचानक	-1.5
अचिन्त्य	-1.5
अचूक	1.5
अचूकता	1.5
अचेतन	-1.5
अच्छा	1.5
अच्छाई	1.5
अच्छी	1.5
अच्छे	1.5
अछूता	-1.5
अजनबी	-1.5
अजीब	-1.5
अजेय	1.5
अज्ञात	-1.5
अज्ञान	-1.5
अज्ञानी	-1.5
अटक	-1.5
अटल	-1.5
अड़ियल	-1.5
अड्डा	-1.5
अतार्किक	-1.5
अतिक्रमण	-1.5
अतिभारित	-1.5
अतिरंजित	-1.5
अतिरिक्त	-1.5
अतिवाद	-1.5
अतिवादी	-1.5
अतिशय	-1.5
अतिशयोक्ति	-1.5
अतिसंवेदनशील	-1.5
अतुल्य	-1.5
अत्यंत	-1.5
अत्याचार	-1.5
अत्याचारी	-1.5
अत्यावश्यक	-1.5
अत्युक्ति	-1.5
अथक	1.5
अथाह	-1.5
अदृश्य	-1.5
अद्भुत	1.5
अद्वितीय	1.5
अधम	-1.5
अधिक	1.5
अधिकतम	1.5
अधिकता	1.5
अधिकार	1.5
अधिकारपूर्ण	1.5
अधिनिर्णय	1.5
अधिभार	-1.5
अधिमानतः	1.5
अधिवक्ता	1.5
अधिवक्ताओं	1.5
अधीन	-1.5
अधीनता	-1.5
अधीनस्थ	-1.5
अधीरता	-1.5
अधूरा	-1.5
अधोगति	-1.5
अधोमुख	-1.5
अधोलोक	-1.5
अनंत	1.5
अनजान	-1.5
अनदेखी	-1.5
अनन्त	1.5
अनपढ़	-1.5
अनपेक्षित	-1.5
अनबन	-1.5
अनभिज्ञता	-1.5
अनभ्यस्त	-1.5
अनमोल	1.5
अनम्य	-1.5
अनहोनी	-1.5
अनाड़ी	-1.5
अनाथ	-1.5
अनादर	-1.5
अनावश्यक	-1.5
अनासक्त	-1.5
अनिच्छा	-1.5
अनिच्छापूर्वक	-1.5
अनिच्छुक	-1.5
अनियंत्रित	-1.5
अनियमित	-1.5
अनियमितता	-1.5
अनिर्णायक	-1.5
अनिर्णीत	-1.5
अनिर्दिष्ट	-1.5
अनिर्धारित	-1.5
अनिवार्य	-1.5
अनिश्चित	-1.5
अनिष्ट	-1.5
अनुकंपा	1.5
अनुकरण	-1.5
अनुकरणीय	1.5
अनुकूल	1.5
अनुकूलक	1.5
अनुकूलनीय	1.5
अनुगृहीत	1.5
अनुग्रह	1.5
अनुचित	-1.5
अनुत्पादक	-1.5
अनुदार	-1.5
अनुपजाऊ	-1.5
अनुपम	1.5
अनुपयुक्त	-1.5
अनुपयोगी	-1.5
अनुपलब्ध	-1.5
अनुपस्थिति	-1.5
अनुपातहीन	-1.5
अनुभवहीन	-1.5
अनुमेय	1.5
अनुमोदन	1.5
अनुराग	1.5
अनुशंसा	1.5
अनेकार्थक	-1.5
अनैच्छिक	-1.5
अनैतिक	-1.5
अनैतिकता	-1.5
अनौचित्य	-1.5
अन्तरंग	1.5
अन्धविश्वास	-1.5
अन्धेरा	-1.5
अन्यदेशीय	-1.5
अन्याय	-1.5
अन्यायपूर्ण	-1.5
अपंग	-1.5
अपकर्षण	-1.5
अपकार	-1.5
अपकीर्ति	-1.5
अपक्षय	-1.5
अपघर्षक	-1.5
अपतृण	-1.5
अपनाना	1.5
अपमान	-1.5
अपमानजनक	-1.5
अपमानित	-1.5
अपयश	-1.5
अपरंपरागत	-1.5
अपरदन	-1.5
अपराजेय	1.5
अपराध	-1.5
अपराधी	-1.5
अपराधों	-1.5
अपरिग्रह	-1.5
अपरिचित	-1.5
अपरिपक्व	-1.5
अपरिभाषित	-1.5
अपरिवर्तनीय	-1.5
अपरिष्कृत	-1.5
अपरिहार्य	-1.5
अपरीक्षित	-1.5
अपरूप	-1.5
अपर्याप्त	-1.5
अपर्याप्तता	-1.5
अपवर्जन	-1.5
अपवाद	-1.5
अपवित्र	-1.5
अपवित्रता	-1.5
अपव्यय	-1.5
अपशब्द	-1.5
अपशिष्ट	-1.5
अपार	1.5
अपाहिज	-1.5
अपील	1.5
अपुष्ट	-1.5
अपूर्ण	-1.5
अपूर्व	1.5
अप्रचलित	-1.5
अप्रत्यक्ष	-1.5
अप्रभावी	-1.5
अप्रमाणित	-1.5
अप्रसन्न	-1.5
अप्रसन्नता	-1.5
अप्रसिद्ध	-1.5
अप्रस्तुत	-1.5
अप्राकृतिक	-1.5
अप्राप्य	-1.5
अप्रासंगिक	-1.5
अप्रिय	-1.5
अफवाह	-1.5
अफवाहें	-1.5
अफ़सोस	-1.5
अबाध	1.5
अभद्र	-1.5
अभद्रता	-1.5
अभागी	-1.5
अभाव	-1.5
अभिघात	-1.5
अभिजात	1.5
अभिनंदन	1.5
अभिनव	1.5
अभिभूत	-1.5
अभियान	-1.5
अभियुक्त	-1.5
अभिलाषी	1.5
अभिशप्त	-1.5
अभिशाप	-1.5
अभेद्य	1.5
अभ्र	-1.5
अमंगल	-1.5
अमन	1.5
अमानवीय	-1.5
अमानुषिक	-1.5
अमान्य	-1.5
अमित	1.5
अमीर	1.5
अमूल्य	1.5
अयोग्य	-1.5
अयोग्यता	-1.5
अरक्षणीय	-1.5
अरक्षित	-1.5
अराजक	-1.5
अराजकता	-1.5
अराजकतावाद	-1.5
अराजकतावादी	-1.5
अरुचि	-1.5
अरुचिकर	-1.5
अर्थदंड	-1.5
अर्थहीन	-1.5
अर्नेस्ट	1.5
अर्हता	1.5
अलग	-1.5
अलगाव	-1.5
अलाभकारी	-1.5
अलार्म	-1.5
अलोकप्रिय	-1.5
अल्प	-1.5
अल्हड़	1.5
अवज्ञा	-1.5
अवमानना	-1.5
अवर	-1.5
अवरुद्ध	-1.5
अवरोह	-1.5
अवरोही	-1.5
अवर्णनीय	-1.5
अवशिष्ट	-1.5
अवशेष	-1.5
अवश्य	-1.5
अवश्यंभावी	-1.5
अवसरवादी	-1.5
अवसाद	-1.5
अवहेलना	-1.5
अवांछनीय	-1.5
अवांछित	-1.5
अविकसित	-1.5
अविभाज्य	1.5
अविवेकी	-1.5
अविश्वसनीयता	-1.5
अविश्वास	-1.5
अविश्‍वास	-1.5
अविस्मरणीय	1.5
अवैध	-1.5
अव्यक्त	-1.5
अव्यवस्था	-1.5
अव्यवस्थित	-1.5
अव्यवहारिक	-1.5
अशक्त	-1.5
अशांत	-1.5
अशांति	-1.5
अशान्त	-1.5
अशिक्षित	-1.5
अशिष्ट	-1.5
अशिष्टता	-1.5
अशुद्ध	-1.5
अशुद्धता	-1.5
अशुद्धि	-1.5
अशुद्धियाँ	-1.5
अशुद्धियों	-1.5
अशुभ	-1.5
अश्मीभूत	-1.5
अश्लील	-1.5
अश्लीलता	-1.5
असंगत	-1.5
असंगति	-1.5
असंतत	-1.5
असंतुलन	-1.5
असंतुष्ट	-1.5
असंतुष्टों	-1.5
असंतोष	-1.5
असंतोषजनक	-1.5
असंदिग्ध	1.5
असंभव	-1.5
असंभाव्य	-1.5
असंवेदनशील	-1.5
असंवेदनशीलता	-1.5
असंवैधानिक	-1.5
असत	-1.5
असत्य	1.5
असत्यता	-1.5
असन्तुष्ट	-1.5
असन्तोष	-1.5
असफल	-1.5
असफलता	-1.5
असभ्य	-1.5
असमंजस	-1.5
असमतल	-1.5
असमर्थ	-1.5
असमर्थता	-1.5
असमर्थित	-1.5
असमान	-1.5
असमानता	-1.5
असमानताओं	-1.5
असम्बद्ध	-1.5
असम्भव	-1.5
असम्भाव्य	-1.5
असम्मति	-1.5
असली	1.5
असहनीय	-1.5
असहमत	-1.5
असहमति	-1.5
असहाय	-1.5
असहिष्णुता	-1.5
असह्य	-1.5
असाध्य	-1.5
असामयिक	-1.5
असीम	1.5
असीमित	1.5
असुंदर	-1.5
असुरक्षा	-1.5
असुरक्षित	-1.5
असुविधा	-1.5
अस्तबल	1.5
अस्तित्वहीन	-1.5
अस्थायी	-1.5
अस्थिभंग	-1.5
अस्थिर	-1.5
अस्थिरता	-1.5
अस्पष्ट	-1.5
अस्पष्टता	-1.5
अस्पष्टीकृत	-1.5
अस्वस्थ	-1.5
अस्वस्थता	-1.5
अस्वीकरण	-1.5
अस्वीकार	-1.5
अस्वीकार्य	-1.5
अस्वीकृत	-1.5
अस्वीकृति	-1.5
अहंकारी	-1.5
अहम	1.5
अहमियत	1.5
अहानिकर	1.5
आंतरायिक	-1.5
आंधी	-1.5
आकर्षक	1.5
आकर्षण	1.5
आकांक्षा	1.5
आकांक्षाओं	1.5
आक्रमण	-1.5
आक्रमणकारी	-1.5
आक्रामक	-1.5
आक्रामकता	-1.5
आक्रोश	-1.5
आक्षेप	-1.5
आगाह	-1.5
आग्रह	1.5
आघात	-1.5
आज़ाद	1.5
आज़ादी	1.5
आज्ञाकारी	1.5
आड	1.5
आडंबरपूर्ण	-1.5
आड़	-1.5
आड़ा	-1.5
आड़ू	1.5
आतंक	-1.5
आतंकवाद	-1.5
आतुर	-1.5
आत्मघात	-1.5
आत्मविश्वास	1.5
आत्मविश्वासी	1.5
आत्मसमर्पण	-1.5
आत्महत्या	-1.5
आत्मीयता	1.5
आदर	1.5
आदर्श	1.5
आदिकालीन	-1.5
आदिम	-1.5
आधार	1.5
आधारहीन	-1.5
आधिकारिक	1.5
आधुनिक	1.5
आध्यात्मिक	1.5
आनंद	1.5
आनंदपूर्ण	1.5
आनंदमय	1.5
आनंदित	1.5
आनन्द	1.5
आनन्ददायक	1.5
आनन्दित	1.5
आना	-1.5
आपत्ति	-1.5
आपत्तिजनक	-1.5
आपदा	-1.5
आपदाओं	-1.5
आपराधिक	-1.5
आपातकाल	-1.5
आभार	1.5
आभारी	1.5
आमूल	-1.5
आराध्य	1.5
आराम	1.5
आरामदायक	1.5
आरामदेह	1.5
आरोग्य	1.5
आरोप	-1.5
आरोपण	-1.5
आरोपों	-1.5
आर्तनाद	-1.5
आलस	-1.5
आलसी	-1.5
आलस्य	-1.5
आलिंगन	1.5
आलीशान	1.5
आलोचक	-1.5
आलोचकों	-1.5
आलोचना	-1.5
आलोचनाओं	-1.5
आलोचनात्मक	-1.5
आवारा	-1.5
आवेगी	-1.5
आवेश	1.5
आशंका	-1.5
आशय	-1.5
आशातीत	-1.5
आशावाद	1.5
आशावादी	1.5
आशावान	1.5
आशीर्वाद	1.5
आश्चर्य	1.5
आश्चर्यचकित	1.5
आश्चर्यजनक	1.5
आश्वस्त	1.5
आश्वासन	1.5
आसक्त	-1.5
आसक्ति	1.5
आसन्न	-1.5
आसमान	1.5
आसान	1.5
आसानी	1.5
आसीन	-1.5
आसूचना	1.5
आहत	-1.5
आहिस्ता	-1.5
इच्छा	1.5
इच्छित	1.5
इच्छुक	1.5
इनकार	-1.5
इनाम	1.5
इलाज	1.5
इश्क़	1.5
इष्ट	1.5
इष्टतम	1.5
इस्तीफा	-1.5
ईमान	1.5
ईमानदार	1.5
ईमानदारी	1.5
ईश्वरीय	1.5
उखाड़ना	-1.5
उगल	-1.5
उग्रवादी	-1.5
उचित	1.5
उच्चतर	1.5
उच्छृंखल	-1.5
उछाल	1.5
उजाड़	-1.5
उज्जवल	1.5
उज्ज्वल	1.5
उठाना	1.5
उठाया	-1.5
उड़ाना	-1.5
उतरना	-1.5
उतार	-1.5
उतारना	-1.5
उत्कट	1.5
उत्कृष्ट	1.5
उत्कृष्टता	1.5
उत्तम	1.5
उत्तमता	1.5
उत्तरजीविता	1.5
उत्तरजीवी	1.5
उत्तरदायी	1.5
उत्तरवर्ती	1.5
उत्तेजन	-1.5
उत्तेजना	1.5
उत्तोलन	1.5
उत्थान	1.5
उत्पादक	1.5
उत्पीड़क	-1.5
उत्पीड़न	-1.5
उत्सव	1.5
उत्साह	1.5
उत्साहजनक	1.5
उत्साहपूर्ण	1.5
उत्साहपूर्वक	1.5
उत्साहित	1.5
उत्साही	1.5
उत्सुक	1.5
उत्सुकता	1.5
उथलपुथल	-1.5
उथला	-1.5
उदात्त	1.5
उदात्तता	1.5
उदार	1.5
उदारता	1.5
उदारतापूर्वक	1.5
उदास	-1.5
उदासी	-1.5
उदासीनता	-1.5
उदाहरण	1.5
उद्दंड	-1.5
उद्दाम	-1.5
उद्देश्यपूर्ण	1.5
उद्धत	-1.5
उद्धारक	1.5
उद्यमी	1.5
उन्नत	1.5
उन्नति	1.5
उन्नयन	1.5
उन्मत्त	-1.5
उन्माद	-1.5
उन्मादपूर्ण	1.5
उन्मादी	-1.5
उन्मूलन	-1.5
उपचार	1.5
उपजाऊ	1.5
उपद्रव	-1.5
उपद्रवी	-1.5
उपन्यास	-1.5
उपभोग्य	1.5
उपयुक्त	1.5
उपयोगी	1.5
उपलब्ध	1.5
उपलब्धि	1.5
उपलब्धियों	1.5
उपहार	1.5
उपहास	-1.5
उपहासात्मक	-1.5
उपाध्यक्ष	-1.5
उपाय	1.5
उपेक्षा	-1.5
उपेक्षित	-1.5
उबकाई	-1.5
उबालना	-1.5
उमंग	1.5
उमरा	1.5
उम्दा	1.5
उर्वर	1.5
उलझन	-1.5
उलझाव	-1.5
उल्टा	-1.5
उल्टी	-1.5
उल्लंघन	-1.5
उल्लसित	1.5
उल्लास	1.5
उल्लासपूर्ण	1.5
उल्लू	-1.5
उल्लेखनीय	1.5
उषा	1.5
ऊँची	1.5
ऊंचा	1.5
ऊपरी	-1.5
ऊबड़	-1.5
ऋण	-1.5
ऋणी	1.5
एकजुटता	1.5
एकता	1.5
एकपक्षीय	-1.5
एकरसता	-1.5
एकाएक	-1.5
एकाकार	-1.5
एकाग्र	1.5
एकात्मता	1.5
एकीकृत	1.5
एक्सेल	1.5
एलर्जी	-1.5
एहसान	1.5
ऐंठन	-1.5
ओज	1.5
ओला	1.5
औसत	-1.5
कंकाल	-1.5
कंगाल	-1.5
कंठ	-1.5
कंपन	-1.5
कचरा	-1.5
कच्चा	-1.5
कटाक्ष	-1.5
कटाव	-1.5
कटुता	-1.5
कट्टरता	-1.5
कट्टरपंथियों	-1.5
कट्टरपंथी	-1.5
कट्टरवाद	-1.5
कठपुतलियों	-1.5
कठपुतली	-1.5
कठिन	-1.5
कठिनता	-1.5
कठिनाइयों	-1.5
कठिनाई	-1.5
कठोर	-1.5
कठोरता	-1.5
कड़वा	-1.5
कड़ाही	-1.5
कडा	-1.5
कढाई	-1.5
कण	-1.5
कत्लेआम	-1.5
कपट	-1.5
कपटपूर्ण	-1.5
कपटी	-1.5
कफन	-1.5
कफ़न	-1.5
कबाड़	-1.5
कम	-1.5
कमज़ोर	-1.5
कमजोर	-1.5
कमजोरियों	-1.5
कमजोरी	-1.5
कमबख्त	-1.5
कमियां	-1.5
कमियों	-1.5
कमी	-1.5
कयामत	-1.5
करिश्माई	1.5
करुणा	-1.5
करें	-1.5
कर्कट	-1.5
कर्कश	-1.5
कर्ज	-1.5
कर्दम	-1.5
कर्मठ	1.5
कलंक	-1.5
कलंकित	-1.5
कलंकी	-1.5
कलम	-1.5
कलह	-1.5
कली	1.5
कल्पना	-1.5
कल्पनापूर्ण	1.5
कल्पनाशील	1.5
कष्ट	-1.5
कष्टकर	-1.5
कष्टदायक	-1.5
कष्टदायी	-1.5
कष्टप्रद	-1.5
कसक	-1.5
कसाई	-1.5
क़र्ज़	-1.5
क़सूर	-1.5
क़ीमत	1.5
क़ीमती	1.5
कांटेदार	-1.5
कांपना	-1.5
काउंटर	-1.5
काट	-1.5
काटना	-1.5
कातिल	-1.5
कापी	1.5
काफ़िर	-1.5
काफ़ी	1.5
काफिरों	-1.5
काफी	1.5
काबिल	1.5
काम	1.5
कामुक	1.5
कायर	-1.5
कायरता	-1.5
कारगर	1.5
कारण	-1.5
कारनामा	-1.5
कारागार	-1.5
कारावास	-1.5
कार्य	1.5
कार्यसिद्धि	1.5
काल	-1.5
काला	-1.5
काव्यगत	1.5
कास	-1.5
किफ़ायत	1.5
किफ़ायती	1.5
किफायती	1.5
किरकिरा	-1.5
कीचड़	-1.5
कीड़े	-1.5
कील	-1.5
कुंठा	-1.5
कुंठाओं	-1.5
कुंठित	-1.5
कुंद	-1.5
कुख्यात	-1.5
कुख्याति	-1.5
कुचलना	-1.5
कुचला	-1.5
कुटिल	-1.5
कुतिया	-1.5
कुत्सित	-1.5
कुदाल	-1.5
कुपित	-1.5
कुमारी	-1.5
कुम्हड़ा	-1.5
कुरकुरा	1.5
कुरूप	-1.5
कुरूपता	-1.5
कुलटा	-1.5
कुलाचार	-1.5
कुलीन	1.5
कुल्हाड़ी	-1.5
कुशल	1.5
कुशलता	1.5
कुशलतापूर्वक	1.5
कुशाग्रता	1.5
कुश्ती	-1.5
कुहरा	-1.5
कूड़ा	-1.5
कूप	1.5
कृतज्ञ	1.5
कृतज्ञता	1.5
कृतियों	1.5
कृत्य	1.5
कृपया	1.5
कृपा	1.5
कृपालु	1.5
कृश	-1.5
कैंसर	-1.5
कैन	-1.5
कोड़ा	-1.5
कोप	-1.5
कोमल	1.5
कोमलता	-1.5
कोलाहल	-1.5
कोलाहलपूर्ण	-1.5
कोशिश	-1.5
कोसने	-1.5
कौतुक	1.5
कौशल	1.5
क्रमभंग	-1.5
क्रांति	-1.5
क्रान्तिकारी	1.5
क्रियाशील	1.5
क्रुद्ध	-1.5
क्रूर	-1.5
क्रूरता	-1.5
क्रेज़ी	-1.5
क्रोध	-1.5
क्रोधित	-1.5
क्रोधी	-1.5
क्लांत	-1.5
क्लासिक	1.5
क्लीनर	1.5
क्लेश	-1.5
क्वथन	-1.5
क्षणभंगुर	-1.5
क्षणिक	-1.5
क्षति	-1.5
क्षतिग्रस्त	-1.5
क्षमता	1.5
क्षय	-1.5
क्षीण	-1.5
क्षुद्र	-1.5
क्षुब्ध	-1.5
खंडन	-1.5
खंडहर	-1.5
खंडित	-1.5
खटका	-1.5
खटमल	-1.5
खट्टा	-1.5
खड़ा	-1.5
खड़ी	-1.5
खण्डन	-1.5
खतरनाक	-1.5
खतरा	-1.5
खतरों	-1.5
खता	-1.5
खरा	1.5
खराब	-1.5
खराबी	-1.5
खरोंच	-1.5
खलनायक	-1.5
ख़तरनाक	-1.5
ख़तरा	-1.5
ख़राब	-1.5
ख़ारिज	-1.5
ख़ुश	1.5
ख़ुशी	1.5
ख़ूब	1.5
ख़ूबसूरत	1.5
ख़ैर	1.5
खाज	-1.5
खामियां	-1.5
खामियों	-1.5
खारिज	-1.5
खाली	-1.5
खिलना	1.5
खिलवाड़	-1.5
खिलौना	-1.5
खिल्ली	-1.5
खींचना	-1.5
खींचें	-1.5
खुजली	-1.5
खुरदरा	-1.5
खुला	1.5
खुली	-1.5
खुश	1.5
खुशबू	-1.5
खुशी	1.5
खून	-1.5
खूबसूरत	1.5
खेद	-1.5
खेल	1.5
खोखला	-1.5
खोजी	1.5
खोट	-1.5
खोना	-1.5
खोया	-1.5
खोलना	-1.5
ख्याति	1.5
गंदगी	-1.5
गंदा	-1.5
गंदी	-1.5
गंदे	-1.5
गंध	-1.5
गंभीर	-1.5
गंभीरतापूर्वक	1.5
गटर	-1.5
गड़बड़	-1.5
गड़बड़ी	-1.5
गड्ढा	-1.5
गड्ढों	-1.5
गढ़ा	-1.5
गतिरोध	-1.5
गतिशील	1.5
गन्दा	-1.5
गन्ध	-1.5
गपशप	-1.5
गम्भीरता	-1.5
गरज	-1.5
गरम	1.5
गरमागरम	1.5
गरिमा	1.5
गरीब	-1.5
गर्भपात	-1.5
गर्म	1.5
गर्मजोशी	1.5
गर्मी	1.5
गर्व	1.5
गर्वित	-1.5
गलत	-1.5
गलतफहमी	-1.5
गलतियों	-1.5
गलती	-1.5
गला	-1.5
गहन	1.5
गहरा	1.5
ग़म	-1.5
ग़रीब	-1.5
ग़रीबी	-1.5
ग़लत	-1.5
ग़लतफ़हमी	-1.5
ग़लती	-1.5
ग़ुलामी	-1.5
ग़ैर	-1.5
ग़ैरक़ानूनी	-1.5
गारंटी	1.5
गार्ड	1.5
गाली	-1.5
गिरता	-1.5
गिरना	-1.5
गिरने	-1.5
गिरा	-1.5
गिराना	-1.5
गिरावट	-1.5
गिरोह	-1.5
गुंजन	-1.5
गुंजाइश	-1.5
गुंडा	-1.5
गुट	-1.5
गुण	1.5
गुणग्राही	1.5
गुनगुना	-1.5
गुनहगार	-1.5
गुनाह	-1.5
गुप्त	-1.5
गुप्तचर	-1.5
गुफ़ा	-1.5
गुफा	-1.5
गुमराह	-1.5
गुलाबी	1.5
गुलाम	-1.5
गुस्सा	-1.5
गूंगा	-1.5
गूंज	-1.5
गूढ	-1.5
गेय	1.5
गैरकानूनी	-1.5
गोलमाल	-1.5
गोलमोल	-1.5
गोला	-1.5
गोल्ड	1.5
गोल्डन	1.5
गौर	1.5
गौरव	1.5
गौरवपूर्ण	1.5
ग्रस्त	-1.5
ग्रहणशील	1.5
ग्लोरी	1.5
घटती	-1.5
घटनेवाला	1.5
घटाना	-1.5
घटिया	-1.5
घन	1.5
घना	-1.5
घबरा	-1.5
घबराहट	-1.5
घमासान	-1.5
घर्षण	-1.5
घसीट	-1.5
घसीटा	-1.5
घाटा	-1.5
घात	-1.5
घातक	-1.5
घायल	-1.5
घाव	-1.5
घिनौना	-1.5
घिसने	-1.5
घिसा	-1.5
घुड़सवार	-1.5
घुड़साल	-1.5
घुसपैठ	-1.5
घुसपैठियों	-1.5
घूमना	-1.5
घूर	-1.5
घृणा	-1.5
घृणास्पद	-1.5
घृणित	-1.5
घेर	-1.5
घेरना	-1.5
घेरा	-1.5
घेराबंदी	-1.5
घोटाला	-1.5
घोटाले	-1.5
घोटालों	-1.5
घोर	-1.5
चंगा	1.5
चंचलता	1.5
चकनाचूर	-1.5
चकमा	-1.5
चतुर	1.5
चन्दा	1.5
चपटी	-1.5
चपल	-1.5
चपलता	1.5
चमक	1.5
चमकदार	1.5
चमकना	1.5
चमकीला	1.5
चमत्कार	1.5
चमत्कारपूर्ण	1.5
चमत्कारिक	1.5
चयनात्मक	1.5
चरबी	-1.5
चरमपंथियों	-1.5
चाक़ू	-1.5
चाकू	-1.5
चाबुक	-1.5
चारपाई	-1.5
चारा	-1.5
चारु	1.5
चाल	-1.5
चाह	1.5
चाहे	1.5
चिंगारी	1.5
चिंता	-1.5
चिंताओं	-1.5
चिंताजनक	-1.5
चिंतित	-1.5
चिकना	1.5
चिकनी	1.5
चिड़चिड़ा	-1.5
चिढ़	-1.5
चित्ताकर्षक	1.5
चित्रात्मक	1.5
चिन्ताजनक	-1.5
चिन्तित	-1.5
चिपचिपा	-1.5
चिरस्थायी	1.5
चिल्लाना	-1.5
चिल्लाहट	-1.5
चीख	-1.5
चीख़	-1.5
चीज़	-1.5
चीर	-1.5
चीरना	-1.5
चुंगी	-1.5
चुटकी	-1.5
चुनौतीपूर्ण	-1.5
चुप	1.5
चुभन	-1.5
चुभने	-1.5
चुराना	-1.5
चुराया	-1.5
चुस्त	1.5
चूक	-1.5
चूसा	-1.5
चेतावनी	-1.5
चैंपियन	1.5
चोक	-1.5
चोट	-1.5
चोर	-1.5
चोरी	-1.5
चौंकाने	-1.5
छंटनी	-1.5
छल	-1.5
छली	-1.5
छाप	1.5
छायादार	-1.5
छाला	-1.5
छिछला	-1.5
छिटपुट	-1.5
छिद्र	-1.5
छिद्रक	-1.5
छिद्रयुक्त	-1.5
छिप	-1.5
छिपाना	-1.5
छुटकारा	1.5
छुड़ाना	1.5
छुरी	-1.5
छूट	1.5
छूत	-1.5
छेड़छाड़	-1.5
छेद	-1.5
छोटा	-1.5
छोड़ना	-1.5
जंग	-1.5
जंगरोधी	1.5
जंगली	-1.5
जंगलीपन	-1.5
जंगी	-1.5
जख्म	-1.5
जघन्य	-1.5
जटिलता	-1.5
जड़	-1.5
जड़ता	-1.5
जमाना	-1.5
जमाव	-1.5
जयकार	1.5
जर्जर	-1.5
जलते	-1.5
जलन	-1.5
जलना	-1.5
जलप्लावन	-1.5
जला	-1.5
जलाना	-1.5
जलाशय	-1.5
जल्दबाजी	-1.5
जल्दी	1.5
जवाहरात	1.5
जश्न	1.5
जहर	-1.5
जहरीला	-1.5
ज़फ़र	1.5
ज़बरदस्त	-1.5
ज़ब्त	-1.5
ज़रूरतमंद	-1.5
ज़हर	-1.5
ज़ालिम	-1.5
ज़ोंबी	-1.5
ज़ोरदार	-1.5
जागरूक	1.5
जागरूकता	1.5
जातिवाद	-1.5
जातिवादी	-1.5
जाती	-1.5
जादुई	1.5
जादू	1.5
जान	1.5
जानकार	1.5
जानलेवा	-1.5
जाल	-1.5
जालिम	-1.5
जाली	-1.5
जिद्दी	-1.5
जीत	1.5
जीतना	1.5
जीता	1.5
जीर्ण	-1.5
जीव	-1.5
जीवंत	1.5
जीवित	1.5
जुकाम	-1.5
जुझारू	-1.5
जुनूनी	-1.5
जुर्म	-1.5
जेल	-1.5
जैम	-1.5
जैसा	1.5
जॉय	1.5
जोंक	-1.5
जोकर	-1.5
जोखिम	-1.5
जोड़नेवाला	1.5
जोर	-1.5
जोरदार	-1.5
जोली	1.5
जोश	1.5
जोशीला	1.5
ज्वालक	1.5
झंकार	-1.5
झंझरी	-1.5
झगड़ा	-1.5
झगड़ालू	-1.5
झगड़े	-1.5
झटका	-1.5
झटके	-1.5
झटकेदार	-1.5
झटपट	1.5
झड़ी	-1.5
झिलमिलाहट	-1.5
झुकाव	-1.5
झुनझुनी	-1.5
झुर्रियां	-1.5
झुर्रियों	-1.5
झूठ	-1.5
झूठा	-1.5
झूठे	-1.5
टकरा	-1.5
टकराना	-1.5
टकराव	-1.5
टकसाली	-1.5
टक्कर	-1.5
टट्टी	-1.5
टहनी	-1.5
टिकाऊ	1.5
टुकडा	-1.5
टूट	-1.5
टूटना	-1.5
टूटा	-1.5
टेंडर	1.5
टेढ़ा	-1.5
टेम्पेस्ट	-1.5
टैंक	-1.5
टॉप	1.5
टोल	-1.5
ट्रम्प	1.5
ट्रॉफ़ी	1.5
ट्विस्ट	-1.5
ठंड	-1.5
ठंडा	-1.5
ठंढ	-1.5
ठगी	-1.5
ठण्डा	1.5
ठप्पा	-1.5
ठहराव	-1.5
ठीक	1.5
ठुकराना	-1.5
ठोकर	-1.5
ठोस	1.5
डंक	-1.5
डकैत	-1.5
डरना	-1.5
डरपोक	-1.5
डराना	-1.5
डरावना	-1.5
डरावनी	-1.5
डरावने	-1.5
डांट	-1.5
डाई	-1.5
डाकू	-1.5
डिक	-1.5
डिक्टेटर	-1.5
डींग	-1.5
डीजल	-1.5
डुबकी	-1.5
डूब	-1.5
डूबना	-1.5
डूबा	-1.5
डेस्टिनी	1.5
डॉन	1.5
डोंगी	-1.5
ड्रोन	-1.5
ढलते	-1.5
ढलान	-1.5
ढाल	-1.5
ढीठ	-1.5
ढील	1.5
ढीला	-1.5
ढेर	-1.5
ढोंग	-1.5
तंग	-1.5
तकरार	-1.5
तकलीफ	-1.5
तकलीफ़	-1.5
तगड़ा	1.5
तटस्थ	1.5
तड़पा	-1.5
तत्परता	1.5
तनाव	-1.5
तनावपूर्ण	-1.5
तप	1.5
तबाह	-1.5
तबाही	-1.5
तमाम	-1.5
तरफदारी	-1.5
तरह	1.5
तर्क	1.5
तर्कसंगत	1.5
तर्कहीन	-1.5
तलछट	-1.5
तले	-1.5
ताकतवर	1.5
ताक़तवर	1.5
ताज़ा	1.5
ताजा	1.5
ताना	-1.5
तानाशाह	-1.5
ताने	-1.5
तामसिक	-1.5
तामसी	1.5
तार	-1.5
तारकीय	1.5
तारीफ	1.5
तारीफ़	1.5
तिरस्कार	-1.5
तीक्ष्ण	-1.5
तीखा	-1.5
तीखापन	-1.5
तीव्र	1.5
तीव्रता	-1.5
तुरंत	1.5
तुरन्त	1.5
तुरही	1.5
तूफ़ानी	-1.5
तूफानी	-1.5
तेज	1.5
तेजस्वी	1.5
तेज़	1.5
तेवर	-1.5
तैयार	1.5
तोड़	-1.5
तोड़ना	-1.5
त्याग	-1.5
त्यागना	-1.5
त्रयी	-1.5
त्रासदी	-1.5
त्रिगुट	-1.5
त्रुटि	-1.5
त्रुटिपूर्ण	-1.5
त्रुटियों	-1.5
थका	-1.5
थकाऊ	-1.5
थकान	-1.5
थकावट	-1.5
थप्पड़	-1.5
थान	-1.5
थैला	-1.5
दंड	-1.5
दंडनीय	-1.5
दंडात्मक	-1.5
दंडित	-1.5
दंभ	-1.5
दक्ष	1.5
दक्षता	1.5
दग्ध	-1.5
दण्ड	-1.5
दबाना	-1.5
दबाने	-1.5
दबाव	-1.5
दम	-1.5
दमक	1.5
दमन	-1.5
दमनकारी	-1.5
दमपुख़्त	-1.5
दम्भ	-1.5
दया	1.5
दयालु	1.5
दयालुता	1.5
दरारें	-1.5
दरिद्र	-1.5
दरिद्रता	-1.5
दर्द	-1.5
दर्दनाक	-1.5
दलाल	-1.5
दलालों	-1.5
दलील	-1.5
दलीलों	-1.5
दशा	-1.5
दस्तक	-1.5
दहन	-1.5
दांतेदार	-1.5
दाग	-1.5
दागदार	-1.5
दाग़	-1.5
दागी	-1.5
दानकर्ता	1.5
दानव	-1.5
दानशील	1.5
दानेदार	-1.5
दायित्व	-1.5
दायी	-1.5
दारुण	-1.5
दास	-1.5
दासता	-1.5
दाहिना	1.5
दाहिने	1.5
दिखावा	-1.5
दिनी	-1.5
दिलकश	1.5
दिलचस्प	1.5
दिलाने	-1.5
दिली	1.5
दिलेरी	1.5
दिवालिया	-1.5
दिवालियापन	-1.5
दिव्य	1.5
दीन	-1.5
दीप्तिमान	1.5
दीर्घ	-1.5
दीर्घकालिक	-1.5
दीर्घकालीन	-1.5
दीवाना	-1.5
दुःख	-1.5
दुःखद	-1.5
दुःखी	-1.5
दुःस्वप्न	-1.5
दुख	-1.5
दुखद	-1.5
दुखित	-1.5
दुखी	-1.5
दुबला	1.5
दुराग्रह	-1.5
दुराचार	-1.5
दुराचारी	-1.5
दुरुपयोग	-1.5
दुरूपयोग	-1.5
दुर्गति	-1.5
दुर्गन्ध	-1.5
दुर्गम	-1.5
दुर्घटना	-1.5
दुर्घटनाओं	-1.5
दुर्घटनाग्रस्त	-1.5
दुर्जेय	1.5
दुर्दम्य	-1.5
दुर्दशा	-1.5
दुर्दैव	-1.5
दुर्बल	-1.5
दुर्बलता	-1.5
दुर्बोध	-1.5
दुर्भाग्य	-1.5
दुर्भाग्यवश	-1.5
दुर्भावना	-1.5
दुर्भावनापूर्ण	-1.5
दुर्लभ	-1.5
दुर्व्यवहार	-1.5
दुविधा	-1.5
दुश्मन	-1.5
दुश्मनी	-1.5
दुष्कर	-1.5
दुष्ट	-1.5
दुष्टता	-1.5
दुस्साहस	-1.5
दुस्साहसी	-1.5
दूरदर्शिता	1.5
दूरदर्शी	1.5
दूषण	-1.5
दूषित	-1.5
दृढ़	1.5
दृढ़ता	1.5
दृढ़तापूर्वक	1.5
देनदारी	-1.5
देना	1.5
देयता	-1.5
देर	-1.5
देरी	-1.5
देवदूत	1.5
देशद्रोह	-1.5
देशद्रोही	-1.5
देशभक्त	1.5
देशभक्तिपूर्ण	1.5
देहांत	-1.5
दैदीप्यमान	1.5
दैव	1.5
दैवीय	1.5
दोष	-1.5
दोषपूर्ण	-1.5
दोषयुक्त	-1.5
दोषरहित	1.5
दोषारोपण	-1.5
दोषी	-1.5
दोहन	-1.5
दोहराव	-1.5
द्रोही	-1.5
द्वीपीय	-1.5
द्वेष	-1.5
द्वेषभाव	-1.5
धँसा	-1.5
धन	1.5
धनी	1.5
धन्यवाद	1.5
धब्बा	-1.5
धब्बेदार	-1.5
धमकाने	-1.5
धमकी	-1.5
धरा	1.5
धर्म	1.5
धर्मार्थ	1.5
धार	-1.5
धारणीय	1.5
धाराप्रवाह	1.5
धार्मिक	1.5
धार्मिकता	1.5
धावा	-1.5
धिक्कारा	-1.5
धीमी	-1.5
धीर	1.5
धीरज	1.5
धुँधली	-1.5
धुंध	-1.5
धुंधला	-1.5
धुंधलापन	-1.5
धुआं	-1.5
धुएं	-1.5
धूप	-1.5
धूम	1.5
धूम्र	-1.5
धूर्त	-1.5
धूल	-1.5
धूसर	-1.5
धृष्टता	-1.5
धैर्य	1.5
धैर्यपूर्वक	1.5
धैर्यवान	1.5
धोखा	-1.5
धोखाधड़ी	-1.5
धोखेबाज	-1.5
धोखेबाजी	-1.5
धोवन	-1.5
ध्रुवीकरण	-1.5
ध्वंस	-1.5
नकली	-1.5
नक़ल	-1.5
नक़ली	-1.5
नकार	-1.5
नकारना	-1.5
नकारात्मक	-1.5
नकारात्मकता	-1.5
नखलिस्तान	1.5
नगण्य	-1.5
नजरअंदाज	-1.5
नपुंसक	-1.5
नफरत	-1.5
नफ़रत	-1.5
नम	-1.5
नम्य	1.5
नम्यता	1.5
नम्र	1.5
नम्रता	1.5
नयनाभिराम	1.5
नरक	-1.5
नरभक्षक	-1.5
नरम	1.5
नरसंहार	-1.5
नवजागरण	1.5
नवीकृत	1.5
नवीनता	1.5
नवोन्मेष	1.5
नशा	-1.5
नशेड़ी	-1.5
नष्ट	-1.5
नाग	-1.5
नाज़ुक	-1.5
नाटक	-1.5
नाटकीय	1.5
नापसंद	-1.5
नापसंदगी	-1.5
नामवर	1.5
नामुमकिन	-1.5
नायक	1.5
नायकत्व	-1.5
नायिका	1.5
नाराज	-1.5
नाराजगी	-1.5
नाराज़	-1.5
नाराज़गी	-1.5
नालियों	-1.5
नाली	-1.5
नाश	-1.5
नासमझ	-1.5
नास्तिक	-1.5
नास्तिकता	-1.5
निंदा	-1.5
निंदात्मक	-1.5
निकम्मा	-1.5
निकलने	-1.5
निकास	-1.5
निकासी	-1.5
निकृष्टतम	-1.5
निखारने	1.5
निगलना	-1.5
निगेटिव	-1.5
निग्रह	-1.5
निडर	1.5
नितंब	-1.5
निधन	-1.5
निन्दनीय	-1.5
निन्दा	-1.5
निपट	1.5
निपुण	1.5
निपुणता	1.5
निम्न	-1.5
नियमित	1.5
निरंकुश	-1.5
निरंकुशता	-1.5
निरंतर	-1.5
निरंतरता	1.5
निरक्षर	-1.5
निरपेक्ष	-1.5
निरर्थक	-1.5
निरर्थकता	-1.5
निरा	-1.5
निरादर	-1.5
निराश	-1.5
निराशा	-1.5
निराशाजनक	-1.5
निराशावाद	-1.5
निराशावादी	-1.5
निराश्रित	-1.5
निरीक्षण	-1.5
निरोग	1.5
निरोधक	-1.5
निर्जन	-1.5
निर्जीव	-1.5
निर्णयात्मक	1.5
निर्णायक	1.5
निर्दयता	-1.5
निर्दयतापूर्वक	-1.5
निर्दयी	-1.5
निर्देशन	1.5
निर्दोष	1.5
निर्धन	-1.5
निर्धनता	-1.5
निर्बल	-1.5
निर्बाध	1.5
निर्ममता	-1.5
निर्मल	1.5
निर्मलता	1.5
निर्माणकारी	1.5
निर्वासन	-1.5
निर्वासित	-1.5
निर्वाह	1.5
निर्विवाद	1.5
निवर्तन	-1.5
निवारक	-1.5
निविदा	1.5
निवृत्ति	-1.5
निशान	-1.5
निषिद्ध	-1.5
निषेध	-1.5
निषेधात्मक	-1.5
निष्कलंक	1.5
निष्क्रिय	-1.5
निष्क्रियता	-1.5
निष्ठा	1.5
निष्ठावान	1.5
निष्पक्ष	1.5
निष्पक्षता	1.5
निष्प्रभावी	-1.5
निष्प्राण	-1.5
निस्संदेह	1.5
निहायत	1.5
निहार	1.5
निहितार्थ	-1.5
नींबू	-1.5
नीच	-1.5
नीति	1.5
नीबू	-1.5
नीरस	-1.5
नीरसता	-1.5
नील	-1.5
नुकसान	-1.5
नुकसानदेह	-1.5
नुक़सान	-1.5
नृशंस	-1.5
नृशंसता	-1.5
नेक	1.5
नेतृत्व	1.5
नेत्रहीन	-1.5
नैतिक	1.5
नैतिकता	1.5
नौगम्य	1.5
नौटंकी	-1.5
नौसिखिया	1.5
न्यायसंगत	1.5
न्यास	1.5
पंक	-1.5
पंगु	-1.5
पंच	-1.5
पंडिताऊ	-1.5
पकड़ना	-1.5
पक्ष	1.5
पक्षपात	-1.5
पक्षपातपूर्ण	-1.5
पक्षपाती	-1.5
पछतावा	-1.5
पटरी	-1.5
पठनीय	1.5
पड़ना	-1.5
पड़ा	-1.5
पतन	-1.5
पतली	1.5
पतित	-1.5
पत्थर	1.5
पथभ्रष्ट	-1.5
पथ्य	1.5
पनपना	1.5
परख	-1.5
परजीवी	-1.5
परत	-1.5
परतदार	-1.5
परदेशी	-1.5
परमानंद	1.5
पराक्रमी	1.5
पराजय	-1.5
पराजित	1.5
पराभव	-1.5
पराया	-1.5
परास्त	1.5
परिचारक	-1.5
परित्याग	-1.5
परिपक्व	1.5
परिपक्वता	1.5
परिपाक	1.5
परिपूर्ण	1.5
परिवर्तनशील	-1.5
परिवर्तनशीलता	-1.5
परिवाद	-1.5
परिशोधन	1.5
परिश्रमपूर्वक	1.5
परिष्कृत	1.5
परिसीमन	-1.5
परिसीमा	-1.5
परिहार	1.5
परेशान	-1.5
परेशानी	-1.5
परोक्ष	-1.5
परोपकार	1.5
परोपकारी	1.5
पर्दे	-1.5
पर्याप्त	1.5
पलटा	-1.5
पवित्र	1.5
पशु	-1.5
पश्चवर्ती	-1.5
पश्चाताप	-1.5
पसंद	1.5
पस्त	-1.5
पहचान	1.5
पहना	-1.5
पाकीज़ा	1.5
पाखंड	-1.5
पाखंडी	-1.5
पागल	-1.5
पागलपन	-1.5
पाताल	-1.5
पात्र	1.5
पात्रता	1.5
पाना	1.5
पाने	1.5
पाप	-1.5
पापी	-1.5
पार	1.5
पारदर्शक	1.5
पारदर्शी	1.5
पारितोषिक	1.5
पाशविक	-1.5
पासा	-1.5
पिछड़ा	-1.5
पिछड़ेपन	-1.5
पित्त	-1.5
पियक्कड़	-1.5
पिशाच	-1.5
पीटना	-1.5
पीटा	1.5
पीड़ा	-1.5
पीड़ादायक	-1.5
पीड़ित	-1.5
पीडित	-1.5
पीना	-1.5
पीला	-1.5
पीसना	-1.5
पुकार	-1.5
पुण्य	1.5
पुतला	-1.5
पुनरावर्तन	-1.5
पुनर्गठन	1.5
पुनर्जागरण	1.5
पुनर्जीवित	1.5
पुरस्कार	1.5
पुरातन	-1.5
पुराना	-1.5
पुरानी	-1.5
पुष्ट	1.5
पुष्टि	1.5
पुष्टीकरण	1.5
पूजना	1.5
पूजा	1.5
पूरक	1.5
पूरा	1.5
पूरित	1.5
पूर्ण	1.5
पूर्णता	1.5
पूर्ति	1.5
पूर्वाग्रह	-1.5
पूर्वाग्रहों	-1.5
पूर्वाभास	-1.5
पृथक	-1.5
पेंच	-1.5
पेचीदा	-1.5
पेटी	-1.5
पेय	-1.5
पेशेवरों	1.5
पैरोडी	-1.5
पॉलिश	1.5
पोला	-1.5
पोषण	1.5
पोषित	1.5
पौष्टिक	1.5
प्यार	1.5
प्यारा	1.5
प्यारी	1.5
प्यास	-1.5
प्रकटीकरण	1.5
प्रकार	-1.5
प्रकाशयुक्त	1.5
प्रकीर्ण	-1.5
प्रकोप	-1.5
प्रख्यात	1.5
प्रगति	1.5
प्रगतिशील	1.5
प्रचंड	-1.5
प्रचार	-1.5
प्रचुर	1.5
प्रचुरता	1.5
प्रतिकारक	-1.5
प्रतिकूल	-1.5
प्रतिक्रियात्मक	-1.5
प्रतिक्रियावादी	-1.5
प्रतिगामी	-1.5
प्रतिद्वंद्विता	-1.5
प्रतिद्वंद्वी	-1.5
प्रतिपक्षी	-1.5
प्रतिबंध	-1.5
प्रतिबंधक	-1.5
प्रतिबंधात्मक	-1.5
प्रतिबंधित	-1.5
प्रतिबद्धता	1.5
प्रतिबाधा	-1.5
प्रतिभा	1.5
प्रतिभावान	1.5
प्रतिभाशाली	1.5
प्रतिमा	1.5
प्रतिमाएं	-1.5
प्रतिमूर्ति	-1.5
प्रतियोगी	1.5
प्रतिरोध	-1.5
प्रतिरोधी	-1.5
प्रतिशोध	-1.5
प्रतिषेध	-1.5
प्रतिष्ठा	1.5
प्रतिष्ठित	1.5
प्रत्यय	1.5
प्रत्याख्यान	-1.5
प्रत्यावर्तन	-1.5
प्रथा	1.5
प्रधान	1.5
प्रधानमंत्री	1.5
प्रबोधन	1.5
प्रभात	1.5
प्रभाव	1.5
प्रभावपूर्ण	1.5
प्रभावशाली	1.5
प्रभावित	1.5
प्रभावी	1.5
प्रभावोत्पादक	1.5
प्रभुत्व	1.5
प्रमाणन	-1.5
प्रमुख	1.5
प्रमुखता	1.5
प्रयास	1.5
प्रलय	-1.5
प्रलाप	-1.5
प्रलोभन	-1.5
प्रवाहपूर्ण	1.5
प्रवीण	1.5
प्रशंसक	1.5
प्रशंसकों	1.5
प्रशंसनीय	1.5
प्रशंसा	1.5
प्रशंसित	1.5
प्रशस्त	1.5
प्रश्न	-1.5
प्रसंविदा	1.5
प्रसन्न	1.5
प्रसन्नचित्त	1.5
प्रसन्नता	1.5
प्रसन्नतापूर्वक	1.5
प्रसरणशील	-1.5
प्रसिद्ध	1.5
प्रसिद्धि	1.5
प्रसिध्द	1.5
प्रहसन	-1.5
प्रहार	-1.5
प्राचीन	-1.5
प्राणघातक	-1.5
प्रादुर्भाव	-1.5
प्राधान्य	-1.5
प्राधिकृत	1.5
प्राप्य	1.5
प्रामाणिक	1.5
प्रिय	1.5
प्रियतम	1.5
प्रिया	1.5
प्रुडेंस	1.5
प्रेम	1.5
प्रेममय	1.5
प्रेमिका	-1.5
प्रेमी	1.5
प्रेरणा	1.5
प्रेरणादायक	1.5
प्रेरित	1.5
प्रोग्रेसिव	1.5
प्रोत्साहक	1.5
प्रोत्साहन	1.5
प्रोविडेंस	1.5
प्रौढ़	1.5
प्लाट	-1.5
प्लेग	-1.5
फंदा	-1.5
फंसाने	-1.5
फंसे	-1.5
फट	-1.5
फटकार	-1.5
फटना	-1.5
फटा	-1.5
फन्दा	-1.5
फरिश्ता	1.5
फर्जी	-1.5
फलदायक	1.5
फलफूल	1.5
फ़रिश्ता	1.5
फ़ालतू	-1.5
फ़ासिस्ट	-1.5
फायदा	1.5
फायदे	1.5
फासिज्म	-1.5
फिदा	-1.5
फिल्म	1.5
फीका	-1.5
फुर्ती	1.5
फुर्तीला	1.5
फूटना	-1.5
फूल	1.5
फूस	-1.5
फूहड़	-1.5
फेंकना	-1.5
फेल	-1.5
फैशन	1.5
फॉल्ट	-1.5
फोड़ा	-1.5
बँध	1.5
बंजर	-1.5
बंद	-1.5
बंदरगाहों	-1.5
बंदी	-1.5
बंधक	-1.5
बंधन	-1.5
बकवास	-1.5
बकाया	1.5
बचत	1.5
बचना	-1.5
बचाना	1.5
बचाव	-1.5
बच्चे	-1.5
बड़ा	1.5
बढ़कर	-1.5
बढ़ना	-1.5
बढ़ाना	1.5
बढ़ावा	1.5
बद	-1.5
बदतर	-1.5
बदनाम	-1.5
बदनामी	-1.5
बदबू	-1.5
बदबूदार	-1.5
बदमाश	-1.5
बदमाशी	-1.5
बदमाशों	-1.5
बदला	-1.5
बदसूरत	-1.5
बधाई	1.5
बधिया	1.5
बनाना	-1.5
बनावटी	-1.5
बन्द	-1.5
बन्दरगाह	-1.5
बम	-1.5
बमबारी	-1.5
बयान	-1.5
बयाना	1.5
बयार	1.5
बरबाद	-1.5
बरबादी	-1.5
बर्दाश्त	1.5
बर्न्स	-1.5
बर्बर	-1.5
बर्बाद	-1.5
बलपूर्वक	-1.5
बलवान	1.5
बलात्कार	-1.5
बलि	-1.5
बहरा	-1.5
बहस	-1.5
बहादुर	1.5
बहाना	-1.5
बहाने	-1.5
बहाल	1.5
बहाव	1.5
बहिष्कार	-1.5
बहुत	1.5
बहुमुखी	1.5
बहुल	1.5
बहुश्रुत	1.5
बहेतू	-1.5
बांझ	-1.5
बाड़ा	-1.5
बाढ़	-1.5
बादल	-1.5
बाधा	-1.5
बाधाओं	-1.5
बाधित	-1.5
बाध्यकारी	-1.5
बाध्यता	-1.5
बानगी	1.5
बावजूद	-1.5
बासी	-1.5
बाहर	-1.5
बाहरी	-1.5
बाहुल्य	1.5
बिगड़ती	-1.5
बिल्ली	-1.5
बीमा	1.5
बीमारी	-1.5
बुख़ार	-1.5
बुखार	-1.5
बुझाना	-1.5
बुतपरस्त	-1.5
बुद्ध	1.5
बुद्धि	1.5
बुद्धिमत्ता	1.5
बुद्धिमान	1.5
बुद्धिमानी	1.5
बुद्धिहीन	-1.5
बुरा	-1.5
बुराइयों	-1.5
बुराई	-1.5
बुली	-1.5
बूढ़ा	-1.5
बेंट	-1.5
बेईमान	-1.5
बेईमानी	-1.5
बेकार	-1.5
बेखबर	-1.5
बेख़बर	-1.5
बेचैन	-1.5
बेचैनी	-1.5
बेजोड़	1.5
बेढंगा	-1.5
बेतरतीब	-1.5
बेतहाशा	-1.5
बेताल	-1.5
बेतुका	-1.5
बेदाग	1.5
बेध	-1.5
बेपरवाह	-1.5
बेबसी	-1.5
बेबुनियाद	-1.5
बेमिसाल	-1.5
बेमेल	-1.5
बेरंग	-1.5
बेरहम	-1.5
बेरहमी	-1.5
बेरोजगार	-1.5
बेरोज़गार	-1.5
बेवकूफ	-1.5
बेवफ़ा	-1.5
बेशर्म	-1.5
बेसहारा	-1.5
बेसुध	-1.5
बेस्वाद	-1.5
बेहतर	1.5
बेहतरीन	1.5
बेहूदा	-1.5
बेहोश	-1.5
बैर	-1.5
बोझ	-1.5
बोझिल	-1.5
बोधगम्य	1.5
बोनस	1.5
बोरा	-1.5
बोरिंग	-1.5
बोरियत	-1.5
बोलबाला	1.5
बौना	-1.5
बौर	1.5
ब्याज	1.5
भंग	-1.5
भंगुर	-1.5
भक्त	1.5
भक्तिपूर्वक	1.5
भगदड़	-1.5
भगोड़ा	-1.5
भग्न	-1.5
भग्नावशेष	-1.5
भट्ठी	-1.5
भड़काना	-1.5
भड़काने	-1.5
भड़ौआ	-1.5
भद्दा	-1.5
भद्दापन	-1.5
भद्र	1.5
भयंकर	-1.5
भयंकरता	-1.5
भयभीत	-1.5
भयानक	-1.5
भयावह	-1.5
भरमार	-1.5
भरोसा	1.5
भरोसेमंद	1.5
भर्त्सना	-1.5
भला	1.5
भलाई	1.5
भविष्य	1.5
भव्य	1.5
भव्यता	1.5
भागने	-1.5
भाग्य	1.5
भाग्यवश	1.5
भाग्यशाली	1.5
भार	-1.5
भारी	-1.5
भाला	-1.5
भावना	-1.5
भावपूर्ण	1.5
भिखारी	-1.5
भीड़	-1.5
भीति	-1.5
भुखमरी	-1.5
भुगतना	-1.5
भुजबल	1.5
भुरभुरा	1.5
भूखंड	-1.5
भूत	-1.5
भूल	-1.5
भूलना	-1.5
भूलों	-1.5
भूसी	-1.5
भोजन	1.5
भोर	1.5
भोला	-1.5
भ्रम	-1.5
भ्रमित	-1.5
भ्रष्ट	-1.5
भ्रष्टाचार	-1.5
भ्रांति	-1.5
भ्रामक	-1.5
मंजूरी	1.5
मंडित	1.5
मंत्रणा	-1.5
मंथन	-1.5
मंद	-1.5
मंदक	-1.5
मंदबुद्धि	-1.5
मंदी	-1.5
मगन	1.5
मजबूत	1.5
मजबूरी	-1.5
मज़बूत	1.5
मज़ा	1.5
मज़ाक	-1.5
मज़ेदार	1.5
मजा	1.5
मणि	1.5
मतभेद	-1.5
मतवाला	-1.5
मतिभ्रम	-1.5
मत्त	-1.5
मदद	1.5
मददगार	1.5
मदहोश	-1.5
मधुर	1.5
मनभावन	1.5
मनमाना	-1.5
मनमौजी	-1.5
मनहूस	-1.5
मना	-1.5
मनाना	1.5
मनाया	1.5
मनीषा	1.5
मनोरंजक	1.5
मनोरंजन	1.5
मनोरम	1.5
मनोहर	1.5
मरण	-1.5
मरणासन्न	-1.5
मरना	-1.5
मरी	-1.5
मरीज़	1.5
मरुभूमि	-1.5
मरुस्थल	-1.5
मर्ग	-1.5
मर्मभेदी	1.5
मल	-1.5
मलिन	-1.5
मशहूर	1.5
मस्त	1.5
महँगा	-1.5
महंगा	-1.5
महत्तम	1.5
महत्त्वपूर्ण	1.5
महत्त्वाकांक्षी	1.5
महत्वपूर्ण	1.5
महत्वहीन	-1.5
महाकाय	-1.5
महात्मा	1.5
महान	1.5
महानतम	1.5
महानता	1.5
महामात्य	1.5
महामारी	-1.5
महाराजा	1.5
महाविनाश	-1.5
महिमा	1.5
महीन	1.5
मांगलिक	1.5
मातहत	-1.5
मादा	-1.5
मानना	1.5
माननीय	1.5
मानवोचित	1.5
मानहानि	-1.5
मानार्थ	1.5
माफ	-1.5
माफ़ी	1.5
मामूली	1.5
माया	-1.5
मायूस	-1.5
मारता	-1.5
मारना	-1.5
मारा	-1.5
मार्गदर्शन	1.5
मार्मिक	1.5
मालिक	1.5
मालिकाना	-1.5
मास्टर	1.5
मास्टरपीस	1.5
माहिर	1.5
मिटाना	-1.5
मिट्ठी	-1.5
मिठास	1.5
मितव्ययता	1.5
मितव्ययी	1.5
मित्र	1.5
मित्रता	1.5
मित्रतापूर्ण	1.5
मित्रवत	1.5
मिथक	-1.5
मिथ्या	-1.5
मिलकर	1.5
मिलनसार	1.5
मिलाना	1.5
मिलीभगत	-1.5
मिश्रण	-1.5
मिष्ठान्न	1.5
मीठा	1.5
मुक़ाबला	-1.5
मुक्त	1.5
मुक्ति	1.5
मुखर	-1.5
मुख्य	1.5
मुट्ठी	-1.5
मुड़	-1.5
मुदित	1.5
मुद्दा	-1.5
मुद्दों	-1.5
मुद्रास्फीति	-1.5
मुफ़्त	1.5
मुमकिन	1.5
मुर्दा	-1.5
मुलायम	1.5
मुसीबत	-1.5
मुसीबतों	-1.5
मुस्कान	1.5
मुस्कुरा	1.5
मुस्कुराना	1.5
मुहब्बत	1.5
मूडी	-1.5
मूढ़	-1.5
मूर्ख	-1.5
मूर्खता	-1.5
मूर्खतापूर्ण	-1.5
मूर्छा	-1.5
मूर्ति	1.5
मूल	1.5
मूल्य	1.5
मूल्यवान	1.5
मृत	-1.5
मृतक	-1.5
मृतप्राय	-1.5
मृत्यु	-1.5
मेघ	-1.5
मेरी	1.5
मेला	1.5
मेस	-1.5
मेहनती	1.5
मैट	-1.5
मैत्रीपूर्ण	1.5
मैल	-1.5
मैला	-1.5
मोचन	1.5
मोटा	-1.5
मोड़	-1.5
मोह	1.5
मोहक	1.5
मोहभंग	-1.5
मोहलत	1.5
मोहिनी	1.5
मौजी	-1.5
मौत	-1.5
मौलिक	-1.5
मौलिकता	1.5
यंत्रणा	-1.5
यक़ीन	1.5
यतीम	-1.5
यथायोग्य	1.5
यथार्थ	1.5
यथार्थवादी	1.5
यथावत्	1.5
यथेष्ट	1.5
यथोचित	1.5
यमलोक	-1.5
यश	1.5
यशस्वी	1.5
याचक	-1.5
यातना	-1.5
याद	-1.5
यादगार	1.5
युक्तियुक्त	1.5
युक्तिसंगत	1.5
युद्धरत	-1.5
युवा	1.5
यूनिटी	1.5
योगदान	1.5
योग्य	1.5
योग्यता	1.5
योनी	-1.5
रंगीन	1.5
रंगीला	1.5
रक्तपात	-1.5
रक्तरंजित	-1.5
रक्षक	1.5
रक्षात्मक	1.5
रखनेवाला	1.5
रखैल	-1.5
रगड़	-1.5
रचनात्मक	1.5
रतुआ	-1.5
रत्न	1.5
रद्दी	-1.5
रमणीय	1.5
रव	-1.5
रस	1.5
रसातल	-1.5
रसिक	1.5
रसीला	1.5
रहस्य	-1.5
रहस्यपूर्ण	-1.5
रहस्यमय	-1.5
रहस्योद्घाटन	1.5
रहित	-1.5
राक्षस	-1.5
राक्षसी	-1.5
राजद्रोह	-1.5
राजनयिक	1.5
राजसी	1.5
राज़ी	1.5
राज्याभिषेक	1.5
राहत	1.5
रिच	1.5
रियायत	-1.5
रियायतें	-1.5
रिश्वतखोरी	-1.5
रुकावट	-1.5
रुष्ट	-1.5
रू	-1.5
रूखा	-1.5
रूढ़िवादी	-1.5
रूमाल	1.5
रेक	-1.5
रेगिस्तान	-1.5
रेल	-1.5
रॉकी	-1.5
रोक	-1.5
रोकना	-1.5
रोग	-1.5
रोचक	1.5
रोड़ा	-1.5
रोना	-1.5
रोमांच	1.5
रोमांचकारी	1.5
रोमांचित	1.5
रोमानी	1.5
रोशन	1.5
रोष	-1.5
रौशन	1.5
लंगड़ा	-1.5
लंबा	-1.5
लक्षण	-1.5
लगन	1.5
लगाना	-1.5
लचीला	1.5
लचीलापन	1.5
लज्जित	-1.5
लटकना	-1.5
लटका	-1.5
लड़ना	-1.5
लपेटने	-1.5
लम्बा	-1.5
ललित	1.5
लवलीन	-1.5
लाइटर	1.5
लाचार	-1.5
लाचारी	-1.5
लानत	-1.5
लापरवाही	-1.5
लाभ	1.5
लाभकारी	1.5
लाभदायक	1.5
लाभप्रद	1.5
लाभहीन	-1.5
लाभार्थी	1.5
लायक़	1.5
लालच	-1.5
लालची	-1.5
लालसा	-1.5
लालित्य	1.5
लावण्य	1.5
लाश	-1.5
लिबर्टी	1.5
लिमिटेड	-1.5
लीक	-1.5
लीला	-1.5
लुटेरा	-1.5
लुभाने	1.5
लुभावना	1.5
लूटना	-1.5
लेटना	-1.5
लेटा	-1.5
लोभ	-1.5
लौकिक	-1.5
लौटना	-1.5
लौटाना	1.5
वंचित	-1.5
वकालत	1.5
वकील	1.5
वक्रोक्ति	-1.5
वचन	1.5
वध	-1.5
वफादार	1.5
वमन	-1.5
वरिष्ठता	1.5
वरीय	1.5
वर्जना	-1.5
वर्जित	-1.5
वर्थ	1.5
वर्धन	1.5
वर्धित	1.5
वसा	-1.5
वसायुक्त	-1.5
वसूली	1.5
वस्तु	-1.5
वहनीय	1.5
वांछनीय	1.5
वाइरस	-1.5
वाक्पटुता	1.5
वाग्मिता	1.5
वाणी	1.5
वादविवाद	-1.5
वादा	1.5
वायदा	1.5
वायरस	-1.5
वास्तविक	1.5
वाह	1.5
विकट	-1.5
विकर्षण	-1.5
विकल	-1.5
विकलता	-1.5
विकलांग	-1.5
विकार	-1.5
विकास	1.5
विकृत	-1.5
विकृति	-1.5
विक्ट्री	1.5
विक्षुब्ध	-1.5
विखंडित	-1.5
विख्यात	1.5
विघटन	-1.5
विघटित	-1.5
विघ्न	-1.5
विचलन	-1.5
विचलित	-1.5
विचारशील	1.5
विचित्रता	-1.5
विजय	1.5
विजयी	1.5
विजेता	1.5
विजेताओं	1.5
विदेशी	-1.5
विद्रोह	-1.5
विद्रोही	-1.5
विद्वेष	-1.5
विधर्मी	-1.5
विधि	1.5
विधिवत्	1.5
विध्वंस	-1.5
विध्वंसक	-1.5
विनम्र	1.5
विनम्रता	1.5
विनाश	-1.5
विनाशक	-1.5
विनाशकारी	-1.5
विनीत	1.5
विनोद	-1.5
विनोदपूर्ण	1.5
विनोदी	-1.5
विपक्ष	-1.5
विपत्ति	-1.5
विपत्तिपूर्ण	-1.5
विपदा	-1.5
विपुल	1.5
विपुलता	1.5
विप्लव	-1.5
विफल	-1.5
विफलता	-1.5
विफलताओं	-1.5
विभव	1.5
विभा	1.5
विभाजन	-1.5
विभाजित	-1.5
विभिन्न	-1.5
विभीषिका	-1.5
विभेद	-1.5
विभेदक	-1.5
वियोग	-1.5
वियोजन	-1.5
विरल	-1.5
विराग	-1.5
विराम	-1.5
विरुद्ध	-1.5
विरूप	-1.5
विरूपण	-1.5
विरोध	-1.5
विरोधात्मक	-1.5
विरोधाभासों	-1.5
विरोधी	-1.5
विलंब	-1.5
विलंबता	-1.5
विलंबित	-1.5
विलक्षण	1.5
विलक्षणता	1.5
विलम्बित	-1.5
विलाप	-1.5
विलासिता	1.5
विलासी	1.5
विलोपन	-1.5
विल्ट	-1.5
विवाद	-1.5
विवादग्रस्त	-1.5
विवादपूर्ण	-1.5
विवादास्पद	-1.5
विविधता	1.5
विवेक	1.5
विवेकी	1.5
विशाल	1.5
विशिष्ट	1.5
विशेष	1.5
विशेषकर	1.5
विशेषज्ञ	1.5
विशेषाधिकार	1.5
विश्लेषण	-1.5
विश्वसनीय	1.5
विश्वसनीयता	1.5
विश्वस्त	1.5
विश्वास	1.5
विश्वासघात	-1.5
विश्वासघाती	-1.5
विश्वासपूर्वक	1.5
विष	-1.5
विषम	-1.5
विषमता	-1.5
विषमताएं	-1.5
विषमताओं	-1.5
विषमय	-1.5
विषाक्त	-1.5
विषाद	-1.5
विषैला	-1.5
विसंगति	-1.5
विसंगतियां	-1.5
विस्तारी	1.5
विस्तीर्ण	1.5
विस्तृत	1.5
विस्थापित	-1.5
विस्फोट	-1.5
विस्फोटक	-1.5
विस्मय	1.5
विस्मयकारी	1.5
विहीन	-1.5
विह्वल	-1.5
वीभत्स	-1.5
वीर	1.5
वीरता	1.5
वीरतापूर्वक	1.5
वीरान	-1.5
वृद्धि	1.5
वृहदाकार	-1.5
वेग	-1.5
वेधन	-1.5
वेलकम	1.5
वेश्या	-1.5
वैकुण्ठ	1.5
वैजयंती	1.5
वैज्ञानिक	1.5
वैध	1.5
वैभव	1.5
वैभवशाली	1.5
वैमनस्य	-1.5
वैराग्य	-1.5
वैरी	-1.5
वॉन	1.5
वोन	1.5
व्यंग	-1.5
व्यंग्य	-1.5
व्यंग्यात्मक	-1.5
व्यक्ति	1.5
व्यक्तिगत	1.5
व्यग्र	-1.5
व्यग्रता	-1.5
व्यतिक्रम	-1.5
व्यथा	-1.5
व्यथित	-1.5
व्यभिचारी	-1.5
व्यर्थ	-1.5
व्यर्थता	-1.5
व्यवधान	-1.5
व्यवसायिक	1.5
व्यवस्थित	1.5
व्यवहारिक	1.5
व्यवहार्य	1.5
व्यसन	-1.5
व्यसनी	-1.5
व्यस्त	-1.5
व्याकुल	-1.5
व्याकुलता	-1.5
व्याज	-1.5
व्यापक	1.5
व्याभिचार	-1.5
व्यामोह	-1.5
व्यावहारिक	1.5
व्रण	-1.5
शंका	-1.5
शंकित	-1.5
शक	-1.5
शक्ति	1.5
शक्तिशाली	1.5
शक्तिहीन	-1.5
शठ	-1.5
शत्रु	-1.5
शत्रुता	-1.5
शत्रुतापूर्ण	-1.5
शपथ	1.5
शरण	-1.5
शरारत	-1.5
शरारती	-1.5
शर्म	-1.5
शर्मनाक	-1.5
शर्मिंदगी	-1.5
शर्मिंदा	-1.5
शर्मीला	-1.5
शल्क	-1.5
शह	-1.5
शहादत	-1.5
शांत	1.5
शांति	1.5
शांतिदायक	1.5
शांतिप्रिय	1.5
शातिर	-1.5
शान	1.5
शानदार	1.5
शान्त	1.5
शान्ति	1.5
शाप	-1.5
शापित	-1.5
शार्क	-1.5
शार्प	1.5
शालीनता	1.5
शाही	1.5
शिकन	-1.5
शिकायत	-1.5
शिकायतों	-1.5
शिक्षाप्रद	1.5
शिक्षित	1.5
शिखर	1.5
शिथिल	-1.5
शिथिलता	-1.5
शिष्ट	1.5
शिष्टाचार	1.5
शीघ्र	1.5
शीत	1.5
शीतल	1.5
शीर्ष	1.5
शीर्षबिंदु	1.5
शील	1.5
शुद्ध	1.5
शुभ	1.5
शून्य	-1.5
शून्यता	-1.5
शूरवीर	1.5
शैतान	-1.5
शैतानी	-1.5
शैली	1.5
शोक	-1.5
शोकाकुल	-1.5
शोध	-1.5
शोधन	1.5
शोभायमान	1.5
शोरगुल	-1.5
शोषण	-1.5
शोहरत	1.5
शौक़ीन	1.5
श्रद्धा	1.5
श्रद्धांजलि	1.5
श्रद्धालु	1.5
श्रमसाध्य	-1.5
श्रव्य	1.5
श्रेष्ठ	1.5
श्रेष्ठता	1.5
षड्यंत्र	-1.5
षड्यंत्रकारी	-1.5
संकट	-1.5
संकटकाल	-1.5
संकटपूर्ण	-1.5
संकरा	-1.5
संकर्षण	1.5
संकीर्ण	-1.5
संकुचित	-1.5
संकोची	-1.5
संक्रमण	-1.5
संक्रमित	-1.5
संक्रामक	-1.5
संक्षारक	-1.5
संक्षारण	-1.5
संगत	1.5
संघर्ष	-1.5
संचय	1.5
संजीदा	-1.5
संज्ञा	1.5
संत	1.5
संतप्त	-1.5
संताप	-1.5
संतुलन	1.5
संतुलित	1.5
संतुष्ट	1.5
संतुष्टि	1.5
संतोष	1.5
संतोषजनक	1.5
संतोषप्रद	1.5
संत्रास	-1.5
संदिग्ध	-1.5
संदेह	-1.5
संदेहवाद	-1.5
संन्यास	-1.5
संपन्न	1.5
संपूरक	1.5
संपूर्णता	1.5
संबंध	1.5
संबंधित	-1.5
संभव	1.5
संयोगवश	-1.5
संरक्षण	1.5
संरक्षी	1.5
संवाद	1.5
संविभ्रम	-1.5
संवेदनशील	1.5
संशयवाद	-1.5
संशयात्मक	-1.5
संशयी	-1.5
संशोधित	1.5
संसक्त	1.5
संस्तुत	1.5
सकल	-1.5
सकारात्मक	1.5
सकुशल	1.5
सक्रिय	1.5
सक्षम	1.5
सख़्त	-1.5
सख़्ती	-1.5
सख्त	-1.5
सच्चा	1.5
सच्चाई	1.5
सज़ा	-1.5
सजीव	1.5
सज्जन	1.5
सज्जित	1.5
सड़ांध	-1.5
सतत	-1.5
सतर्कता	1.5
सतही	-1.5
सती	1.5
सतीत्व	1.5
सत्तावादी	-1.5
सत्य	1.5
सत्यता	1.5
सत्यनिष्ठ	-1.5
सत्यवादिता	1.5
सत्यवादी	1.5
सदाचार	1.5
सदोष	-1.5
सनकी	-1.5
सनसनी	1.5
सनसनीखेज	1.5
सन्तान	-1.5
सन्देह	-1.5
सन्धि	1.5
सन्निपात	-1.5
सफल	1.5
सफलता	1.5
सफलताएँ	1.5
सफलताओं	1.5
सफलतापूर्वक	1.5
सफ़ाई	1.5
सब्सिडी	1.5
सभ्य	1.5
सभ्यता	1.5
समझदार	1.5
समझना	1.5
समझौता	1.5
समरूप	1.5
समर्थक	1.5
समर्थन	1.5
समर्थित	1.5
समर्पित	1.5
समस्या	-1.5
समस्याओं	-1.5
समस्यात्मक	-1.5
समाकल	1.5
समाजी	-1.5
समादर	1.5
समाधान	1.5
समानुभूति	1.5
समाप्त	1.5
समायोज्य	1.5
समारोह	1.5
समालोचक	-1.5
समालोचनात्मक	-1.5
समीकृत	1.5
समीक्षा	-1.5
समुंदर	1.5
समुचित	1.5
समूह	-1.5
समृद्ध	1.5
समृद्धि	1.5
समृद्धिशाली	1.5
समेकित	1.5
सम्पन्नता	1.5
सम्मति	1.5
सम्मान	1.5
सम्माननीय	1.5
सम्मानित	1.5
सम्मिश्र	-1.5
सम्मोहन	1.5
सरगर्मी	1.5
सरदर्द	-1.5
सरपरस्त	1.5
सरल	1.5
सरलतम	1.5
सरलता	1.5
सरस	1.5
सराहना	1.5
सराहनीय	1.5
सर्जनात्मक	1.5
सर्द	-1.5
सर्दी	-1.5
सर्वश्रेष्ठ	1.5
सर्वसाधारण	-1.5
सर्वाधिक	1.5
सर्वोच्च	1.5
सर्वोच्चता	1.5
सर्वोपरि	1.5
सलाम	1.5
सलामी	1.5
सशक्त	-1.5
सशक्तिकरण	1.5
सस्ता	1.5
सस्ती	1.5
सहकारी	1.5
सहज	1.5
सहजता	1.5
सहन	1.5
सहनीय	1.5
सहमत	1.5
सहयोगी	1.5
सहानुभूति	1.5
सहायक	1.5
सहारा	1.5
सहिष्णु	1.5
सही	1.5
सांत्वना	1.5
सांप	-1.5
सांसारिक	-1.5
साख	1.5
साज़िश	1.5
साजिश	-1.5
सातत्य	1.5
सादगी	1.5
सादर	1.5
साधन	1.5
साधु	1.5
साध्य	1.5
साफ	1.5
साफ़	1.5
साबित	1.5
सामंजस्य	1.5
सामंजस्यपूर्ण	1.5
सामना	-1.5
सामयिक	1.5
सामरस्य	1.5
सामान्य	-1.5
सामान्यता	-1.5
साम्राज्यवादी	-1.5
सारहीन	-1.5
सार्थक	1.5
सावधान	1.5
साहस	1.5
साहसिक	1.5
साहसी	1.5
सिंक	-1.5
सिंड्रोम	-1.5
सिकुड़ना	-1.5
सिगरेट	-1.5
सिद्ध	1.5
सिद्धांतवादी	-1.5
सिद्धि	1.5
सिफारिश	1.5
सिफारिशें	1.5
सिरदर्द	-1.5
सिली	-1.5
सिलेंडर	1.5
सीधी	1.5
सीधे	-1.5
सीमा	-1.5
सीमाएं	-1.5
सीमित	-1.5
सीला	-1.5
सीसा	1.5
सुंदर	1.5
सुंदरता	1.5
सुअर	-1.5
सुकर	1.5
सुख	1.5
सुखद	1.5
सुखी	1.5
सुगंध	-1.5
सुगन्धित	1.5
सुगम	1.5
सुचारू	1.5
सुधार	1.5
सुधारना	1.5
सुधारने	1.5
सुधारों	1.5
सुनसान	-1.5
सुनहरा	1.5
सुन्दर	1.5
सुन्न	-1.5
सुपर	1.5
सुप्रीम	1.5
सुयोग्य	1.5
सुरंग	-1.5
सुरक्षा	1.5
सुरक्षित	1.5
सुरम्य	1.5
सुरुचि	-1.5
सुरुचिपूर्ण	1.5
सुलझाना	-1.5
सुलभ	1.5
सुलह	1.5
सुविधा	1.5
सुविधाजनक	1.5
सुविधापूर्ण	1.5
सुविधापूर्वक	1.5
सुशील	1.5
सुसंगत	1.5
सुसंगति	1.5
सुसंस्कृत	1.5
सुस्त	-1.5
सुस्ती	-1.5
सूअर	-1.5
सूअरों	-1.5
सूखना	-1.5
सूखा	-1.5
सूखापन	-1.5
सूजन	-1.5
सूना	-1.5
सेक्सी	1.5
सेना	-1.5
सेवक	-1.5
सेवेज	-1.5
सेहतमंद	1.5
सैद्धांतिक	1.5
सैलाब	-1.5
सॉरी	-1.5
सौंदर्य	1.5
सौंपना	1.5
सौदा	1.5
सौन्दर्य	1.5
सौभाग्य	1.5
सौम्य	1.5
सौहार्दपूर्ण	1.5
स्खलन	-1.5
स्टंप	-1.5
स्टाइलिश	1.5
स्टाल	-1.5
स्टालों	-1.5
स्टीरियोटाइप	-1.5
स्टेनलेस	1.5
स्तंभित	-1.5
स्तनपान	-1.5
स्थावर	-1.5
स्थिति	-1.5
स्थूलकाय	-1.5
स्नातकोत्तर	1.5
स्नेह	1.5
स्नेही	1.5
स्पंज	-1.5
स्पंदन	1.5
स्पष्ट	1.5
स्पष्टतः	1.5
स्पष्टता	1.5
स्पष्टीकरण	1.5
स्पृहणीय	1.5
स्फूर्तिदायक	1.5
स्मरणीय	1.5
स्मारकीय	1.5
स्मार्ट	1.5
स्मित	1.5
स्वच्छ	1.5
स्वच्छंद	-1.5
स्वच्छता	1.5
स्वतंत्र	-1.5
स्वतंत्रता	1.5
स्वभाव	-1.5
स्वर्ग	1.5
स्वर्गीय	1.5
स्वल्प	-1.5
स्वस्थ	1.5
स्वांग	-1.5
स्वागत	1.5
स्वादिष्ट	1.5
स्वाधीनता	1.5
स्वाभाविक	1.5
स्वामिभक्ति	1.5
स्वामी	-1.5
स्वायत्त	1.5
स्वार्थ	-1.5
स्वार्थपरता	-1.5
स्वार्थी	-1.5
स्वेच्छाचारी	-1.5
हँसी	-1.5
हंगामा	-1.5
हंसमुख	1.5
हटना	-1.5
हटाना	-1.5
हठ	-1.5
हठधर्मी	-1.5
हठी	-1.5
हड़ताल	-1.5
हड़ताली	1.5
हड़बड़ी	-1.5
हताश	-1.5
हताहत	-1.5
हतोत्साहित	-1.5
हत्या	-1.5
हत्यारा	-1.5
हमला	-1.5
हमलावर	-1.5
हराने	1.5
हर्जाना	-1.5
हर्ष	1.5
हर्षित	1.5
हलचल	-1.5
हलाहल	-1.5
हल्का	-1.5
हस्तक्षेप	-1.5
हाथापाई	-1.5
हानि	-1.5
हानिकर	-1.5
हानिकारक	-1.5
हारे	-1.5
हार्दिक	1.5
हावी	1.5
हास्य	1.5
हास्यकर	1.5
हास्यपूर्ण	1.5
हास्यास्पद	-1.5
हिंसक	-1.5
हिंसात्मक	-1.5
हिचक	-1.5
हितकारी	1.5
हितों	1.5
हिदायत	1.5
हिमस्खलन	-1.5
हिमीकरण	-1.5
हिम्मत	1.5
हिल	-1.5
हिलना	-1.5
हिलाना	-1.5
हिस्टीरिया	-1.5
ही	-1.5
हीनता	-1.5
हीरा	1.5
हीरो	1.5
हेत्वाभास	-1.5
हेरफेर	-1.5
हैक	-1.5
हॉग	-1.5
होनहार	1.5
होशियार	1.5
ह्रास	-1.5
