Apokalipsa	-1.5
Harms	-1.5
Preciznije	-1.5
adekvatan	1.5
adut	1.5
agresija	-1.5
agresivan	-1.5
agresivnost	-1.5
agresor	-1.5
alarm	-1.5
alergija	-1.5
alkoholičar	-1.5
ambiciozan	1.5
anarhija	-1.5
anarhist	-1.5
anarhizam	-1.5
anksioznost	-1.5
anomalija	-1.5
antagonist	-1.5
antagonista	-1.5
anđeo	1.5
apel	1.5
approval	1.5
apsurd	-1.5
apsurdno	-1.5
arogantan	-1.5
aspiracija	1.5
atentator	-1.5
atrakcija	1.5
atraktivan	1.5
autentičan	1.5
autokratski	-1.5
available	1.5
ax	-1.5
bad	-1.5
baklje	-1.5
bačena	-1.5
beg	-1.5
beskoristan	-1.5
besmislen	-1.5
besmislica	-1.5
besplatan	1.5
besplatno	1.5
bespomoćno	-1.5
besprijekorno	1.5
best	1.5
beznačajan	-1.5
bezuvjetna	1.5
bijeda	-1.5
bijegu	-1.5
bijes	-1.5
bijesan	-1.5
bijesno	-1.5
bik	1.5
bilješka	-1.5
bič	-1.5
bjegunac	-1.5
bježi	-1.5
blag	-1.5
blago	1.5
blagoslov	1.5
blagostanje	1.5
blato	-1.5
blind	-1.5
bljesak	-1.5
blockbuster	1.5
blokiranje	-1.5
bogat	1.5
bogataš	1.5
bogatiji	1.5
bogato	1.5
bogatstvo	1.5
bogoslov	1.5
bojazan	-1.5
bojkot	-1.5
bol	-1.5
bolan	-1.5
bolesno	-1.5
bolest	-1.5
bolestan	-1.5
boli	-1.5
bolje	1.5
bolji	1.5
bolno	-1.5
bolovi	-1.5
bomba	-1.5
bonus	1.5
boom	1.5
bora	-1.5
borba	-1.5
bore	-1.5
bori	-1.5
borio	-1.5
božanski	1.5
braniti	1.5
brat	-1.5
bratski	1.5
brave	1.5
break	-1.5
briga	-1.5
briljantan	1.5
brisati	-1.5
briše	1.5
brodolom	-1.5
brutalan	-1.5
brutalno	-1.5
brutalnost	-1.5
bruto	-1.5
brz	1.5
brzo	1.5
brže	1.5
bube	-1.5
budala	-1.5
budan	1.5
budnost	1.5
bug	-1.5
bujica	-1.5
bujice	1.5
buka	-1.5
buke	-1.5
bum	-1.5
buran	-1.5
burno	-1.5
bušenje	-1.5
bušotina	-1.5
carev	1.5
cenzura	-1.5
cijeni	1.5
cijeniti	1.5
cijepanje	-1.5
ciničan	-1.5
cool	1.5
cure	1.5
curenje	-1.5
cvijet	1.5
da	1.5
dark	-1.5
death	-1.5
debakl	-1.5
debeo	-1.5
deblja	-1.5
degeneracija	-1.5
degradacija	-1.5
demon	-1.5
depresija	-1.5
depresije	-1.5
depresivan	-1.5
desert	-1.5
desni	1.5
desno	1.5
despot	-1.5
devijacija	-1.5
die	-1.5
dijametralno	-1.5
diktator	-1.5
diktatorski	-1.5
dilema	-1.5
dim	-1.5
din	-1.5
dinamičan	1.5
diplomatski	1.5
direktno	-1.5
disident	-1.5
diskriminacija	-1.5
divan	1.5
divljenja	1.5
divljenje	1.5
divlji	-1.5
divno	1.5
djelotvoran	1.5
dobar	1.5
dobit	1.5
dobiti	1.5
dobivanjem	1.5
dobro	1.5
dobrodošao	1.5
dobrodošli	1.5
dobrota	1.5
dobrotvor	1.5
dodijelio	1.5
dodijeliti	1.5
dogmatski	-1.5
doigravanje	-1.5
dokazan	1.5
dokazati	1.5
dokazivanja	1.5
dokazuje	1.5
dominira	1.5
dominiraju	1.5
dominirati	1.5
doom	-1.5
doprinos	1.5
dopuna	1.5
dopuniti	1.5
dopunjena	1.5
dopunski	1.5
dopustiti	-1.5
dosada	-1.5
dosadan	-1.5
dosadno	-1.5
dosljedan	1.5
dosljedno	1.5
dostignuća	1.5
dostignuće	1.5
dostojan	1.5
dostojanstvo	1.5
dostupan	1.5
doušnik	-1.5
dovelo	1.5
dovesti	1.5
dovoljan	1.5
dovoljna	1.5
dovoljno	1.5
dočekati	1.5
draga	1.5
dragi	1.5
drago	1.5
dragulj	1.5
drastičan	-1.5
drastično	-1.5
droga	-1.5
drsko	-1.5
držanje	-1.5
držati	1.5
dubok	1.5
duboko	1.5
dug	-1.5
dugovi	-1.5
duhovit	1.5
duhovito	1.5
duhovni	1.5
dužan	1.5
dužnik	-1.5
dvojbe	-1.5
efektno	1.5
efikasan	1.5
efikasno	1.5
efikasnost	1.5
ekonomičan	1.5
eksploatacija	-1.5
eksplodirati	-1.5
eksploziv	-1.5
ekstremista	-1.5
ekstremisti	-1.5
elastičan	1.5
elegantan	1.5
elegantno	1.5
eliminacija	-1.5
elita	1.5
elite	1.5
energičan	1.5
entuzijasta	1.5
entuzijazam	1.5
epidemija	-1.5
erozija	-1.5
error	-1.5
erupcija	-1.5
erupcije	-1.5
etički	1.5
fair	1.5
false	-1.5
fantazija	1.5
fašista	-1.5
fašistički	-1.5
fašizam	-1.5
feat	1.5
fer	1.5
fijasko	-1.5
fikcija	-1.5
fin	1.5
fine	1.5
fino	1.5
fleksibilan	1.5
fobija	-1.5
fond	1.5
free	1.5
frustracija	-1.5
frustracije	-1.5
frustriran	-1.5
fuck	-1.5
funky	-1.5
futuristički	1.5
gangster	-1.5
garancija	1.5
gađenje	-1.5
genije	1.5
genocid	-1.5
geto	-1.5
gladak	1.5
glasan	-1.5
glasina	-1.5
glasine	-1.5
glasnije	-1.5
glasno	-1.5
glatke	1.5
glatko	1.5
glavni	1.5
glavobolja	-1.5
glavobolje	-1.5
glup	-1.5
glupost	-1.5
gluposti	-1.5
gnjev	-1.5
gold	1.5
goniti	-1.5
good	1.5
gorak	-1.5
gore	-1.5
gorenje	-1.5
gori	-1.5
gorljivo	1.5
gornji	1.5
grad	1.5
grand	1.5
granica	-1.5
granični	-1.5
great	1.5
greška	-1.5
grijač	1.5
grijeh	-1.5
groznica	-1.5
groznice	-1.5
grub	-1.5
grubo	-1.5
gubi	-1.5
gubici	-1.5
gubitak	-1.5
gubitnik	-1.5
gubljenje	-1.5
gust	-1.5
gusto	1.5
gušenje	-1.5
gužva	-1.5
halucinacija	-1.5
happy	1.5
hard	-1.5
hegemonija	-1.5
herojski	1.5
histerija	-1.5
hitan	-1.5
hladan	-1.5
hladno	-1.5
hladnoća	-1.5
horda	-1.5
horde	-1.5
hot	1.5
hrabar	1.5
hrabri	1.5
hrabro	1.5
hrabrost	1.5
hrana	1.5
hraniti	1.5
human	1.5
humane	1.5
humor	1.5
humorističan	1.5
ideal	1.5
idealan	1.5
idealno	1.5
idol	1.5
ignoriranje	-1.5
ignorirati	-1.5
ilegalno	-1.5
iluzija	-1.5
iluzije	-1.5
imaginaran	-1.5
imenica	1.5
important	1.5
impresionira	1.5
impresioniran	1.5
impresionirati	1.5
impresivan	1.5
impresivno	1.5
inat	-1.5
infekcija	-1.5
inferior	-1.5
inhibicija	-1.5
inovacija	1.5
inovativan	1.5
inspiracija	1.5
instrumental	1.5
integral	1.5
integriran	1.5
inteligencija	1.5
inteligentan	1.5
intenzivan	-1.5
interes	1.5
interesi	1.5
intiman	1.5
intriga	1.5
invalid	-1.5
iritira	-1.5
ironija	-1.5
ironičan	-1.5
ironično	-1.5
iscrpljen	-1.5
iscrpljenost	-1.5
isključenje	-1.5
iskorijeniti	-1.5
iskorištavati	-1.5
iskra	1.5
iskren	1.5
iskreno	1.5
iskrenost	1.5
iskrivljena	-1.5
iskušenje	-1.5
ismijava	-1.5
ispadanje	-1.5
ispovijedi	-1.5
ispovijest	-1.5
ispočetka	-1.5
ispravan	1.5
ispraviti	1.5
ispravljanje	1.5
ispravno	1.5
isprekidan	-1.5
isprike	-1.5
isprovocirati	-1.5
ispunjen	-1.5
ispunjenje	1.5
ispušni	-1.5
istaknut	1.5
istekao	-1.5
istinit	1.5
istinito	1.5
istinitost	1.5
ističe	1.5
istrebljenje	-1.5
isušivanje	-1.5
izazivati	-1.5
izbacio	-1.5
izbijanje	-1.5
izbjegavati	-1.5
izbjeći	-1.5
izdaja	-1.5
izdajica	-1.5
izdajnik	-1.5
izdaju	-1.5
izdanje	-1.5
izdati	-1.5
izdavanje	-1.5
izdržljiv	1.5
izgnan	-1.5
izgnanstvo	-1.5
izgovor	-1.5
izgubiti	-1.5
izgubljen	-1.5
izjaviti	-1.5
izlaziti	-1.5
izliječiti	1.5
izljev	-1.5
izmišljen	-1.5
izmišljotina	-1.5
iznenada	-1.5
izolacija	-1.5
izolirani	-1.5
izolirati	-1.5
izostaviti	-1.5
izreći	-1.5
izuzetan	1.5
izuzetno	1.5
izvanredan	1.5
izvanredno	1.5
izvornost	1.5
izvrsno	1.5
izvrstan	1.5
jako	1.5
jam	-1.5
jamčiti	1.5
jasan	1.5
jasniji	1.5
jasno	1.5
jasnoća	1.5
jastuk	1.5
jači	1.5
jedinstvo	1.5
jednako	1.5
jednostavan	1.5
jednostavnije	1.5
jedva	-1.5
jeftin	1.5
jeftinije	1.5
jeftino	-1.5
jesen	-1.5
junak	1.5
junakinja	1.5
junački	1.5
junaštvo	1.5
juriš	-1.5
jurišni	-1.5
kanalizaciju	-1.5
kao	1.5
karakter	1.5
karakterističan	1.5
karikatura	-1.5
karizma	1.5
kasni	-1.5
katastrofa	-1.5
katastrofalan	-1.5
katastrofalno	-1.5
katastrofe	-1.5
kazneni	-1.5
kazniti	-1.5
kašnjenja	-1.5
kašnjenje	-1.5
kažnjavati	-1.5
klanjaju	1.5
klanje	-1.5
klasik	1.5
klasičan	1.5
kletva	-1.5
kleveta	-1.5
klika	-1.5
klin	-1.5
koban	-1.5
kocka	-1.5
kolac	-1.5
kolaps	-1.5
komercijalan	-1.5
kompaktan	1.5
kompatibilan	1.5
kompleks	-1.5
komplikacija	-1.5
koncesija	-1.5
koncesije	-1.5
konkurentan	1.5
kontra	-1.5
kontroverzan	-1.5
konzervativan	-1.5
kopriva	-1.5
koprive	-1.5
korigirati	1.5
korisnik	1.5
korist	1.5
koristan	1.5
koristiti	1.5
korov	-1.5
korozija	-1.5
korupcija	-1.5
kos	-1.5
kostur	-1.5
kosturi	-1.5
kovan	-1.5
koža	-1.5
krade	-1.5
kraljevski	1.5
krađa	-1.5
kreativan	1.5
krik	-1.5
kriminalac	-1.5
kritika	-1.5
kritike	-1.5
kritizirajući	-1.5
kritizirao	-1.5
kritičan	-1.5
kritičar	-1.5
kritičari	-1.5
kriv	-1.5
krivac	-1.5
krivica	-1.5
krivo	-1.5
krivotvorina	-1.5
krivovjerje	-1.5
kriza	-1.5
krize	-1.5
krma	-1.5
krut	-1.5
krutost	-1.5
krvarenje	-1.5
krvav	-1.5
krvoproliće	-1.5
kršenje	-1.5
kuga	-1.5
kuhati	-1.5
kukavica	-1.5
kvalificirati	1.5
kvar	-1.5
kvarenje	-1.5
kvarovi	-1.5
labavo	-1.5
lag	-1.5
lagati	-1.5
lako	1.5
lakom	1.5
lavina	-1.5
laž	-1.5
lažan	-1.5
laži	-1.5
lažno	-1.5
led	1.5
legendaran	1.5
leglo	-1.5
ležaj	-1.5
ležati	-1.5
ležeći	-1.5
licemjerje	-1.5
lijek	1.5
lijep	1.5
lijepo	1.5
liječiti	1.5
like	1.5
likova	1.5
limit	-1.5
limun	-1.5
lirski	1.5
list	-1.5
lišen	-1.5
ljepota	1.5
ljepše	1.5
ljubav	1.5
ljubavni	1.5
ljubavnica	-1.5
ljubavnik	1.5
ljubazan	1.5
ljubazno	1.5
ljubomora	-1.5
ljubomoran	-1.5
ljut	-1.5
ljutito	-1.5
ljutnja	-1.5
logičan	1.5
lojalnost	1.5
lomljenje	-1.5
lopov	-1.5
love	1.5
loš	-1.5
loše	-1.5
lud	-1.5
ludilo	-1.5
ludo	-1.5
luka	-1.5
lukav	-1.5
luke	-1.5
luksuz	1.5
lutajući	-1.5
lutka	-1.5
lutke	-1.5
magija	1.5
magijski	1.5
magle	-1.5
majstor	1.5
majstori	1.5
majstorski	1.5
majstorstvo	1.5
mami	1.5
mana	-1.5
mane	-1.5
manipulacija	-1.5
manipulirati	-1.5
manjak	-1.5
mar	-1.5
marionetska	-1.5
marljiv	1.5
marljivo	1.5
masakr	-1.5
masno	1.5
mast	-1.5
master	1.5
mat	-1.5
mature	1.5
mekan	1.5
mekši	1.5
mesar	-1.5
metež	-1.5
miješanje	-1.5
mila	1.5
miljenik	1.5
milost	1.5
mir	1.5
miran	1.5
miris	-1.5
miriše	-1.5
mirno	1.5
mirovanja	-1.5
mirovanje	-1.5
miss	-1.5
misterija	-1.5
misteriozno	-1.5
mit	-1.5
mljevenje	-1.5
mnogo	1.5
moderan	1.5
molba	-1.5
molbama	-1.5
moralnost	1.5
motiviran	1.5
moć	1.5
moćan	1.5
mrak	-1.5
mraz	-1.5
mračan	-1.5
mrlja	-1.5
mrlje	-1.5
mrtav	-1.5
mrzi	-1.5
mrziti	-1.5
mržnja	-1.5
mudar	1.5
mudro	1.5
mudrost	1.5
muka	-1.5
mukotrpan	-1.5
mulj	-1.5
munjevito	-1.5
muče	-1.5
mučen	-1.5
mučeništvo	-1.5
mučenja	-1.5
mučenje	-1.5
mučenju	-1.5
mučiti	-1.5
nadahnuti	1.5
nadahnuće	1.5
nadležan	1.5
nadmašio	1.5
nadmašiti	1.5
nadmoćno	-1.5
nadograditi	1.5
nadopunjuje	1.5
nadvladati	-1.5
nadzor	-1.5
naglasiti	-1.5
naglašava	-1.5
nagovarati	-1.5
nagovještaj	-1.5
nagrada	1.5
nagrade	1.5
nagraditi	1.5
nagradni	1.5
naivan	-1.5
naive	-1.5
naivno	-1.5
najbolje	1.5
najbolji	1.5
najbrži	1.5
najezda	-1.5
najgore	-1.5
najgori	-1.5
najistaknutiji	1.5
najjači	1.5
najjednostavniji	1.5
najjeftiniji	1.5
najlakši	1.5
najljepša	1.5
najprije	1.5
najteža	1.5
najveći	1.5
najčišći	1.5
naklonost	1.5
naleti	-1.5
namamiti	-1.5
nametanje	-1.5
namjestiti	-1.5
namjesto	-1.5
nanijeti	-1.5
napad	-1.5
napadati	-1.5
napadi	-1.5
napadno	-1.5
napasti	-1.5
napet	-1.5
napeti	-1.5
napetost	-1.5
napora	1.5
naporan	-1.5
napredak	1.5
napredan	1.5
napredovanje	1.5
napredovati	1.5
naprezanje	-1.5
napustiti	-1.5
napuštanje	-1.5
napušten	-1.5
narušava	-1.5
nasilan	-1.5
natrag	-1.5
navijač	1.5
navod	-1.5
naškoditi	-1.5
nažalost	-1.5
ne	-1.5
neaktivan	-1.5
neaktivnost	-1.5
nebeski	1.5
nedaće	-1.5
nedosljednosti	-1.5
nedostaci	-1.5
nedostajala	-1.5
nedostaje	-1.5
nedostatak	-1.5
nedostatke	-1.5
nedostupan	-1.5
nedovoljan	-1.5
nedovoljno	-1.5
nedovršen	-1.5
negacija	-1.5
negativ	-1.5
negativan	-1.5
negodovanje	-1.5
nehotice	-1.5
nehrđajući	1.5
neiskusan	-1.5
neizbježan	-1.5
neizbježno	-1.5
neizmjerno	1.5
nejasan	-1.5
nejasnoća	-1.5
nejednakost	-1.5
nejednakosti	-1.5
nelagoda	-1.5
nemati	-1.5
nemilosrdan	-1.5
nemilosrdno	-1.5
nemilost	-1.5
nemir	-1.5
nemiran	-1.5
nemoguć	-1.5
nemoguće	-1.5
nemoćan	-1.5
neobično	-1.5
neodlučan	-1.5
neodoljivo	-1.5
neodređen	-1.5
neograničen	1.5
neočekivan	-1.5
neočekivano	-1.5
nepismen	-1.5
nepokretan	-1.5
nepopularan	-1.5
neposlušnost	-1.5
nepostojeći	-1.5
nepotpun	-1.5
nepotreban	-1.5
nepotrebno	-1.5
nepotvrđen	-1.5
nepouzdan	-1.5
nepouzdanost	-1.5
nepovjerenje	-1.5
nepovoljan	-1.5
nepoznat	-1.5
nepoznata	-1.5
nepoštovanje	-1.5
nepoželjan	-1.5
nepravda	-1.5
nepravedno	-1.5
nepravilan	-1.5
nepravilno	-1.5
nepravilnost	-1.5
neprekidan	-1.5
neprekidno	-1.5
neprestano	-1.5
neprihvatljiv	-1.5
neprihvatljivo	-1.5
neprijatelj	-1.5
neprijatelji	-1.5
neprijateljski	-1.5
neprijateljstvo	-1.5
neprilika	-1.5
nepristran	1.5
nerado	-1.5
neravnina	1.5
nerazumljiv	-1.5
nered	-1.5
neriješen	-1.5
nervozan	-1.5
nesavršenosti	-1.5
nesiguran	-1.5
nesigurnost	-1.5
neslaganje	-1.5
neslavno	-1.5
nesporazum	-1.5
nesposoban	-1.5
nesposobnost	-1.5
nespretan	-1.5
nesretan	-1.5
nesretno	-1.5
nesreća	-1.5
nesreće	-1.5
nestabilan	-1.5
nestabilnost	-1.5
nestajanje	-1.5
nestašica	-1.5
nestvarno	1.5
nesumnjivo	1.5
nesvijest	-1.5
nesvjestan	-1.5
netaknut	-1.5
netočan	-1.5
netočno	-1.5
netočnosti	-1.5
netrpeljivost	-1.5
neugodan	-1.5
neugodno	-1.5
neuobičajen	-1.5
neupitno	1.5
neuspjeh	-1.5
neuspjesi	-1.5
neuspješan	-1.5
neuspješno	-1.5
nevažan	-1.5
nevažeći	-1.5
nevidljiv	-1.5
nevolja	-1.5
nevolje	-1.5
nezaboravan	1.5
nezadovoljan	-1.5
nezadovoljstvo	-1.5
nezainteresiran	-1.5
nezainteresiranost	-1.5
nezakonito	-1.5
nezavisan	1.5
neznanje	-1.5
neznatan	-1.5
nečistoća	-1.5
nizbrdo	-1.5
njegovanje	1.5
njegovati	1.5
njeguju	1.5
nježan	1.5
nježno	1.5
nježnost	-1.5
njuh	-1.5
noise	-1.5
novost	1.5
nož	-1.5
oaza	1.5
obavještajni	1.5
obećanja	1.5
obećanje	1.5
obećavajući	1.5
obilje	1.5
obilježja	1.5
obiluje	1.5
objekt	-1.5
objesio	-1.5
objesiti	-1.5
oblak	-1.5
obličje	-1.5
obmana	-1.5
obnova	1.5
obnovljen	1.5
obnovljena	1.5
obogatiti	1.5
obolio	-1.5
oboljenje	-1.5
oboriti	-1.5
obožavatelj	1.5
obožavatelji	1.5
obrambeni	-1.5
obrazovan	1.5
obzir	1.5
odbaciti	-1.5
odbacivanje	-1.5
odbacuje	-1.5
odbačen	-1.5
odbija	-1.5
odbijanje	-1.5
odbijati	-1.5
odbijen	-1.5
odbiti	-1.5
odbojna	-1.5
odgoditi	-1.5
odgovoran	-1.5
odgovorno	1.5
odgovornost	-1.5
odijelo	-1.5
odličan	1.5
odljev	-1.5
odlučan	1.5
odlučujući	1.5
odmah	1.5
odmor	1.5
odobravanje	1.5
odobrenje	1.5
odobrilo	1.5
odobriti	1.5
odricanje	-1.5
održivosti	1.5
odstupanje	-1.5
odstupiti	-1.5
odsutan	-1.5
odsutni	-1.5
odsutnost	-1.5
oduzet	-1.5
oduzeti	-1.5
oduševljen	1.5
oduševljena	1.5
oduševljeno	1.5
odvod	-1.5
odvojiti	-1.5
odvratiti	-1.5
ogorčen	-1.5
ogorčenje	-1.5
ogorčeno	-1.5
ograničen	-1.5
ograničenja	-1.5
ograničenje	-1.5
ograničiti	-1.5
ogrebotina	-1.5
ogrebotine	-1.5
ohladiti	-1.5
ohrabriti	1.5
okretan	1.5
okrutan	-1.5
okrutno	-1.5
okrutnost	-1.5
okvir	-1.5
olakšati	1.5
olakšava	1.5
olovni	1.5
olovo	1.5
oluja	-1.5
olupina	-1.5
omalovažavanje	-1.5
ometanje	-1.5
ometati	-1.5
omiljen	1.5
onesposobiti	-1.5
opada	-1.5
opadanje	-1.5
opadanju	-1.5
opadati	-1.5
opao	-1.5
opasan	-1.5
opasnost	-1.5
opeklina	-1.5
opekline	-1.5
oplemenjivanje	1.5
opljačkati	-1.5
oponašanje	-1.5
oporavak	1.5
oporezivanja	-1.5
opovrgnuo	-1.5
opovrgnuti	-1.5
opozicija	-1.5
opozvati	-1.5
opravdati	-1.5
opredjeljenje	1.5
oprezan	-1.5
oprostiti	1.5
opsada	-1.5
opsesija	1.5
opsesije	1.5
opsesivno	-1.5
opsežan	1.5
opsjedali	-1.5
opsjedati	-1.5
opsjednutost	1.5
opstanak	1.5
opstrukcija	-1.5
optimalan	1.5
optimizam	1.5
optužba	-1.5
optužbe	-1.5
optužiti	-1.5
optužuje	-1.5
optužujući	-1.5
opustošen	-1.5
opširno	1.5
originalnost	1.5
osigurati	1.5
osip	-1.5
oslabiti	-1.5
osloboditi	1.5
oslobođen	1.5
oslobođenje	1.5
osloniti	1.5
osmijeh	1.5
osporiti	-1.5
osposobiti	1.5
osrednji	-1.5
ostaci	-1.5
ostavka	-1.5
ostvariti	1.5
osuda	-1.5
osuditi	-1.5
osuđuje	-1.5
osvaja	-1.5
osvajač	-1.5
osveta	-1.5
osvetnik	-1.5
osvijetliti	1.5
osvojio	1.5
otapanje	-1.5
oteklina	-1.5
otežano	-1.5
otisak	1.5
otjerati	-1.5
otkaz	-1.5
otkazati	-1.5
otkrivanje	1.5
otkup	1.5
otkupiti	1.5
otpad	-1.5
otpor	-1.5
otrov	-1.5
otrovan	-1.5
otrovati	-1.5
otuđenje	-1.5
otvoreno	1.5
otvorenost	1.5
ovisnika	-1.5
ovladati	1.5
ozbiljnost	-1.5
ozlijediti	-1.5
ozlijeđen	-1.5
ozljeda	-1.5
oznaka	1.5
označiti	1.5
očajan	-1.5
očajnički	-1.5
očaran	1.5
očistiti	1.5
oštetio	-1.5
oštetiti	-1.5
oštećen	-1.5
oštećene	-1.5
oštro	-1.5
ožiljak	-1.5
ožiljci	-1.5
oživjeti	1.5
oživljava	1.5
pa	1.5
pacijent	1.5
pad	-1.5
padina	-1.5
pahuljica	-1.5
pakao	-1.5
pala	-1.5
pale	-1.5
pali	-1.5
pametan	1.5
pametno	1.5
pan	-1.5
panika	-1.5
panoramski	1.5
para	-1.5
parazit	-1.5
parodija	-1.5
partizan	-1.5
partizani	-1.5
partizanski	-1.5
pasivan	-1.5
pasti	-1.5
pat	-1.5
pati	-1.5
patnja	-1.5
patriotski	1.5
patuljak	-1.5
pauze	-1.5
pažljiv	1.5
pijan	-1.5
pijavica	-1.5
pitanja	-1.5
pjesnički	1.5
plakati	-1.5
planirati	-1.5
plašiti	-1.5
plemenit	1.5
plijen	-1.5
plitak	-1.5
plivajući	1.5
pljačka	-1.5
pljačkati	-1.5
pljačkaški	-1.5
pljesak	-1.5
plodan	1.5
plovan	1.5
ploče	1.5
pobija	-1.5
pobijedivši	1.5
pobiti	-1.5
pobjeda	1.5
pobjednici	1.5
pobjednik	1.5
pobjednički	1.5
pobjedonosno	1.5
pobjegao	-1.5
pobjeći	-1.5
pobjeđuje	1.5
poboljšan	1.5
poboljšane	1.5
poboljšanja	1.5
poboljšanje	1.5
poboljšati	1.5
poboljšava	1.5
pobornik	1.5
pobožan	1.5
pobožnost	1.5
pobuniti	1.5
podalje	-1.5
podijeliti	-1.5
podići	1.5
podrediti	-1.5
podređen	-1.5
podređeni	-1.5
podrugljivo	-1.5
podrška	1.5
podržali	1.5
podržan	1.5
podržati	1.5
podržava	1.5
podržavaju	1.5
poduprijeti	1.5
podvrgnuti	-1.5
poetski	1.5
poginuli	-1.5
poginuti	-1.5
poglavar	1.5
pogodan	1.5
pogodio	-1.5
pogodnost	1.5
pogoršanje	-1.5
pogoršati	-1.5
pogoršava	-1.5
pogođen	-1.5
pogrdan	-1.5
pogrešan	-1.5
pogreška	-1.5
pogreške	-1.5
pogrešno	-1.5
pogriješiti	-1.5
pohađati	-1.5
pohlepa	-1.5
pohvala	1.5
pohvaliti	1.5
pohvalno	1.5
pojačati	1.5
pojednostaviti	1.5
pojednostavljen	1.5
pojednostavljeno	-1.5
pojednostavljuje	1.5
pokolj	-1.5
pokoravanje	-1.5
pokretan	1.5
pokretač	1.5
pokriti	-1.5
pokrov	-1.5
pokvariti	-1.5
polako	-1.5
polarizacija	-1.5
polemika	-1.5
polet	1.5
pomaganje	1.5
pomažući	1.5
pomilovanje	1.5
pomiriti	1.5
pomoglo	1.5
ponavljaju	-1.5
poniznost	1.5
poništiti	-1.5
ponižavajući	-1.5
poniženje	-1.5
ponor	-1.5
ponos	1.5
ponosan	1.5
ponuda	1.5
ponuditi	1.5
popraviti	1.5
poprsja	-1.5
poprsje	-1.5
popularan	1.5
poput	1.5
porast	1.5
poraz	1.5
poraza	1.5
poraziti	1.5
poražen	1.5
poremetiti	-1.5
poremećaj	-1.5
poremećen	-1.5
poricanje	-1.5
poriče	-1.5
posao	-1.5
posebno	-1.5
poslastica	1.5
post	1.5
postignuća	1.5
postiti	1.5
postiže	1.5
posvećen	1.5
potapanje	-1.5
poticanje	1.5
potiskuju	-1.5
potisnuti	-1.5
potkopava	-1.5
potop	-1.5
potporni	1.5
potpun	-1.5
potvrdio	1.5
potvrditi	1.5
potvrđivanje	1.5
pouzdan	1.5
pouzdana	1.5
pouzdano	1.5
pouzdanost	1.5
povezanost	1.5
povećanje	1.5
povećati	1.5
povjerenja	1.5
povjerenje	1.5
povjeriti	1.5
povlačenje	-1.5
povoljan	1.5
povoljno	1.5
povratiti	1.5
povraćanje	-1.5
povreda	-1.5
povrijediti	-1.5
površno	-1.5
povukli	-1.5
povučen	-1.5
pozdrav	1.5
pozdraviti	1.5
pozitivan	1.5
pozitivno	1.5
pošten	1.5
poštenje	1.5
pošteno	1.5
poštovan	1.5
poštovanje	1.5
poštovati	1.5
požalio	-1.5
poželjan	1.5
praga	-1.5
prah	-1.5
prasak	-1.5
pravedan	1.5
pravedno	1.5
pravednost	1.5
pravi	1.5
pravo	1.5
prazan	-1.5
praznina	-1.5
praznovjerje	-1.5
prašina	-1.5
precizan	1.5
precizno	1.5
predaja	-1.5
predati	-1.5
predivan	1.5
prednost	1.5
prednosti	1.5
predrasuda	-1.5
predrasude	-1.5
predstavljati	-1.5
predviđanje	1.5
preferira	1.5
preferirajući	1.5
pregrada	-1.5
pregrijavanje	-1.5
preinačen	1.5
prekid	-1.5
prekinut	-1.5
prekinuti	-1.5
prekoračenja	1.5
prekršaj	-1.5
prekršiti	-1.5
prelazi	1.5
premašila	1.5
premijer	1.5
premjestiti	-1.5
preokret	-1.5
preporod	1.5
preporuka	1.5
preporuke	1.5
preporuča	1.5
preporučiti	1.5
prepreka	-1.5
presretan	1.5
prestati	-1.5
prestići	1.5
prestiž	1.5
pretežak	-1.5
pretjeran	-1.5
pretjerano	-1.5
pretjerivanje	-1.5
prevara	-1.5
prevare	-1.5
prevaren	-1.5
prevariti	-1.5
prevelik	-1.5
prevrat	-1.5
prezir	-1.5
preživio	1.5
prigovara	-1.5
prigovarati	-1.5
prigovor	-1.5
prigovori	-1.5
prijateljski	1.5
prijateljstvo	1.5
prijelom	-1.5
prijeteći	-1.5
prijetiti	-1.5
prijetnja	-1.5
prijetnje	-1.5
prijevara	-1.5
prikladan	1.5
prikladno	1.5
prilično	1.5
primitivan	-1.5
primjerak	1.5
pristalica	1.5
pristojan	1.5
pristranost	-1.5
pristranosti	-1.5
prisvojiti	1.5
pritoka	1.5
pritužbe	-1.5
priuštiti	1.5
prividan	-1.5
privilegija	1.5
privlačan	1.5
privremen	-1.5
privući	1.5
priznanja	1.5
priznao	-1.5
priznati	-1.5
prkos	-1.5
probiti	-1.5
problem	-1.5
problematičan	-1.5
problemi	-1.5
probni	-1.5
proboj	1.5
procvat	1.5
prodrijeti	-1.5
produktivan	1.5
produžen	-1.5
profane	-1.5
prognan	-1.5
progon	-1.5
progoniti	-1.5
progresivan	1.5
progutati	-1.5
proizvoljan	-1.5
prokletstvo	-1.5
promašaj	-1.5
promaši	-1.5
propadati	-1.5
propaganda	-1.5
propao	-1.5
propast	-1.5
propisno	1.5
propust	-1.5
propuste	-1.5
propustio	-1.5
propustiti	-1.5
propuštanje	-1.5
proslava	1.5
proslaviti	1.5
prosperitet	1.5
prostran	1.5
prosvjedi	-1.5
prosvjedovao	-1.5
protest	-1.5
protivnik	-1.5
protivnički	-1.5
protjerati	-1.5
protjerivanje	-1.5
provokacija	-1.5
provokativan	-1.5
pročišćavanje	1.5
prožima	-1.5
prvak	1.5
psovke	-1.5
pucaju	-1.5
puhati	-1.5
pukotina	-1.5
pukotine	-1.5
pun	-1.5
punk	-1.5
pust	-1.5
pustinja	-1.5
pustinjski	-1.5
pustoš	-1.5
pustošenje	-1.5
pušiti	-1.5
puškarnica	-1.5
queer	-1.5
racionalan	1.5
rad	1.5
radije	1.5
radikal	-1.5
radikalan	-1.5
radikali	-1.5
radio	1.5
raditi	1.5
rado	1.5
radosno	1.5
radost	1.5
rail	-1.5
raj	1.5
rak	-1.5
rana	-1.5
rane	-1.5
ranjiv	-1.5
rascjep	-1.5
raseljeno	-1.5
rasipanje	-1.5
rasistički	-1.5
rasizam	-1.5
raskida	-1.5
raskošan	1.5
raspadne	-1.5
raspala	-1.5
rasprava	-1.5
raspuštanje	-1.5
ratnik	1.5
razaranje	-1.5
razarač	-1.5
razbio	-1.5
razbiti	-1.5
razdor	-1.5
razlika	1.5
razlikovati	-1.5
razni	-1.5
raznovrsnost	1.5
razoren	-1.5
razoružati	-1.5
razočaran	-1.5
razočaranja	-1.5
razočaranje	-1.5
razočaravajuće	-1.5
razuman	1.5
razumijevanje	-1.5
razumljiv	1.5
razumno	1.5
ready	1.5
reagira	-1.5
realističan	1.5
reforma	1.5
reforme	1.5
reformirati	1.5
regresija	-1.5
regulirati	-1.5
reljef	1.5
reljefni	1.5
retorika	-1.5
revolt	-1.5
revoluciju	1.5
revolucionar	1.5
revolucionaran	1.5
rezerviran	-1.5
rešetka	-1.5
right	1.5
rijedak	-1.5
riskantan	-1.5
rival	-1.5
rivalstvo	-1.5
rizici	-1.5
rizik	-1.5
riznica	-1.5
rješava	-1.5
rob	-1.5
roblje	-1.5
rodoljub	1.5
romantično	1.5
ropstvo	-1.5
rude	-1.5
rue	-1.5
ruga	-1.5
rupe	-1.5
rutina	-1.5
ruševine	-1.5
ruši	-1.5
rušiti	-1.5
ružan	-1.5
sabotaža	-1.5
sad	-1.5
sajam	1.5
sarkastično	-1.5
sastavni	1.5
sasvim	-1.5
satire	-1.5
savez	1.5
savijen	-1.5
savjet	-1.5
savršen	1.5
savršeno	1.5
savršenstvo	1.5
sažet	1.5
sebičan	-1.5
sef	1.5
seksi	1.5
senzacija	1.5
senzacije	1.5
siguran	1.5
sigurno	1.5
silovanje	-1.5
silovati	-1.5
simpatičan	1.5
simptom	-1.5
simptomi	-1.5
sin	-1.5
sindrom	-1.5
siromašan	-1.5
siromašniji	-1.5
siromaštvo	-1.5
siroče	-1.5
sisanje	-1.5
sisati	-1.5
sitan	-1.5
sjaj	1.5
sjajan	1.5
sjajno	1.5
sjedeći	-1.5
sjekira	-1.5
skandal	-1.5
skandali	-1.5
skepticizam	-1.5
skeptičan	-1.5
skitnica	-1.5
sklad	1.5
skladan	1.5
skladno	1.5
sklon	1.5
skroman	1.5
skup	-1.5
slab	-1.5
slabiji	-1.5
slabljenja	-1.5
slabo	-1.5
slabost	-1.5
slabosti	-1.5
sladak	1.5
slap	-1.5
slatko	1.5
slava	1.5
slavan	1.5
slave	-1.5
slavi	1.5
slaviti	1.5
slavlje	1.5
slavni	1.5
slavno	1.5
slijep	-1.5
slikovit	1.5
sloboda	1.5
slobode	1.5
slom	-1.5
slomiti	-1.5
slomljen	-1.5
složen	-1.5
složio	-1.5
sluga	-1.5
slučajno	-1.5
slučajnost	-1.5
smanjen	-1.5
smanjila	1.5
smanjivati	-1.5
smart	1.5
smatrati	1.5
smeta	-1.5
smetati	-1.5
smetnja	-1.5
smeće	-1.5
smiješan	-1.5
smiješno	-1.5
smiri	1.5
smiriti	1.5
smrad	-1.5
smrt	-1.5
smrtonosan	-1.5
smrzavanje	-1.5
snažno	1.5
snošaj	-1.5
soft	1.5
solid	1.5
solidan	1.5
solidarnost	1.5
spaljen	-1.5
spaljivanje	-1.5
spasitelj	1.5
spavati	-1.5
spektakularan	1.5
spektakularno	1.5
split	-1.5
spor	-1.5
sporan	-1.5
sporije	-1.5
sporo	-1.5
sposoban	1.5
sposobnost	1.5
spreman	1.5
spremnici	-1.5
spremnik	-1.5
spremno	1.5
spremnost	1.5
spretan	1.5
spriječiti	-1.5
sram	-1.5
sramota	-1.5
sranje	-1.5
srdačno	1.5
sretan	1.5
sretniji	1.5
sretno	1.5
sreća	1.5
srećom	1.5
srušiti	-1.5
stabilan	1.5
stabilizirati	1.5
stabilnost	1.5
stagnacija	-1.5
staja	1.5
stajanje	1.5
stale	-1.5
star	-1.5
statički	-1.5
stekao	1.5
stereotip	-1.5
steći	1.5
stil	1.5
stilski	1.5
stimulira	1.5
strah	-1.5
strahopoštovanje	1.5
strahovito	1.5
stranac	-1.5
strast	1.5
strašan	-1.5
strašno	-1.5
stres	-1.5
strm	-1.5
strmo	-1.5
strog	-1.5
strogo	-1.5
strpljenje	1.5
strpljiv	1.5
strpljivo	1.5
stručno	1.5
stvaran	1.5
sudar	-1.5
sukob	-1.5
sukobi	-1.5
sumnja	-1.5
sumnjam	-1.5
sumnjati	-1.5
sumnje	-1.5
sumnjivo	-1.5
sumnjičav	-1.5
suočiti	-1.5
suparnik	-1.5
suparništvo	-1.5
super	1.5
superior	1.5
superioran	1.5
superiornost	1.5
support	1.5
suprotstaviti	-1.5
surov	-1.5
suzbijanje	-1.5
suša	-1.5
svađa	-1.5
svađati	-1.5
svađe	-1.5
svestran	1.5
svet	1.5
svetac	1.5
svidi	1.5
svinja	-1.5
svinje	-1.5
svjetlije	1.5
svjež	1.5
svrbež	-1.5
tabu	-1.5
tajni	-1.5
talac	-1.5
talenat	1.5
talent	1.5
talenti	1.5
talentirani	1.5
talog	-1.5
tama	-1.5
taman	-1.5
tamjan	-1.5
tamnica	-1.5
tamnice	-1.5
tamnije	-1.5
tanak	-1.5
tanja	1.5
tank	-1.5
tegoba	-1.5
temeljito	-1.5
temperament	-1.5
tenkovski	-1.5
teret	-1.5
teror	-1.5
terorizam	-1.5
teško	-1.5
teškoća	-1.5
teškoće	-1.5
težiti	1.5
težnja	1.5
težnje	1.5
thrash	-1.5
tiho	1.5
tiranin	-1.5
titranje	-1.5
tjeskobe	-1.5
tjesnac	-1.5
toksičan	-1.5
top	1.5
topao	1.5
toplina	1.5
torture	-1.5
točan	1.5
točno	1.5
trag	-1.5
tragedija	-1.5
tragičan	-1.5
tragično	-1.5
transparent	1.5
trap	-1.5
trauma	-1.5
trač	-1.5
trenje	-1.5
trick	-1.5
trijumf	1.5
trik	-1.5
trikove	-1.5
trofej	1.5
truba	1.5
trud	-1.5
trzaj	-1.5
tuga	-1.5
tugovanje	-1.5
tup	-1.5
tužan	-1.5
tuži	-1.5
tužila	-1.5
tužiti	-1.5
tvrd	1.5
tvrditi	1.5
tvrdnja	-1.5
tvrdoglav	-1.5
tvrdoglavo	-1.5
twist	-1.5
ubija	-1.5
ubijanje	-1.5
ubijen	-1.5
ubiti	-1.5
ublažiti	1.5
ubod	-1.5
ubrzati	-1.5
udar	-1.5
udarac	-1.5
udaranje	1.5
udaranjem	-1.5
udariti	-1.5
udoban	1.5
udobno	1.5
udobnost	1.5
udubljenje	-1.5
ugasiti	-1.5
ugled	1.5
ugledan	1.5
ugodan	1.5
ugodnost	1.5
ugroziti	-1.5
ugrožavati	-1.5
ugušiti	-1.5
ukinut	-1.5
ukinuti	-1.5
ukočenost	-1.5
ukraden	-1.5
ukrao	-1.5
ukrasti	-1.5
ukus	1.5
uloviti	-1.5
ultimatum	-1.5
umanjiti	-1.5
umiranje	-1.5
umire	-1.5
umiriti	1.5
umirući	-1.5
umor	-1.5
umoran	-1.5
umrijeti	-1.5
umro	-1.5
unaprijediti	1.5
undefined	-1.5
uništenje	-1.5
uništiti	-1.5
unosan	1.5
upad	-1.5
upadljivo	1.5
upala	-1.5
upaljač	1.5
upalni	-1.5
upasti	-1.5
upečatljiv	1.5
upitna	-1.5
uplašen	-1.5
upletenost	-1.5
uplitanje	-1.5
uporno	1.5
upotrebljiv	1.5
upozoravajući	-1.5
upozorenje	-1.5
upozorio	-1.5
upozoriti	-1.5
upravo	1.5
uravnotežen	1.5
uredan	1.5
uredno	1.5
usamljen	-1.5
usamljenost	-1.5
usavršiti	1.5
uskladiti	1.5
uspijeva	1.5
uspjeh	1.5
uspjelo	1.5
uspjesi	1.5
uspjeti	1.5
uspješan	1.5
uspješno	1.5
uspon	1.5
usporen	-1.5
usporiti	-1.5
ustanak	-1.5
ustupiti	-1.5
utjecajan	1.5
utjeha	1.5
utješiti	1.5
utočište	-1.5
uvertira	1.5
uvjeravanja	1.5
uvjeren	1.5
uvjerenje	1.5
uvjeriti	1.5
uvjerljiv	1.5
uvjetno	-1.5
uvreda	-1.5
uvrede	-1.5
uvrijediti	-1.5
uvrijeđen	-1.5
uvukao	-1.5
uvući	-1.5
uzak	-1.5
uzaludan	-1.5
uzaludno	-1.5
uzbudljiv	1.5
uzbuđenja	1.5
uzbuđenje	1.5
uzdignuti	1.5
uznemiravanje	-1.5
uznemiren	-1.5
uzoran	1.5
uzrujan	-1.5
uzurpator	-1.5
učen	1.5
učinkovito	1.5
uža	-1.5
užasno	-1.5
uživa	1.5
uživanje	1.5
uživao	1.5
uživati	1.5
užurbano	-1.5
vara	-1.5
varalica	1.5
varao	-1.5
varka	-1.5
vatreno	1.5
važan	1.5
važno	1.5
vedar	1.5
velik	1.5
velikodušno	1.5
veličanje	1.5
veličanstven	1.5
veličanstvo	1.5
veličina	1.5
ventilator	1.5
veoma	1.5
veseo	1.5
veza	1.5
vibracija	-1.5
vic	-1.5
vice	-1.5
vidljiv	1.5
vile	-1.5
virus	-1.5
virusni	-1.5
viseći	-1.5
visi	-1.5
viteški	1.5
vjera	1.5
vjeran	1.5
vjerno	1.5
vjernost	1.5
vjerodostojan	1.5
vjerojatan	1.5
vjerovati	1.5
vječan	1.5
vješt	1.5
vještina	1.5
vješto	1.5
vlasnički	-1.5
vlažan	-1.5
vodeći	1.5
vodi	1.5
voli	1.5
voljan	1.5
voljeti	1.5
von	1.5
vođenje	1.5
vrag	-1.5
vratiti	1.5
vraćen	1.5
vrelo	1.5
vrenje	-1.5
vreća	-1.5
vrh	1.5
vrhovni	1.5
vrhunac	1.5
vrijedan	1.5
vrijednost	1.5
vrijeme	-1.5
vrijeđati	-1.5
vrisak	-1.5
vrlina	1.5
vrlo	1.5
vruć	1.5
vukao	-1.5
vući	-1.5
vuče	-1.5
warp	-1.5
well	1.5
wild	-1.5
work	1.5
zabava	1.5
zabavan	1.5
zabaviti	1.5
zabavlja	1.5
zabavljati	1.5
zabluda	-1.5
zablude	-1.5
zabraniti	-1.5
zabranjen	-1.5
zabrinut	-1.5
zabrinuti	-1.5
zabrinutost	-1.5
zadivljen	1.5
zadivljujuće	1.5
zadnji	-1.5
zadovoljan	1.5
zadovoljava	1.5
zadovoljavajuće	1.5
zadovoljavajući	1.5
zadovoljenje	1.5
zadovoljiti	1.5
zadovoljstvo	1.5
zadruga	1.5
zadržavati	-1.5
zagovornici	1.5
zagrljaj	1.5
zahvalan	1.5
zahvaliti	1.5
zahvalnost	1.5
zakonito	1.5
zalagao	1.5
zalutao	-1.5
zamijeniti	-1.5
zamisliti	1.5
zamišljen	1.5
zamjenik	-1.5
zamka	-1.5
zamrzava	-1.5
zamrznuta	-1.5
zamrznuti	-1.5
zanat	-1.5
zanemaren	-1.5
zanemariti	-1.5
zanimljiv	1.5
zanos	1.5
zao	-1.5
zaostaje	-1.5
zaostalost	-1.5
zapanjen	1.5
zaplet	-1.5
zapreka	-1.5
zapreke	-1.5
zapušten	-1.5
zaradio	-1.5
zaražen	-1.5
zarobljavanje	-1.5
zarobljeno	-1.5
zasjeda	-1.5
zasluga	1.5
zaslužan	1.5
zastario	-1.5
zastoj	-1.5
zastrašiti	-1.5
zastrašujući	-1.5
zatvor	-1.5
zatvora	-1.5
zatvorenik	-1.5
zatvoriti	-1.5
zavidan	1.5
zavist	1.5
zavjera	-1.5
zavjere	-1.5
zavjesa	-1.5
zaštita	1.5
zaštititi	1.5
zbuniti	-1.5
zbunjen	-1.5
zbunjenost	-1.5
zbunjuje	-1.5
zbunjujuće	-1.5
zdrav	1.5
zdravlje	1.5
zemaljski	-1.5
zemljište	-1.5
zenit	1.5
zgodan	1.5
zla	-1.5
zlatan	1.5
zlato	1.5
zlikovac	-1.5
zlo	-1.5
zloba	-1.5
zlostavlja	-1.5
zlostavljanje	-1.5
zloupotreba	-1.5
zločin	-1.5
zločinac	-1.5
zločinački	-1.5
zločinci	-1.5
znatno	1.5
značajan	1.5
značajno	1.5
zombi	-1.5
zora	1.5
zrelost	1.5
zreo	1.5
zujanje	-1.5
zvijer	-1.5
zvjezdani	1.5
ća	1.5
čast	1.5
častan	1.5
čestitam	1.5
čestitati	1.5
čestitke	1.5
čežnja	-1.5
čir	-1.5
čist	1.5
čistač	1.5
čisto	1.5
čistoća	1.5
čišćenje	1.5
čovjek	-1.5
čuda	1.5
čudesan	1.5
čudesno	1.5
čudno	-1.5
čudo	1.5
čudovište	-1.5
čuvati	1.5
čuven	1.5
čvrst	1.5
čvrsto	1.5
šala	-1.5
šaran	-1.5
šareni	1.5
šarm	1.5
šok	-1.5
šokirana	-1.5
špilja	-1.5
štala	-1.5
štednja	1.5
šteta	-1.5
štetan	-1.5
štete	-1.5
štetočina	-1.5
štrajk	-1.5
šupljina	-1.5
žaliti	-1.5
žaljenja	-1.5
žaljenje	-1.5
žalosno	-1.5
žalost	-1.5
žar	1.5
želeći	1.5
željan	1.5
željezni	-1.5
željeznica	-1.5
željeznički	-1.5
željno	1.5
ženskar	-1.5
žestok	-1.5
žestoko	-1.5
žeđ	-1.5
žig	1.5
žilavost	-1.5
živahan	1.5
živo	1.5
životinjski	-1.5
živčani	-1.5
žlijeb	-1.5
žrtva	-1.5
žrtvovali	-1.5
žrtvovati	-1.5
žuč	-1.5
