Apokalipszis	-1.5
Bocsánat	-1.5
Dungeons	-1.5
Díjak	1.5
Hátrányok	-1.5
Lied	-1.5
Messiás	-1.5
Rák	-1.5
Szolgáltatás	1.5
abnormális	-1.5
abszurd	-1.5
abszurdum	-1.5
adakozás	1.5
adaptív	1.5
adekvát	1.5
adományoz	1.5
adottság	1.5
adu	1.5
adósság	-1.5
affinitás	1.5
aggasztó	-1.5
aggodalmak	-1.5
aggodalom	-1.5
aggódik	-1.5
aggódva	-1.5
aggódó	-1.5
agilis	1.5
agitáció	-1.5
agresszió	-1.5
agresszív	-1.5
agyafúrt	-1.5
ahogy	1.5
ajánl	1.5
ajánlat	1.5
ajánlott	1.5
ajánlás	1.5
ajánlások	1.5
akadály	-1.5
akadályoz	-1.5
akadályozott	-1.5
akadályozta	-1.5
akadályozza	-1.5
akadályozzák	-1.5
akadályozó	-1.5
akaratlan	-1.5
akaratos	-1.5
akasztotta	-1.5
akkord	1.5
akna	1.5
alantas	-1.5
alaposan	1.5
alaptalan	-1.5
alattomos	-1.5
alig	-1.5
aligha	-1.5
aljas	-1.5
alkalmas	1.5
alkalmatlan	-1.5
alkalmazható	1.5
alkalmazkodó	1.5
alkalmi	-1.5
alkoholista	-1.5
alkotmányellenes	-1.5
alkotó	1.5
alku	1.5
allergia	-1.5
allergiás	-1.5
aluli	-1.5
alá	-1.5
alárendelt	-1.5
alázat	1.5
aláássa	-1.5
aláásta	-1.5
ambivalens	-1.5
amulett	1.5
analfabéta	-1.5
anarchia	-1.5
anarchista	-1.5
anarchizmus	-1.5
angyal	1.5
angyali	1.5
anomália	-1.5
antagonista	-1.5
apad	-1.5
apokalipszis	-1.5
apokaliptikus	-1.5
aprólékos	1.5
aprólékosan	1.5
arany	1.5
aranyos	1.5
aranysárga	1.5
aránytalan	-1.5
aszály	-1.5
atrocitás	-1.5
attack	-1.5
autentikus	1.5
autonóm	1.5
autonómia	1.5
available	1.5
ax	-1.5
azonnal	1.5
babona	-1.5
babonás	-1.5
bad	-1.5
baj	-1.5
bajkeverő	-1.5
bajnok	1.5
bajok	-1.5
bajos	-1.5
baleset	-1.5
baljós	-1.5
baljóslatú	-1.5
balkezes	-1.5
balszerencse	-1.5
bandita	-1.5
banális	-1.5
barbár	-1.5
barbárok	-1.5
barlang	-1.5
barát	1.5
baráti	1.5
barátságos	1.5
barátságosan	1.5
barátságtalan	-1.5
barázda	-1.5
basszus	-1.5
beavatkozik	-1.5
beavatkozás	-1.5
becses	1.5
becsmérlő	-1.5
becstelen	-1.5
becsvágyó	1.5
becsület	1.5
befejezetlen	-1.5
befejezett	1.5
befogadó	1.5
befolyásol	-1.5
befolyásos	1.5
behatolás	-1.5
belterület	1.5
bent	-1.5
beosztott	-1.5
beperelte	-1.5
best	1.5
beszivárgó	-1.5
beteges	-1.5
betegség	-1.5
better	1.5
bevall	-1.5
bevezetése	-1.5
birkózás	-1.5
bitorló	-1.5
bizakodó	1.5
bizalmas	1.5
bizalmatlanság	-1.5
bizalom	1.5
bizarr	-1.5
bizonyosság	1.5
bizonytalan	-1.5
bizonytalanság	-1.5
bizonyít	1.5
bizonyított	-1.5
bizonyítva	1.5
biztató	1.5
biztonságos	1.5
biztos	1.5
biztosan	1.5
biztosít	1.5
biztosítva	1.5
biztosíték	1.5
blabla	-1.5
bloody	-1.5
bocs	-1.5
bocsánat	1.5
bocsánatkérés	-1.5
bogár	-1.5
bojkott	-1.5
boksz	-1.5
boldog	1.5
boldogabb	1.5
boldogan	1.5
boldogság	1.5
boldogtalan	-1.5
boldogulni	1.5
bolond	-1.5
bolyhos	-1.5
bolyongó	-1.5
bomba	-1.5
bombasztikus	-1.5
bombázás	-1.5
bomlasztó	-1.5
bont	-1.5
bonus	1.5
borzalmas	-1.5
borzasztó	-1.5
bosszant	-1.5
bosszantja	-1.5
bosszantó	-1.5
bosszú	-1.5
bosszúszomjas	-1.5
bosszúálló	-1.5
botrány	-1.5
botrányok	-1.5
botrányos	-1.5
break	-1.5
briliáns	1.5
broken	-1.5
brutalitás	-1.5
bruttó	-1.5
brutális	-1.5
brutálisan	-1.5
bug	-1.5
bukott	-1.5
bukás	-1.5
bukása	-1.5
burkolt	-1.5
buta	-1.5
butaság	-1.5
buzdít	1.5
buzgó	1.5
buzgón	1.5
báb	-1.5
bábok	-1.5
bábu	-1.5
báj	1.5
bájos	1.5
bálvány	1.5
bámulatos	1.5
bán	-1.5
bánat	-1.5
bánatos	-1.5
bánt	-1.5
bántalmazott	-1.5
bántó	-1.5
bátor	1.5
bátorság	1.5
bátorító	1.5
bátran	1.5
bég	-1.5
béke	1.5
békefenntartók	1.5
békesség	1.5
békés	1.5
békésen	1.5
békülékeny	1.5
béna	-1.5
bénulás	-1.5
bérgyilkos	-1.5
bírálat	-1.5
bírálta	-1.5
bíráló	-1.5
bízik	1.5
böjt	1.5
bölcs	1.5
bölcsen	1.5
bölcsesség	1.5
börtön	-1.5
bús	-1.5
büdös	-1.5
büntetendő	-1.5
büntetik	-1.5
büntetés	-1.5
büntető	-1.5
büszke	1.5
büszkeség	1.5
büszkélkedik	1.5
bőkezűen	1.5
bőség	1.5
bőséges	1.5
bőségesen	1.5
bővelkedik	1.5
bűbájos	1.5
bűn	-1.5
bűnbánat	-1.5
bűncselekmény	-1.5
bűncselekmények	-1.5
bűntett	-1.5
bűntudat	-1.5
bűntény	-1.5
bűnös	-1.5
bűnösség	-1.5
bűnözés	-1.5
bűnöző	-1.5
bűnözők	-1.5
bűnügyi	-1.5
bűvös	1.5
cickány	-1.5
cifra	-1.5
ciki	-1.5
cinikus	-1.5
citrom	-1.5
classic	1.5
clear	1.5
cloud	-1.5
cold	-1.5
collapse	-1.5
complex	-1.5
cool	1.5
correct	1.5
critical	-1.5
csal	-1.5
csalt	-1.5
csalán	-1.5
csalás	-1.5
csalások	-1.5
csalást	-1.5
csalódott	-1.5
csalódás	-1.5
csalóka	-1.5
csap	-1.5
csapadék	-1.5
csapda	-1.5
csapdába	-1.5
csapnivaló	-1.5
csapás	-1.5
csapások	-1.5
csat	-1.5
csatorna	-1.5
csatornába	-1.5
csavar	-1.5
csavargó	-1.5
csavart	-1.5
csekély	-1.5
csend	1.5
csendes	1.5
csillagos	1.5
csillogó	1.5
csinos	1.5
csintalan	-1.5
csipet	-1.5
csiszolt	1.5
csoda	1.5
csodagyerek	1.5
csodák	1.5
csodálatos	1.5
csodálatosan	1.5
csodálkozik	1.5
csonk	-1.5
csontváz	-1.5
csontvázak	-1.5
csábító	1.5
csákány	-1.5
csípés	-1.5
csípős	-1.5
csökken	-1.5
csökkent	-1.5
csökkenő	-1.5
csöndes	1.5
csörgő	-1.5
csúcspont	1.5
csúnya	-1.5
csúszik	-1.5
csüngő	-1.5
cuki	1.5
cáfolja	-1.5
cáfolta	-1.5
cápa	-1.5
célravezető	1.5
célszerű	-1.5
céltalan	-1.5
cölöp	-1.5
cölöpök	-1.5
dacos	-1.5
dagadt	-1.5
daganat	-1.5
darabka	-1.5
dark	-1.5
dead	-1.5
death	-1.5
defekt	-1.5
defensive	-1.5
dekadens	-1.5
delay	-1.5
depresszió	-1.5
dermedt	-1.5
derék	1.5
derűs	1.5
despota	-1.5
destroyer	-1.5
destruktív	-1.5
diadal	1.5
diadalmas	1.5
diadalmasan	1.5
diadalmaskodik	1.5
diadalmaskodó	1.5
diadalmenet	1.5
dicséret	1.5
dicséretes	1.5
dicsérő	1.5
dicső	1.5
dicsőség	1.5
dictator	-1.5
die	-1.5
dies	-1.5
diktatórikus	-1.5
diktátor	-1.5
diktátori	-1.5
dilemma	-1.5
dim	-1.5
din	-1.5
dinamikus	1.5
diplomáciai	1.5
disszonancia	-1.5
disszonáns	-1.5
diszkriminatív	-1.5
diszkrimináció	-1.5
diszkriminációt	-1.5
disznó	-1.5
disznók	-1.5
divatos	1.5
divergens	-1.5
dobókocka	-1.5
dogmatikus	-1.5
dohányzik	-1.5
dokumentált	-1.5
dolgozik	1.5
dolgozott	1.5
dombormű	1.5
dominál	1.5
doom	-1.5
drag	-1.5
dragonyos	-1.5
drasztikus	-1.5
drasztikusan	-1.5
drágakövek	1.5
drágakő	1.5
dráma	-1.5
dudorok	-1.5
dugó	-1.5
dulakodás	-1.5
duma	-1.5
dump	-1.5
durva	-1.5
durván	-1.5
duzzadt	-1.5
duzzadó	-1.5
duzzanat	-1.5
dédelgetett	1.5
démoni	-1.5
dér	-1.5
díj	1.5
döbbenet	-1.5
döbbenetes	1.5
dögvész	-1.5
döntő	1.5
dús	1.5
dúsgazdag	1.5
düh	-1.5
dühöngő	-1.5
dühös	-1.5
dühösen	-1.5
dől	1.5
easy	1.5
edz	-1.5
egoista	-1.5
egyedül	-1.5
egyenes	1.5
egyenest	-1.5
egyenetlen	-1.5
egyenletesen	1.5
egyenlőtlen	-1.5
egyenlőtlenség	-1.5
egyenlőtlenségek	-1.5
egyensúly	1.5
egyetértés	1.5
egyeztetés	1.5
egyformán	1.5
egyhangú	-1.5
egynéhány	-1.5
egyre	1.5
egyszerűbb	1.5
egyszerűsített	1.5
egyszerűsítése	1.5
egység	1.5
egységes	1.5
egyértelmű	1.5
egyértelműen	1.5
egyöntetű	1.5
együttműködve	1.5
együttműködő	1.5
egészséges	1.5
egészségtelen	-1.5
eladósodott	1.5
elakad	-1.5
elavult	-1.5
elbizakodott	-1.5
elbűvölő	1.5
eldöntetlen	-1.5
eldől	-1.5
elegancia	1.5
elegendő	1.5
eleget	1.5
elegáns	1.5
elegánsan	1.5
elesett	-1.5
elesik	-1.5
eleven	1.5
elfajult	-1.5
elfogadhatatlan	-1.5
elfogulatlan	1.5
elfogult	-1.5
elfogultság	-1.5
elhagyatott	-1.5
elhagyott	-1.5
elhamarkodott	-1.5
elhanyagolt	-1.5
elhunyt	-1.5
elhízott	-1.5
elidegenedett	-1.5
elismer	1.5
elismerik	-1.5
elismert	1.5
elismerte	-1.5
elismerés	1.5
elismerések	1.5
elismerést	1.5
elismerő	1.5
elit	1.5
elkerülhetetlen	-1.5
elkerülhetetlenül	-1.5
elkerülni	-1.5
elkerülték	-1.5
elkeseredett	-1.5
elkobzott	-1.5
elképesztő	1.5
elképesztően	1.5
elképzelhetetlen	-1.5
elképzelés	-1.5
elkésett	-1.5
elkötelezettség	1.5
elkülönítés	-1.5
ellenez	-1.5
ellenfél	-1.5
ellenkezik	-1.5
ellenkezés	-1.5
ellenkező	-1.5
ellenszenv	-1.5
ellenszenves	-1.5
ellenszer	1.5
ellenség	-1.5
ellenségek	-1.5
ellenséges	-1.5
ellenségeskedés	-1.5
ellenségeskedések	-1.5
ellentmond	-1.5
ellentmondás	-1.5
ellentmondásmentes	1.5
ellentmondásos	-1.5
ellentmondó	-1.5
ellentét	-1.5
ellentétek	-1.5
ellentétes	-1.5
ellenvetés	-1.5
ellenzi	-1.5
ellenzék	-1.5
ellenzékiek	-1.5
ellenállhatatlan	1.5
ellenállás	-1.5
ellenére	-1.5
ellenérv	-1.5
ellenőrizetlen	-1.5
elmarad	-1.5
elmaradt	-1.5
elmebaj	-1.5
elmebeteg	-1.5
elmerült	-1.5
elmossa	-1.5
elmosódik	-1.5
elmosódott	-1.5
elnyerte	1.5
elnyomja	-1.5
elnyomják	-1.5
elnyomás	-1.5
elnyomó	-1.5
elnéptelenedés	-1.5
elnézést	-1.5
elnéző	1.5
elpusztul	-1.5
elpusztít	-1.5
elpusztított	-1.5
elragadtatott	1.5
elragadtatva	1.5
elragadó	1.5
elrejt	-1.5
elrettentő	-1.5
elriasztja	-1.5
elromlik	-1.5
elrontott	-1.5
elrontotta	-1.5
elszegényedett	-1.5
elszigetelt	-1.5
elszomorító	-1.5
elszánt	1.5
elszökött	-1.5
elsöprő	-1.5
elsüllyed	-1.5
elsüllyedt	-1.5
elsőként	1.5
eltart	1.5
eltelt	-1.5
eltorzult	-1.5
eltér	-1.5
eltérés	-1.5
eltérő	-1.5
eltörik	-1.5
elutasít	-1.5
elutasítja	-1.5
elutasították	-1.5
elutasítás	-1.5
elutasító	-1.5
elvesz	-1.5
elveszett	-1.5
elveszít	-1.5
elvet	-1.5
elviselhetetlen	-1.5
elviselhető	1.5
elválaszthatatlanul	-1.5
elájul	-1.5
elárasztott	-1.5
elárasztották	-1.5
elárul	-1.5
elárulja	-1.5
elátkozott	-1.5
elég	1.5
elégedetlen	-1.5
elégedetlenség	-1.5
elégedett	1.5
eléggé	1.5
elégtelen	-1.5
elégtelenség	-1.5
elérhetetlen	-1.5
elérhető	1.5
elérni	1.5
elítéli	-1.5
elítélt	-1.5
elő	-1.5
előjog	1.5
előkelő	1.5
előny	1.5
előnyben	1.5
előnyei	1.5
előnytelen	-1.5
előnyök	1.5
előnyös	1.5
előrelátó	1.5
előrelépés	1.5
elősegítése	1.5
előz	1.5
előzés	1.5
előítélet	-1.5
előítéletek	-1.5
embertelen	-1.5
emeletes	-1.5
emelkedett	1.5
emlékezetes	1.5
empirikusan	-1.5
empátia	1.5
energia	-1.5
energikus	1.5
enged	1.5
engedetlenség	-1.5
engedmény	-1.5
engedményeket	-1.5
engedékeny	1.5
enough	1.5
enyhe	1.5
enyhült	1.5
enyhülés	1.5
epe	-1.5
eredeti	1.5
eredetiség	1.5
eredmény	1.5
eredmények	1.5
eredményes	1.5
eredményesen	1.5
eredménytelen	-1.5
eretnek	-1.5
eretnekség	-1.5
erkölcs	1.5
erkölcstelen	-1.5
erkölcstelenség	-1.5
error	-1.5
errors	-1.5
erény	1.5
erényes	1.5
erózió	-1.5
erő	-1.5
erős	1.5
erősebb	1.5
erőszak	-1.5
erőszakos	-1.5
erőszakosan	-1.5
erősít	1.5
erőteljesen	1.5
erőtlen	-1.5
esedékes	-1.5
eseménydús	1.5
eseménytelen	-1.5
esetleges	-1.5
esetlen	-1.5
esik	-1.5
eszes	1.5
eszmei	1.5
eszmény	1.5
eszményi	1.5
esztelen	-1.5
esés	-1.5
eső	-1.5
etikai	1.5
etikátlan	-1.5
eufória	1.5
evilági	-1.5
fagy	-1.5
fagyasztott	-1.5
fagyos	-1.5
failure	-1.5
fair	1.5
fajta	1.5
fakitermelés	-1.5
fakó	-1.5
fall	-1.5
false	-1.5
fanatikus	-1.5
fanatikusok	-1.5
fanatizmus	-1.5
fantasztikus	1.5
faragatlan	-1.5
fasiszta	-1.5
fasizmus	-1.5
fast	1.5
fat	-1.5
fattyú	-1.5
fatális	-1.5
feat	1.5
feddhetetlen	1.5
fedezeti	-1.5
fedő	1.5
fehér	1.5
fejedelmi	1.5
fejfájás	-1.5
fejleszt	1.5
fejlesztések	1.5
fejlett	1.5
fejlődik	1.5
fejlődés	1.5
fejsze	-1.5
fekszik	-1.5
fekvő	-1.5
feladat	-1.5
felbecsülhetetlen	1.5
felbomlik	-1.5
felborul	-1.5
felborítja	-1.5
feldolgozott	-1.5
feldühödött	-1.5
felejthetetlen	1.5
felelős	-1.5
felelősség	-1.5
felelőtlen	-1.5
felemelkedés	1.5
felemelő	1.5
felesleges	-1.5
feleslegesen	-1.5
felettébb	1.5
felfoghatatlan	-1.5
felfogás	-1.5
felfordulás	-1.5
felforgató	-1.5
felfújt	-1.5
felfüggesztés	-1.5
felhajtó	-1.5
felhasználható	1.5
felhatalmazás	1.5
felháborodott	-1.5
felháborodás	-1.5
felháborító	-1.5
felhő	-1.5
felhős	-1.5
felidéző	1.5
feljelentés	-1.5
felkavaró	-1.5
felkel	-1.5
felkelés	-1.5
felkészületlen	-1.5
felkészült	1.5
fell	-1.5
fellebbezés	1.5
fellendülés	1.5
fellengzős	-1.5
felment	1.5
feloszlás	-1.5
felrobban	-1.5
felrobbant	-1.5
felszabadulás	1.5
felszínes	-1.5
felség	1.5
felső	1.5
felsők	1.5
feltámadó	-1.5
feltétlen	1.5
feltűnően	1.5
felvilágosodás	1.5
feláldozta	-1.5
feléled	1.5
felépül	1.5
felújítás	1.5
felügyelet	-1.5
felületes	-1.5
felületesen	-1.5
felületi	-1.5
felülmúlják	1.5
felülmúlta	1.5
fene	-1.5
feneketlen	-1.5
fennkölt	1.5
fenntartani	1.5
fenntartható	1.5
fenntarthatóság	1.5
fenséges	1.5
fenyeget	-1.5
fenyegetés	-1.5
fenyegetések	-1.5
fenyegető	-1.5
fenyegetőzik	-1.5
ferde	-1.5
fertőzés	-1.5
fertőzések	-1.5
fertőzött	-1.5
fertőző	-1.5
festői	1.5
feszes	-1.5
feszítés	-1.5
feszül	-1.5
feszült	-1.5
feszültség	-1.5
fiatalos	1.5
fiction	-1.5
figyelmes	1.5
figyelmetlen	-1.5
figyelmeztetett	-1.5
figyelmeztetés	-1.5
figyelmeztető	-1.5
fikció	-1.5
fiktív	-1.5
finom	1.5
finomabb	1.5
finoman	1.5
finomság	1.5
finomított	1.5
finomítás	1.5
fizetség	1.5
flörtöl	-1.5
fogad	1.5
fogadtatás	1.5
fogoly	-1.5
fogság	-1.5
fogy	-1.5
fogyatékos	-1.5
fogyó	-1.5
fogékony	1.5
fojtogató	-1.5
fojtás	-1.5
fokozott	1.5
fokozás	1.5
folt	-1.5
foltok	-1.5
foltos	-1.5
folyik	1.5
folytonos	1.5
folytonosság	1.5
folyékony	1.5
fon	-1.5
fondorlatos	-1.5
fontos	1.5
forr	-1.5
forradalmasította	1.5
forradalmi	1.5
forradalmár	1.5
forrás	-1.5
forró	1.5
forrón	1.5
fosztogatás	-1.5
fosztogató	-1.5
francba	-1.5
free	1.5
freedom	1.5
friss	1.5
frissebb	1.5
frissen	1.5
frissített	1.5
frusztráció	-1.5
frusztrált	-1.5
frusztráló	-1.5
fuck	-1.5
fullad	-1.5
fulladás	-1.5
fundamentalizmus	-1.5
funky	-1.5
fura	-1.5
furat	-1.5
furcsa	-1.5
furcsaság	-1.5
furcsán	-1.5
furfangos	-1.5
fuss	-1.5
futurisztikus	1.5
fuzzy	-1.5
fáj	-1.5
fájdalmak	-1.5
fájdalmas	-1.5
fájdalmasan	-1.5
fájdalom	-1.5
fájdalommentes	1.5
fájó	-1.5
fáradság	-1.5
fáradságos	-1.5
fáradt	-1.5
fáradtság	-1.5
fárasztó	-1.5
féktelen	-1.5
fél	-1.5
félelmek	-1.5
félelmetes	1.5
félrevezető	-1.5
félreértett	-1.5
félreérthető	-1.5
félreértés	-1.5
félreértések	-1.5
félreértéseket	-1.5
féltékeny	-1.5
féltékenyen	-1.5
féltékenység	-1.5
féltő	-1.5
félénk	-1.5
fémjelzi	1.5
fényes	1.5
fényesebb	1.5
fényesség	1.5
fénylik	1.5
fénylő	1.5
fénytelen	-1.5
fényűzés	1.5
fényűző	1.5
fészekalja	-1.5
fóbia	-1.5
földi	-1.5
fölény	1.5
fölösleges	-1.5
förtelmes	-1.5
fúj	-1.5
fúrás	-1.5
függ	-1.5
független	-1.5
függetlenség	1.5
függő	-1.5
fülbemászó	1.5
fürge	1.5
füst	-1.5
fő	1.5
főnév	1.5
fős	1.5
fűszerezett	1.5
gagyi	-1.5
gall	-1.5
garancia	1.5
garantál	1.5
gaz	-1.5
gazda	1.5
gazdag	1.5
gazdagabb	1.5
gazdagok	1.5
gazdagon	1.5
gazdagság	1.5
gazdagítják	1.5
gazdaságos	1.5
gazdaságtalan	-1.5
gazember	-1.5
gengszter	-1.5
gerinc	1.5
gerincoszlop	1.5
gerjesztett	1.5
gettó	-1.5
gold	1.5
golden	1.5
gond	-1.5
gondatlan	-1.5
gondatlanság	-1.5
gondviselés	1.5
gonosz	-1.5
gonoszság	-1.5
gonosztevő	-1.5
good	1.5
goromba	-1.5
grand	1.5
gratulál	1.5
gratulálok	1.5
great	1.5
greatest	1.5
grin	1.5
groteszk	-1.5
guba	-1.5
gubanc	-1.5
gusztustalan	-1.5
gyakorlott	1.5
gyalázat	-1.5
gyalázatos	-1.5
gyanakszik	-1.5
gyanakvó	-1.5
gyanú	-1.5
gyanús	-1.5
gyanúsan	-1.5
gyanúsított	-1.5
gyanútlan	-1.5
gyatra	-1.5
gyenge	-1.5
gyengeség	-1.5
gyengébb	-1.5
gyengéd	1.5
gyengélkedő	-1.5
gyengül	-1.5
gyengülő	-1.5
gyerek	-1.5
gyerekes	-1.5
gyilkol	-1.5
gyilkolás	-1.5
gyilkos	-1.5
gyilkosság	-1.5
gyom	-1.5
gyomnövény	-1.5
gyors	1.5
gyorsabb	1.5
gyorsan	1.5
gyulladás	-1.5
gyárt	-1.5
gyártás	-1.5
gyász	-1.5
gyászoló	-1.5
gyászos	-1.5
gyáva	-1.5
gyér	-1.5
gyógymód	1.5
gyógyszer	1.5
gyógyul	1.5
gyógyulás	1.5
gyógyít	1.5
gyógyítás	1.5
gyónás	-1.5
gyökök	-1.5
gyönge	-1.5
gyöngéd	1.5
gyönyörű	1.5
gyümölcsöző	1.5
győzedelmeskedik	1.5
győzelem	1.5
győztes	1.5
gyűlölet	-1.5
gyűlöli	-1.5
gyűlölik	-1.5
gyűlölt	-1.5
gyűlölte	-1.5
gátlás	-1.5
gátolja	-1.5
gáz	-1.5
gázos	-1.5
géniusz	1.5
görbe	-1.5
gúny	-1.5
gúnyolódó	-1.5
gúnyos	-1.5
gúnyosan	-1.5
gőgös	-1.5
hab	-1.5
hack	-1.5
hadizsákmány	-1.5
hadviselő	-1.5
hajlam	-1.5
hajlamos	-1.5
hajlandó	1.5
hajlandóság	1.5
hajlott	-1.5
hajlékony	1.5
hajnal	1.5
hajthatatlan	-1.5
hajóroncs	-1.5
hajótörés	-1.5
hajózható	1.5
hal	-1.5
haladás	1.5
haldokló	-1.5
halkabb	1.5
hallatlan	-1.5
hallgatag	1.5
hallható	1.5
hallucináció	-1.5
halott	-1.5
halvány	-1.5
halál	-1.5
haláleset	-1.5
halálos	-1.5
halálosan	-1.5
hamis	-1.5
hamisan	-1.5
hamisság	-1.5
hamisítvány	-1.5
hang	-1.5
hangosabb	-1.5
hangosan	-1.5
hangszeres	1.5
hangsúly	-1.5
hangsúlyos	-1.5
hangulat	1.5
hangulatos	1.5
hanyag	-1.5
hanyatlik	-1.5
hanyatlás	-1.5
hanyatló	-1.5
happy	1.5
harag	-1.5
haragos	-1.5
haragot	-1.5
harapós	-1.5
harc	-1.5
harcias	-1.5
harckocsi	-1.5
harcol	-1.5
hard	-1.5
harmonikus	1.5
harmonikusan	1.5
harmonizál	1.5
harsona	1.5
harsány	-1.5
hasadás	-1.5
hasadékok	-1.5
hasonló	1.5
hasznos	1.5
használhatatlan	-1.5
használható	1.5
haszon	1.5
haszontalan	-1.5
haszonélvező	1.5
hasított	-1.5
hatalmas	1.5
hatalmaskodó	-1.5
hathatósan	1.5
hatni	1.5
határ	-1.5
határozatlan	-1.5
határozott	1.5
határtalan	1.5
határértékek	-1.5
hatásos	1.5
hatástalan	-1.5
hatékony	1.5
hatékonyan	1.5
hatékonyság	1.5
hazafi	1.5
hazafias	1.5
hazudik	-1.5
hazug	-1.5
hazugság	-1.5
hedonista	-1.5
heg	-1.5
hell	-1.5
helyes	1.5
helyesen	1.5
helyettes	-1.5
helyettesíthető	1.5
helyt	1.5
helytelen	-1.5
helytelenül	-1.5
helyzet	-1.5
hentes	-1.5
herék	-1.5
heves	-1.5
hevesen	1.5
hiba	-1.5
hibák	-1.5
hibás	-1.5
hibátlan	1.5
hibátlanul	1.5
hideg	-1.5
higgadt	-1.5
hihető	1.5
hipnotikus	1.5
hisztéria	-1.5
hisztérikus	-1.5
hiszékeny	-1.5
hit	1.5
hitel	1.5
hiteles	1.5
hitetlen	-1.5
hitetlenek	-1.5
hitvány	-1.5
hiába	-1.5
hiábavaló	-1.5
hiány	-1.5
hiányos	-1.5
hiányosság	-1.5
hiányosságai	-1.5
hiányosságok	-1.5
hiányzik	-1.5
hiányzott	-1.5
hiányzó	-1.5
hiányában	-1.5
hiú	-1.5
hiúság	-1.5
hoax	-1.5
holt	-1.5
holtan	-1.5
holtpont	-1.5
homlokegyenest	-1.5
homokos	-1.5
homály	-1.5
homályos	-1.5
honor	1.5
horda	-1.5
hordozható	1.5
hosszadalmas	-1.5
hosszas	-1.5
hot	1.5
hozzáférhető	1.5
hozzájárulás	1.5
hozzávetőleges	-1.5
hozzáértés	1.5
huligán	-1.5
hulladék	-1.5
hullámvasút	-1.5
humor	1.5
humorosan	1.5
humánus	1.5
hung	-1.5
háborodva	-1.5
hála	1.5
hálás	1.5
hálásan	1.5
hány	-1.5
hányás	-1.5
háromszemélyes	-1.5
hátborzongató	-1.5
hátrafelé	-1.5
hátrasiklás	-1.5
hátrány	-1.5
hátránya	-1.5
hátrányai	-1.5
hátrányok	-1.5
hátrányos	-1.5
hátsó	-1.5
héj	1.5
hév	1.5
híg	-1.5
hír	-1.5
híres	1.5
hírhedt	-1.5
hírhedten	-1.5
hírnév	1.5
hírszerzés	1.5
hízelgő	1.5
hóbortos	-1.5
hólyag	-1.5
húz	-1.5
hülye	-1.5
hülyeség	-1.5
hős	1.5
hősies	1.5
hősiesen	1.5
hősnő	1.5
hű	1.5
hűl	1.5
hűség	1.5
hűséges	1.5
hűségesen	1.5
hűtlen	-1.5
hűtlenség	-1.5
idegen	-1.5
idegenek	-1.5
ideges	-1.5
idegesen	-1.5
idegesség	-1.5
idegesít	-1.5
idegesítő	-1.5
idejétmúlt	-1.5
ideál	1.5
ideális	1.5
idillikus	1.5
idióta	-1.5
idol	1.5
idézés	-1.5
időszakos	-1.5
időszerű	1.5
időtöltés	-1.5
ifjú	1.5
igazolható	1.5
igazolt	1.5
igazságos	1.5
igazságosan	1.5
igazságtalan	-1.5
igazságtalanság	-1.5
igazságtalanságok	-1.5
igazságtalanul	-1.5
igeidő	-1.5
igenlő	1.5
ijedt	-1.5
ijesztő	-1.5
illat	-1.5
illatos	1.5
illegális	-1.5
illegálisan	-1.5
illem	1.5
illetlen	-1.5
illékony	-1.5
illó	-1.5
illúzió	-1.5
illúziók	-1.5
illő	1.5
imaginárius	-1.5
impedancia	-1.5
imperialista	-1.5
important	1.5
impozáns	-1.5
imád	1.5
imádott	1.5
indokolatlan	-1.5
indokolatlanul	-1.5
indokolt	1.5
indulat	-1.5
indulatos	-1.5
inferior	-1.5
inflációs	-1.5
ingatag	-1.5
ingerlékeny	-1.5
ingyenes	1.5
ingyenesen	1.5
inkonzisztens	-1.5
inkább	1.5
innovatív	1.5
innováció	1.5
inspiráció	1.5
inspiráló	1.5
instabil	-1.5
instabilitás	-1.5
integrál	1.5
integrált	1.5
intelligencia	1.5
intelligens	1.5
interferencia	-1.5
intim	1.5
intolerancia	-1.5
intrika	1.5
intrikus	1.5
intuitív	1.5
invalid	-1.5
irgalmas	1.5
irigység	1.5
ironikus	-1.5
ironikusan	-1.5
irracionális	-1.5
irreguláris	-1.5
irreleváns	-1.5
irritálja	-1.5
irányadó	1.5
irányítható	1.5
irónia	-1.5
ismeretlen	-1.5
ismétlő	-1.5
issue	-1.5
isteni	1.5
iszap	-1.5
iszonyat	-1.5
iszákos	-1.5
ittas	-1.5
izgalmas	1.5
izgalom	1.5
izgalomba	1.5
izgatott	1.5
izgatottan	1.5
izmos	-1.5
izolált	-1.5
izzó	1.5
jam	-1.5
javaslat	1.5
javasolt	1.5
javul	1.5
javulás	1.5
javuló	1.5
javít	1.5
javítja	1.5
javított	1.5
jeges	-1.5
jelentéktelen	-1.5
jelentős	1.5
jelentőségteljes	1.5
jeleskedik	1.5
jellegzetes	1.5
jobb	1.5
jobban	1.5
jobboldal	1.5
jobbra	1.5
jog	1.5
jogos	1.5
jogosan	1.5
jogosult	1.5
jogszerűen	1.5
jogsértések	-1.5
jogsértő	-1.5
jogtalan	-1.5
jutalom	1.5
juttatás	1.5
jártas	1.5
járvány	-1.5
járványos	-1.5
játékos	1.5
játékosan	1.5
jégeső	1.5
jó	1.5
jóindulattal	1.5
jóindulatú	1.5
jóképű	1.5
jól	1.5
jólét	1.5
jómódú	1.5
jóság	1.5
jóságos	1.5
jótékony	1.5
jótékonysági	1.5
jóváhagyott	1.5
jóváhagyta	1.5
jóváhagyás	1.5
jövedelmező	1.5
kalandos	1.5
kamat	1.5
kamu	-1.5
kannibál	-1.5
kanyargós	-1.5
kapható	1.5
kapocs	-1.5
kapzsi	-1.5
kapzsiság	-1.5
karcolások	-1.5
karikatúra	-1.5
karizmatikus	1.5
kasszasiker	1.5
kasztrált	-1.5
katasztrofális	-1.5
katasztrofálisan	-1.5
katasztrófa	-1.5
katasztrófák	-1.5
kavicsos	-1.5
kecses	1.5
kedv	1.5
kedvel	1.5
kedvenc	1.5
kedves	1.5
kedvesen	1.5
kedvesség	1.5
kedvez	1.5
kedvezményezett	1.5
kedvező	1.5
kedvezőtlen	-1.5
kedvét	-1.5
kedélyes	1.5
kegy	1.5
kegyelem	1.5
kegyelet	1.5
kegyes	1.5
kegyesség	1.5
kegyetlen	-1.5
kegyetlenség	-1.5
kegyetlenül	-1.5
kegyvesztett	-1.5
kellemes	1.5
kellemesen	1.5
kellemetlen	-1.5
kellemetlenség	-1.5
kelletlenül	-1.5
kelés	-1.5
kemény	1.5
keményebb	1.5
keményen	-1.5
keresztben	-1.5
keresztez	-1.5
keresztező	-1.5
kerülendő	-1.5
keserű	-1.5
keserűen	-1.5
keserűség	-1.5
keskeny	-1.5
kezdetleges	-1.5
kezelhető	1.5
kezes	1.5
kiabál	-1.5
kiad	-1.5
kiadvány	-1.5
kiadás	-1.5
kibaszott	-1.5
kibékíthetetlen	-1.5
kicsapongó	-1.5
kidob	-1.5
kidolgozott	-1.5
kiegyensúlyozott	1.5
kiegészíti	1.5
kiegészítik	1.5
kiegészítve	1.5
kiegészítés	1.5
kiegészítő	1.5
kielégítő	1.5
kiemelkedik	1.5
kiemelkedés	1.5
kiemelkedő	1.5
kiemelés	1.5
kifinomult	1.5
kifogás	-1.5
kifogások	-1.5
kifogásolható	-1.5
kifogást	-1.5
kifogástalan	1.5
kigúnyolja	-1.5
kihagy	-1.5
kihagyja	-1.5
kihalt	-1.5
kihasználni	-1.5
kihívást	-1.5
kikerül	-1.5
kiképzés	-1.5
kikötő	-1.5
kikötők	-1.5
kiközösített	-1.5
kill	-1.5
kimagasló	1.5
kimenetel	1.5
kimerítő	-1.5
kimerült	-1.5
kimerültség	-1.5
kimondhatatlan	-1.5
kinyilatkoztatás	1.5
kipufogó	-1.5
kirekesztés	-1.5
királyi	1.5
kisasszony	-1.5
kiszámíthatatlan	-1.5
kitalál	-1.5
kitalált	-1.5
kitart	1.5
kitartás	1.5
kitaszított	-1.5
kiterjedt	1.5
kitérés	-1.5
kitérő	-1.5
kitörés	-1.5
kitörések	-1.5
kitűnik	1.5
kitűnt	1.5
kitűnő	1.5
kivitelezhetetlen	-1.5
kiválasztó	-1.5
kiváltság	1.5
kiváltságos	1.5
kiváló	1.5
kiválóan	1.5
kiválóság	1.5
kivételes	1.5
kivételesen	1.5
kizsákmányolás	-1.5
kizár	-1.5
kizárás	-1.5
kiábrándult	-1.5
kiábrándulás	-1.5
kiábrándító	-1.5
kiálló	1.5
kiált	-1.5
kiáltás	-1.5
kiírt	-1.5
kiütés	-1.5
klassz	1.5
klasszikus	1.5
klikk	-1.5
kocka	-1.5
kockás	-1.5
kockázat	-1.5
kockázatok	-1.5
kockázatos	-1.5
koherens	1.5
kohéziós	1.5
koldus	-1.5
komikum	1.5
komikus	-1.5
komor	-1.5
kompakt	1.5
kompatibilis	1.5
komplex	-1.5
komplikált	-1.5
komédia	-1.5
komédiás	-1.5
koncesszió	-1.5
konfliktus	-1.5
konfliktusok	-1.5
konok	-1.5
konstruktív	1.5
konzekvens	1.5
konzervatív	-1.5
konzisztens	1.5
kopog	-1.5
kopott	-1.5
korai	-1.5
korbács	-1.5
korcs	-1.5
korhadt	-1.5
korlát	-1.5
korlátlan	1.5
korlátolt	-1.5
korlátozott	-1.5
korlátozza	-1.5
korlátozás	-1.5
korlátozások	-1.5
korlátozó	-1.5
korrekt	1.5
korrozív	-1.5
korrupció	-1.5
korrupt	-1.5
korrózió	-1.5
korszakalkotó	1.5
korán	-1.5
koszos	-1.5
kotlik	-1.5
kovácsolt	-1.5
kovácsoltvas	-1.5
kritika	-1.5
kritikai	-1.5
kritikus	-1.5
kritikusok	-1.5
kritikák	-1.5
krízis	-1.5
krónikus	-1.5
kudarcok	-1.5
kukába	-1.5
kurva	-1.5
kusza	-1.5
kutyákkal	-1.5
kábítószer	-1.5
kálvária	-1.5
káosz	-1.5
kár	-1.5
kárhozat	-1.5
káromkodás	-1.5
káros	-1.5
károsult	-1.5
kártérítés	-1.5
kényelem	1.5
kényelmes	1.5
kényelmesen	1.5
kényelmetlen	-1.5
kényelmetlenül	-1.5
kényszer	-1.5
kényszerít	-1.5
kényszerítés	-1.5
kényszerült	-1.5
képes	1.5
képessé	1.5
képesség	1.5
képesített	1.5
képmutatás	-1.5
képmutató	-1.5
képmás	-1.5
képtelen	-1.5
képtelenség	-1.5
képzelet	1.5
képzetes	-1.5
képzetlen	-1.5
képzett	1.5
kérdés	-1.5
kérdések	-1.5
kérdéses	-1.5
kérelem	1.5
kérges	-1.5
kérlelhetetlen	-1.5
kés	-1.5
késik	-1.5
késleltetett	-1.5
késlelteti	-1.5
késleltetés	-1.5
kész	1.5
készen	1.5
készlet	-1.5
készség	1.5
készséges	1.5
készségesen	1.5
készül	1.5
készülék	-1.5
késések	-1.5
későbbi	-1.5
kételkedik	-1.5
kételkedő	-1.5
kétes	-1.5
kétség	-1.5
kétségbeesett	-1.5
kétségbeesetten	-1.5
kétségbeesik	-1.5
kétségbeesés	-1.5
kétségek	-1.5
kétséges	-1.5
kétségtelen	1.5
kétségtelenül	1.5
kétértelmű	-1.5
kéznél	1.5
kín	-1.5
kínos	-1.5
kínzás	-1.5
kínzások	-1.5
kínzó	-1.5
kínáltak	-1.5
kísérleti	-1.5
kísért	-1.5
kísérteties	-1.5
kísértés	-1.5
kísértő	-1.5
kívánatos	1.5
kívülálló	-1.5
kóborló	-1.5
kódolási	-1.5
kóros	-1.5
köd	-1.5
ködös	-1.5
költ	-1.5
költői	1.5
kölyök	-1.5
könnyebb	1.5
könnyedség	1.5
könnyedén	1.5
könnyelmű	-1.5
könnyen	1.5
könnyű	1.5
könyörgés	-1.5
könyörtelen	-1.5
könyörtelenül	-1.5
könyörög	-1.5
könyörület	-1.5
köszön	1.5
köszönet	1.5
köszönt	1.5
köszöntő	1.5
kötelezettség	-1.5
kötött	1.5
követ	1.5
következetes	1.5
következetesen	1.5
következetesség	1.5
következetlen	-1.5
következetlenség	-1.5
következménye	-1.5
kövér	-1.5
közelgő	-1.5
közepes	-1.5
közhely	-1.5
közismerten	-1.5
köznapi	-1.5
közvetlen	1.5
középszerű	-1.5
közöl	1.5
közömbös	-1.5
közönséges	-1.5
közöny	-1.5
kúszik	-1.5
kúszó	-1.5
kút	1.5
küldönc	1.5
különb	1.5
különc	-1.5
különféle	-1.5
különleges	-1.5
különös	-1.5
különösen	-1.5
küszködik	-1.5
küzd	-1.5
küzdelem	-1.5
küzdött	-1.5
lag	-1.5
lajhár	-1.5
lakhatatlan	-1.5
langyos	-1.5
lapos	-1.5
lapát	-1.5
lassabb	-1.5
lassan	-1.5
lassul	-1.5
lassú	-1.5
lavina	-1.5
lazán	-1.5
lead	1.5
lean	1.5
lebeg	1.5
lecsapolt	-1.5
leegyszerűsíti	1.5
leereszkedik	-1.5
leereszkedő	-1.5
leesik	-1.5
lefagy	-1.5
lefekszik	-1.5
lefolyó	-1.5
legegyszerűbb	1.5
legelső	1.5
legendás	1.5
legerősebb	1.5
legfelső	1.5
legfelsőbb	1.5
legfontosabb	1.5
legfurcsább	-1.5
legfényesebb	1.5
legfőbb	1.5
leggyorsabb	1.5
legjobb	1.5
legkeményebb	1.5
leglassabb	-1.5
legmelegebb	1.5
legnagyobb	1.5
legokosabb	1.5
legolcsóbb	1.5
legrosszabb	-1.5
legrosszabbul	-1.5
legszebb	1.5
legszegényebb	-1.5
legtisztább	1.5
legyőzhetetlen	1.5
legyőzi	1.5
legyőzte	1.5
lehangoló	-1.5
lehetetlen	-1.5
lehetséges	1.5
lejtő	1.5
lejtős	-1.5
lejár	-1.5
lejáratni	-1.5
lejárt	-1.5
lekerekített	1.5
lekvár	-1.5
lelassult	-1.5
leleményes	1.5
lelkes	1.5
lelkesedés	1.5
lelkesen	1.5
lelki	1.5
lelkiismeretes	1.5
lemarad	-1.5
lemaradt	-1.5
lemaradás	-1.5
lemond	-1.5
lemondás	-1.5
lemondó	-1.5
lendület	1.5
lendületes	1.5
lendületet	1.5
lengéscsillapító	-1.5
lenyűgözi	1.5
lenyűgözte	1.5
lenyűgözően	1.5
lerakó	-1.5
les	-1.5
leselkedik	-1.5
lesiklás	-1.5
leszámolás	-1.5
lesújt	-1.5
lesújtó	-1.5
lesüllyedt	-1.5
letartóztatás	-1.5
letiltása	-1.5
levehető	1.5
levert	-1.5
levágott	-1.5
lezuhant	-1.5
like	1.5
limit	-1.5
limited	-1.5
lobbanékony	-1.5
logikai	1.5
logikus	1.5
logikátlan	-1.5
lojális	1.5
lop	-1.5
lopott	-1.5
lopás	-1.5
lovagias	1.5
lovagság	1.5
love	1.5
lusta	-1.5
lustaság	-1.5
luxus	1.5
lágy	1.5
lágyabb	1.5
lármás	-1.5
láthatatlan	-1.5
látnivaló	1.5
látnok	1.5
látványos	1.5
látványosan	1.5
láz	-1.5
lázadás	-1.5
lázadó	-1.5
lázas	-1.5
lélegzetelállító	1.5
lényegi	1.5
lényegtelen	-1.5
létrehoz	1.5
lírai	1.5
lóg	-1.5
macabre	-1.5
magabiztos	1.5
magasabb	1.5
magasztos	1.5
magic	1.5
magvas	-1.5
magának	1.5
magány	-1.5
magányos	-1.5
magányosság	-1.5
makacs	-1.5
makacsul	-1.5
makulátlan	1.5
malac	-1.5
manipulatív	-1.5
manipuláció	-1.5
mar	-1.5
marginális	-1.5
marhaság	-1.5
marihuána	-1.5
maró	-1.5
master	1.5
matt	-1.5
meddő	-1.5
megad	-1.5
megadás	-1.5
megakadályozására	-1.5
megalapozatlan	-1.5
megalázó	-1.5
megbecsült	1.5
megbocsátás	1.5
megbotlott	-1.5
megbukik	-1.5
megbánta	-1.5
megbánás	-1.5
megbízhatatlan	-1.5
megbízható	1.5
megbízhatóan	1.5
megbízhatóság	1.5
megbízik	1.5
megdöbben	-1.5
megdöbbentően	1.5
megdönteni	-1.5
megelőzte	1.5
megemlít	-1.5
megengedhető	1.5
megenyhül	1.5
megerőltető	-1.5
megerőszakolták	-1.5
megerősít	1.5
megerősítik	1.5
megerősítő	1.5
megfagy	-1.5
megfagyott	-1.5
megfelel	1.5
megfelelő	1.5
megfizethető	1.5
megfoghatatlan	-1.5
megfosztott	-1.5
megfosztotta	-1.5
megfázás	-1.5
megfélemlítés	-1.5
megfélemlítő	-1.5
meggondolatlan	-1.5
meggyógyul	1.5
meggyőző	1.5
meggyőzően	1.5
meghal	-1.5
meghaladja	1.5
meghaladta	1.5
meghaladó	1.5
meghalt	-1.5
meghatározatlan	-1.5
meghatározhatatlan	-1.5
megható	1.5
meghitt	1.5
meghiúsult	-1.5
meghosszabbított	-1.5
meghökkentő	1.5
meghűlés	-1.5
megijed	-1.5
megingathatatlan	1.5
megingott	-1.5
megint	-1.5
megjavul	1.5
megkeményedik	-1.5
megkeseredett	-1.5
megkínzott	-1.5
megkönnyíti	1.5
megkönnyítve	1.5
megkövesedett	-1.5
megkülönböztet	-1.5
megkülönböztethetetlen	-1.5
meglehet	-1.5
meglehetősen	1.5
meglepő	1.5
meglepően	1.5
megmagyarázhatatlan	-1.5
megmentő	1.5
megmunkálható	1.5
megnyerő	1.5
megnyugszik	1.5
megnyugtató	1.5
megosztó	-1.5
megpróbáltatás	-1.5
megrendítő	1.5
megrettent	-1.5
megromlik	-1.5
megrongált	-1.5
megrémült	-1.5
megsebzett	-1.5
megsemmisítés	-1.5
megszabadított	1.5
megszakított	-1.5
megszakítás	-1.5
megszakítások	-1.5
megszentelt	1.5
megszerezhető	1.5
megszállottan	-1.5
megszállottság	1.5
megszüntetése	-1.5
megszűnik	-1.5
megszűnt	-1.5
megsértése	-1.5
megsértődik	-1.5
megtagadta	-1.5
megtakarítás	1.5
megtekinthető	1.5
megtiszteltetés	1.5
megtisztítani	1.5
megtorló	-1.5
megtámad	-1.5
megtévesztett	-1.5
megtévesztés	-1.5
megtévesztő	-1.5
megtévesztően	-1.5
megvadult	-1.5
megvalósítható	1.5
megvetett	-1.5
megvetés	-1.5
megvető	-1.5
megvilágosodás	1.5
megvált	1.5
megváltás	1.5
megváltó	1.5
megzavarja	-1.5
megzavarják	-1.5
megzavarodott	-1.5
megzavart	-1.5
megállapodás	1.5
megérdemel	1.5
megöl	-1.5
megújult	1.5
megújulás	1.5
melankolikus	-1.5
melankólia	-1.5
meleg	1.5
melegség	1.5
melegítő	1.5
mellszobor	-1.5
mellékfolyó	1.5
mellőzött	-1.5
menekül	-1.5
menekülő	-1.5
menny	1.5
mennyei	1.5
mennyország	1.5
mentes	1.5
mentség	-1.5
menő	1.5
meredek	-1.5
meredeken	-1.5
merev	-1.5
merevség	-1.5
merénylet	-1.5
merényletek	-1.5
merész	1.5
merülő	-1.5
mesebeli	1.5
mester	1.5
mesterek	1.5
mesteri	1.5
mestermű	1.5
mesés	1.5
metsző	-1.5
mindennapos	-1.5
miniszterelnök	1.5
mint	1.5
mire	-1.5
misztikus	-1.5
mocskos	-1.5
modern	1.5
mogorva	-1.5
mohó	1.5
mohón	1.5
monoton	-1.5
monumentális	1.5
morbid	-1.5
mosdó	-1.5
mosoly	1.5
mosolygó	1.5
mosolyog	1.5
mosolyogva	1.5
motivál	1.5
motivált	1.5
mozdulatlan	-1.5
mozdulatlanul	-1.5
mozgássérült	-1.5
mozgékony	1.5
mulasztás	-1.5
mulat	1.5
mulatozás	1.5
mulatságos	1.5
mulattató	1.5
munka	1.5
munkanélküli	-1.5
mágia	1.5
mágikus	1.5
mánia	-1.5
mániákus	-1.5
mániás	-1.5
méltatlan	-1.5
méltató	1.5
méltányosság	1.5
méltó	1.5
méltóság	1.5
méltóságteljes	1.5
mély	1.5
mélyen	1.5
mélység	1.5
mélységesen	1.5
méreg	-1.5
mérges	-1.5
mérgező	-1.5
mérhetetlen	1.5
mértékben	-1.5
mészárlás	-1.5
mészárlások	-1.5
mészáros	-1.5
mészárszék	-1.5
mítosz	-1.5
módfelett	1.5
móka	1.5
múló	-1.5
mű	1.5
működik	1.5
műszeres	1.5
művek	1.5
műveletlen	-1.5
művelt	1.5
műveltség	1.5
nagy	1.5
nagyképű	-1.5
nagylelkű	1.5
nagyobb	1.5
nagyon	1.5
nagyravágyó	1.5
nagyszabású	1.5
nagyszerű	1.5
nagyszerűen	1.5
nagyság	1.5
naiv	-1.5
nedv	-1.5
nedves	-1.5
negatív	-1.5
nehéz	-1.5
nehézkes	-1.5
nehézség	-1.5
nehézségek	-1.5
nem	-1.5
nemes	1.5
nemesember	1.5
nemesség	1.5
nemkívánatos	-1.5
nemtörődöm	-1.5
nepotizmus	-1.5
neurotikus	-1.5
neves	1.5
nevetség	-1.5
nevetséges	-1.5
nevetségesen	-1.5
nevezetes	1.5
nevezetesen	1.5
nincs	-1.5
noise	-1.5
null	1.5
nyer	1.5
nyereség	1.5
nyers	-1.5
nyerte	1.5
nyertes	1.5
nyertesek	1.5
nyerő	1.5
nyilvánvaló	-1.5
nyilvánvalóan	-1.5
nyitottság	1.5
nyitány	1.5
nyomai	-1.5
nyomaték	-1.5
nyomatékosan	-1.5
nyomja	-1.5
nyomor	-1.5
nyomorgó	-1.5
nyomorult	-1.5
nyomorék	-1.5
nyomorúság	-1.5
nyomott	-1.5
nyomás	-1.5
nyugalmi	-1.5
nyugalom	1.5
nyughatatlan	-1.5
nyugodt	1.5
nyugtalan	-1.5
nyugtalanság	-1.5
nyugtalanságot	-1.5
nyugtalanul	-1.5
nyugtalanító	-1.5
nyájas	-1.5
nyíltan	1.5
nyílás	-1.5
nyírfajd	-1.5
nyújt	1.5
nátha	-1.5
nélkülöz	-1.5
nép	1.5
népi	1.5
népirtás	-1.5
népszerű	1.5
népszerűtlen	-1.5
nézeteltérés	-1.5
növekszik	1.5
növeli	1.5
növelése	1.5
nőcsábász	-1.5
nőstény	-1.5
object	-1.5
objektum	-1.5
obszcén	-1.5
offenzíva	-1.5
okos	1.5
okosabb	1.5
okoz	-1.5
oktalan	-1.5
olcsó	1.5
olcsóbb	1.5
olcsón	-1.5
olvashatatlan	-1.5
olvasható	1.5
olvasmányos	1.5
ominózus	-1.5
omladozó	-1.5
opportunista	-1.5
optimista	1.5
optimizmus	1.5
optimális	1.5
ordít	-1.5
orgyilkos	-1.5
orom	1.5
orvosolni	1.5
orvosság	1.5
oson	-1.5
ostoba	-1.5
ostobaság	-1.5
ostor	-1.5
ostrom	-1.5
otromba	-1.5
oázis	1.5
palánk	-1.5
pan	-1.5
panasz	-1.5
panaszkodik	-1.5
panaszkodott	-1.5
panaszok	-1.5
pangás	-1.5
pangó	-1.5
paradicsom	1.5
paradox	-1.5
paranoia	-1.5
paranoid	-1.5
parazita	-1.5
partizán	-1.5
partizánok	-1.5
paródia	-1.5
passió	1.5
passzív	-1.5
patinás	-1.5
patthelyzet	-1.5
pazar	1.5
pazarló	-1.5
peace	1.5
pelyhes	-1.5
perverz	-1.5
pesszimista	-1.5
pesszimizmus	-1.5
pest	-1.5
pestis	-1.5
pikk	-1.5
pikkelyes	-1.5
pikáns	-1.5
pimasz	-1.5
piszkos	-1.5
piszok	-1.5
piti	-1.5
pióca	-1.5
plebejus	-1.5
pletyka	-1.5
pletykák	-1.5
plüss	1.5
pocsék	-1.5
pofon	-1.5
pogány	-1.5
pokol	-1.5
pokolgép	-1.5
pokoli	-1.5
polarizáció	-1.5
polémia	-1.5
pompa	1.5
pompás	1.5
pompásan	1.5
pontatlan	-1.5
pontatlanság	-1.5
pontatlanságok	-1.5
pontatlanul	-1.5
pontos	1.5
pontosan	1.5
pontosság	1.5
ponty	-1.5
por	-1.5
poros	-1.5
pozitív	1.5
pozitívan	1.5
poén	1.5
premier	1.5
presztízs	1.5
primitív	-1.5
privilegizált	1.5
privilégium	1.5
problem	-1.5
problematikus	-1.5
problems	-1.5
probléma	-1.5
problémák	-1.5
produktív	1.5
profik	1.5
profán	-1.5
progressive	1.5
progresszív	1.5
prompt	1.5
propaganda	-1.5
protection	1.5
provokatív	-1.5
provokáció	-1.5
provokál	-1.5
préda	-1.5
prémium	1.5
próbaképpen	-1.5
puha	1.5
punk	-1.5
pure	1.5
pusztaság	-1.5
pusztul	-1.5
pusztulás	-1.5
pusztít	-1.5
pusztítanak	-1.5
pusztítás	-1.5
pusztító	-1.5
páciens	1.5
pánik	-1.5
páratlanul	1.5
párna	1.5
pártatlan	1.5
pártatlanság	1.5
párás	-1.5
példakép	1.5
példátlan	1.5
pénzjutalom	1.5
pörgettyű	1.5
pörkölt	-1.5
rab	-1.5
rabszolga	-1.5
rabszolgák	-1.5
rabszolgává	-1.5
racionális	1.5
radikális	-1.5
radikálisan	-1.5
rafinált	1.5
ragadós	-1.5
ragaszkodás	1.5
ragyogás	1.5
ragyogó	1.5
ragyogóan	1.5
raj	-1.5
rajongó	1.5
rapid	1.5
rasszista	-1.5
rasszizmus	-1.5
ravasz	-1.5
ready	1.5
reakciós	-1.5
receptív	1.5
recesszió	-1.5
redundancia	-1.5
redő	-1.5
reform	1.5
reformja	1.5
reformok	1.5
református	1.5
rege	-1.5
regresszió	-1.5
regény	-1.5
rejlik	-1.5
rejtelmes	-1.5
rejtély	-1.5
rejtélyes	-1.5
relief	1.5
remegés	-1.5
remek	1.5
remekmű	1.5
remekművek	1.5
remekül	1.5
reménytelen	-1.5
reménytelenül	-1.5
rendelet	-1.5
rendellenes	-1.5
rendellenesség	-1.5
rendes	1.5
rendesen	1.5
rendetlen	-1.5
rendetlenség	-1.5
rendezetlen	-1.5
rendkívül	1.5
rendkívüli	1.5
rendszeresen	1.5
rendszertelen	-1.5
rendszertelenül	-1.5
rendíthetetlen	-1.5
rendületlenül	1.5
reneszánsz	1.5
repedés	-1.5
repedések	-1.5
retorika	-1.5
retorikai	-1.5
retteg	-1.5
rettegés	-1.5
rettenetes	-1.5
rettenthetetlen	1.5
rettentően	-1.5
revert	-1.5
rezeg	-1.5
rezgő	-1.5
riasztás	-1.5
riasztó	-1.5
rideg	-1.5
right	1.5
rikító	-1.5
ritka	-1.5
rivális	-1.5
robban	-1.5
robbant	-1.5
robbanó	-1.5
robbanóanyag	-1.5
rohadt	-1.5
roham	-1.5
rokkant	-1.5
rokonszenves	1.5
rom	-1.5
romantikus	1.5
romboló	-1.5
romlik	-1.5
romlott	-1.5
romló	-1.5
romok	-1.5
romos	-1.5
roncs	-1.5
ronda	-1.5
rongyos	-1.5
rontja	-1.5
ropogós	1.5
roppant	1.5
rossz	-1.5
rosszabb	-1.5
rosszabbul	-1.5
rosszindulat	-1.5
rosszindulatú	-1.5
rosszul	-1.5
rostély	-1.5
rothadt	-1.5
rothadás	-1.5
rozoga	-1.5
rozsda	-1.5
rozsdabarna	-1.5
rozsdamentes	1.5
rozsdás	-1.5
rue	-1.5
rugalmas	1.5
rugalmasság	1.5
rutinos	1.5
rács	-1.5
rág	-1.5
rágalmazás	-1.5
rágalom	-1.5
rák	-1.5
rákos	-1.5
rámenős	1.5
ráncok	-1.5
ráncos	-1.5
régies	-1.5
rém	-1.5
rémes	-1.5
rémálom	-1.5
rémület	-1.5
rémült	-1.5
rés	-1.5
részeg	-1.5
részeges	-1.5
részrehajlás	-1.5
részrehajló	-1.5
rózsás	1.5
rögtönzött	-1.5
rögzít	-1.5
rögzített	-1.5
rövidség	-1.5
sablonos	-1.5
saint	1.5
sajnos	-1.5
sajnálatos	-1.5
sajnálja	-1.5
sajtos	-1.5
saját	1.5
sajátos	1.5
sajátságos	1.5
savanyú	-1.5
seb	-1.5
sebek	-1.5
sebes	1.5
sebezhetetlen	1.5
sebezhető	-1.5
sebhely	-1.5
segély	1.5
segít	1.5
segített	1.5
segítség	1.5
segítőkész	1.5
sekély	-1.5
sekélyes	-1.5
semmi	1.5
semmiből	-1.5
sereg	-1.5
serkenti	1.5
serkentő	1.5
sertés	-1.5
shock	-1.5
sietség	-1.5
sietős	-1.5
sietősen	-1.5
siker	1.5
sikerek	1.5
sikeres	1.5
sikeresen	1.5
sikertelen	-1.5
sikertelenül	-1.5
sikerül	1.5
sikerült	1.5
sima	1.5
simább	1.5
simán	1.5
sin	-1.5
sinister	-1.5
siralmas	-1.5
siralom	-1.5
sivatag	-1.5
sivár	-1.5
slick	1.5
slow	-1.5
smooth	1.5
sodrott	-1.5
sodró	1.5
soft	1.5
sokk	-1.5
sokoldalú	1.5
solid	1.5
sorry	-1.5
spirituális	1.5
split	-1.5
spontán	1.5
sportos	1.5
sportszerű	1.5
squash	-1.5
stabil	1.5
stabilitás	1.5
stabilizálni	1.5
stagnálás	-1.5
static	-1.5
statikus	-1.5
stilizált	1.5
stressz	-1.5
stresszes	-1.5
strike	-1.5
success	1.5
sugárzás	1.5
sugárzó	1.5
super	1.5
superior	1.5
support	1.5
szabad	1.5
szabadalmazott	-1.5
szabadság	1.5
szabadságjogok	1.5
szabadítsa	-1.5
szabotázs	-1.5
szabályos	1.5
szabálysértés	-1.5
szabálytalan	-1.5
szabálytalanság	-1.5
szag	-1.5
szaga	-1.5
szaglás	-1.5
szakadatlan	-1.5
szakadatlanul	-1.5
szakadt	-1.5
szakadár	-1.5
szakadás	-1.5
szakadék	-1.5
szakaszos	-1.5
szakképzett	1.5
szakszerűen	1.5
szakszerűtlen	-1.5
szakít	-1.5
szakítás	-1.5
szapora	1.5
szar	-1.5
szarkasztikus	-1.5
szarvasmarha	1.5
szatirikus	-1.5
szebb	1.5
szegény	-1.5
szegényebb	-1.5
szegények	-1.5
szegényes	-1.5
szegénység	-1.5
szelektív	1.5
szellemes	1.5
szellő	1.5
szembenállás	-1.5
szembeszáll	-1.5
szembetűnő	-1.5
szemcsés	-1.5
szemetet	-1.5
szempont	1.5
szemtelen	-1.5
személyiség	1.5
személyiségek	1.5
személytelen	-1.5
szemérmes	1.5
szemét	-1.5
szenilis	-1.5
szennyes	-1.5
szennyezett	-1.5
szennyezik	-1.5
szennyező	-1.5
szennyeződés	-1.5
szent	1.5
szenved	-1.5
szenvedett	-1.5
szenvedély	1.5
szenvedélyes	1.5
szenvedélyesen	1.5
szenvedés	-1.5
szenvedő	-1.5
szenvedők	-1.5
szenzációs	1.5
szeplőtelen	1.5
szerelem	1.5
szerencse	1.5
szerencsére	1.5
szerencsés	1.5
szerencsétlen	-1.5
szerencsétlenség	-1.5
szeret	1.5
szeretet	1.5
szeretett	1.5
szeretettel	1.5
szeretetteljes	1.5
szereti	1.5
szerető	1.5
szertelen	-1.5
szerves	1.5
szervezetlen	-1.5
szerzett	1.5
szerény	1.5
szerénység	1.5
szeszélyes	-1.5
szexis	1.5
szigetelés	-1.5
szigeti	-1.5
szignifikáns	1.5
szigony	-1.5
szigorú	-1.5
szigorúság	-1.5
sziklás	-1.5
szikra	1.5
szikrázó	1.5
szikár	1.5
szilárd	1.5
szimpatikus	1.5
szindróma	-1.5
szintes	-1.5
sziszegő	-1.5
szivárgás	-1.5
szivárgó	-1.5
szivárog	-1.5
szkepticizmus	-1.5
szkeptikus	-1.5
sznob	-1.5
szokatlan	-1.5
szolga	-1.5
szolgai	-1.5
szolgaság	-1.5
szolidaritás	1.5
szomjúság	-1.5
szomorú	-1.5
szomorúság	-1.5
szopik	-1.5
szorgalmas	1.5
szorgalmasan	1.5
szorgalom	1.5
szorongás	-1.5
szoros	-1.5
sztereotípia	-1.5
sztrájk	-1.5
szublimál	1.5
szuka	-1.5
szuper	1.5
számkivetett	-1.5
száműzetés	-1.5
száműzött	-1.5
szánalmas	-1.5
szárazság	-1.5
széf	1.5
szégyen	-1.5
szégyenletes	-1.5
szélhámos	-1.5
szélsőséges	-1.5
szélsőségesek	-1.5
szép	1.5
szépen	1.5
szépség	1.5
szétesett	-1.5
szétesik	-1.5
szétesés	-1.5
széthúzás	-1.5
szétágazó	-1.5
színes	1.5
színlel	-1.5
színpadi	1.5
színtelen	-1.5
szív	-1.5
szívesen	1.5
szívtelen	-1.5
szívás	-1.5
szívélyesen	1.5
szívó	-1.5
szórakozik	-1.5
szórakoztatja	1.5
szórakoztató	1.5
szórakozás	1.5
szórványos	-1.5
szótlan	1.5
szóváltás	-1.5
szökevény	-1.5
szökés	-1.5
szökött	-1.5
szörny	-1.5
szörnyen	-1.5
szörnyeteg	-1.5
szörnyű	-1.5
szövetkezet	1.5
szövetség	1.5
szövevényes	1.5
szúr	-1.5
szúrás	1.5
szúró	-1.5
szúrós	-1.5
szükségtelen	-1.5
szükségtelenül	-1.5
szünet	-1.5
szünetek	-1.5
szüntelenül	-1.5
szürke	-1.5
szürreális	1.5
szőke	1.5
szűkebb	-1.5
szűkszavú	-1.5
szűkölködő	-1.5
szűkös	-1.5
sánta	-1.5
sántít	-1.5
sápadt	-1.5
sár	-1.5
sárgásszürke	-1.5
sáros	-1.5
sátáni	-1.5
sérelem	-1.5
sérelmek	-1.5
sért	-1.5
sértetlen	1.5
sértett	-1.5
sérti	-1.5
sértés	-1.5
sértő	-1.5
sérült	-1.5
sérülés	-1.5
sín	-1.5
sír	-1.5
sírás	-1.5
sötét	-1.5
sötétebb	-1.5
sötétedés	-1.5
sötétség	-1.5
sövény	-1.5
sújtja	1.5
súlyosan	-1.5
súlyossága	-1.5
súrlódás	-1.5
süket	-1.5
süllyed	-1.5
süllyedő	-1.5
sült	-1.5
sürgős	-1.5
tabu	-1.5
tagad	-1.5
tagadja	-1.5
tagadás	-1.5
tagolt	1.5
takarékos	1.5
takarékosság	1.5
takarít	1.5
takarító	1.5
talentum	1.5
talizmán	1.5
találékony	1.5
tank	-1.5
tanulságos	1.5
tanult	1.5
tanya	-1.5
tanácsadás	1.5
tanácstalan	-1.5
tanár	1.5
tanárnő	-1.5
tanúsít	1.5
tapasztalatlan	-1.5
tarka	-1.5
tarthatatlan	-1.5
tartozás	-1.5
tartozások	-1.5
tartály	-1.5
tartályok	-1.5
tartós	1.5
tartózkodó	-1.5
taszítják	-1.5
taszító	-1.5
tat	-1.5
teher	-1.5
tehetetlen	-1.5
tehetetlenség	-1.5
tehetetlenül	-1.5
tehetség	1.5
tehetségek	1.5
tehetséges	1.5
tehetős	1.5
tekervényes	1.5
tekintet	1.5
tekintik	1.5
tekintélyelvű	-1.5
tekintélyes	1.5
telek	-1.5
teli	-1.5
teljes	1.5
teljesen	-1.5
teljesít	1.5
teljesítmény	1.5
teljesítmények	1.5
teljesítés	1.5
tender	1.5
teológus	1.5
terhes	-1.5
terjedelmes	-1.5
termelő	1.5
termékeny	1.5
terméketlen	-1.5
természetellenes	-1.5
terror	-1.5
terrorizmus	-1.5
test	1.5
testvéri	1.5
tetszett	1.5
tetszik	1.5
tetszőleges	-1.5
tett	1.5
tettet	-1.5
tető	1.5
tevékeny	-1.5
thrash	-1.5
tilos	-1.5
tilt	-1.5
tiltakozik	-1.5
tiltakozott	-1.5
tiltakozás	-1.5
tiltakozások	-1.5
tiltakozó	-1.5
tiltott	-1.5
tiltó	-1.5
tipikusan	-1.5
tiszta	1.5
tisztaság	1.5
tisztel	1.5
tisztelet	1.5
tiszteletlen	-1.5
tiszteletreméltó	1.5
tiszteletteljes	1.5
tiszteletére	1.5
tisztesség	1.5
tisztességes	1.5
tisztességtelen	-1.5
tisztább	1.5
tisztán	1.5
tisztázatlan	-1.5
tisztító	1.5
titokzatos	-1.5
tizenegyes	-1.5
tolakodó	-1.5
toll	-1.5
tombol	-1.5
tomboló	-1.5
tompa	-1.5
top	1.5
torlódás	-1.5
torrent	-1.5
torz	-1.5
torzult	-1.5
torzítja	-1.5
torzítások	-1.5
totalitárius	-1.5
tout	-1.5
tragikus	-1.5
tragikusan	-1.5
tragédia	-1.5
transparent	1.5
trauma	-1.5
traumás	-1.5
triviális	-1.5
triviálisan	1.5
trombita	1.5
trágár	-1.5
trágárság	-1.5
trófea	1.5
trükk	-1.5
trükkök	-1.5
tudatlan	-1.5
tudatlanság	-1.5
tudós	1.5
tulajdon	-1.5
tulajdonjog	-1.5
tulajdonnév	1.5
tuskó	-1.5
tág	-1.5
tágas	1.5
tájékozatlan	-1.5
támadás	-1.5
támadások	-1.5
támadó	-1.5
támaszt	1.5
támogat	1.5
támogatja	1.5
támogatott	1.5
támogatta	1.5
támogatás	1.5
támogatása	1.5
támogató	1.5
táplál	1.5
táplálék	1.5
tápláló	1.5
tárgy	-1.5
társaságkedvelő	1.5
távollét	-1.5
tényleg	1.5
tényleges	1.5
ténylegesen	1.5
tétlen	-1.5
tétlenség	-1.5
téved	-1.5
tévedés	-1.5
téves	-1.5
tévesen	-1.5
tévhit	-1.5
többértelmű	-1.5
tök	-1.5
tökéletes	1.5
tökéletesen	1.5
tökéletesség	1.5
tökéletlen	-1.5
tömeg	-1.5
tömjén	-1.5
tömör	1.5
tömött	-1.5
tönkrement	-1.5
tönkreteszi	-1.5
tör	-1.5
törekszik	1.5
törekvés	1.5
törekvések	1.5
törik	-1.5
törli	1.5
törlése	-1.5
törpe	-1.5
tört	-1.5
történet	-1.5
törvény	-1.5
törvényes	1.5
törvényszerű	1.5
törvénysértő	-1.5
törvénytelen	-1.5
törzs	-1.5
törékeny	-1.5
törés	-1.5
töröl	-1.5
törölve	1.5
törött	-1.5
törő	-1.5
törődik	-1.5
túlbuzgó	-1.5
túlerő	-1.5
túllép	1.5
túlnyomó	-1.5
túlnyomórészt	-1.5
túlsúly	-1.5
túlsúlyos	-1.5
túlterhelt	-1.5
túlzott	-1.5
túlzás	-1.5
túlzó	-1.5
túlélés	1.5
túlélő	1.5
túsz	-1.5
tündöklő	1.5
tünet	-1.5
tünetegyüttes	-1.5
tünetek	-1.5
türelmes	1.5
türelmesen	1.5
türelmetlen	-1.5
türelmetlenség	-1.5
tüskés	-1.5
tüzes	1.5
tűrhetetlen	-1.5
tűrhető	1.5
udvarias	1.5
udvariasan	1.5
udvariasság	1.5
udvariatlan	-1.5
udvarol	1.5
ultimátum	-1.5
un	-1.5
unalmas	-1.5
unalom	-1.5
undefined	-1.5
undok	-1.5
undorító	-1.5
uralkodik	1.5
uralta	1.5
utál	-1.5
utálja	-1.5
utánzott	-1.5
vad	-1.5
vadember	-1.5
vadon	-1.5
vadul	-1.5
vagyon	1.5
vagyonos	1.5
vak	-1.5
vakmerő	-1.5
valahány	-1.5
vall	-1.5
vallomás	-1.5
vallomások	-1.5
vallásosság	1.5
valóban	1.5
valódi	1.5
valószínűtlen	-1.5
valóságos	1.5
varázs	1.5
varázslat	1.5
varázslatos	1.5
vaskos	-1.5
vastag	-1.5
vastagabb	-1.5
vastartalmú	-1.5
vegyes	-1.5
vehemens	-1.5
vendégszerető	1.5
ventilátor	1.5
ventilátorok	1.5
vereség	1.5
verseng	-1.5
versengés	-1.5
versengő	-1.5
versenyképes	1.5
versenytárs	-1.5
verés	-1.5
veszedelem	-1.5
veszedelmes	-1.5
veszekedés	-1.5
veszekedések	-1.5
veszekszik	-1.5
vesztes	-1.5
vesztesek	-1.5
veszteség	-1.5
veszély	-1.5
veszélyes	-1.5
veszít	-1.5
vetélkedés	-1.5
vetélytárs	-1.5
vetélés	-1.5
vezet	1.5
vezetett	1.5
vezető	1.5
vezényel	1.5
vicces	-1.5
vice	-1.5
vidám	1.5
vidáman	1.5
vidámság	1.5
vigyáz	1.5
vihar	-1.5
viharos	-1.5
világos	1.5
világosan	1.5
világosság	1.5
világító	1.5
vipera	-1.5
virus	-1.5
virág	1.5
virágzik	1.5
virágzás	1.5
virágzó	1.5
viselkedik	-1.5
vissza	1.5
visszaesés	-1.5
visszafogott	-1.5
visszafordíthatatlan	-1.5
visszahúzódik	-1.5
visszahúzódó	1.5
visszaszáll	-1.5
visszataszító	-1.5
visszautasította	-1.5
visszautasítás	-1.5
visszavonja	-1.5
visszavonul	-1.5
visszavonult	-1.5
visszavonulás	-1.5
visszaél	-1.5
visszaélés	-1.5
visszaélések	-1.5
viszketés	-1.5
viszkető	-1.5
viszály	-1.5
vita	-1.5
vitathatatlan	1.5
vitatható	-1.5
vitatkozik	-1.5
vitatott	-1.5
vitás	-1.5
vitéz	1.5
vitézül	1.5
vonakodva	-1.5
vonakodás	-1.5
vonakodó	-1.5
vonatkozik	-1.5
vonatkozás	1.5
vontatás	1.5
vonzalom	1.5
vonzerő	1.5
vonzás	1.5
vonzó	1.5
vonzódás	1.5
vulgáris	-1.5
vád	-1.5
vádakat	-1.5
vádlott	-1.5
vádló	-1.5
vádol	-1.5
vádolja	-1.5
vágy	1.5
vágyakozás	-1.5
vágóhíd	-1.5
válogatós	-1.5
válság	-1.5
válságos	-1.5
változatosság	1.5
váltó	-1.5
vám	-1.5
váratlanul	-1.5
vásár	1.5
vázlatos	-1.5
véd	1.5
védekező	-1.5
védelem	1.5
védelmezői	-1.5
védelmi	-1.5
védő	1.5
végtelen	1.5
végzetes	-1.5
végzetesen	-1.5
vékonyabb	1.5
véletlenszerű	-1.5
véletlenszerűen	-1.5
vélt	1.5
vérengző	-1.5
véres	-1.5
vérontás	-1.5
vérszomjas	-1.5
vérzik	-1.5
vérzés	-1.5
vérző	-1.5
vész	-1.5
vészhelyzet	-1.5
vétek	-1.5
vétel	1.5
vétkes	-1.5
vétség	-1.5
víg	1.5
vírus	-1.5
vízözön	-1.5
wedge	-1.5
well	1.5
wild	-1.5
win	1.5
work	1.5
works	1.5
wow	1.5
wrong	-1.5
zacskó	-1.5
zagyvaság	-1.5
zaj	-1.5
zajok	-1.5
zajos	-1.5
zaklatják	-1.5
zaklatott	-1.5
zaklatás	-1.5
zavar	-1.5
zavarba	-1.5
zavargás	-1.5
zavarja	-1.5
zavaros	-1.5
zavart	-1.5
zavarta	-1.5
zavarás	-1.5
zavaró	-1.5
zombi	-1.5
zord	-1.5
zsarnok	-1.5
zsarnoki	-1.5
zsarnokság	-1.5
zsarolás	-1.5
zseni	1.5
zseniális	1.5
zsák	-1.5
zsákmány	-1.5
zsákmányol	-1.5
zsákutca	-1.5
zsír	-1.5
zsíros	-1.5
zsúfolt	-1.5
zsúfoltság	-1.5
zuhant	-1.5
zuhatag	-1.5
zátony	-1.5
zökkenőmentes	1.5
züllött	-1.5
zűrzavar	-1.5
ábránd	1.5
ágaskodó	-1.5
ágyúzás	-1.5
áhítat	1.5
áhítatos	1.5
ájtatos	1.5
ájult	-1.5
ál	-1.5
áldozat	-1.5
áldás	1.5
áldásos	1.5
állandó	1.5
állapot	-1.5
állat	-1.5
állati	-1.5
állhatatos	1.5
állott	-1.5
állás	-1.5
állástalan	-1.5
állítható	1.5
állítják	-1.5
állítások	-1.5
állító	1.5
álnok	-1.5
álszent	-1.5
ám	1.5
áradat	1.5
áramvonalas	1.5
áramütés	-1.5
árnyas	-1.5
árnyékos	-1.5
árok	-1.5
ártalmas	-1.5
ártalmatlan	1.5
árulás	-1.5
áruló	-1.5
árva	-1.5
ás	-1.5
ásítás	-1.5
ásó	-1.5
átalakított	1.5
átalakítása	1.5
átfogó	1.5
átkok	-1.5
átkozott	-1.5
átlátható	1.5
átok	-1.5
áttörés	1.5
áttörő	1.5
átverés	-1.5
éber	1.5
éberség	1.5
ébresztő	-1.5
édes	1.5
édesség	1.5
égbolt	1.5
éget	-1.5
égett	-1.5
égi	1.5
égés	-1.5
égő	-1.5
éhezés	-1.5
éhség	-1.5
éhínség	-1.5
ék	-1.5
ékesszólás	1.5
ékesszóló	1.5
élesebb	1.5
élettelen	-1.5
éltető	1.5
élvez	1.5
élvezet	1.5
élvezetes	1.5
élvezi	1.5
élvezve	1.5
élénk	1.5
élénken	1.5
élősködő	-1.5
érdekek	1.5
érdekes	1.5
érdekfeszítő	1.5
érdektelenség	-1.5
érdem	1.5
érdemel	1.5
érdemes	1.5
érdemi	1.5
érdes	-1.5
éretlen	-1.5
érett	1.5
érettség	1.5
érintetlen	-1.5
érinti	-1.5
értelem	1.5
értelmes	1.5
értelmetlen	-1.5
értetlenül	-1.5
érthetetlen	-1.5
érthető	1.5
érthetően	1.5
érték	1.5
értékel	1.5
értékeli	1.5
értékelte	1.5
értékelő	1.5
értékes	1.5
értéktelen	-1.5
érvényes	1.5
érvénytelen	-1.5
érzet	1.5
érzékelhetően	1.5
érzékenység	-1.5
érzéketlenség	-1.5
érzés	1.5
ésszerű	1.5
ésszerűen	1.5
ésszerűtlen	-1.5
észlelhető	1.5
észrevétlen	-1.5
ígér	1.5
ígéret	1.5
ígért	1.5
ínség	-1.5
ír	-1.5
írástudatlan	-1.5
ítélet	-1.5
ízletes	1.5
ízlés	1.5
ízléses	1.5
ízléstelen	-1.5
ódivatú	-1.5
óhajt	1.5
ólom	1.5
óriási	1.5
óvatos	-1.5
óvatosság	1.5
ököl	-1.5
öl	-1.5
ölel	1.5
ölelés	1.5
önfejű	-1.5
öngyilkos	-1.5
öngyilkosság	-1.5
önkéntelenül	-1.5
önkény	-1.5
önkényes	-1.5
önkényuralom	-1.5
öntelt	-1.5
önzetlen	1.5
önzés	-1.5
önző	-1.5
ördög	-1.5
ördögi	-1.5
öregedő	-1.5
örvend	1.5
örvendetes	1.5
örökkévaló	1.5
örökkévalóság	1.5
örököl	1.5
öröm	1.5
örömmel	1.5
örömteli	1.5
örül	1.5
összecsapás	-1.5
összeegyeztethetetlen	-1.5
összeegyeztethető	1.5
összeegyeztetni	1.5
összeesküvés	-1.5
összeesküvések	-1.5
összeesküvő	-1.5
összeférhetetlen	-1.5
összeférhetetlenség	-1.5
összefüggés	1.5
összefüggéstelen	-1.5
összefüggő	1.5
összehangolása	1.5
összekeveredett	-1.5
összekevert	-1.5
összeomlik	-1.5
összeomlás	-1.5
összeroppant	-1.5
összetett	-1.5
összetörik	-1.5
összevissza	-1.5
összevisszaság	-1.5
összeütközik	-1.5
összeütközés	-1.5
összhang	1.5
ösztönzése	1.5
ösztönöz	1.5
ötletes	1.5
özönvíz	-1.5
újdonság	1.5
újítás	1.5
újító	1.5
úr	1.5
úriember	1.5
úrnő	-1.5
útszéli	-1.5
úttörő	1.5
üdvözlés	1.5
üdvözlő	1.5
üdítő	1.5
ügy	-1.5
ügyes	1.5
ügyesen	1.5
ügyesség	1.5
ügyetlen	-1.5
ügyvéd	1.5
üldöz	-1.5
üldözés	-1.5
ülő	-1.5
ünnepel	1.5
ünnepelt	1.5
ünnepi	1.5
ünneplés	1.5
ünnepség	1.5
ünnepélyes	-1.5
üreg	-1.5
üreges	-1.5
üres	-1.5
üresség	-1.5
ürítés	-1.5
ürügy	-1.5
üt	-1.5
ütközött	-1.5
ütés	-1.5
ütött	-1.5
üzemzavar	-1.5
őrjárat	-1.5
őrjöngő	-1.5
őrület	-1.5
őrült	-1.5
őrülten	-1.5
őrültség	-1.5
ősz	-1.5
őszi	-1.5
őszibarack	1.5
őszinte	1.5
őszinteség	1.5
őszintén	1.5
