Gufi	-1.5
PHK	-1.5
Sorga	1.5
abnormal	-1.5
absurd	-1.5
abuse	-1.5
acak	-1.5
adaptif	1.5
adil	1.5
advanced	1.5
advantage	1.5
afinitas	1.5
agresi	-1.5
agresif	-1.5
agresor	-1.5
agung	1.5
ahli	1.5
aib	-1.5
ajaib	1.5
akal	-1.5
akar	-1.5
akbar	1.5
aklamasi	1.5
akurat	1.5
alarm	-1.5
alasan	-1.5
alergi	-1.5
alur	-1.5
aman	1.5
amanat	1.5
amarah	-1.5
amat	1.5
ambisius	1.5
amoral	-1.5
amuk	-1.5
anarki	-1.5
anarkis	-1.5
anarkisme	-1.5
ancaman	-1.5
andal	1.5
aneh	-1.5
anehnya	-1.5
angel	1.5
anggapan	-1.5
anggun	1.5
angkuh	-1.5
anomali	-1.5
antagonis	-1.5
antipati	-1.5
antitesis	-1.5
antusias	1.5
antusiasme	1.5
apatis	-1.5
apokaliptik	-1.5
apologis	-1.5
appeal	1.5
appreciate	1.5
appropriate	1.5
approval	1.5
arkais	-1.5
aroma	-1.5
asam	-1.5
asap	-1.5
asing	-1.5
asli	1.5
aspirasi	1.5
asusila	-1.5
asyik	1.5
atasan	1.5
atraksi	1.5
attack	-1.5
attacks	-1.5
available	1.5
awan	-1.5
award	1.5
awarded	1.5
awards	1.5
awas	-1.5
ax	-1.5
azab	-1.5
babatan	-1.5
babi	-1.5
backbone	1.5
bad	-1.5
badai	-1.5
bagus	1.5
bahagia	1.5
bahari	1.5
bahaya	-1.5
baik	1.5
bait	-1.5
baji	-1.5
bajingan	-1.5
bakar	-1.5
banci	-1.5
bandel	-1.5
banding	1.5
bangga	1.5
bangkrut	-1.5
bangsawan	1.5
banjir	-1.5
bantuan	1.5
barbar	-1.5
basi	-1.5
batas	-1.5
batin	-1.5
bau	-1.5
bawahan	-1.5
beautiful	1.5
beauty	1.5
beban	-1.5
bebas	1.5
beg	-1.5
bejat	-1.5
bekas	-1.5
bekerja	1.5
beku	-1.5
belah	-1.5
belakang	-1.5
belitan	-1.5
belur	-1.5
benar	1.5
bencana	-1.5
benci	-1.5
benefit	1.5
bengal	1.5
bengkak	-1.5
bengkok	-1.5
benjolan	-1.5
bentrokan	-1.5
benturan	-1.5
beracun	-1.5
beradaptasi	1.5
berakhir	-1.5
beralasan	1.5
berandal	-1.5
berani	1.5
berantakan	-1.5
berapi	1.5
berarti	1.5
berat	-1.5
berawan	-1.5
berbahaya	-1.5
berbakat	1.5
berbaring	-1.5
berbau	-1.5
berbeda	-1.5
berbisa	-1.5
berbohong	-1.5
berbunyi	-1.5
bercahaya	1.5
bercinta	1.5
bercucuran	-1.5
berdagang	1.5
berdalih	-1.5
berdarah	-1.5
berdasar	-1.5
berdaya	-1.5
berdebar	1.5
berdebu	-1.5
berdengung	-1.5
berdesakan	-1.5
berdetak	-1.5
berdosa	-1.5
berduka	-1.5
berduri	-1.5
berebut	-1.5
berfaedah	1.5
bergairah	1.5
bergantian	1.5
bergaya	1.5
bergelombang	-1.5
bergema	1.5
bergembira	1.5
bergemuruh	1.5
bergengsi	1.5
bergerigi	-1.5
bergetar	-1.5
bergolak	-1.5
bergulat	-1.5
berguna	1.5
berharga	1.5
berhasil	1.5
berhenti	1.5
berhutang	1.5
berikut	1.5
berimbang	1.5
berisi	1.5
berisik	-1.5
berisiko	-1.5
beristirahat	1.5
berjangkit	-1.5
berjanji	1.5
berjaya	1.5
berjenis	1.5
berjiwa	1.5
berkabung	-1.5
berkabut	-1.5
berkarat	-1.5
berkat	1.5
berkedip	-1.5
berkelompok	-1.5
berkembang	1.5
berkenan	-1.5
berkeyakinan	1.5
berkilat	-1.5
berkilau	1.5
berkilauan	1.5
berkualitas	1.5
berkurang	-1.5
berlabuh	-1.5
berlantai	-1.5
berlebihan	-1.5
berlemak	-1.5
berlian	1.5
berlimpah	1.5
berlumpur	-1.5
bermanfaat	1.5
bermartabat	1.5
bermasalah	-1.5
berminyak	-1.5
bermusuhan	-1.5
bernilai	1.5
berongga	-1.5
berpadu	1.5
berpendidikan	1.5
berpengalaman	1.5
berpengaruh	1.5
berpijar	1.5
berpuasa	1.5
bersaing	-1.5
bersambung	1.5
bersandar	1.5
bersanding	-1.5
bersedih	-1.5
bersekongkol	-1.5
berselang	-1.5
berselisih	-1.5
bersemangat	1.5
bersenandung	-1.5
berseri	1.5
bersetubuh	-1.5
bersih	1.5
bersinar	1.5
bersisik	-1.5
bersorak	1.5
bersubsidi	1.5
bertekun	1.5
bertemu	-1.5
bertengkar	-1.5
bertentangan	-1.5
berteriak	-1.5
berterimakasih	1.5
bertiang	1.5
bertingkah	-1.5
beruntung	1.5
berwawasan	1.5
besar	1.5
best	1.5
better	1.5
betul	1.5
biadab	-1.5
bias	-1.5
biasa	-1.5
bidaah	-1.5
bidadari	1.5
bijak	1.5
bijaksana	1.5
bimbang	-1.5
bimbingan	1.5
binasa	-1.5
bingung	-1.5
bisa	-1.5
bising	-1.5
bisul	-1.5
bitch	-1.5
blind	-1.5
blockbuster	1.5
blow	-1.5
blur	-1.5
bobrok	-1.5
bocor	-1.5
bodoh	-1.5
bohong	-1.5
boikot	-1.5
bom	-1.5
bomb	-1.5
boneka	-1.5
bonus	1.5
boom	1.5
booming	1.5
boost	1.5
bosan	-1.5
break	-1.5
breakdown	-1.5
breaking	-1.5
bright	1.5
brilliant	1.5
broke	-1.5
broken	-1.5
bros	-1.5
brutal	-1.5
brute	-1.5
bruto	-1.5
buas	-1.5
buatan	-1.5
budak	-1.5
bug	-1.5
bully	-1.5
bullying	-1.5
bulu	-1.5
buncit	-1.5
bunga	1.5
buntu	-1.5
bunuh	-1.5
buritan	-1.5
burn	-1.5
burning	-1.5
buronan	-1.5
buruk	-1.5
busuk	-1.5
buta	-1.5
cabul	-1.5
cacat	-1.5
cahaya	1.5
cakap	1.5
calo	-1.5
cambuk	-1.5
canggung	-1.5
cantik	1.5
carik	-1.5
catchy	1.5
cedera	-1.5
cekatan	1.5
cekung	-1.5
celaan	-1.5
celah	-1.5
celaka	-1.5
cemas	-1.5
cemburu	-1.5
cemerlang	1.5
cenderung	-1.5
cengeng	-1.5
cepat	1.5
cerah	1.5
cercaan	-1.5
cerdas	1.5
cerewet	-1.5
cermat	1.5
ceroboh	-1.5
chaff	-1.5
champion	1.5
chaos	-1.5
cheat	-1.5
chic	1.5
chronic	-1.5
cinta	1.5
clash	-1.5
classic	1.5
clean	1.5
cleaner	1.5
clear	1.5
clearly	1.5
cloud	-1.5
cocok	1.5
cold	-1.5
collapse	-1.5
commitment	1.5
compact	1.5
compatible	1.5
competitive	1.5
complex	-1.5
concern	-1.5
concerned	-1.5
condong	-1.5
confidence	1.5
conflict	-1.5
confusion	-1.5
conservative	-1.5
contoh	1.5
controversial	-1.5
cool	1.5
correct	1.5
corruption	-1.5
courage	1.5
crack	-1.5
crap	-1.5
crash	-1.5
crazy	-1.5
creative	1.5
crime	-1.5
criminal	-1.5
crisis	-1.5
critical	-1.5
criticism	-1.5
criticized	-1.5
critics	-1.5
crude	-1.5
cry	-1.5
cuk	-1.5
cukup	1.5
cukuplah	1.5
culas	-1.5
culun	1.5
curam	-1.5
curang	-1.5
curi	-1.5
curiga	-1.5
dahsyat	-1.5
damage	-1.5
damai	1.5
dangkal	-1.5
darah	-1.5
daring	1.5
dark	-1.5
dead	-1.5
death	-1.5
debt	-1.5
debu	-1.5
dedicated	1.5
defamatory	-1.5
defeat	1.5
defender	1.5
defensif	-1.5
defensive	-1.5
defile	-1.5
degenerasi	-1.5
degradasi	-1.5
dekaden	-1.5
delay	-1.5
delayed	-1.5
delusi	-1.5
demam	-1.5
denda	1.5
dendam	-1.5
dengki	-1.5
dengung	-1.5
depresi	-1.5
depression	-1.5
derita	-1.5
dermawan	1.5
desersi	-1.5
desis	-1.5
destiny	1.5
destroyer	-1.5
destruktif	-1.5
detektif	-1.5
deviasi	-1.5
devil	-1.5
dewasa	1.5
diakses	1.5
diakui	1.5
diandalkan	-1.5
diasuransikan	-1.5
diatasi	-1.5
dibaca	1.5
dibakar	-1.5
dibanjiri	-1.5
dibatalkan	-1.5
dibebaskan	1.5
diberikan	1.5
dibersihkan	1.5
dibuang	-1.5
dicapai	1.5
dicela	-1.5
dicuri	-1.5
didamaikan	-1.5
didedikasikan	1.5
didominasi	1.5
didukung	1.5
die	-1.5
died	-1.5
dies	-1.5
difficult	-1.5
digunakan	1.5
dihaluskan	-1.5
dihargai	1.5
dihentikan	-1.5
dihukum	-1.5
diinginkan	1.5
diizinkan	1.5
dijauhi	-1.5
dijelaskan	-1.5
dikaburkan	-1.5
dikalahkan	1.5
dikelola	1.5
dikembalikan	1.5
dikenakan	-1.5
diketahui	-1.5
dikorbankan	-1.5
dikritik	-1.5
diktator	-1.5
dilarang	-1.5
dilayari	1.5
dilecehkan	-1.5
dilema	-1.5
dilengkapi	1.5
dilenyapkan	-1.5
dilepas	1.5
dilihat	1.5
dim	-1.5
dimarahi	-1.5
din	-1.5
dinamis	1.5
ding	-1.5
dinginkan	-1.5
diperangi	-1.5
diperbaharui	1.5
diperbaiki	-1.5
diperkosa	-1.5
diperoleh	1.5
dipertahankan	-1.5
dipertanyakan	-1.5
dipimpin	1.5
diplomatik	1.5
dipoles	1.5
dirampas	-1.5
direformasi	1.5
direkomendasikan	1.5
diremajakan	1.5
direstrukturisasi	1.5
dirugikan	-1.5
disable	-1.5
disabled	-1.5
disalahgunakan	-1.5
disalahpahami	-1.5
disaster	-1.5
disederhanakan	1.5
disembelih	-1.5
disengaja	-1.5
disengketakan	-1.5
diseret	-1.5
diskriminasi	-1.5
diskriminatif	-1.5
disonansi	-1.5
disorder	-1.5
dispute	-1.5
disputed	-1.5
dissolution	-1.5
distorsi	-1.5
distraction	-1.5
distress	-1.5
ditakdirkan	-1.5
ditarik	1.5
ditawar	-1.5
ditegakkan	1.5
ditingkatkan	1.5
ditipu	-1.5
ditolak	-1.5
diverifikasi	1.5
divine	1.5
dogmatis	-1.5
dorongan	1.5
dosa	-1.5
downhill	-1.5
drag	-1.5
drain	-1.5
drastis	-1.5
drone	-1.5
dugaan	-1.5
duka	-1.5
dukun	-1.5
dukung	1.5
dukungan	1.5
dump	-1.5
dungeon	-1.5
dungu	-1.5
duniawi	-1.5
dupa	-1.5
durhaka	-1.5
dust	-1.5
dusta	-1.5
dynamic	1.5
easy	1.5
edan	-1.5
edukatif	1.5
efektif	1.5
efektivitas	1.5
effective	1.5
efisien	1.5
egoisme	-1.5
ejekan	-1.5
ekspansif	1.5
eksploitasi	-1.5
eksplosif	-1.5
ekstremis	-1.5
ekstrimis	-1.5
elastis	1.5
elegan	1.5
elimination	-1.5
elite	1.5
elok	1.5
emas	1.5
emergency	-1.5
empati	1.5
empedu	-1.5
enak	1.5
endorsement	1.5
enggan	-1.5
enhanced	1.5
enjoy	1.5
enough	1.5
enteng	-1.5
erat	-1.5
erosi	-1.5
error	-1.5
errors	-1.5
eruptions	-1.5
etis	1.5
euforia	1.5
evil	-1.5
excellence	1.5
excellent	1.5
exhaust	-1.5
exile	-1.5
exploit	-1.5
explosive	-1.5
fail	-1.5
failed	-1.5
failure	-1.5
fair	1.5
faith	1.5
fajar	1.5
fakir	-1.5
fall	-1.5
falls	-1.5
false	-1.5
fame	1.5
famous	1.5
fana	-1.5
fanatik	-1.5
fanatisme	-1.5
fans	1.5
fasih	1.5
fasilitas	1.5
fasis	-1.5
fasisme	-1.5
fast	1.5
fastest	1.5
fat	-1.5
fatal	-1.5
fatty	-1.5
fault	-1.5
favorit	1.5
favorite	1.5
fear	-1.5
feat	1.5
fell	-1.5
fenomenal	1.5
fever	-1.5
fiction	-1.5
fiksi	-1.5
fine	1.5
firasat	-1.5
firaun	-1.5
firdaus	1.5
fitnah	-1.5
flare	-1.5
fleksibel	1.5
fleksibilitas	1.5
flexible	1.5
foul	-1.5
fraud	-1.5
free	1.5
freedom	1.5
freeze	-1.5
fresh	1.5
fret	-1.5
friendly	1.5
frost	-1.5
frustasi	-1.5
frustrasi	-1.5
fuck	-1.5
fun	1.5
fundamentalisme	-1.5
funky	-1.5
funny	-1.5
futuristik	1.5
fuzzy	-1.5
gadungan	-1.5
gagah	1.5
gagal	-1.5
gagap	-1.5
gain	1.5
gairah	1.5
gamblang	1.5
gampang	1.5
ganas	-1.5
gangguan	-1.5
gangster	-1.5
ganjil	-1.5
ganteng	1.5
garbage	-1.5
garing	1.5
gatal	-1.5
gauche	-1.5
gegabah	-1.5
gejala	-1.5
gelandangan	-1.5
gelap	-1.5
gelisah	-1.5
gem	1.5
gembira	1.5
gempar	-1.5
gemuk	-1.5
gendut	-1.5
gengsi	1.5
genius	1.5
genosida	-1.5
genting	-1.5
gerah	-1.5
geram	-1.5
gerombolan	-1.5
gersang	-1.5
gesekan	-1.5
gesit	1.5
gesper	-1.5
getah	-1.5
getaran	-1.5
getir	-1.5
ghetto	-1.5
giat	1.5
gigih	1.5
gila	-1.5
gladiol	1.5
glee	1.5
glory	1.5
godaan	-1.5
gold	1.5
golden	1.5
goncangan	-1.5
good	1.5
goodwill	1.5
goreng	-1.5
goresan	-1.5
gosip	-1.5
gossip	-1.5
goyah	-1.5
goyangan	-1.5
grace	1.5
grand	1.5
gratis	1.5
great	1.5
greatest	1.5
gross	-1.5
grouse	-1.5
growl	-1.5
gua	-1.5
gugup	-1.5
gugur	-1.5
guidance	1.5
gurih	1.5
gurun	-1.5
gusar	-1.5
hack	-1.5
hadiah	1.5
hak	1.5
hal	1.5
halangan	-1.5
halus	1.5
hama	-1.5
hamba	-1.5
hambatan	-1.5
hamper	-1.5
hancur	-1.5
handal	1.5
handy	1.5
hang	-1.5
hangat	1.5
happy	1.5
haram	-1.5
hard	-1.5
harmoni	1.5
harmonis	1.5
harmony	1.5
harta	1.5
harum	1.5
hasutan	-1.5
hate	-1.5
hati	1.5
haus	-1.5
hazard	-1.5
hebat	1.5
hedge	-1.5
hegemoni	-1.5
hell	-1.5
helped	1.5
helping	1.5
hemat	1.5
heran	1.5
hero	1.5
heroik	1.5
heroine	1.5
hewan	-1.5
hijau	-1.5
hilang	-1.5
himpitan	-1.5
hina	-1.5
histeris	-1.5
hiu	-1.5
hoax	-1.5
hollow	-1.5
holy	1.5
homo	-1.5
honor	1.5
honorable	1.5
hooligan	-1.5
hormat	1.5
hot	1.5
hubungan	1.5
hukuman	-1.5
humor	1.5
hutang	-1.5
iba	1.5
iblis	-1.5
ideal	1.5
idealnya	1.5
idiot	-1.5
idle	-1.5
idol	1.5
idola	1.5
ikhwan	1.5
ilahi	1.5
ilegal	-1.5
illegal	-1.5
ilusi	-1.5
imajinatif	1.5
imajiner	-1.5
iman	1.5
impedansi	-1.5
imperialis	-1.5
impersonal	-1.5
implikasi	-1.5
important	1.5
impossible	-1.5
impoten	-1.5
impresif	1.5
improper	-1.5
improve	1.5
improvement	1.5
improvements	1.5
impulsif	-1.5
imut	1.5
inappropriate	-1.5
indah	1.5
individual	1.5
indoktrinasi	-1.5
infalibilitas	1.5
infeksi	-1.5
inferior	-1.5
inflamasi	-1.5
inflasi	-1.5
ingin	1.5
inhibisi	-1.5
injury	-1.5
inkonsistensi	-1.5
innovation	1.5
inovasi	1.5
inovatif	1.5
inspirasi	1.5
inspiratif	1.5
instrumental	1.5
insular	-1.5
integral	1.5
integrated	1.5
intelijen	1.5
intelligence	1.5
intelligent	1.5
intens	-1.5
interference	-1.5
interferensi	-1.5
interrupt	-1.5
interupsi	-1.5
intim	1.5
intimidasi	-1.5
intrik	1.5
intrusi	-1.5
intuitif	1.5
invalid	-1.5
invasif	-1.5
invisible	-1.5
irasional	-1.5
iri	1.5
ironi	-1.5
ironis	-1.5
ironisnya	-1.5
isolasi	-1.5
issue	-1.5
issues	-1.5
istimewa	1.5
istirahat	-1.5
isu	-1.5
jagal	-1.5
jago	1.5
jagoan	-1.5
jahanam	-1.5
jahat	-1.5
jam	-1.5
jaminan	1.5
janggal	-1.5
janji	1.5
jasa	1.5
jatuh	-1.5
jaya	1.5
jebakan	-1.5
jeblok	-1.5
jelas	1.5
jelek	-1.5
jenaka	1.5
jengkel	-1.5
jeram	1.5
jerat	-1.5
jeritan	-1.5
jijik	-1.5
joke	-1.5
jompo	-1.5
jorok	-1.5
joy	1.5
juara	1.5
jujur	1.5
junk	-1.5
kabur	-1.5
kabut	-1.5
kacau	-1.5
kafir	-1.5
kagum	1.5
kaku	-1.5
kala	-1.5
kalah	-1.5
kambuh	-1.5
kampungan	-1.5
kanan	1.5
kandang	-1.5
kandas	-1.5
kanibal	-1.5
kanker	-1.5
kapak	-1.5
karat	-1.5
karikatur	-1.5
karisma	1.5
karismatik	1.5
karper	-1.5
kartun	-1.5
karung	-1.5
karya	1.5
kasar	-1.5
kasih	1.5
kasihan	-1.5
kaya	1.5
keabadian	1.5
keadilan	1.5
keagungan	1.5
keajaiban	1.5
keanehan	-1.5
keanggunan	1.5
keangkuhan	-1.5
keaslian	1.5
kebahagiaan	1.5
kebaikan	1.5
kebajikan	1.5
kebanggaan	1.5
kebangkitan	1.5
kebangunan	1.5
kebaruan	1.5
kebebasan	1.5
kebenaran	1.5
kebencian	-1.5
keberanian	1.5
keberatan	-1.5
keberhasilan	1.5
keberlanjutan	1.5
kebersihan	1.5
keberuntungan	1.5
kebesaran	1.5
kebetulan	-1.5
kebiadaban	-1.5
kebiasaan	-1.5
kebijaksanaan	1.5
kebingungan	-1.5
kebisingan	-1.5
kebobolan	-1.5
kebocoran	-1.5
kebodohan	-1.5
kebohongan	-1.5
kebosanan	-1.5
kebrutalan	-1.5
kebuntuan	-1.5
keburukan	-1.5
kebusukan	-1.5
kecakapan	1.5
kecaman	-1.5
kecanduan	-1.5
kecelakaan	-1.5
kecemasan	-1.5
kecemburuan	-1.5
kecemerlangan	1.5
kecerdasan	1.5
kecerdikan	1.5
kecerobohan	-1.5
kecewa	-1.5
kecil	-1.5
kecurangan	-1.5
kecurigaan	-1.5
kedahsyatan	-1.5
kedalaman	1.5
kedewaan	1.5
kedinginan	-1.5
kedipan	-1.5
keelokan	1.5
keemasan	1.5
keengganan	-1.5
kegagahan	1.5
kegagalan	-1.5
kegairahan	1.5
keganasan	-1.5
kegelapan	-1.5
kegelisahan	-1.5
kegemaran	1.5
kegembiraan	1.5
kegemparan	-1.5
kegemukan	-1.5
kegilaan	-1.5
keguguran	-1.5
kegusaran	-1.5
kehancuran	-1.5
kehangatan	1.5
kehausan	-1.5
kehebohan	-1.5
keheranan	1.5
kehilangan	-1.5
kehormatan	1.5
keindahan	1.5
keinginan	1.5
keintiman	1.5
kejahatan	-1.5
kejam	-1.5
kejanggalan	-1.5
kejatuhan	-1.5
kejayaan	1.5
kejelasan	1.5
kejelekan	-1.5
keji	-1.5
kejujuran	1.5
kejut	-1.5
kekacauan	-1.5
kekaguman	1.5
kekakuan	-1.5
kekal	1.5
kekalahan	1.5
kekar	1.5
kekasih	1.5
kekayaan	1.5
kekecewaan	-1.5
kekejaman	-1.5
kekeliruan	-1.5
kekerasan	-1.5
kekeringan	-1.5
kekhawatiran	-1.5
kekhilafan	-1.5
kekosongan	-1.5
kekuatiran	-1.5
kekurangan	-1.5
kelalaian	-1.5
kelambanan	-1.5
kelangkaan	-1.5
kelaparan	-1.5
kelayakan	1.5
kelelahan	-1.5
kelembutan	-1.5
kelesuan	-1.5
kelezatan	1.5
kelimpahan	1.5
kelimpungan	-1.5
kelincahan	1.5
keliru	-1.5
kelucuan	1.5
keluhan	-1.5
keluhuran	1.5
keluwesan	1.5
kemacetan	-1.5
kemajuan	1.5
kemakmuran	1.5
kemalangan	-1.5
kemampuan	1.5
kemandekan	-1.5
kemanisan	1.5
kemarahan	-1.5
kematangan	1.5
kematian	-1.5
kembali	-1.5
kembalinya	-1.5
kemegahan	1.5
kemelaratan	-1.5
kemenangan	1.5
kemerosotan	-1.5
kemewahan	1.5
kemiskinan	-1.5
kemunafikan	-1.5
kemunduran	-1.5
kemurkaan	-1.5
kemustahilan	-1.5
kenakalan	-1.5
kenamaan	1.5
kenangan	1.5
kencana	1.5
kendur	-1.5
kenikmatan	1.5
kenyamanan	1.5
kepahitan	-1.5
kepalang	-1.5
kepanikan	-1.5
kepedihan	-1.5
kependekan	-1.5
kepentingan	1.5
kepercayaan	1.5
kepincut	1.5
kepuasan	1.5
keputusasaan	-1.5
keracunan	-1.5
keraguan	-1.5
keramahan	1.5
keramat	1.5
kerangka	-1.5
keranjang	-1.5
keras	-1.5
kerasnya	-1.5
kerdil	-1.5
kerelaan	1.5
keren	1.5
kerepotan	-1.5
kereta	-1.5
keretakan	-1.5
keributan	-1.5
kerimbunan	1.5
kerinduan	-1.5
keriput	-1.5
kerja	1.5
kerlip	-1.5
kerugian	-1.5
kerumitan	-1.5
keruntuhan	-1.5
kerusakan	-1.5
kerusuhan	-1.5
kerut	-1.5
kesal	-1.5
kesalahan	-1.5
kesalahpahaman	-1.5
kesalehan	1.5
kesamaan	-1.5
kesan	1.5
kesatuan	1.5
kesayangan	1.5
kesedihan	-1.5
kesehatan	1.5
kesejahteraan	1.5
kesejukan	1.5
keselarasan	1.5
kesemek	1.5
kesempurnaan	1.5
kesemutan	-1.5
kesenangan	1.5
kesendirian	-1.5
kesengsaraan	-1.5
kesepian	-1.5
keserakahan	-1.5
keseriusan	-1.5
kesetiaan	1.5
kesombongan	-1.5
kesopanan	1.5
kesuburan	1.5
kesukaan	1.5
kesulitan	-1.5
kesusahan	-1.5
kesusilaan	1.5
kesyahidan	-1.5
ketabahan	1.5
ketakutan	-1.5
ketegangan	-1.5
ketekunan	1.5
ketenangan	1.5
ketenaran	1.5
keterbatasan	-1.5
keterbelakangan	-1.5
keterbukaan	1.5
keterlaluan	-1.5
keterlambatan	-1.5
ketiadaan	-1.5
ketidakadilan	-1.5
ketidakberdayaan	-1.5
ketidakcocokan	-1.5
ketidakcukupan	-1.5
ketidakjelasan	-1.5
ketidakmampuan	-1.5
ketidakpercayaan	-1.5
ketidakpuasan	-1.5
ketidaksamaan	-1.5
ketidakseimbangan	-1.5
ketidaksempurnaan	-1.5
ketidaksenangan	-1.5
ketidaksetaraan	-1.5
ketidaksetiaan	-1.5
ketidakstabilan	-1.5
ketidaktahuan	-1.5
ketidakteraturan	-1.5
ketinggalan	-1.5
ketrampilan	1.5
ketukan	-1.5
ketulusan	1.5
keuletan	1.5
keunggulan	1.5
keuntungan	1.5
kewajiban	-1.5
kewalahan	-1.5
kewaspadaan	1.5
keyakinan	1.5
kezaliman	-1.5
khawatir	-1.5
khianat	-1.5
khidmat	-1.5
khilaf	-1.5
khusus	1.5
kiamat	-1.5
kikuk	-1.5
kilau	1.5
kill	-1.5
killed	-1.5
killer	-1.5
killing	-1.5
kios	-1.5
kiranya	1.5
kiri	-1.5
kisi	-1.5
kita	1.5
klasik	1.5
klik	-1.5
klise	-1.5
knalpot	-1.5
knock	-1.5
koheren	1.5
koherensi	1.5
kokoh	1.5
komitmen	1.5
kompak	1.5
kompatibel	-1.5
kompetitif	1.5
kompleks	-1.5
komplementer	1.5
komplikasi	-1.5
komplotan	-1.5
komprehensif	1.5
konflik	-1.5
konfrontasi	-1.5
konservatif	-1.5
konsesi	-1.5
konspirasi	-1.5
konspirator	-1.5
konstruktif	1.5
kontaminasi	-1.5
kontinuitas	1.5
kontra	-1.5
kontradiksi	-1.5
kontradiktif	-1.5
kontribusi	1.5
kontroversi	-1.5
kontroversial	-1.5
konyol	-1.5
kooperatif	1.5
koperasi	1.5
korban	-1.5
korek	1.5
korosi	-1.5
korosif	-1.5
korup	-1.5
korupsi	-1.5
kosong	1.5
kotor	-1.5
kotoran	-1.5
kreatif	1.5
kriminal	-1.5
krisis	-1.5
kritik	-1.5
kritikus	-1.5
kritis	-1.5
kronis	-1.5
kuasa	1.5
kuat	1.5
kuatir	-1.5
kudeta	-1.5
kudus	1.5
kukang	-1.5
kuli	-1.5
kuno	-1.5
kurang	-1.5
kusut	-1.5
kutukan	-1.5
labil	-1.5
labu	-1.5
lack	-1.5
lag	-1.5
lagu	1.5
lalai	-1.5
lalim	-1.5
lambaian	1.5
lamban	-1.5
lambat	-1.5
lampau	1.5
landasan	1.5
langit	1.5
langka	-1.5
lapisan	1.5
larut	-1.5
latency	-1.5
lawan	-1.5
layak	1.5
lead	1.5
leading	1.5
leak	-1.5
lean	1.5
lebam	-1.5
lecet	-1.5
led	1.5
legendaris	1.5
lekat	-1.5
lekuk	-1.5
lelah	-1.5
lemah	-1.5
lemak	-1.5
lemas	-1.5
lembab	-1.5
lembut	1.5
lemon	-1.5
lempeng	-1.5
lendir	-1.5
lengkap	-1.5
lengket	-1.5
lengkung	-1.5
lentur	1.5
lereng	-1.5
lesu	-1.5
letal	-1.5
letih	-1.5
letusan	-1.5
lezat	1.5
liability	-1.5
liar	-1.5
liat	-1.5
liberty	1.5
licik	-1.5
licin	1.5
lie	-1.5
lies	-1.5
like	1.5
liku	-1.5
limbah	-1.5
limit	-1.5
limited	-1.5
limpah	1.5
lincah	1.5
lindung	1.5
lintah	-1.5
liris	1.5
logis	1.5
longgar	-1.5
longsor	-1.5
loose	-1.5
los	1.5
loser	-1.5
loss	-1.5
lost	-1.5
loud	-1.5
love	1.5
loved	1.5
loyal	1.5
loyalitas	1.5
luas	1.5
lubang	-1.5
luck	1.5
lucky	1.5
luka	-1.5
luluh	-1.5
lumayan	1.5
lumpuh	-1.5
lumpur	-1.5
lunak	-1.5
lupa	-1.5
lurus	1.5
lusuh	-1.5
luwes	1.5
maaf	-1.5
mabuk	-1.5
mad	-1.5
mafia	-1.5
magic	1.5
mahir	1.5
maju	1.5
makanan	1.5
makian	-1.5
makmur	1.5
malaikat	1.5
malaise	-1.5
malang	-1.5
malapetaka	-1.5
malas	-1.5
malicious	-1.5
malu	-1.5
mandul	-1.5
manfaat	1.5
mangsa	-1.5
mania	-1.5
manipulasi	-1.5
manipulatif	-1.5
manis	1.5
manjur	1.5
manusiawi	1.5
mar	-1.5
marah	-1.5
marginal	-1.5
martabat	1.5
mas	1.5
masalah	-1.5
masam	-1.5
master	1.5
masterpiece	1.5
matang	1.5
mati	-1.5
matte	-1.5
mega	-1.5
megah	1.5
mekar	1.5
melacur	-1.5
melambat	-1.5
melampaui	1.5
melampiaskan	-1.5
melancarkan	-1.5
melanggar	-1.5
melarang	-1.5
melayu	-1.5
melebihi	1.5
melebur	-1.5
meledak	-1.5
meledakkan	-1.5
melegakan	1.5
melekuk	-1.5
melelahkan	-1.5
melemahkan	-1.5
melengkapi	1.5
melengking	-1.5
melengkung	-1.5
melenyapkan	-1.5
melepaskan	-1.5
melepuh	-1.5
meleset	-1.5
melibatkan	-1.5
melindungi	1.5
melintang	-1.5
melukai	-1.5
melumpuhkan	-1.5
melunakkan	-1.5
meluruhkan	-1.5
meluruskan	1.5
memadamkan	-1.5
memainkan	-1.5
memaksa	-1.5
memaksakan	-1.5
memalsukan	-1.5
memalukan	-1.5
memanaskan	-1.5
memanggil	1.5
memantapkan	1.5
memar	-1.5
memarahi	-1.5
memastikan	1.5
mematikan	-1.5
mematuk	-1.5
membagi	-1.5
membahas	-1.5
membahayakan	-1.5
membakar	-1.5
membalas	-1.5
membalikkan	-1.5
membanggakan	1.5
membanjiri	-1.5
membantah	-1.5
membantu	1.5
membasmi	-1.5
membatalkan	-1.5
membatasi	-1.5
membayangkan	-1.5
membebani	-1.5
membebaskan	1.5
membedakan	-1.5
membeku	-1.5
membekukan	-1.5
membelit	-1.5
membelot	-1.5
membenci	-1.5
memberatkan	-1.5
memberdayakan	1.5
memberkati	1.5
memberontak	-1.5
membicarakan	-1.5
membinasakan	-1.5
membingungkan	-1.5
membohongi	-1.5
memboikot	-1.5
membom	-1.5
membombardir	-1.5
membonceng	-1.5
membosankan	-1.5
membuang	-1.5
membuat	-1.5
membuka	-1.5
membuktikan	1.5
membunuh	-1.5
memburuk	-1.5
membusuk	-1.5
membutakan	-1.5
memecahkan	-1.5
memecat	-1.5
memelihara	1.5
memeluk	1.5
memenangkan	1.5
memenjarakan	-1.5
memenuhi	1.5
memerangi	-1.5
memeras	-1.5
memerkosa	-1.5
memesona	1.5
memfitnah	-1.5
memilih	1.5
memimpin	1.5
memisahkan	-1.5
mempan	-1.5
memperbaiki	1.5
memperbarui	1.5
memperbudak	-1.5
memperburuk	-1.5
mempercantik	1.5
mempercayai	1.5
mempercayakan	1.5
memperdaya	-1.5
memperhalus	1.5
memperingatkan	-1.5
memperjuangkan	1.5
memperkaya	1.5
memperkeruh	-1.5
memperkosa	-1.5
memperlambat	-1.5
mempertinggi	1.5
memperuncing	-1.5
mempesona	1.5
memprotes	-1.5
memprovokasi	-1.5
memuaskan	1.5
memudahkan	1.5
memudarnya	-1.5
memuja	1.5
memuji	1.5
memukau	1.5
memuliakan	1.5
memulihkan	1.5
memuntahkan	-1.5
memurnikan	1.5
memusingkan	-1.5
memusnahkan	-1.5
memutar	-1.5
memutarbalikkan	-1.5
memutuskan	-1.5
menabrak	-1.5
menahan	-1.5
menakjubkan	1.5
menakuti	-1.5
menakutkan	-1.5
menambah	1.5
menampar	-1.5
menanamkan	-1.5
menang	1.5
menangis	-1.5
menarik	1.5
menawan	1.5
menawarkan	1.5
mencabut	-1.5
mencaci	-1.5
mencangkul	-1.5
mencapai	1.5
mencekik	-1.5
mencela	-1.5
mencemari	-1.5
mencemarkan	-1.5
mencengangkan	1.5
mencintai	1.5
mencium	-1.5
mencolok	-1.5
mencukupi	1.5
mencurahkan	-1.5
mencuri	-1.5
mencurigai	-1.5
mencurigakan	-1.5
mendadak	-1.5
mendakwa	-1.5
mendalam	1.5
mendamaikan	1.5
mendapatkan	1.5
mendatang	-1.5
mendatangkan	-1.5
mendenda	1.5
menderita	-1.5
mendesak	-1.5
mendesis	-1.5
mendidih	-1.5
mendistorsi	-1.5
mendominasi	1.5
mendorong	1.5
menduduki	-1.5
mendukung	1.5
mendulang	-1.5
menebus	1.5
menegakkan	1.5
menegangkan	-1.5
menegaskan	1.5
menegur	-1.5
menekan	-1.5
menekankan	-1.5
menelan	-1.5
menenangkan	1.5
menentang	-1.5
menentukan	1.5
menerangi	1.5
menerima	1.5
menerobos	-1.5
menertawakan	-1.5
mengabaikan	-1.5
mengaburkan	-1.5
mengacaukan	-1.5
mengagumi	1.5
mengagumkan	1.5
mengaku	-1.5
mengakui	-1.5
mengalah	-1.5
mengalahkan	1.5
mengalihkan	-1.5
mengampuni	1.5
mengamuk	-1.5
mengancam	-1.5
menganga	-1.5
menganggap	1.5
mengangkat	1.5
menganiaya	-1.5
menganjurkan	1.5
mengarah	1.5
mengasingkan	-1.5
mengatakan	-1.5
mengecam	-1.5
mengecewakan	-1.5
mengecilkan	-1.5
mengecoh	1.5
mengejek	-1.5
mengeksploitasi	-1.5
mengelompok	-1.5
mengeluarkan	-1.5
mengeluh	-1.5
mengelupas	-1.5
mengemis	-1.5
mengendapkan	-1.5
mengendur	-1.5
mengepung	-1.5
mengeras	-1.5
mengerikan	-1.5
mengesahkan	1.5
mengesankan	1.5
mengetuk	-1.5
menggagalkan	-1.5
menggairahkan	1.5
menggali	-1.5
mengganggu	-1.5
mengganjal	-1.5
menggantikan	-1.5
menggantung	-1.5
menggaruk	-1.5
menggasak	-1.5
menggelapkan	-1.5
menggelegar	-1.5
menggemari	1.5
menggembirakan	1.5
menggenggam	-1.5
menggerakkan	-1.5
menggeram	-1.5
menggertak	-1.5
menggerutu	-1.5
menggeser	-1.5
menggigil	-1.5
menggiling	-1.5
menggores	-1.5
menggoyang	-1.5
menggugah	1.5
menggugat	-1.5
menggugurkan	-1.5
menggulingkan	-1.5
menghadapi	-1.5
menghadiahkan	1.5
menghalang	-1.5
menghalangi	-1.5
menghalau	-1.5
menghaluskan	1.5
menghambat	-1.5
menghancurkan	-1.5
menghangatkan	1.5
menghantam	-1.5
menghantui	-1.5
menghapus	-1.5
menghapuskan	-1.5
menghargai	1.5
menghasut	-1.5
menghebohkan	-1.5
menghemat	1.5
menghentikan	-1.5
mengherankan	1.5
menghibur	1.5
menghidupkan	1.5
menghilangkan	-1.5
menghina	-1.5
menghindari	-1.5
menghindarkan	-1.5
menghormat	1.5
menghormati	1.5
menghujat	-1.5
menghukum	-1.5
mengidolakan	1.5
mengigau	-1.5
mengilhami	1.5
menginginkan	1.5
mengintai	-1.5
mengintimidasi	-1.5
mengintip	-1.5
mengisap	-1.5
mengisyaratkan	1.5
mengkerut	-1.5
mengkhawatirkan	-1.5
mengkhianati	-1.5
mengkritik	-1.5
mengobarkan	-1.5
mengobati	-1.5
mengobrol	-1.5
mengocok	-1.5
mengorbankan	-1.5
mengotori	-1.5
menguasai	1.5
mengubah	-1.5
mengungguli	1.5
mengungkit	1.5
mengupas	-1.5
menguras	-1.5
mengusik	-1.5
mengusir	-1.5
mengutuk	-1.5
meniadakan	-1.5
menidurkan	-1.5
menikmati	1.5
menimbulkan	-1.5
menimpa	-1.5
menindas	-1.5
meninggal	-1.5
meninggalkan	-1.5
meningkat	-1.5
meningkatkan	1.5
meninju	-1.5
menipu	-1.5
menitis	-1.5
meniup	-1.5
menjamin	1.5
menjanjikan	1.5
menjarah	-1.5
menjatuhkan	-1.5
menjauhkan	-1.5
menjebak	-1.5
menjengkelkan	-1.5
menjerat	-1.5
menjerit	-1.5
menjijikkan	-1.5
menjinakkan	1.5
menodai	-1.5
menolak	-1.5
menonjol	1.5
menopang	-1.5
menstimulasi	1.5
mentah	-1.5
mentereng	1.5
menuduh	-1.5
menumbangkan	-1.5
menumpahkan	-1.5
menunda	-1.5
menundukkan	-1.5
menuntut	-1.5
menurun	-1.5
menurunkan	-1.5
menusuk	-1.5
menutupi	-1.5
menyaingi	-1.5
menyakitkan	-1.5
menyala	-1.5
menyalahgunakan	-1.5
menyalahkan	-1.5
menyalip	1.5
menyambut	1.5
menyandarkan	1.5
menyanggah	-1.5
menyangkal	-1.5
menyangkut	-1.5
menyanjung	1.5
menyaring	1.5
menyayat	-1.5
menyebalkan	-1.5
menyeberang	-1.5
menyederhanakan	1.5
menyediakan	1.5
menyedihkan	-1.5
menyegarkan	1.5
menyelaraskan	1.5
menyelesaikan	1.5
menyelimuti	-1.5
menyelinap	-1.5
menyemarakkan	1.5
menyembelih	-1.5
menyembuhkan	1.5
menyempurnakan	1.5
menyenangkan	1.5
menyengat	-1.5
menyerah	-1.5
menyeramkan	-1.5
menyerang	-1.5
menyerbu	-1.5
menyeret	-1.5
menyesal	-1.5
menyesali	-1.5
menyesalkan	-1.5
menyesatkan	-1.5
menyetujui	1.5
menyewakan	-1.5
menyiapkan	1.5
menyiksa	-1.5
menyimpan	-1.5
menyimpang	-1.5
menyinari	1.5
menyindir	-1.5
menyinggung	-1.5
menyingsing	1.5
menyombongkan	-1.5
menyucikan	1.5
menyukai	1.5
menyumbat	-1.5
menyusahkan	-1.5
menyusul	1.5
menyusup	-1.5
menyusut	-1.5
meracuni	-1.5
meragukan	-1.5
merajalela	-1.5
meramaikan	1.5
meramalkan	1.5
merangsang	1.5
merapikan	1.5
meratakan	1.5
meratapi	-1.5
meraup	-1.5
merayakan	1.5
merayap	-1.5
merayu	1.5
merdeka	1.5
merebut	-1.5
mereda	1.5
meremajakan	1.5
meremehkan	-1.5
merencanakan	-1.5
merendam	-1.5
merengek	-1.5
merenung	-1.5
merestrukturisasi	1.5
merevitalisasi	1.5
merevolusi	1.5
merindukan	-1.5
meringankan	1.5
merobek	-1.5
merokok	-1.5
merosot	-1.5
merugikan	-1.5
merusak	-1.5
merusakkan	-1.5
mess	-1.5
mesum	-1.5
mewah	1.5
mewujudkan	1.5
meyakinkan	1.5
militansi	-1.5
minggat	-1.5
miring	-1.5
miskin	-1.5
miss	-1.5
mistake	-1.5
mistakes	-1.5
misteri	-1.5
misterius	-1.5
mitos	-1.5
mock	-1.5
moderen	1.5
modern	1.5
mogok	-1.5
momok	-1.5
monster	-1.5
monumental	1.5
moralitas	1.5
muak	-1.5
muda	1.5
mudah	1.5
mudahnya	1.5
mujur	1.5
mukjizat	1.5
mulia	1.5
mulus	1.5
munafik	-1.5
mundur	-1.5
mundurnya	-1.5
mungkin	-1.5
muntah	-1.5
muntahan	-1.5
murahan	-1.5
muram	-1.5
murder	-1.5
murka	-1.5
murni	1.5
murung	-1.5
mustahil	-1.5
musuh	-1.5
mutakhir	1.5
mutlak	-1.5
naif	-1.5
najis	-1.5
nakal	-1.5
nasib	1.5
negatif	-1.5
negative	-1.5
nepotisme	-1.5
neraka	-1.5
netral	1.5
ngawur	-1.5
ngeri	-1.5
ngotot	1.5
nice	1.5
nikmat	1.5
nilai	1.5
noda	-1.5
noise	-1.5
nona	-1.5
nonsense	-1.5
notably	1.5
nyaman	1.5
nyaris	-1.5
nyeri	-1.5
nyonya	-1.5
oasis	1.5
obat	1.5
object	-1.5
obrolan	-1.5
obsesi	1.5
obsesif	-1.5
obyek	-1.5
offensive	-1.5
oportunistik	-1.5
oposisi	-1.5
opposition	-1.5
optimal	1.5
optimis	1.5
optimisme	1.5
otokratis	-1.5
outstanding	1.5
pabrik	1.5
pacar	1.5
padan	-1.5
pagar	-1.5
pahala	1.5
pahit	-1.5
pahlawan	1.5
pain	-1.5
paksaan	-1.5
palsu	-1.5
pameran	1.5
pan	-1.5
panci	-1.5
pandai	1.5
panggangan	-1.5
panggilan	-1.5
panik	-1.5
panjang	-1.5
panorama	1.5
pantas	1.5
paradoks	-1.5
parah	-1.5
paranoia	-1.5
paranoid	-1.5
parasit	-1.5
paria	-1.5
parodi	-1.5
partisan	-1.5
pasien	1.5
pasif	-1.5
passion	1.5
patah	-1.5
patient	1.5
patriot	1.5
patriotik	1.5
patung	-1.5
payah	-1.5
payudara	-1.5
peace	1.5
pecah	-1.5
pecahan	-1.5
pecahnya	-1.5
pecandu	-1.5
pecundang	-1.5
peka	1.5
pekerjaan	1.5
pelabuhan	-1.5
pelacur	-1.5
pelan	-1.5
pelanggar	-1.5
pelanggaran	-1.5
pelarian	-1.5
pelawak	-1.5
peleburan	-1.5
pelemahan	-1.5
pelengkap	1.5
pelepasan	-1.5
pelik	1.5
pelukan	1.5
pemalas	-1.5
pemarah	-1.5
pembagian	-1.5
pembakar	-1.5
pembakaran	-1.5
pembalasan	-1.5
pembangkang	-1.5
pembangkangan	-1.5
pembantaian	-1.5
pembantu	-1.5
pembaruan	1.5
pembatalan	-1.5
pembatasan	-1.5
pembebasan	1.5
pembekuan	-1.5
pembelaan	-1.5
pembengkakan	-1.5
pemberdayaan	1.5
pemberontakan	-1.5
pembersih	1.5
pembetulan	1.5
pembohong	-1.5
pemboman	-1.5
pemboran	-1.5
pemborosan	-1.5
pembuangan	-1.5
pembuatan	-1.5
pembubaran	-1.5
pembunuh	-1.5
pembunuhan	-1.5
pemecahan	-1.5
pemenang	1.5
pemenuhan	1.5
pemerasan	-1.5
pemerkosaan	-1.5
pemilih	-1.5
pemisahan	-1.5
pemogokan	-1.5
pemukulan	-1.5
pemulihan	1.5
pemurah	1.5
pemusnahan	-1.5
penahan	-1.5
penaklukan	-1.5
penakut	-1.5
penalti	-1.5
penalty	-1.5
penangkapan	-1.5
penawaran	1.5
pencegah	-1.5
pencerahan	1.5
penciuman	-1.5
pencurian	-1.5
pendapat	-1.5
pendarahan	-1.5
penderita	-1.5
penderitaan	-1.5
pendeta	1.5
pendukung	1.5
penebusan	1.5
penekanan	-1.5
penerima	1.5
penerobosan	1.5
pengabaian	-1.5
pengacara	1.5
pengacau	-1.5
pengaduan	-1.5
pengagum	1.5
pengakuan	-1.5
pengalih	-1.5
pengampunan	1.5
penganggur	-1.5
penganiaya	-1.5
penganiayaan	-1.5
penganjur	1.5
pengaruh	1.5
pengasih	1.5
pengasingan	-1.5
pengecualian	-1.5
pengecut	-1.5
pengemis	-1.5
pengenaan	-1.5
pengepungan	-1.5
pengeringan	-1.5
pengganggu	-1.5
penggemar	1.5
penggilingan	-1.5
penggoda	-1.5
penggulingan	-1.5
penghancuran	-1.5
penghargaan	1.5
penghasut	-1.5
penghematan	1.5
penghiburan	1.5
penghinaan	-1.5
penghindaran	-1.5
penghormatan	1.5
penghukuman	-1.5
pengikut	-1.5
pengkhianat	-1.5
pengkhianatan	-1.5
pengkritik	-1.5
pengrusakan	-1.5
penguapan	-1.5
penguasaan	1.5
penindas	-1.5
penindasan	-1.5
peningkatan	1.5
penipuan	-1.5
penjahat	-1.5
penjara	-1.5
penjarahan	-1.5
penolakan	-1.5
penting	1.5
penurunan	-1.5
penurut	-1.5
penyakit	-1.5
penyalahgunaan	-1.5
penyangkalan	-1.5
penyayang	1.5
penyegar	1.5
penyelamat	1.5
penyelewengan	-1.5
penyerahan	-1.5
penyerbu	-1.5
penyerbuan	-1.5
penyergapan	-1.5
penyesalan	-1.5
penyiksaan	-1.5
penyimpangan	-1.5
penyisihan	-1.5
penyuapan	-1.5
penyusup	-1.5
peradangan	-1.5
perampasan	-1.5
perangai	-1.5
perangkap	-1.5
perawat	1.5
perayaan	1.5
perbaikan	1.5
perbatasan	-1.5
perbedaan	1.5
perbudakan	-1.5
percaya	1.5
percekcokan	-1.5
percobaan	-1.5
perdamaian	1.5
perdarahan	-1.5
perebut	-1.5
perebutan	-1.5
perfect	1.5
pergolakan	-1.5
pergumulan	-1.5
perhatian	-1.5
periang	1.5
peringatan	-1.5
perjanjian	1.5
perjuangan	-1.5
perkosaan	-1.5
perlahan	-1.5
perlawanan	-1.5
perlindungan	1.5
permai	1.5
permata	1.5
permisi	-1.5
permohonan	-1.5
permusuhan	-1.5
perpajakan	-1.5
perpecahan	-1.5
perpisahan	-1.5
persaingan	-1.5
perselisihan	-1.5
persetubuhan	-1.5
persetujuan	1.5
persik	1.5
personalisasi	1.5
pertama	1.5
pertempuran	-1.5
pertengkaran	-1.5
pertentangan	-1.5
pertikaian	-1.5
perubahan	-1.5
perusak	-1.5
pesona	1.5
pesta	-1.5
petualang	1.5
petunjuk	1.5
phobia	-1.5
piala	1.5
pidana	-1.5
piket	-1.5
pikun	-1.5
pilu	-1.5
pincang	-1.5
pingsan	-1.5
pintar	1.5
pisau	-1.5
pleasure	1.5
plot	-1.5
polarisasi	-1.5
pons	-1.5
poor	-1.5
popular	1.5
populer	1.5
porsi	1.5
portabel	1.5
portable	1.5
positif	1.5
positive	1.5
powerful	1.5
praise	1.5
prasangka	-1.5
premi	1.5
premier	1.5
prestasi	1.5
prestisius	1.5
pretensi	-1.5
pretty	1.5
prihatin	-1.5
primitif	-1.5
prison	-1.5
privilege	1.5
prize	1.5
pro	1.5
proaktif	1.5
problem	-1.5
problems	-1.5
produktif	1.5
progresif	1.5
progress	1.5
progressive	1.5
promoter	1.5
promotor	1.5
prompt	1.5
propaganda	-1.5
proper	1.5
properly	1.5
proprietary	-1.5
protect	1.5
protection	1.5
protective	1.5
protes	-1.5
protest	-1.5
provokasi	-1.5
provokatif	-1.5
puas	1.5
puasa	1.5
pucat	-1.5
puitis	1.5
pujian	1.5
pukulan	-1.5
pulih	1.5
punah	-1.5
puncak	1.5
punch	-1.5
punk	-1.5
puppet	-1.5
pure	1.5
pusing	-1.5
putus	-1.5
qualified	1.5
queer	-1.5
racun	-1.5
radikal	-1.5
rahmat	1.5
rail	-1.5
raja	1.5
rajin	1.5
rakasa	-1.5
raksasa	-1.5
ramah	1.5
ramai	-1.5
ramalan	-1.5
rampasan	-1.5
rancu	-1.5
ranting	-1.5
rape	-1.5
rapi	1.5
rapid	1.5
rapuh	-1.5
rasional	1.5
rasis	-1.5
rasisme	-1.5
rata	1.5
ready	1.5
reaksioner	-1.5
rebusan	-1.5
recoil	-1.5
recommended	1.5
recovery	1.5
redup	-1.5
reform	1.5
reformasi	1.5
refresh	1.5
refreshing	1.5
refused	-1.5
regard	1.5
regresi	-1.5
rejected	-1.5
rekomendasi	1.5
rel	-1.5
rela	1.5
reliabel	1.5
reliable	1.5
relief	1.5
remeh	-1.5
renaissance	1.5
rendah	-1.5
rendahan	-1.5
rentan	-1.5
repot	-1.5
represi	-1.5
represif	-1.5
reputasi	1.5
reruntuhan	-1.5
resah	-1.5
reseptif	1.5
resesi	-1.5
resistance	-1.5
respect	1.5
responsif	1.5
restrukturisasi	1.5
retak	-1.5
retorik	-1.5
retoris	-1.5
retreat	-1.5
revert	-1.5
revolusioner	1.5
reward	1.5
ria	1.5
riang	1.5
ribut	-1.5
rich	1.5
right	1.5
rigid	-1.5
ringan	1.5
ringkas	1.5
rintangan	-1.5
rintik	-1.5
risiko	-1.5
risk	-1.5
riuh	-1.5
rival	-1.5
robekan	-1.5
rohani	1.5
rokok	-1.5
romantis	1.5
rongsokan	-1.5
ruam	-1.5
rue	-1.5
rumor	-1.5
rumors	-1.5
runtuh	-1.5
rusak	-1.5
rusuh	-1.5
sabar	1.5
sabotase	-1.5
sad	-1.5
safe	1.5
sag	-1.5
sah	1.5
saingan	-1.5
saint	1.5
sakit	-1.5
sakitan	-1.5
sakitnya	-1.5
salah	-1.5
saleh	1.5
saluran	-1.5
salut	1.5
samar	-1.5
samaran	-1.5
sambut	1.5
sambutan	1.5
sampah	-1.5
sandera	-1.5
sanggahan	-1.5
sangsi	-1.5
santa	1.5
santai	1.5
santo	1.5
sapi	1.5
sarang	-1.5
sarankan	1.5
sarkasme	-1.5
sarkastik	-1.5
saru	-1.5
sayang	1.5
sayangnya	-1.5
scream	-1.5
seadanya	-1.5
sebal	-1.5
secure	1.5
sedang	-1.5
sedih	-1.5
sedikit	-1.5
segan	-1.5
segar	1.5
segera	1.5
sehat	1.5
seimbang	1.5
sejuk	1.5
sekali	-1.5
sekam	-1.5
sekejap	-1.5
seketika	1.5
sekop	-1.5
seksi	1.5
selai	-1.5
selamat	1.5
selang	-1.5
selective	1.5
selektif	1.5
selendang	-1.5
selingan	-1.5
selokan	-1.5
seluruhnya	1.5
semangat	1.5
semaunya	-1.5
sembarangan	-1.5
sembrono	-1.5
sembuh	1.5
semburan	-1.5
sementara	-1.5
sempit	-1.5
sempurna	1.5
senang	1.5
sendirian	-1.5
sengaja	1.5
sengat	-1.5
sengit	-1.5
sensasi	1.5
sensasional	1.5
sensitive	1.5
senyum	1.5
senyuman	1.5
sepatutnya	1.5
seperti	1.5
sepi	-1.5
serakah	-1.5
seram	-1.5
serampangan	-1.5
serang	-1.5
serangan	-1.5
serasi	1.5
serbu	-1.5
serenity	1.5
seret	-1.5
sergapan	-1.5
serius	-1.5
serong	-1.5
serpih	-1.5
serpihan	-1.5
sesat	-1.5
sesuai	1.5
sesungguhnya	1.5
setan	-1.5
setia	1.5
setuju	1.5
severe	-1.5
sewaan	-1.5
sexy	1.5
shark	-1.5
sharp	1.5
shit	-1.5
shock	-1.5
siaga	-1.5
sial	-1.5
siap	1.5
significant	1.5
sikap	-1.5
siksa	-1.5
siksaan	-1.5
silent	1.5
siluman	-1.5
simplified	1.5
sin	-1.5
sindiran	-1.5
sindroma	-1.5
sinis	-1.5
sink	-1.5
sinting	-1.5
siput	-1.5
sisa	-1.5
siuman	-1.5
skandal	-1.5
skeptis	-1.5
skill	1.5
slap	-1.5
slave	-1.5
slow	-1.5
slug	-1.5
smart	1.5
smash	-1.5
smear	-1.5
smoke	-1.5
smooth	1.5
snare	-1.5
sobek	-1.5
sobekan	-1.5
soft	1.5
sok	-1.5
solid	1.5
solidaritas	1.5
sombong	-1.5
sopan	1.5
sorak	1.5
sore	-1.5
sorry	-1.5
sosial	1.5
sour	-1.5
sparkling	1.5
speedy	1.5
spektakuler	1.5
spiritual	1.5
split	-1.5
spontan	1.5
sporadis	-1.5
sporty	1.5
squash	-1.5
stabil	1.5
stabilitas	1.5
stable	1.5
stagnasi	-1.5
stainless	1.5
stall	-1.5
stark	-1.5
static	-1.5
statis	-1.5
steal	-1.5
stereotip	-1.5
stigma	-1.5
strain	-1.5
strange	-1.5
stres	-1.5
stress	-1.5
strict	-1.5
strike	-1.5
strong	1.5
strut	-1.5
stunt	-1.5
suar	-1.5
suara	-1.5
subsidi	1.5
substantif	1.5
subur	1.5
subversi	-1.5
subversif	-1.5
success	1.5
successful	1.5
suci	1.5
suicide	-1.5
suitable	1.5
suka	1.5
sukacita	1.5
sukses	1.5
sumbang	-1.5
sumbu	-1.5
sumur	1.5
sundal	-1.5
sungguh	1.5
sungut	-1.5
sunyi	-1.5
supel	1.5
super	1.5
superior	1.5
support	1.5
supported	1.5
supporter	1.5
supporting	1.5
supports	1.5
supremasi	1.5
suram	-1.5
surealis	1.5
surga	1.5
surgawi	1.5
surrender	-1.5
survival	1.5
susah	-1.5
sustainable	1.5
swatantra	1.5
sweeping	1.5
sweet	1.5
syndrome	-1.5
syok	-1.5
syukur	1.5
taat	1.5
tabah	1.5
tabrak	-1.5
tabrakan	-1.5
tabu	-1.5
tabungan	1.5
tahi	-1.5
tajam	1.5
taji	-1.5
takdir	1.5
takhayul	-1.5
takhyul	-1.5
takjub	1.5
takluk	-1.5
taksa	-1.5
takut	-1.5
talent	1.5
tampan	1.5
tamparan	-1.5
tanda	1.5
tandus	-1.5
tangis	-1.5
tangisan	-1.5
tangkas	1.5
tangki	-1.5
tank	-1.5
tantangan	-1.5
tawanan	-1.5
tawar	1.5
tawaran	1.5
tebal	-1.5
tebangan	-1.5
teduh	-1.5
tegang	-1.5
tegangan	-1.5
tegar	-1.5
teguran	-1.5
telanjang	-1.5
teliti	1.5
tempe	-1.5
tenang	1.5
tender	1.5
tenggelam	-1.5
tenggelamnya	-1.5
tense	-1.5
tension	-1.5
tepat	1.5
teramat	-1.5
teramati	-1.5
terampil	1.5
terang	1.5
terasing	-1.5
teratas	1.5
teratur	-1.5
terbaik	1.5
terbalik	-1.5
terbayangkan	-1.5
terbelakang	-1.5
terberat	1.5
terbersih	1.5
terbesar	1.5
terbit	1.5
terbuang	-1.5
terbujuk	-1.5
terbunuh	-1.5
terburu	-1.5
terburuk	-1.5
tercekik	-1.5
tercela	-1.5
tercemar	-1.5
tercepat	1.5
tercinta	1.5
terdampar	-1.5
terdefinisi	-1.5
terdengar	1.5
terdistorsi	-1.5
terdokumentasi	-1.5
terfragmentasi	-1.5
terganggu	-1.5
tergantikan	1.5
tergantung	-1.5
tergelincir	-1.5
tergenang	-1.5
terhalang	-1.5
terhambat	-1.5
terhina	-1.5
terhormat	1.5
terhukum	-1.5
teriakan	-1.5
terik	-1.5
terima	1.5
terinfeksi	-1.5
terintegrasi	1.5
terjadi	1.5
terjal	-1.5
terjangan	-1.5
terjangkau	1.5
terjawab	-1.5
terjebak	-1.5
terkejar	1.5
terkekang	1.5
terkemuka	1.5
terkena	-1.5
terkenal	1.5
terkesan	1.5
terkesima	-1.5
terkuat	1.5
terkutuk	-1.5
terlambat	-1.5
terlampau	-1.5
terlantar	-1.5
terlarang	-1.5
terlepas	-1.5
terletak	-1.5
terluka	-1.5
termasyhur	1.5
termiskin	-1.5
termotivasi	1.5
termudah	1.5
termurah	1.5
ternoda	-1.5
terobosan	1.5
terompet	1.5
teror	-1.5
terorisme	-1.5
terpanas	1.5
terpecah	-1.5
terpelajar	1.5
terpencil	-1.5
terpengaruh	1.5
terpenting	1.5
terpenuhi	-1.5
terpercaya	1.5
terpesona	1.5
terpintar	1.5
terpuji	1.5
terrible	-1.5
terror	-1.5
terrorism	-1.5
tersandung	-1.5
tersangka	-1.5
tersedak	-1.5
tersedia	1.5
terselesaikan	-1.5
terselubung	-1.5
tersembunyi	-1.5
tersendat	-1.5
tersenyum	1.5
tersesat	-1.5
tersiksa	-1.5
tersinggung	-1.5
tertancap	-1.5
tertarik	-1.5
tertekan	-1.5
tertib	1.5
tertinggal	-1.5
tertinggi	1.5
tertipu	-1.5
terurai	-1.5
terutama	1.5
tetap	1.5
thank	1.5
thrash	-1.5
threat	-1.5
threats	-1.5
throttle	-1.5
tikaman	-1.5
tikus	-1.5
timah	1.5
timbunan	-1.5
timpang	-1.5
tinggal	-1.5
tinju	-1.5
tipikal	1.5
tipu	-1.5
tipuan	-1.5
tiruan	-1.5
tiup	-1.5
tokoh	1.5
toll	-1.5
top	1.5
torrent	-1.5
totalitarian	-1.5
totaliter	-1.5
tout	-1.5
tragedi	-1.5
tragis	-1.5
trampil	1.5
transparent	1.5
trap	-1.5
trauma	-1.5
traumatis	-1.5
trendi	1.5
trendy	1.5
trick	-1.5
trivial	-1.5
trofi	1.5
trophy	1.5
trouble	-1.5
trumpet	1.5
trust	1.5
tuan	1.5
tuduh	-1.5
tuduhan	-1.5
tulen	1.5
tuli	-1.5
tulus	1.5
tumbang	-1.5
tumpul	-1.5
tunggul	-1.5
tusukan	-1.5
twist	-1.5
twisted	-1.5
uap	-1.5
ulang	-1.5
ultimatum	-1.5
ulung	1.5
umpan	-1.5
unable	-1.5
undefined	-1.5
underdog	-1.5
unggul	1.5
unity	1.5
unknown	-1.5
unlimited	1.5
unsure	-1.5
untung	1.5
upbeat	1.5
upgrade	1.5
usaha	-1.5
usang	-1.5
useful	1.5
usul	1.5
usurp	-1.5
vagina	-1.5
vanity	-1.5
variasi	1.5
variety	1.5
vent	-1.5
vice	-1.5
victory	1.5
violation	-1.5
virus	-1.5
visioner	1.5
volatil	-1.5
volatile	-1.5
vulgar	-1.5
wabah	-1.5
wah	1.5
wajib	-1.5
wakil	-1.5
wangian	1.5
wanita	-1.5
waras	1.5
warning	-1.5
warp	-1.5
wastafel	-1.5
waste	-1.5
wasting	-1.5
wayang	-1.5
welcome	1.5
well	1.5
wild	-1.5
win	1.5
winner	1.5
winners	1.5
winning	1.5
wins	1.5
wise	1.5
won	1.5
wonder	1.5
woo	1.5
work	1.5
worked	1.5
works	1.5
worst	-1.5
worth	1.5
wow	1.5
wrong	-1.5
zenith	1.5
zombie	-1.5
