Bad	-1.5
Donata	1.5
Doom	-1.5
Dragoon	-1.5
Flak	-1.5
Glee	1.5
Glitter	1.5
Gusto	1.5
Hustler	-1.5
Italian	-1.5
Lied	-1.5
Moody	-1.5
Motley	-1.5
Paramount	1.5
Revere	1.5
Runaway	-1.5
Smash	-1.5
Stark	-1.5
Stormy	-1.5
Super	1.5
Swagger	-1.5
Varie	-1.5
abbagliante	1.5
abbandonare	-1.5
abbandonato	-1.5
abbassare	-1.5
abbastanza	1.5
abbattere	-1.5
abbattuto	-1.5
abbellire	1.5
abbonda	1.5
abbondante	1.5
abbondanza	1.5
abbozzato	-1.5
abbracciare	1.5
abbraccio	1.5
abile	1.5
abilità	1.5
abilmente	1.5
abissale	-1.5
abisso	-1.5
abiurare	-1.5
abolire	-1.5
abortire	-1.5
abortito	-1.5
abrasivo	-1.5
abusare	-1.5
abusato	-1.5
abusi	-1.5
abusivamente	-1.5
abusive	-1.5
abusivo	-1.5
abuso	-1.5
accanito	-1.5
accattivante	1.5
accattivarsi	-1.5
accecante	-1.5
accecare	-1.5
acceleratore	-1.5
accento	-1.5
accessibile	1.5
accettabile	1.5
accettato	1.5
accidentale	-1.5
accidentata	-1.5
accidentato	-1.5
accidenti	-1.5
acclamato	1.5
acclamazione	1.5
accogliente	1.5
accoglienza	1.5
accogliere	1.5
accomodante	1.5
accontentare	1.5
accorato	1.5
accrescere	1.5
accumulare	-1.5
accurata	1.5
accuratamente	1.5
accurate	1.5
accurato	1.5
accusa	-1.5
accusando	-1.5
accusare	-1.5
accuse	-1.5
acerbo	-1.5
acido	-1.5
acre	1.5
acrobazia	-1.5
acume	1.5
acuto	1.5
adattabile	1.5
adatto	1.5
addolorato	-1.5
adeguato	1.5
adempimento	1.5
adorare	1.5
adorato	1.5
adorazione	1.5
aerodinamico	1.5
affabile	1.5
affare	1.5
affascinante	1.5
affascinare	1.5
affascinato	1.5
affaticamento	-1.5
affermare	1.5
affermativa	1.5
affermativo	1.5
affermazione	1.5
afferrare	-1.5
affetto	1.5
affettuoso	1.5
affezionarsi	1.5
affezione	-1.5
affidabile	1.5
affidabilità	1.5
affidare	1.5
affievolirsi	-1.5
affilato	1.5
affinare	1.5
affinità	1.5
afflitto	-1.5
affluente	1.5
affluenza	1.5
affogare	-1.5
affollato	-1.5
affondamento	-1.5
affondare	-1.5
affondata	-1.5
affondato	-1.5
affrettato	-1.5
affronto	-1.5
aggiornamento	1.5
aggiornato	1.5
aggravare	-1.5
aggravate	-1.5
aggredire	-1.5
aggressione	-1.5
aggressive	-1.5
aggressività	-1.5
aggressivo	-1.5
aggressore	-1.5
agguato	-1.5
agile	1.5
agilità	1.5
agio	1.5
agitato	1.5
agitazione	-1.5
agonia	-1.5
agonizzante	-1.5
agro	-1.5
aiutare	1.5
aiutato	1.5
alba	1.5
albori	1.5
alesaggio	-1.5
alienare	-1.5
alienato	-1.5
alienazione	-1.5
all'oscuro	-1.5
allacciare	-1.5
allagare	-1.5
allarmante	-1.5
allarmato	-1.5
allarme	-1.5
alleanza	1.5
allegare	-1.5
allegramente	1.5
allegria	1.5
allegro	1.5
allergia	-1.5
allergica	-1.5
allergico	-1.5
allergie	-1.5
allettante	1.5
alleviare	1.5
allontanare	-1.5
allucinazione	-1.5
allusione	-1.5
alterco	-1.5
altezzoso	-1.5
altruista	1.5
ama	1.5
amabile	1.5
amara	-1.5
amaramente	-1.5
amare	1.5
amarezza	-1.5
amaro	-1.5
amato	1.5
ambiguità	-1.5
ambiguo	-1.5
ambivalente	-1.5
ambizioso	1.5
amichevole	1.5
amichevolmente	1.5
ammalata	-1.5
ammalati	-1.5
ammalato	-1.5
ammazzare	-1.5
ammirando	1.5
ammirare	1.5
ammirato	1.5
ammiratore	1.5
ammirazione	1.5
ammirevole	1.5
ammissibile	1.5
ammonizione	-1.5
ammortamento	-1.5
ammortizzatore	-1.5
amore	1.5
amorevole	1.5
ampiamente	1.5
ampio	1.5
amplificare	1.5
amuleto	1.5
analfabeta	-1.5
anarchia	-1.5
anarchico	-1.5
angelica	1.5
angelico	1.5
angelo	1.5
angoscia	-1.5
angusti	-1.5
annegamento	-1.5
annientamento	-1.5
annientare	-1.5
annoiato	-1.5
annullare	-1.5
ano	-1.5
anomalia	-1.5
anomalo	-1.5
anormale	-1.5
ansia	-1.5
ansie	-1.5
ansioso	-1.5
antagonismo	-1.5
antagonista	-1.5
antipatia	-1.5
antipatico	-1.5
antipatie	-1.5
antiquato	-1.5
anzitutto	1.5
apatia	-1.5
apertamente	1.5
apice	1.5
apocalisse	-1.5
apocalittico	-1.5
appassionatamente	1.5
appassionato	1.5
appeal	1.5
appena	-1.5
appendere	-1.5
appeso	-1.5
applauso	1.5
appoggiarsi	1.5
apposito	1.5
apprensione	-1.5
apprezza	1.5
apprezzabile	1.5
apprezzare	1.5
apprezzata	1.5
approfittare	1.5
appropriarsi	1.5
appropriate	1.5
approssimativo	-1.5
approssimato	-1.5
approva	1.5
approvando	1.5
approvare	1.5
approvato	1.5
approvazione	1.5
appuntito	1.5
arbitraria	-1.5
arbitrario	-1.5
arcaica	-1.5
arcaico	-1.5
arcano	-1.5
ardente	1.5
ardentemente	1.5
ardito	1.5
ardua	-1.5
arduo	-1.5
arguto	1.5
arguzia	1.5
arido	-1.5
armonia	1.5
armoniosamente	1.5
armonioso	1.5
armonizzare	1.5
aroma	1.5
arrabbiato	-1.5
arrampicarsi	-1.5
arrendersi	-1.5
arrestare	1.5
arrestarsi	-1.5
arrestato	-1.5
arresto	-1.5
arretratezza	-1.5
arretrato	-1.5
arricchimento	1.5
arricchire	1.5
arrogante	-1.5
arroganza	-1.5
articolare	1.5
articolato	1.5
artificiosa	-1.5
ascia	-1.5
asciutto	1.5
asperità	-1.5
aspirare	1.5
aspirazione	1.5
aspirazioni	1.5
aspro	-1.5
assalire	-1.5
assaltare	-1.5
assalto	-1.5
assaporare	1.5
assassinare	-1.5
assassinate	-1.5
assassinio	-1.5
assassino	-1.5
assediare	-1.5
assediato	-1.5
assedio	-1.5
assegnato	1.5
assente	-1.5
assenza	-1.5
asserviti	-1.5
asserzione	-1.5
assicurando	1.5
assicurare	1.5
assicurazioni	1.5
assistenza	1.5
assolutamente	-1.5
assoluto	-1.5
assorbire	1.5
assurda	-1.5
assurdità	-1.5
assurdo	-1.5
astio	-1.5
atroce	-1.5
atrocità	-1.5
atrofia	-1.5
attaccare	-1.5
attacchi	-1.5
attacco	-1.5
attack	-1.5
attendente	1.5
attendibilità	1.5
attento	1.5
attenzione	-1.5
attirare	-1.5
attivo	1.5
atto	1.5
attonito	1.5
attraente	1.5
attrarre	1.5
attrattiva	1.5
attrito	-1.5
audace	1.5
aumentare	1.5
aumento	1.5
aureo	1.5
auspicabile	1.5
austero	-1.5
autenticità	1.5
autentico	1.5
autocratico	-1.5
autonoma	1.5
autonomo	1.5
autorevole	1.5
autorizzare	1.5
autostima	1.5
avanti	1.5
avanzato	1.5
avanzo	-1.5
avaria	-1.5
avidamente	1.5
avidità	-1.5
avido	1.5
avvelenare	-1.5
avventato	-1.5
avventuroso	1.5
avversaria	-1.5
avversario	-1.5
avversione	-1.5
avversità	-1.5
avverso	-1.5
avvertimento	-1.5
avvertire	-1.5
avvertito	-1.5
avvincente	1.5
avvocato	1.5
avvolgere	-1.5
avvolta	-1.5
award	1.5
awards	1.5
ax	-1.5
bad	-1.5
balaustra	-1.5
balbuzie	-1.5
balla	-1.5
banale	-1.5
banalmente	1.5
bancarelle	-1.5
bancarotta	-1.5
banderuola	-1.5
bandiera	-1.5
bandire	-1.5
barare	-1.5
barbara	-1.5
barbaro	-1.5
barbone	-1.5
barlume	-1.5
barra	-1.5
barzelletta	-1.5
basso	-1.5
bassorilievo	1.5
basta	1.5
bastarda	-1.5
bastardi	-1.5
bastardo	-1.5
bastare	1.5
batterio	-1.5
battibecco	-1.5
battito	1.5
battuta	-1.5
battuto	-1.5
beatitudine	1.5
beato	1.5
beauty	1.5
beffa	-1.5
beffardo	-1.5
bella	1.5
bellezza	1.5
bellico	-1.5
bellicoso	-1.5
bello	1.5
ben	1.5
bene	1.5
benedire	1.5
benedizione	1.5
benefattore	1.5
benefici	1.5
beneficiare	1.5
beneficiario	1.5
beneficio	1.5
benefico	1.5
benessere	1.5
benevolenza	1.5
benevolo	1.5
benvenuti	1.5
benvenuto	1.5
best	1.5
bestemmia	-1.5
better	1.5
bias	-1.5
bidone	-1.5
binario	-1.5
bisognoso	-1.5
bizzarra	-1.5
bizzarro	-1.5
bla	-1.5
blasfemia	-1.5
blasfemo	-1.5
bloccato	-1.5
blocco	-1.5
blockbuster	1.5
boicottare	-1.5
bolla	-1.5
bollente	-1.5
bollire	-1.5
bollitura	-1.5
bomb	-1.5
bomba	-1.5
bombardamento	-1.5
bombardare	-1.5
bombola	-1.5
bondage	-1.5
bontà	1.5
bonus	1.5
boom	1.5
boss	1.5
botta	-1.5
bottino	-1.5
bradipo	-1.5
brama	-1.5
bramosia	-1.5
brandelli	-1.5
brave	1.5
bravo	1.5
break	-1.5
breccia	1.5
brevità	-1.5
brezza	1.5
brillante	1.5
brillantemente	1.5
brillantezza	1.5
brillare	1.5
brina	-1.5
briscola	1.5
brividi	-1.5
brivido	1.5
brucia	-1.5
bruciante	1.5
bruciare	-1.5
bruciato	-1.5
bruciatura	-1.5
bruciore	1.5
brusca	-1.5
bruscamente	1.5
brusco	-1.5
bruta	-1.5
brutal	-1.5
brutale	-1.5
brutalità	-1.5
brutalmente	-1.5
bruttezza	-1.5
brutto	-1.5
bufala	-1.5
buffa	-1.5
buffo	-1.5
buffone	-1.5
bug	-1.5
bugia	-1.5
bugiardo	-1.5
bugie	-1.5
buio	-1.5
bulli	-1.5
bullismo	-1.5
bum	-1.5
buona	1.5
buono	1.5
burattini	-1.5
burattino	-1.5
burbero	-1.5
burlesco	-1.5
burlone	-1.5
bussare	-1.5
busti	-1.5
busto	-1.5
cabina	-1.5
cacciatorpediniere	-1.5
cadente	-1.5
cadere	-1.5
caduta	-1.5
cadute	-1.5
caduti	-1.5
caduto	-1.5
cagna	-1.5
calamità	-1.5
calante	-1.5
calca	-1.5
caldamente	1.5
caldo	1.5
calma	1.5
calmare	1.5
calmarsi	-1.5
calmo	1.5
calore	1.5
calorosamente	1.5
caloroso	1.5
calunnia	-1.5
calvario	-1.5
camino	-1.5
campione	1.5
campionessa	1.5
canaglia	-1.5
cancella	1.5
cancer	-1.5
cancro	-1.5
cane	-1.5
cannibale	-1.5
caos	-1.5
caotico	-1.5
capace	1.5
capacità	1.5
capezzale	1.5
capire	1.5
capitano	1.5
capitolare	-1.5
capo	1.5
capolavori	1.5
capolavoro	1.5
capovolgere	-1.5
cappuccio	1.5
capricci	-1.5
capriccioso	-1.5
cara	1.5
caramella	1.5
caratteristica	1.5
caratteristico	1.5
carcassa	-1.5
carcere	-1.5
carente	-1.5
carenza	-1.5
carenze	-1.5
carestia	-1.5
caricatura	-1.5
caricature	-1.5
carico	-1.5
carino	1.5
carisma	1.5
carismatico	1.5
caritatevole	1.5
carneficina	-1.5
caro	1.5
carpa	-1.5
carreggiata	-1.5
casino	-1.5
caso	-1.5
cassaforte	1.5
cassonetto	-1.5
castello	-1.5
casto	1.5
castrato	-1.5
casuale	-1.5
cataclisma	-1.5
catastrofe	-1.5
catastrofi	-1.5
catastrofica	-1.5
catastrofico	-1.5
categoricamente	-1.5
cattivo	-1.5
caustica	-1.5
caustico	-1.5
cavaliere	1.5
cavalleresco	1.5
cavalleria	1.5
cave	-1.5
caverna	-1.5
cavillo	-1.5
cavità	-1.5
cavo	-1.5
cavolo	-1.5
cazzate	-1.5
cazzo	-1.5
cedere	1.5
cedimenti	-1.5
celare	-1.5
celebrare	1.5
celebrate	1.5
celebrativo	1.5
celebrato	1.5
celebrazione	1.5
celebre	1.5
celebrità	1.5
celere	1.5
celeste	1.5
censura	-1.5
censurare	-1.5
censure	-1.5
ceppo	-1.5
certezza	1.5
cesta	-1.5
cestello	-1.5
chaff	-1.5
champion	1.5
chiacchierare	-1.5
chiamare	1.5
chiaramente	1.5
chiarezza	1.5
chiarire	1.5
chiaro	1.5
chic	1.5
chiedersi	1.5
chiederà	1.5
chiedo	1.5
chiosco	-1.5
ciarlatano	-1.5
cicatrice	-1.5
cicatrici	-1.5
ciecamente	-1.5
cieco	-1.5
cielo	1.5
cima	1.5
cime	1.5
cimice	-1.5
cinico	-1.5
cinismo	-1.5
ciondolo	1.5
circondare	-1.5
cisterna	-1.5
citazione	-1.5
civiltà	1.5
clamoroso	1.5
classic	1.5
classico	1.5
clean	1.5
cliché	-1.5
cloud	-1.5
codardo	-1.5
codino	-1.5
coercizione	-1.5
coerente	1.5
coerentemente	1.5
coerenza	1.5
coinvolgere	-1.5
coinvolto	-1.5
colare	-1.5
collassare	-1.5
collasso	-1.5
collera	-1.5
collisione	-1.5
collusione	-1.5
colorato	1.5
colore	-1.5
colpa	-1.5
colpevole	-1.5
colpevolezza	-1.5
colpire	-1.5
colpita	-1.5
colposo	-1.5
coltellata	-1.5
coltello	-1.5
come	1.5
comfort	1.5
comico	-1.5
commosso	-1.5
commovente	1.5
comoda	1.5
comodamente	1.5
comodità	1.5
comodo	1.5
compact	1.5
compassione	1.5
compassionevole	1.5
compatibile	1.5
compatto	1.5
competitive	1.5
competitivo	1.5
competitore	-1.5
compiacente	1.5
compiere	1.5
compimento	1.5
compito	1.5
compiuta	1.5
compiuto	1.5
complementare	1.5
complementi	1.5
complemento	1.5
complessivo	-1.5
complesso	-1.5
completare	1.5
complex	-1.5
complicato	-1.5
complicazione	-1.5
complici	-1.5
complimenti	1.5
complimento	1.5
complotto	-1.5
comportarsi	1.5
comprensibile	1.5
compromessa	-1.5
compromettere	-1.5
comprovata	1.5
compulsivo	-1.5
comune	-1.5
concede	-1.5
concedere	-1.5
concessione	-1.5
concessioni	-1.5
concesso	-1.5
conciliante	1.5
conciliare	1.5
concisa	1.5
conciso	1.5
concludersi	-1.5
condanna	-1.5
condannare	-1.5
condannato	-1.5
condimento	1.5
condono	1.5
conduce	1.5
condurre	1.5
confermata	1.5
confessare	-1.5
confessione	-1.5
confessioni	-1.5
confidando	1.5
confidente	1.5
confidenza	1.5
confidenziale	1.5
conflitti	-1.5
conflitto	-1.5
conflittuale	-1.5
confonde	-1.5
confondendo	-1.5
confondere	-1.5
confortare	1.5
confortevole	1.5
conforto	1.5
confrontarsi	-1.5
confronto	-1.5
confuse	-1.5
confusione	-1.5
confusioni	-1.5
confuso	-1.5
confutare	-1.5
confutata	-1.5
confutazione	-1.5
congelamento	-1.5
congelare	-1.5
congelato	-1.5
congeniale	1.5
congestione	-1.5
congratulazioni	1.5
coniare	-1.5
conio	-1.5
cons	-1.5
consegnare	-1.5
conservative	-1.5
conservatore	-1.5
considerare	1.5
considerate	1.5
consolare	1.5
consolazione	1.5
consolidare	1.5
consorzio	1.5
consumata	1.5
consumato	1.5
contagio	-1.5
contagiosa	-1.5
contagioso	-1.5
contaminare	-1.5
contaminate	-1.5
contaminati	-1.5
contaminato	-1.5
contaminazione	-1.5
contendere	-1.5
contento	1.5
contenzioso	-1.5
contesa	-1.5
contestare	-1.5
contestato	-1.5
continuity	1.5
continuità	1.5
contorta	-1.5
contorto	-1.5
contraddire	-1.5
contraddittorio	-1.5
contraddizione	-1.5
contrario	-1.5
contrastare	-1.5
contributo	1.5
contro	-1.5
controproducente	-1.5
controversia	-1.5
controverso	-1.5
controvoglia	-1.5
contusione	-1.5
contusioni	-1.5
conveniente	1.5
convenienza	1.5
convincente	1.5
convincere	1.5
convinto	1.5
convocazione	-1.5
cool	1.5
cooperativa	1.5
cooperative	1.5
cooperativo	1.5
coperchio	1.5
copertura	-1.5
coraggio	1.5
coraggiosamente	1.5
coraggiosi	1.5
coraggioso	1.5
cordiale	1.5
cordialità	1.5
cordialmente	1.5
corpulento	-1.5
correct	1.5
correggere	1.5
corretta	1.5
correttamente	1.5
correttezza	1.5
corretto	1.5
corrimano	-1.5
corrompendo	-1.5
corrompere	-1.5
corrosione	-1.5
corrosivi	-1.5
corrosivo	-1.5
corrotto	-1.5
corruzione	-1.5
corsa	-1.5
corteggiare	1.5
cortese	1.5
cortesia	1.5
cospicuo	-1.5
cospirare	-1.5
cospiratore	-1.5
cospirazione	-1.5
cospirazioni	-1.5
costante	1.5
costernazione	-1.5
costoso	-1.5
costringere	-1.5
costrizione	-1.5
costruttivo	1.5
costruzione	-1.5
cotta	-1.5
covare	-1.5
covata	-1.5
covo	-1.5
crack	-1.5
crash	-1.5
creativa	1.5
creative	1.5
creativo	1.5
creazione	1.5
credibile	1.5
credito	1.5
crepa	-1.5
crepe	-1.5
cricca	-1.5
crime	-1.5
criminale	-1.5
criminalità	-1.5
crimine	-1.5
crisi	-1.5
critica	-1.5
criticando	-1.5
criticare	-1.5
criticato	-1.5
critiche	-1.5
critico	-1.5
croccante	1.5
crollare	-1.5
crolli	-1.5
crollo	-1.5
cronica	-1.5
cronico	-1.5
cruciale	-1.5
cruda	-1.5
crude	-1.5
crudele	-1.5
crudelmente	-1.5
crudeltà	-1.5
crudo	-1.5
cruento	-1.5
crusca	-1.5
culmine	1.5
culo	-1.5
cuneo	-1.5
cuocere	-1.5
cupa	-1.5
cupo	-1.5
cura	1.5
curare	1.5
cure	1.5
curva	-1.5
curvare	-1.5
curvo	-1.5
cute	1.5
d'oro	1.5
dado	-1.5
dannati	-1.5
dannato	-1.5
dannazione	-1.5
danneggiamento	-1.5
danneggiando	-1.5
danneggiare	-1.5
danneggiato	-1.5
danni	-1.5
danno	-1.5
dannoso	-1.5
dark	-1.5
dazio	-1.5
dead	-1.5
death	-1.5
debiti	-1.5
debito	-1.5
debole	-1.5
debolezza	-1.5
debolezze	-1.5
decade	-1.5
decadente	-1.5
decadenza	-1.5
decadere	-1.5
decadimento	-1.5
decaduto	-1.5
decente	1.5
decenza	1.5
decisive	1.5
decisivo	1.5
declamazione	-1.5
declassamento	-1.5
declinare	-1.5
declino	-1.5
dedicare	-1.5
dedizione	1.5
defensive	-1.5
deferenza	1.5
deficiente	-1.5
deficienza	-1.5
deformare	-1.5
deformata	-1.5
deformato	-1.5
deforme	-1.5
defunta	-1.5
defunto	-1.5
degenerare	-1.5
degenerato	-1.5
degenerazione	-1.5
degenere	-1.5
degno	1.5
degradante	-1.5
degradanti	-1.5
degradare	-1.5
degradazione	-1.5
degrado	-1.5
delay	-1.5
delicate	1.5
delicatezza	1.5
delicato	1.5
delinquente	-1.5
delinquenza	-1.5
delirante	-1.5
deliri	-1.5
delirio	-1.5
delitto	-1.5
delizia	1.5
delizioso	1.5
deludente	-1.5
deludere	-1.5
delusione	-1.5
delusioni	-1.5
deluso	-1.5
demolire	-1.5
demone	-1.5
demoniaco	-1.5
demonio	-1.5
denigrare	-1.5
dense	-1.5
denso	-1.5
denunce	-1.5
denuncia	-1.5
denunciare	-1.5
deperimento	-1.5
deplorevole	-1.5
depredare	-1.5
depressione	-1.5
depressioni	-1.5
depresso	-1.5
deprimente	-1.5
depuratore	1.5
deride	-1.5
derisione	-1.5
deriva	-1.5
derubare	-1.5
deserto	-1.5
desiderabile	1.5
desiderando	1.5
desiderare	1.5
desiderio	1.5
desideroso	1.5
desolante	-1.5
desolate	-1.5
desolato	-1.5
desolazione	-1.5
despota	-1.5
destino	1.5
destra	1.5
destro	1.5
deterioramento	-1.5
deteriorarsi	-1.5
deterrente	-1.5
detrimento	-1.5
devastante	-1.5
devastare	-1.5
devastate	-1.5
devastato	-1.5
devastazione	-1.5
deviare	-1.5
deviate	-1.5
deviazione	-1.5
devil	-1.5
devoto	1.5
devozione	1.5
di	1.5
diabolica	-1.5
diabolico	-1.5
diamante	-1.5
diametralmente	-1.5
diatriba	-1.5
diatribe	-1.5
diavolo	-1.5
diceria	-1.5
die	-1.5
dies	-1.5
diesis	1.5
difendere	1.5
difensiva	-1.5
difensivo	-1.5
difensore	1.5
difetti	-1.5
difetto	-1.5
difettoso	-1.5
diffamatorio	-1.5
diffamazione	-1.5
difficoltà	-1.5
diffidare	-1.5
diffidente	-1.5
diffidenza	-1.5
diffuso	-1.5
digiuno	1.5
dignitosa	1.5
dignitoso	1.5
dignità	1.5
dilagante	-1.5
dilemma	-1.5
diligente	1.5
diligentemente	1.5
diligenza	1.5
diluvio	-1.5
dim	-1.5
dimentico	-1.5
dimesso	-1.5
diminuire	-1.5
diminuzione	-1.5
dimissioni	-1.5
dimostra	1.5
dimostrando	1.5
dimostrare	1.5
din	-1.5
dinamica	1.5
dinamico	1.5
diplomatica	1.5
diplomatico	1.5
diporto	1.5
dire	-1.5
diretto	1.5
diritto	1.5
dirompente	-1.5
disabile	-1.5
disabilitare	-1.5
disabilitato	-1.5
disaccordo	-1.5
disagi	-1.5
disagio	-1.5
disapprovazione	-1.5
disappunto	-1.5
disarmare	-1.5
disastro	-1.5
disastroso	-1.5
disattenzione	-1.5
disattivare	-1.5
discarica	-1.5
discariche	-1.5
discendente	-1.5
discernimento	1.5
discesa	-1.5
discontinua	-1.5
discontinuità	-1.5
discontinuo	-1.5
discordanti	-1.5
discordia	-1.5
discredito	-1.5
discreta	1.5
discreto	1.5
discriminare	-1.5
discriminazione	-1.5
discussione	-1.5
discutere	-1.5
discutibile	-1.5
disequazione	-1.5
disertare	-1.5
diserzione	-1.5
disfatta	1.5
disgrazia	-1.5
disgustato	-1.5
disgusto	-1.5
disgustoso	-1.5
disillusione	-1.5
disilluso	-1.5
disintegrazione	-1.5
disinteressato	-1.5
disinteresse	-1.5
disinvolto	1.5
disobbedienza	-1.5
disobbedire	-1.5
disoccupati	-1.5
disoccupato	-1.5
disonesto	-1.5
disonore	-1.5
disonorevole	-1.5
disordinato	-1.5
disordine	-1.5
disordini	-1.5
disorientare	-1.5
disorientato	-1.5
dispari	-1.5
dispendioso	-1.5
disperatamente	-1.5
disperato	-1.5
disperazione	-1.5
dispersione	-1.5
dispetto	-1.5
dispettoso	-1.5
dispiacere	-1.5
disponibile	1.5
disposto	1.5
dispotico	-1.5
dispotismo	-1.5
dispregiativo	-1.5
disprezzare	-1.5
disprezzato	-1.5
disprezzo	-1.5
disputa	-1.5
dispute	-1.5
dissenso	-1.5
dissidente	-1.5
dissidenti	-1.5
dissoluta	-1.5
dissolutezza	-1.5
dissoluto	-1.5
dissoluzione	-1.5
dissonante	-1.5
dissonanza	-1.5
dissuadere	-1.5
disteso	-1.5
distintivo	1.5
distinto	1.5
distinzione	1.5
distorcere	-1.5
distorsione	-1.5
distorto	-1.5
distrarre	-1.5
distrazione	-1.5
distruggere	-1.5
distruttivo	-1.5
distrutto	-1.5
distruttore	-1.5
distruzione	-1.5
disturbare	-1.5
disturbato	-1.5
disturbo	-1.5
disuguaglianza	-1.5
disuguaglianze	-1.5
dittatore	-1.5
dittatoriale	-1.5
divenire	-1.5
diventare	-1.5
divergente	-1.5
diversificata	1.5
divertente	1.5
divertimento	1.5
divertire	1.5
dividere	-1.5
divina	1.5
divinazione	1.5
divine	1.5
divinità	1.5
divino	1.5
divisione	-1.5
divisioni	-1.5
divisorio	-1.5
divulgare	-1.5
dogmatico	-1.5
dolce	1.5
dolcemente	1.5
dolcezza	1.5
dolente	-1.5
dolorante	-1.5
dolore	-1.5
dolori	-1.5
dolorosamente	-1.5
doloso	-1.5
domandarsi	1.5
domestico	-1.5
domina	1.5
dominare	1.5
dominate	1.5
dominato	1.5
dominatore	-1.5
dominatrice	-1.5
donnaiolo	-1.5
doom	-1.5
dorato	1.5
dossi	-1.5
dotato	1.5
dote	1.5
downhill	-1.5
drag	-1.5
dragone	-1.5
drastica	-1.5
drasticamente	-1.5
drastico	-1.5
drenaggio	-1.5
drenante	-1.5
drenare	-1.5
drenato	-1.5
droga	-1.5
droni	-1.5
dubbi	-1.5
dubbia	-1.5
dubbio	-1.5
dubitare	-1.5
dump	-1.5
dungeon	-1.5
dura	-1.5
duramente	-1.5
durevole	1.5
durezza	-1.5
duro	-1.5
duttile	1.5
easy	1.5
ebbrezza	1.5
ebollizione	-1.5
eccelle	1.5
eccellente	1.5
eccellenza	1.5
eccellere	1.5
eccelso	1.5
eccentricità	-1.5
eccentrico	-1.5
eccessiva	-1.5
eccesso	-1.5
eccezionale	1.5
eccezionalmente	1.5
eccita	1.5
eccitante	1.5
eccitare	1.5
eccitato	1.5
eccitazione	1.5
economia	1.5
economico	1.5
edificante	1.5
educato	1.5
educazione	1.5
effettivamente	1.5
effettivo	1.5
efficace	1.5
efficacemente	1.5
efficacia	1.5
efficiente	1.5
effigie	-1.5
effusive	1.5
egemonia	-1.5
egoismo	-1.5
egoista	-1.5
elastico	1.5
elegante	1.5
elegantemente	1.5
eleganza	1.5
elevare	1.5
elevate	1.5
elevazione	1.5
eliminato	1.5
eliminazione	-1.5
elogio	1.5
eloquente	1.5
eloquenza	1.5
eludere	-1.5
emarginato	-1.5
emergenza	-1.5
emettere	-1.5
eminente	1.5
emissione	-1.5
emorragia	-1.5
emozionante	1.5
emozioni	1.5
empatia	1.5
empirico	-1.5
energetico	1.5
energia	1.5
energico	1.5
enfasi	-1.5
enfatico	-1.5
enorme	-1.5
entusiasmo	1.5
entusiasta	1.5
entusiasticamente	1.5
epidemia	-1.5
epocale	1.5
equa	1.5
equilibrare	1.5
equilibrata	1.5
equilibrato	1.5
equilibrio	1.5
equità	1.5
equivoco	-1.5
equo	1.5
eremita	-1.5
eresia	-1.5
eretico	-1.5
eroe	1.5
eroicamente	1.5
eroico	1.5
eroina	1.5
erosione	-1.5
errante	-1.5
errata	-1.5
errato	-1.5
erroneamente	-1.5
erroneo	-1.5
error	-1.5
errore	-1.5
errori	-1.5
erudite	1.5
erudito	1.5
eruzione	-1.5
eruzioni	-1.5
esagerare	-1.5
esagerate	-1.5
esagerazione	-1.5
esaltare	1.5
esaltato	1.5
esaltazione	1.5
esasperato	-1.5
esatto	1.5
esaurimento	-1.5
esaurire	-1.5
esausto	-1.5
esca	-1.5
esclusione	-1.5
escogitare	-1.5
escrementi	-1.5
esemplare	1.5
esilarante	1.5
esiliare	-1.5
esiliato	-1.5
esilio	-1.5
esitante	-1.5
esitazione	-1.5
esito	-1.5
esonerare	1.5
esorbitante	-1.5
espandersi	1.5
espedienti	-1.5
espellere	-1.5
esperto	1.5
esplode	-1.5
esplodere	-1.5
esplosione	-1.5
esplosioni	-1.5
esplosivo	-1.5
estasi	1.5
estasiato	1.5
estatica	1.5
estinguere	-1.5
estinguersi	-1.5
estorcere	-1.5
estorsione	-1.5
estraibile	1.5
estraneo	-1.5
estremista	-1.5
estremisti	-1.5
estremo	1.5
esuberante	1.5
esuberanza	1.5
esule	-1.5
eterna	1.5
eterno	1.5
eterogeneo	-1.5
etica	1.5
etico	1.5
euforia	1.5
evade	-1.5
evasione	-1.5
evasive	-1.5
evil	-1.5
evitare	-1.5
evitato	-1.5
evocativo	1.5
exploit	-1.5
fabbrica	1.5
fabbricare	-1.5
fabbricazione	-1.5
facile	1.5
facilita	1.5
facilitando	1.5
facilitare	1.5
facilitato	1.5
facilità	1.5
facilmente	1.5
faglia	-1.5
fair	1.5
fall	-1.5
falla	-1.5
fallacia	-1.5
fallimenti	-1.5
fallire	-1.5
fallisce	-1.5
fallito	-1.5
fallo	-1.5
falsamente	-1.5
falsare	-1.5
false	-1.5
falsificare	-1.5
falsificato	-1.5
falsità	-1.5
falso	-1.5
fama	1.5
famigerato	-1.5
famosa	1.5
famoso	1.5
fan	1.5
fanatici	-1.5
fanatico	-1.5
fanatismo	-1.5
fanfara	1.5
fango	-1.5
fangoso	-1.5
fans	1.5
fantasia	1.5
fantasiosa	-1.5
fantastica	1.5
fantastico	1.5
fantoccio	-1.5
fardello	-1.5
farsa	-1.5
fascinazione	1.5
fascino	1.5
fascismo	-1.5
fascista	-1.5
fast	1.5
fastidio	-1.5
fastidioso	-1.5
fasullo	-1.5
fatale	-1.5
fatalmente	-1.5
faticare	-1.5
faticosa	-1.5
faticoso	-1.5
fatidica	-1.5
fatiscente	-1.5
fatiscenti	-1.5
fattibile	1.5
fatto	-1.5
favolosa	1.5
favoloso	1.5
favore	1.5
favorevole	1.5
favorire	1.5
favorite	1.5
favorito	1.5
feat	1.5
febbre	-1.5
febbri	-1.5
feccia	-1.5
fecondo	1.5
fede	1.5
fedele	1.5
fedelmente	1.5
fedeltà	1.5
felice	1.5
felicemente	1.5
felicissimo	1.5
felicità	1.5
fenomenale	1.5
fenomeno	1.5
ferire	-1.5
ferita	-1.5
ferite	-1.5
ferito	-1.5
feritoia	-1.5
fermare	-1.5
fermata	-1.5
fermato	-1.5
feroce	-1.5
ferocia	-1.5
ferrovia	-1.5
ferroviario	-1.5
fertile	1.5
fervente	1.5
fervore	1.5
fessura	-1.5
fessure	-1.5
festeggiare	1.5
festivo	1.5
fetta	-1.5
fiasco	-1.5
fibbia	-1.5
fiction	-1.5
fidare	1.5
fidato	1.5
fiducia	1.5
fiducioso	1.5
fiera	1.5
fiero	1.5
filamento	-1.5
filante	-1.5
filo	-1.5
fine	1.5
finemente	1.5
fingere	-1.5
finocchio	-1.5
finta	-1.5
finto	-1.5
finzione	-1.5
fiocco	-1.5
fiore	1.5
fiorente	1.5
fiorire	1.5
fioritura	1.5
fisso	1.5
fittizio	-1.5
fiuto	-1.5
flagello	-1.5
flagrante	-1.5
flare	-1.5
flessibile	1.5
flessibilità	1.5
flirt	-1.5
flirtare	-1.5
fluente	1.5
fobia	-1.5
focalizzare	-1.5
focoso	1.5
foga	1.5
fognature	-1.5
folle	-1.5
follemente	-1.5
follia	-1.5
fondamentalismo	-1.5
fondere	-1.5
fonia	-1.5
forfait	-1.5
forgiare	-1.5
forgiato	-1.5
fori	-1.5
formaggio	-1.5
formidabile	1.5
foro	-1.5
fortezza	1.5
fortuito	1.5
fortuna	1.5
fortunata	1.5
fortunatamente	1.5
fortunate	1.5
fortunato	1.5
fortune	1.5
forzare	-1.5
forzatura	-1.5
foschia	-1.5
fragile	-1.5
fraintendimento	-1.5
frainteso	-1.5
frammentata	-1.5
frammento	-1.5
frantumare	-1.5
frastagliato	-1.5
frastuono	-1.5
fraterno	1.5
frattura	-1.5
fraudolenti	-1.5
fraudolento	-1.5
freak	-1.5
freddamente	-1.5
free	1.5
freedom	1.5
frenesia	-1.5
frenetica	-1.5
freneticamente	-1.5
frenetico	-1.5
fresca	1.5
fresco	1.5
fretta	-1.5
frettolosamente	-1.5
frettoloso	-1.5
friendly	1.5
fritto	-1.5
frizione	-1.5
frizzante	1.5
frode	-1.5
frodi	-1.5
frugale	1.5
frusta	-1.5
fruste	-1.5
frustrante	-1.5
frustrato	-1.5
frustrazione	-1.5
frustrazioni	-1.5
fruttuoso	1.5
fugace	-1.5
fugge	-1.5
fuggiasco	-1.5
fuggire	-1.5
fuggitivo	-1.5
fumante	-1.5
fumare	-1.5
fumata	-1.5
fumble	-1.5
fumi	-1.5
fumo	-1.5
funky	-1.5
fuoco	-1.5
fuorilegge	-1.5
fuoriuscita	-1.5
fuorviante	-1.5
furfante	-1.5
furia	-1.5
furibondo	-1.5
furiosamente	-1.5
furioso	-1.5
furor	-1.5
furore	-1.5
furto	-1.5
futile	-1.5
futuristico	1.5
fuzzy	-1.5
gaffe	-1.5
galante	1.5
gall	-1.5
galle	-1.5
galleggiante	1.5
gallo	-1.5
gangster	-1.5
gara	1.5
garante	1.5
garantire	1.5
garanzia	1.5
garbo	1.5
gauche	-1.5
gay	-1.5
gel	-1.5
gelata	-1.5
gelato	-1.5
gelido	-1.5
gelo	-1.5
gelosa	-1.5
gelosamente	-1.5
gelosia	-1.5
geloso	-1.5
gemma	1.5
gemme	1.5
generosamente	1.5
generosità	1.5
generoso	1.5
geniale	1.5
genio	1.5
genocidio	-1.5
gentile	1.5
gentilezza	1.5
gentilmente	1.5
gentiluomo	1.5
genuino	1.5
ghetto	-1.5
ghiacciato	-1.5
giacente	-1.5
giacere	-1.5
gigantesco	-1.5
gimmick	-1.5
giocoso	1.5
gioia	1.5
gioiello	1.5
gioioso	1.5
giovanile	1.5
gioviale	1.5
giullare	-1.5
giusta	1.5
giustamente	1.5
giustificarsi	-1.5
giustizia	1.5
giusto	1.5
glaciale	-1.5
glamour	1.5
glee	1.5
globale	1.5
gloria	1.5
glorioso	1.5
glutei	-1.5
gode	1.5
godendo	1.5
godere	1.5
godimento	1.5
goduto	1.5
goffaggine	-1.5
goffo	-1.5
gola	-1.5
gold	1.5
golden	1.5
gonfiare	-1.5
gonfiato	-1.5
gonfio	-1.5
gonfiore	-1.5
good	1.5
gossip	-1.5
gradevole	1.5
gradimento	1.5
gradito	1.5
graffi	-1.5
graffio	-1.5
grand	1.5
grande	1.5
grandezza	1.5
grandine	1.5
granulosa	-1.5
grassi	-1.5
grasso	-1.5
grata	-1.5
grate	-1.5
gratificante	1.5
gratificazione	1.5
gratis	1.5
gratitudine	1.5
grato	1.5
gratuitamente	1.5
gratuito	1.5
gravare	-1.5
gravemente	-1.5
gravità	-1.5
gravosa	-1.5
gravoso	-1.5
grazia	1.5
grazioso	1.5
great	1.5
greatest	1.5
greca	-1.5
greggio	-1.5
gremito	-1.5
grezzo	-1.5
gridare	-1.5
grido	-1.5
grigiastro	-1.5
griglia	-1.5
grintoso	-1.5
grossa	-1.5
grosso	-1.5
grossolana	-1.5
grossolanamente	-1.5
grossolano	-1.5
grotta	-1.5
grottesco	-1.5
groviglio	-1.5
growl	-1.5
guadagnando	1.5
guadagnare	1.5
guadagnato	1.5
guadagni	1.5
guadagno	1.5
guai	-1.5
guaio	-1.5
guarire	1.5
guasti	-1.5
guasto	-1.5
guerriera	-1.5
guerriero	-1.5
guida	1.5
guidare	1.5
gusto	1.5
habitat	-1.5
hack	-1.5
happy	1.5
hard	-1.5
hell	-1.5
hero	1.5
hollow	-1.5
hot	1.5
humor	1.5
humour	1.5
ideale	1.5
idealmente	1.5
idilliaco	1.5
idiota	-1.5
idioti	-1.5
idol	1.5
idolo	1.5
ignaro	-1.5
ignorante	-1.5
ignoranza	-1.5
ignorare	-1.5
ignoto	-1.5
illecito	-1.5
illegale	-1.5
illegali	-1.5
illegalità	-1.5
illegalmente	-1.5
illeggibile	-1.5
illegittimo	-1.5
illimitato	1.5
illuminante	1.5
illuminare	1.5
illuminate	1.5
illuminazione	1.5
illusione	-1.5
illusioni	-1.5
illusoria	-1.5
illusorio	-1.5
illustre	1.5
imbarazzante	-1.5
imbarazzato	-1.5
imbarazzo	-1.5
imbattibile	1.5
imboscata	-1.5
imbrogliare	-1.5
imbroglione	-1.5
imitare	-1.5
imitazione	-1.5
immacolata	1.5
immaginare	1.5
immaginario	-1.5
immateriale	-1.5
immaturi	-1.5
immaturo	-1.5
immediatamente	1.5
immense	1.5
immenso	1.5
immergere	-1.5
imminente	-1.5
immobile	-1.5
immobili	-1.5
immobilizzare	-1.5
immobilizzato	-1.5
immorale	-1.5
immoralità	-1.5
impacciato	-1.5
impareggiabile	1.5
imparziale	1.5
imparzialità	1.5
impassibile	-1.5
impaurito	-1.5
impaziente	-1.5
impazzire	-1.5
impeccabile	1.5
impedenza	-1.5
impedimento	-1.5
impedire	-1.5
impegnandosi	1.5
impegnativo	-1.5
impegno	1.5
impensabile	-1.5
impercettibile	-1.5
imperfetto	-1.5
imperfezione	-1.5
imperfezioni	-1.5
imperialista	-1.5
impersonale	-1.5
imperterrito	1.5
impetuoso	-1.5
impiego	1.5
implacabile	-1.5
implicare	-1.5
implicate	-1.5
implicazione	-1.5
implorare	-1.5
imponente	1.5
impopolare	-1.5
imporre	-1.5
important	1.5
importante	1.5
importanza	1.5
impose	-1.5
imposizione	-1.5
impossibile	-1.5
impotente	-1.5
impotenti	-1.5
impotenza	-1.5
impoverito	-1.5
impraticabile	-1.5
imprecisato	-1.5
imprecise	-1.5
imprecisioni	-1.5
impreciso	-1.5
impreparati	-1.5
impreparato	-1.5
impresa	1.5
impressiona	1.5
impressionante	1.5
impressionare	1.5
impressionato	1.5
impressione	1.5
imprevedibile	-1.5
impreviste	-1.5
imprevisto	-1.5
imprigionare	-1.5
improbabile	-1.5
impronta	1.5
impropria	-1.5
impropriamente	-1.5
improprio	-1.5
improvvisamente	-1.5
improvvisazione	-1.5
impulsivo	-1.5
impurità	-1.5
impuro	-1.5
in	-1.5
inaccettabile	-1.5
inadatto	-1.5
inadeguata	-1.5
inadeguatezza	-1.5
inadeguato	-1.5
inaffidabile	-1.5
inaffidabili	-1.5
inaffidabilità	-1.5
inaspettatamente	-1.5
inaspettato	-1.5
inasprimento	-1.5
inattaccabile	1.5
inattività	-1.5
inattivo	-1.5
incandescente	1.5
incantato	1.5
incantesimo	1.5
incantevole	1.5
incanto	1.5
incapace	-1.5
incapacità	-1.5
incarcerare	-1.5
incarico	1.5
incastrare	-1.5
incautamente	-1.5
incavo	-1.5
incendiare	-1.5
incendiario	-1.5
incenso	-1.5
incentivare	1.5
incerto	-1.5
incessante	-1.5
incessantemente	-1.5
inciampa	-1.5
incidente	-1.5
incisivo	1.5
incitamento	-1.5
incitare	-1.5
incoerente	-1.5
incoerenza	-1.5
incolpare	-1.5
incolto	-1.5
incomparabile	-1.5
incompatibile	-1.5
incompatibilità	-1.5
incompetente	-1.5
incompetenza	-1.5
incompiuto	-1.5
incomplete	-1.5
incompleto	-1.5
incomprensibile	-1.5
incomprensioni	-1.5
inconcepibile	-1.5
inconciliabili	-1.5
incondizionato	1.5
incongruenze	-1.5
inconsistente	-1.5
inconsueto	-1.5
incontrastato	1.5
incontrollata	-1.5
inconveniente	-1.5
inconvenienti	-1.5
incoraggiamento	1.5
incoraggiando	1.5
incoraggiare	1.5
incoscienza	-1.5
incostituzionale	-1.5
incredibile	1.5
incredibilmente	1.5
incredulità	-1.5
incredulo	-1.5
incrollabile	1.5
incubo	-1.5
incurante	-1.5
indebitato	1.5
indebolendo	-1.5
indebolire	-1.5
indecente	-1.5
indecisione	-1.5
indeciso	-1.5
indefinito	-1.5
indegno	-1.5
indennità	1.5
indennizzo	-1.5
indeterminato	-1.5
indietreggiare	-1.5
indietro	-1.5
indifeso	-1.5
indifferenza	-1.5
indigenti	-1.5
indignato	-1.5
indignazione	-1.5
indimenticabile	1.5
indiretto	-1.5
indiscriminatamente	-1.5
indiscriminato	-1.5
indiscusso	1.5
indiscutibile	1.5
indiscutibilmente	1.5
indisponibile	-1.5
indistinguibile	-1.5
indistinta	-1.5
indistinto	-1.5
individuare	1.5
indolore	1.5
indossato	-1.5
indovinare	1.5
indulgente	1.5
indulgenza	1.5
indurito	-1.5
inefficace	-1.5
inefficiente	-1.5
inefficienza	-1.5
inequivocabile	1.5
inequivocabilmente	1.5
inesatte	-1.5
inesistente	-1.5
inesorabile	-1.5
inesorabilmente	-1.5
inesperienza	-1.5
inesperto	-1.5
inestimabile	1.5
inettitudine	-1.5
inetto	-1.5
inevitabile	-1.5
inevitabilmente	-1.5
infallibile	1.5
infame	-1.5
infamia	-1.5
infantile	-1.5
infastidire	-1.5
infastidisce	-1.5
infastidito	-1.5
infausto	-1.5
infedele	-1.5
infedeli	-1.5
infelice	-1.5
infelicità	-1.5
inferiore	-1.5
inferiori	-1.5
inferiorità	-1.5
infermi	-1.5
infermo	-1.5
infernale	-1.5
inferno	-1.5
infestano	-1.5
infestato	-1.5
infettare	-1.5
infettivo	-1.5
infetto	-1.5
infezione	-1.5
infezioni	-1.5
infiammabile	1.5
infiammatorio	-1.5
infiammazione	-1.5
infido	-1.5
infilare	-1.5
infiltrati	-1.5
inflessibile	-1.5
infliggere	-1.5
influente	1.5
infondato	-1.5
infrangere	-1.5
infrazione	-1.5
infrazioni	-1.5
infruttuosa	-1.5
infruttuoso	-1.5
infuria	-1.5
infuriare	-1.5
infuriato	-1.5
ingannando	-1.5
ingannare	-1.5
ingannato	-1.5
ingannevole	-1.5
inganno	-1.5
ingegnoso	1.5
ingenuamente	-1.5
ingenuo	-1.5
ingiusta	-1.5
ingiustamente	-1.5
ingiustificato	-1.5
ingiustizia	-1.5
ingiustizie	-1.5
ingiusto	-1.5
ingombrante	-1.5
ingombranti	-1.5
ingrassare	-1.5
ingrossato	-1.5
inibire	-1.5
inibizione	-1.5
inimicarsi	-1.5
inimicizia	-1.5
innamorato	1.5
innaturale	-1.5
innestare	-1.5
innesto	-1.5
innocuo	1.5
innovative	1.5
innovativo	1.5
innovazione	1.5
inondato	-1.5
inopportuno	-1.5
inorridito	-1.5
inospitale	-1.5
inosservata	-1.5
inosservato	-1.5
inossidabile	1.5
inox	1.5
inquietante	-1.5
inquieto	-1.5
inquietudine	-1.5
inquinare	-1.5
insanguinato	-1.5
insaziabile	-1.5
insensato	-1.5
insensibile	-1.5
insetto	-1.5
insicurezza	-1.5
insicuro	-1.5
insidioso	-1.5
insignificante	-1.5
insinuare	-1.5
insinuazioni	-1.5
insoddisfacente	-1.5
insoddisfatto	-1.5
insoddisfazione	-1.5
insofferenza	-1.5
insolitamente	-1.5
insolito	-1.5
insolvente	-1.5
insopportabile	-1.5
insormontabile	-1.5
insostenibile	-1.5
insostituibile	1.5
inspiegabile	-1.5
instabile	-1.5
instabilità	-1.5
insufficiente	-1.5
insufficienza	-1.5
insulare	-1.5
insultare	-1.5
insultato	-1.5
insulti	-1.5
insulto	-1.5
insurrezione	-1.5
intaccare	-1.5
integrale	1.5
integrante	1.5
integrare	1.5
integrato	1.5
integre	1.5
intelligence	1.5
intelligente	1.5
intelligenza	1.5
intelligibile	1.5
intense	-1.5
intensificare	1.5
intenzionale	1.5
intercettare	-1.5
intercettazioni	-1.5
interessante	1.5
interessare	-1.5
interessato	-1.5
interesse	1.5
interessi	1.5
interferenza	-1.5
interferire	-1.5
interferisce	-1.5
intermittente	-1.5
interrompere	-1.5
interrotto	-1.5
interrupt	-1.5
interruzione	-1.5
interruzioni	-1.5
intimidatorio	-1.5
intimidazione	-1.5
intimidire	-1.5
intimità	1.5
intimo	1.5
intollerabile	-1.5
intolleranza	-1.5
intonato	1.5
intralciare	-1.5
intransigente	-1.5
intrappolare	-1.5
intrappolati	-1.5
intrappolato	-1.5
intraprendente	1.5
intraprendenza	1.5
intrattenere	1.5
intrattiene	1.5
intrecciare	-1.5
intricate	1.5
intricato	1.5
intrigante	1.5
intrigo	1.5
intromettersi	-1.5
intrusione	-1.5
intuitivo	1.5
inutile	-1.5
inutilizzabile	-1.5
inutilmente	-1.5
invadente	-1.5
invadere	-1.5
invalidare	-1.5
invalido	-1.5
invano	-1.5
invasione	-1.5
invasiva	-1.5
invasive	-1.5
invasivo	-1.5
invasore	-1.5
invettiva	-1.5
invidia	1.5
invidiabile	1.5
invidiare	1.5
invincibile	1.5
invisibile	-1.5
inviso	-1.5
invogliare	1.5
involontariamente	-1.5
involontario	-1.5
invulnerabile	1.5
ipnotizzare	1.5
ipocrisia	-1.5
ipocrita	-1.5
ira	-1.5
irascibile	-1.5
ire	-1.5
ironia	-1.5
ironicamente	-1.5
ironico	-1.5
irraggiungibile	-1.5
irragionevole	-1.5
irrazionale	-1.5
irreale	1.5
irregolare	-1.5
irregolarità	-1.5
irremovibile	-1.5
irreparabile	-1.5
irreparabili	-1.5
irreprensibile	1.5
irrequietezza	-1.5
irresistibile	1.5
irresponsabile	-1.5
irreversibile	-1.5
irrilevante	-1.5
irrisolta	1.5
irrisorio	-1.5
irrispettoso	-1.5
irritabile	-1.5
irritante	-1.5
irritare	-1.5
irritato	-1.5
irritazione	-1.5
irruente	-1.5
irruzione	-1.5
isolamento	-1.5
isolare	-1.5
isolate	-1.5
isolato	-1.5
ispirando	1.5
ispirare	1.5
ispirazione	1.5
istantaneamente	1.5
isteria	-1.5
jam	-1.5
kill	-1.5
killer	-1.5
knock	-1.5
laborioso	1.5
laccio	-1.5
lag	-1.5
lama	-1.5
lame	-1.5
lamenta	-1.5
lamentando	-1.5
lamentare	-1.5
lamentarsi	-1.5
lamentati	-1.5
lamento	-1.5
lampo	-1.5
lasciare	-1.5
lasso	-1.5
latenza	-1.5
latitante	-1.5
lavandino	-1.5
lavorare	1.5
lavorato	1.5
lead	1.5
leale	1.5
lealtà	1.5
lecito	1.5
led	1.5
legale	1.5
legatura	-1.5
leggendario	1.5
leggero	1.5
leggibile	1.5
legittimo	1.5
lenire	1.5
lenta	-1.5
lentamente	-1.5
lento	-1.5
lesa	-1.5
lesione	-1.5
lesioni	-1.5
letale	-1.5
letargo	-1.5
leva	1.5
levare	1.5
levigato	1.5
liberare	1.5
liberate	1.5
liberato	1.5
liberazione	1.5
libero	1.5
liberty	1.5
libertà	1.5
libre	1.5
licenziamento	-1.5
licenziare	-1.5
lieto	1.5
like	1.5
limit	-1.5
limitare	-1.5
limitata	-1.5
limitato	-1.5
limitazione	-1.5
limitazioni	-1.5
limite	-1.5
limited	-1.5
limiti	-1.5
limo	-1.5
limone	-1.5
lineare	1.5
linfa	-1.5
lirica	1.5
lirico	1.5
liscia	1.5
liscio	1.5
lite	-1.5
liti	-1.5
litigare	-1.5
litigi	-1.5
litigio	-1.5
lodando	1.5
lodare	1.5
lode	1.5
lodevole	1.5
logico	1.5
lontano	-1.5
lordo	-1.5
loss	-1.5
lost	-1.5
lotta	-1.5
lottando	-1.5
lottare	-1.5
lottato	-1.5
lotte	-1.5
love	1.5
lucente	1.5
lucertola	1.5
lucida	1.5
lucido	1.5
lucro	1.5
lugubre	-1.5
lumaca	-1.5
luminoso	1.5
lungo	-1.5
lupa	-1.5
lusinghiero	1.5
lussazione	-1.5
lusso	1.5
lussuoso	1.5
lussureggiante	1.5
lustro	1.5
lutto	-1.5
macabre	-1.5
macabro	-1.5
macchia	-1.5
macchiato	-1.5
macchie	-1.5
macellaio	-1.5
macello	-1.5
macinare	-1.5
macroscopico	-1.5
maestoso	1.5
maestra	-1.5
maestri	1.5
maestro	1.5
maestà	1.5
mafioso	-1.5
maggiore	1.5
magia	1.5
magic	1.5
magico	1.5
magna	1.5
magnanimo	1.5
magnificamente	1.5
magnificenza	1.5
magnifico	1.5
magno	1.5
magra	1.5
maiale	-1.5
maiali	-1.5
malafede	-1.5
malato	-1.5
malattia	-1.5
malconcio	-1.5
malcontento	-1.5
maldestro	-1.5
male	-1.5
maledetta	-1.5
maledetto	-1.5
maledizione	-1.5
maledizioni	-1.5
maleducato	-1.5
maleficio	-1.5
malessere	-1.5
malevolo	-1.5
malfunzionamento	-1.5
mali	-1.5
maligna	-1.5
maligno	-1.5
malinconia	-1.5
malinconico	-1.5
malincuore	-1.5
malinteso	-1.5
malizia	-1.5
malizioso	-1.5
malleabile	1.5
malsano	-1.5
maltrattamento	-1.5
malvagia	-1.5
malvagio	-1.5
malvagità	-1.5
malvisto	-1.5
malvivente	-1.5
manca	-1.5
mancanza	-1.5
mancare	-1.5
mancato	-1.5
mancava	-1.5
maneggevole	1.5
mania	-1.5
maniacale	-1.5
maniaco	-1.5
manipolare	-1.5
manipolazione	-1.5
manna	1.5
mar	-1.5
marchio	-1.5
marcio	-1.5
marcire	-1.5
marciume	-1.5
marginale	-1.5
marginalmente	-1.5
maria	-1.5
marionetta	-1.5
marmellata	-1.5
martirio	-1.5
massacrare	-1.5
massacro	-1.5
massimale	-1.5
master	1.5
mastro	1.5
matrice	-1.5
matricola	1.5
matte	-1.5
matto	-1.5
maturare	1.5
mature	1.5
maturità	1.5
maturo	1.5
medaglia	1.5
mediocre	-1.5
mediocrità	-1.5
meglio	1.5
melma	-1.5
melodrammatico	-1.5
memorabile	1.5
mendicante	-1.5
mentire	-1.5
menzogna	-1.5
meraviglia	1.5
meraviglie	1.5
meravigliosa	1.5
meravigliosamente	1.5
meraviglioso	1.5
mercato	1.5
merda	-1.5
meritare	1.5
meritevole	1.5
meritevoli	1.5
merito	1.5
meritoria	1.5
merlata	-1.5
merlato	-1.5
meschino	-1.5
messa	-1.5
meticolosa	1.5
meticolosamente	1.5
meticoloso	1.5
migliora	1.5
miglioramenti	1.5
miglioramento	1.5
migliorare	1.5
migliorata	1.5
migliore	1.5
militanza	-1.5
minacce	-1.5
minaccia	-1.5
minacciando	-1.5
minacciare	-1.5
minaccioso	-1.5
minando	-1.5
minare	-1.5
minato	-1.5
minimo	-1.5
minuscolo	-1.5
minuziosamente	1.5
mirabilmente	1.5
miracoli	1.5
miracolo	1.5
miracolosamente	1.5
miracoloso	1.5
miraggio	-1.5
mire	-1.5
miscuglio	-1.5
miserabile	-1.5
miseramente	-1.5
miseria	-1.5
misericordia	1.5
misericordioso	1.5
misero	-1.5
miss	-1.5
misteriosamente	-1.5
misterioso	-1.5
mistero	-1.5
mistificazione	-1.5
mito	-1.5
moderato	1.5
modern	1.5
moderna	1.5
moderno	1.5
modestia	1.5
modesto	1.5
modo	1.5
molestare	-1.5
molestato	-1.5
molestie	-1.5
mollare	-1.5
molle	-1.5
molto	1.5
moncone	-1.5
mondano	-1.5
monello	-1.5
moneta	1.5
monotonia	-1.5
monotono	-1.5
monster	-1.5
montante	-1.5
montatura	-1.5
monumentale	1.5
moralità	1.5
morbida	1.5
morbido	1.5
morbo	-1.5
morbosa	-1.5
morboso	-1.5
morente	-1.5
moribondo	-1.5
morire	-1.5
morsa	-1.5
mortale	-1.5
morte	-1.5
morti	-1.5
mortificazione	-1.5
morto	-1.5
mosso	-1.5
mostro	-1.5
mostruoso	-1.5
motivare	1.5
motivata	1.5
motivati	1.5
motocross	-1.5
movimentato	1.5
mozzafiato	1.5
multa	1.5
multicolore	-1.5
muore	-1.5
muso	-1.5
muto	-1.5
nana	-1.5
nano	-1.5
nascondersi	-1.5
nascosto	-1.5
natura	-1.5
naufragare	-1.5
naufragio	-1.5
navigabile	1.5
nebbia	-1.5
nebbie	-1.5
nebuloso	-1.5
necessario	-1.5
nefasto	-1.5
nega	-1.5
negando	-1.5
negare	-1.5
negate	-1.5
negativa	-1.5
negative	-1.5
negativi	-1.5
negatività	-1.5
negativo	-1.5
negato	-1.5
negazione	-1.5
negligenza	-1.5
negoziare	1.5
nemesi	-1.5
nemici	-1.5
nemico	-1.5
nepotismo	-1.5
nero	-1.5
nervosismo	-1.5
nervoso	-1.5
nevrotico	-1.5
nobile	1.5
noble	1.5
nocive	-1.5
nocivo	-1.5
noia	-1.5
noiosa	-1.5
noioso	-1.5
noise	-1.5
nonostante	-1.5
nonsense	-1.5
nostalgia	-1.5
notevole	1.5
notevolmente	1.5
noto	1.5
notorietà	-1.5
novità	1.5
nube	-1.5
nudo	-1.5
nuocere	-1.5
nuova	1.5
nuovo	1.5
nutrimento	1.5
nutrire	1.5
nuvola	-1.5
nuvoloso	-1.5
oasi	1.5
obeso	-1.5
obiettare	-1.5
obiezione	-1.5
obiezioni	-1.5
object	-1.5
oblique	-1.5
obliquo	-1.5
obsolete	-1.5
obsoleto	-1.5
odia	-1.5
odiare	-1.5
odiato	-1.5
odio	-1.5
odioso	-1.5
odore	-1.5
odori	-1.5
offendere	-1.5
offensiva	-1.5
offensive	-1.5
offensivo	-1.5
offesa	-1.5
offeso	-1.5
offrire	1.5
offuscata	-1.5
oggetto	-1.5
oltraggio	-1.5
omaggio	1.5
ombroso	-1.5
omettere	-1.5
omicida	-1.5
omicidio	-1.5
omissione	-1.5
onere	-1.5
oneroso	-1.5
onesta	1.5
onesto	1.5
onestà	1.5
onorare	1.5
onorato	1.5
onore	1.5
onorevole	1.5
onorificenza	1.5
opaco	-1.5
opera	1.5
opinabile	-1.5
opporre	-1.5
opporsi	-1.5
opportunamente	1.5
opportuno	1.5
oppose	-1.5
opposizione	-1.5
opposizioni	-1.5
oppressione	-1.5
oppressivo	-1.5
oppresso	-1.5
oppressori	-1.5
opprimente	-1.5
ordinata	1.5
ordinatamente	1.5
ordinato	1.5
ordinazione	1.5
ordine	1.5
ordito	-1.5
orecchiabile	1.5
orfana	-1.5
orfano	-1.5
orgasmo	1.5
orgoglio	1.5
originale	-1.5
originalità	1.5
oro	1.5
orrendo	-1.5
orribile	-1.5
oscenità	-1.5
osceno	-1.5
oscillare	-1.5
oscura	-1.5
oscurare	-1.5
oscurato	-1.5
oscurità	-1.5
oscuro	-1.5
ospitale	1.5
ospitare	-1.5
ossessione	1.5
ossessioni	1.5
ossessiva	-1.5
ossessivamente	-1.5
ossessivo	-1.5
ossidare	-1.5
ostacolando	-1.5
ostacolare	-1.5
ostacolato	-1.5
ostacolo	-1.5
ostaggio	-1.5
ostile	-1.5
ostilità	-1.5
ostinata	-1.5
ostinatamente	-1.5
ostinato	-1.5
ostruire	-1.5
ostruito	-1.5
ostruzione	-1.5
ottenere	1.5
ottenibile	1.5
ottimale	1.5
ottimamente	1.5
ottimismo	1.5
ottimista	1.5
ottuso	-1.5
outsider	-1.5
ovation	1.5
ovvio	-1.5
pace	1.5
pacifica	1.5
pacificamente	1.5
pacifico	1.5
padella	-1.5
padronanza	1.5
padrone	1.5
padroneggiare	1.5
pagani	-1.5
pagano	-1.5
pagliaccio	-1.5
pain	-1.5
pala	-1.5
pale	-1.5
palese	-1.5
pallido	-1.5
palo	-1.5
pan	-1.5
panico	-1.5
panoramica	1.5
panoramico	1.5
paradiso	1.5
paradossale	-1.5
paradossalmente	-1.5
paralizzare	-1.5
paralizzato	-1.5
paranoia	-1.5
paranoico	-1.5
parapetto	-1.5
parassita	-1.5
pari	-1.5
paria	-1.5
parodia	-1.5
parsimonia	1.5
particolare	-1.5
partigiani	-1.5
partigiano	-1.5
parziale	-1.5
parzialità	-1.5
passare	-1.5
passato	-1.5
passione	1.5
passiva	-1.5
passive	-1.5
passivo	-1.5
pasticci	-1.5
pasticcio	-1.5
patetica	-1.5
patetici	-1.5
patetico	-1.5
patito	-1.5
patriota	1.5
patriottico	1.5
patto	1.5
paura	-1.5
paure	-1.5
pauroso	-1.5
pausa	-1.5
pause	-1.5
pavimentato	-1.5
paziente	1.5
pazientemente	1.5
pazienza	1.5
pazzo	-1.5
peace	1.5
peccare	-1.5
peccato	-1.5
peculiare	-1.5
pedaggio	-1.5
pedante	-1.5
peggio	-1.5
peggioramento	-1.5
peggiorare	-1.5
peggiorativo	-1.5
peggiore	-1.5
pegno	1.5
pelle	-1.5
peluche	1.5
penale	-1.5
penalità	-1.5
penalizzare	-1.5
pendere	-1.5
penetrante	1.5
pentito	-1.5
percosso	1.5
perde	-1.5
perdente	-1.5
perdenti	-1.5
perdere	-1.5
perdita	-1.5
perdite	-1.5
perdona	-1.5
perdono	1.5
perdutamente	-1.5
perduto	-1.5
perfect	1.5
perfettamente	1.5
perfetto	1.5
perfezionare	1.5
perfezione	1.5
perforare	-1.5
pericolante	-1.5
pericolo	-1.5
pericolosa	-1.5
pericolosi	-1.5
pericoloso	-1.5
perire	-1.5
permesso	1.5
permettersi	1.5
pernice	-1.5
perplessa	-1.5
perplessi	-1.5
perplessità	-1.5
perplesso	-1.5
persecuzione	-1.5
perseguire	-1.5
perseguitare	-1.5
perseguitato	-1.5
perseveranza	1.5
perseverare	1.5
persico	1.5
perso	-1.5
personaggi	1.5
personaggio	1.5
personalità	1.5
personalizzare	1.5
personalizzato	1.5
perversione	-1.5
perverso	-1.5
pervertito	-1.5
pesante	-1.5
pesca	1.5
pesche	1.5
pesco	1.5
pessimismo	-1.5
pessimista	-1.5
peste	-1.5
pettegolezzi	-1.5
pettegolezzo	-1.5
pezzo	-1.5
piacere	1.5
piacevole	1.5
piacevolmente	1.5
piaciuto	1.5
piaga	-1.5
piangere	-1.5
piano	-1.5
piantare	-1.5
pianto	-1.5
piastrina	-1.5
piccante	1.5
picche	-1.5
picchetti	-1.5
picchetto	-1.5
picco	1.5
piccola	1.5
piccolo	-1.5
piega	-1.5
piegarsi	-1.5
piegato	-1.5
pieghevole	1.5
pieno	-1.5
pietoso	-1.5
pigrizia	-1.5
pigro	-1.5
pinnacolo	1.5
piombo	1.5
pisello	-1.5
pittoresco	1.5
piuttosto	1.5
pizzico	-1.5
placare	1.5
platea	-1.5
platealmente	-1.5
plebeo	-1.5
pletora	-1.5
plinto	-1.5
plot	-1.5
poetico	1.5
polarizzato	-1.5
polarizzazione	-1.5
polemica	-1.5
polemico	-1.5
polpo	-1.5
polvere	-1.5
pompa	-1.5
pomposo	-1.5
popolare	1.5
poppa	-1.5
popular	1.5
porciglione	-1.5
porco	-1.5
portare	1.5
portatile	1.5
portato	1.5
porti	-1.5
porto	-1.5
porzione	1.5
positivamente	1.5
positive	1.5
positivi	1.5
positivo	1.5
possente	1.5
posteriore	-1.5
potente	1.5
potentemente	1.5
potenza	1.5
poveri	-1.5
povero	-1.5
povertà	-1.5
pozzo	1.5
praticabile	1.5
pratico	1.5
precario	-1.5
precipitare	-1.5
precipitato	-1.5
precisa	1.5
precisamente	1.5
precise	1.5
preciso	1.5
predare	-1.5
predatore	-1.5
predilezione	1.5
predisposizione	-1.5
preferendo	1.5
preferenza	1.5
preferibile	1.5
preferibilmente	1.5
preferire	1.5
preferisce	1.5
preferito	1.5
pregare	-1.5
preghiera	1.5
pregiudicare	-1.5
pregiudizi	-1.5
pregiudizio	-1.5
premeditato	-1.5
premere	-1.5
premi	1.5
premiare	1.5
premiato	1.5
premier	1.5
preminente	1.5
premio	1.5
premuroso	1.5
preoccupa	-1.5
preoccupante	-1.5
preoccupare	-1.5
preoccuparsi	-1.5
preoccupato	-1.5
preoccupazione	-1.5
preoccupazioni	-1.5
preparare	1.5
preparato	1.5
prepotente	-1.5
prerogativa	1.5
presa	-1.5
presagio	1.5
presentimento	-1.5
pressante	1.5
pressione	-1.5
prestigio	1.5
prestigioso	1.5
presunzione	-1.5
pretesa	-1.5
pretesto	-1.5
prevenire	-1.5
previsione	1.5
prezioso	1.5
pride	1.5
prigione	-1.5
prigioniero	-1.5
primitiva	-1.5
primitive	-1.5
primitivi	-1.5
primitivo	-1.5
primo	1.5
principale	1.5
privare	-1.5
privati	-1.5
privilegiare	1.5
privilegiato	1.5
privilegio	1.5
privo	-1.5
pro	1.5
problem	-1.5
problema	-1.5
problematica	-1.5
problematico	-1.5
problemi	-1.5
prodezza	1.5
prodigio	1.5
prodigioso	1.5
prodigo	1.5
produttivo	1.5
profane	-1.5
profano	-1.5
professionista	1.5
profezia	1.5
profondamente	1.5
profondo	1.5
profumato	1.5
profuse	1.5
profusione	1.5
profuso	1.5
progredire	1.5
progress	1.5
progressi	1.5
progressista	1.5
progressiva	1.5
progressive	1.5
progressivo	1.5
progresso	1.5
proibire	-1.5
proibitivo	-1.5
proibito	-1.5
prolifico	1.5
promessa	1.5
promesso	1.5
promette	1.5
promettendo	1.5
promettente	1.5
promettere	1.5
prominente	1.5
prominenza	1.5
promise	1.5
promoter	1.5
promotore	1.5
promuovere	1.5
prontamente	1.5
pronto	1.5
propaganda	-1.5
propagandare	-1.5
propizio	1.5
proposta	1.5
propriamente	1.5
proprietaria	-1.5
proprio	1.5
prosperare	1.5
prosperità	1.5
prospero	1.5
prostituirsi	-1.5
prostituta	-1.5
proteggere	1.5
protesta	-1.5
protestano	-1.5
protestare	-1.5
protestato	-1.5
proteste	-1.5
protettivo	1.5
protezione	1.5
protratto	-1.5
provetto	1.5
provocano	-1.5
provocare	-1.5
provocatore	-1.5
provocatorio	-1.5
provocazione	-1.5
provvidenza	1.5
provvisoriamente	-1.5
provvisorio	-1.5
prudenza	1.5
prurito	-1.5
pubblicizzare	-1.5
pugnalata	-1.5
pugno	-1.5
pulire	1.5
pulita	1.5
pulito	1.5
pulizia	1.5
pungere	-1.5
pungiglione	-1.5
punibile	-1.5
punire	-1.5
punitive	-1.5
punitivo	-1.5
punk	-1.5
punzone	-1.5
pure	1.5
purezza	1.5
purificare	1.5
puro	1.5
purtroppo	-1.5
puttana	-1.5
puzza	-1.5
qualificarsi	1.5
qualificato	1.5
quasi	-1.5
queer	-1.5
questione	-1.5
quiete	1.5
quieto	1.5
rabbia	-1.5
rabbioso	-1.5
raccapricciante	-1.5
raccomandare	1.5
raccomandato	1.5
raccomandazione	1.5
raccomandazioni	1.5
raddrizzare	1.5
radiante	1.5
radical	-1.5
radicali	-1.5
radicalizzazione	-1.5
radicalmente	-1.5
raffinare	1.5
raffinatezza	1.5
raffinato	1.5
rafforzare	1.5
raffreddore	-1.5
raggiante	1.5
raggiro	-1.5
raggiungibile	1.5
raggiungimento	1.5
ragionare	1.5
ragionevole	1.5
ragionevolmente	1.5
rail	-1.5
rallentare	-1.5
rallentato	-1.5
rallo	-1.5
rammarico	-1.5
rampante	-1.5
rampicante	-1.5
rancore	-1.5
rancori	-1.5
rape	-1.5
rapida	1.5
rapidamente	1.5
rapido	1.5
rapimento	1.5
rapinare	-1.5
rapporto	1.5
rappresaglia	-1.5
raro	1.5
rash	-1.5
rassegnato	-1.5
rassicurare	1.5
ravvivare	1.5
razionale	1.5
razzi	-1.5
razzismo	-1.5
razzista	-1.5
razzisti	-1.5
razzo	-1.5
ready	1.5
realista	1.5
realistico	1.5
realizzabile	1.5
realizzare	1.5
realizzazione	1.5
realizzazioni	1.5
reati	-1.5
reato	-1.5
reazionario	-1.5
recente	1.5
recessione	-1.5
reclamare	1.5
reclamo	-1.5
reclusione	-1.5
recuperare	1.5
recupero	1.5
redditizie	-1.5
redentore	1.5
redimere	1.5
regale	1.5
regolabile	1.5
regredire	-1.5
regressione	-1.5
regressiva	-1.5
regresso	-1.5
reietto	-1.5
relitto	-1.5
remissione	1.5
reo	-1.5
repressione	-1.5
repressive	-1.5
repressivo	-1.5
reprimere	-1.5
repulsione	-1.5
reputazione	1.5
resa	-1.5
residuo	-1.5
resistente	1.5
resistenza	-1.5
respinge	-1.5
respingendo	-1.5
respingere	-1.5
respinto	-1.5
respiro	-1.5
responsabile	-1.5
responsabilità	-1.5
restaurato	1.5
restringere	-1.5
restrittivo	-1.5
restrizione	-1.5
reticente	-1.5
reticolo	-1.5
retorica	-1.5
retorico	-1.5
retrattile	1.5
retrocedere	-1.5
rettifica	1.5
rettificare	1.5
revert	-1.5
revival	1.5
revocare	-1.5
riaffermare	1.5
ribaltamento	-1.5
ribaltare	-1.5
ribellarsi	-1.5
ribelle	-1.5
ricadere	-1.5
ricaduta	-1.5
ricattare	-1.5
ricatto	-1.5
ricca	1.5
riccamente	1.5
ricchezza	1.5
ricco	1.5
ricettivo	1.5
richiamo	-1.5
ricompensa	1.5
riconciliazione	1.5
riconducibile	1.5
riconoscente	1.5
riconoscimenti	1.5
riconoscimento	1.5
ricoprire	-1.5
ricorrere	1.5
ricorso	1.5
ridicolo	-1.5
ridondante	-1.5
ridondanza	-1.5
ridursi	-1.5
riesce	1.5
rifinire	1.5
rifiuta	-1.5
rifiutando	-1.5
rifiutare	-1.5
rifiutata	-1.5
rifiuti	-1.5
rifiuto	-1.5
riflessivo	1.5
riforma	1.5
riformare	1.5
riformato	1.5
riforme	1.5
right	1.5
rigida	-1.5
rigidezza	-1.5
rigidità	-1.5
rigido	-1.5
rigore	-1.5
rigorosa	-1.5
rigorosi	-1.5
rigoroso	-1.5
riguardo	1.5
rilanciare	1.5
rilassamento	-1.5
rilassarsi	-1.5
rilassato	1.5
rilevante	1.5
rilievo	1.5
riluttante	-1.5
riluttanza	-1.5
rimborsare	1.5
rimborso	1.5
rimediare	1.5
rimedio	1.5
rimettere	-1.5
rimorso	-1.5
rimostranze	-1.5
rimovibile	1.5
rimpiangere	-1.5
rimpianti	-1.5
rimpianto	-1.5
rimproverare	-1.5
rimprovero	-1.5
rimproverò	-1.5
rinascimentale	1.5
rinascita	1.5
rinculo	-1.5
ringhiera	-1.5
ringiovanire	1.5
ringraziare	1.5
rinnovata	1.5
rinnovato	1.5
rinomanza	1.5
rinomata	1.5
rinomato	1.5
rinuncia	-1.5
rinunciare	-1.5
riordinare	1.5
ripetitivo	-1.5
ripida	-1.5
ripido	-1.5
riposo	1.5
ripresa	1.5
ripristinare	1.5
riprovevole	-1.5
ripudiare	-1.5
ripudio	-1.5
ripugnante	-1.5
ripulire	1.5
riscaldare	1.5
riscattare	1.5
riscatto	1.5
rischi	-1.5
rischiare	-1.5
rischio	-1.5
rischioso	-1.5
risentimento	-1.5
risentito	-1.5
riservato	1.5
risk	-1.5
risolutamente	1.5
risoluto	1.5
risonante	1.5
risparmi	1.5
risparmio	1.5
rispettabile	1.5
rispettare	1.5
rispetto	1.5
rispettosa	1.5
rispettoso	1.5
risplendere	1.5
ristoratore	1.5
ristretto	-1.5
ristrutturare	1.5
ristrutturato	1.5
ristrutturazione	1.5
ritardando	-1.5
ritardare	-1.5
ritardata	-1.5
ritardato	-1.5
ritardi	-1.5
ritardo	-1.5
ritirare	-1.5
ritirarsi	-1.5
ritirato	-1.5
ritiro	-1.5
ritornare	-1.5
ritorsione	-1.5
ritorsioni	-1.5
ritrattare	-1.5
ritrovare	1.5
riuscire	1.5
riuscito	1.5
rivale	-1.5
rivaleggiare	-1.5
rivalità	-1.5
rivalsa	-1.5
rivelare	-1.5
rivelazione	1.5
riverenza	1.5
riversare	-1.5
rivincita	-1.5
rivitalizzare	1.5
rivivere	1.5
rivolta	-1.5
rivoluzionare	1.5
rivoluzionario	1.5
rivoluzionato	1.5
robusta	1.5
robustezza	-1.5
robusto	1.5
roccioso	-1.5
romantico	1.5
rompere	-1.5
rompersi	-1.5
ronzio	-1.5
roseo	1.5
rotaia	-1.5
rottame	-1.5
rottami	-1.5
rotto	-1.5
rottura	-1.5
rotture	-1.5
rovente	-1.5
rovesciamento	-1.5
rovesciare	-1.5
rovina	-1.5
rovinando	-1.5
rovinare	-1.5
rovinato	-1.5
rovine	-1.5
rovinosa	-1.5
rovinoso	-1.5
rozzo	-1.5
ruba	-1.5
rubare	-1.5
rubata	-1.5
rubato	-1.5
rude	-1.5
rue	-1.5
ruggine	-1.5
rughe	-1.5
rugosa	-1.5
rugoso	-1.5
rullante	-1.5
rumori	-1.5
rumoroso	-1.5
rumors	-1.5
rustico	-1.5
ruvido	-1.5
sabotaggio	-1.5
sabotare	-1.5
saccheggiare	-1.5
saccheggio	-1.5
sacco	-1.5
sack	-1.5
sacrificare	-1.5
sacrificato	-1.5
sacro	1.5
saggezza	1.5
saggiamente	1.5
saggio	1.5
saint	1.5
saldamente	1.5
saldi	1.5
saliente	1.5
salubre	1.5
salutare	1.5
salutari	1.5
salute	1.5
saluto	1.5
salvatore	1.5
salve	1.5
sanare	1.5
sane	1.5
sanguinamento	-1.5
sanguinante	-1.5
sanguinare	-1.5
sanguinario	-1.5
sanguinosa	-1.5
sanguinoso	-1.5
sano	1.5
santa	1.5
santo	1.5
sapientemente	1.5
sarcasmo	-1.5
sarcasticamente	-1.5
sarcastico	-1.5
satira	-1.5
satirica	-1.5
satirico	-1.5
sazietà	-1.5
sbagliare	-1.5
sbagliata	-1.5
sbagliato	-1.5
sbaglio	-1.5
sbalordito	1.5
sbando	-1.5
sbattere	-1.5
scabbia	-1.5
scacchi	-1.5
scade	-1.5
scadente	-1.5
scadenza	1.5
scadere	-1.5
scaduti	-1.5
scaduto	-1.5
scagionare	1.5
scaldare	1.5
scalpore	-1.5
scalzare	-1.5
scandali	-1.5
scandalo	-1.5
scandaloso	-1.5
scapito	-1.5
scaramuccia	-1.5
scaricare	-1.5
scarichi	-1.5
scarico	-1.5
scarsa	-1.5
scarsamente	-1.5
scarsezza	-1.5
scarsità	-1.5
scarso	-1.5
scartare	-1.5
scarto	-1.5
scatenare	-1.5
scatenarsi	-1.5
scatti	-1.5
scatto	-1.5
scavare	-1.5
scemare	-1.5
scemo	-1.5
scenico	1.5
scetticismo	-1.5
scheletri	-1.5
scheletro	-1.5
schermaglia	-1.5
scherno	-1.5
scherzare	-1.5
scherzo	-1.5
schiacciamento	-1.5
schiacciante	-1.5
schiacciare	-1.5
schiacciato	-1.5
schiaffo	-1.5
schiantarsi	-1.5
schiava	-1.5
schiavi	-1.5
schiavitù	-1.5
schiavo	-1.5
schivare	-1.5
scialuppa	1.5
scindere	-1.5
scintilla	1.5
scintillante	1.5
scioccante	-1.5
scioccato	-1.5
sciocchezza	-1.5
sciocchezze	-1.5
sciocco	-1.5
sciolto	-1.5
sciopero	-1.5
scissione	-1.5
scivolare	-1.5
scolare	-1.5
scolo	-1.5
scomodo	-1.5
scomparsa	-1.5
scompenso	-1.5
scompiglio	-1.5
sconcertante	-1.5
sconcertato	-1.5
sconfiggendo	1.5
sconfiggere	1.5
sconfinamento	-1.5
sconfinato	1.5
sconfitta	1.5
sconfitte	1.5
sconfitto	1.5
sconnesso	-1.5
sconosciuto	-1.5
sconsolato	-1.5
scontenti	-1.5
scontento	-1.5
scontrarsi	-1.5
scontro	-1.5
scontrosa	-1.5
scontroso	-1.5
sconveniente	-1.5
sconvolge	-1.5
sconvolgente	-1.5
sconvolgere	-1.5
sconvolgimento	-1.5
sconvolto	-1.5
scoperte	1.5
scoppiare	-1.5
scoppio	-1.5
scoraggiare	-1.5
scoraggiato	-1.5
scoria	-1.5
scorrettezza	-1.5
scorretto	-1.5
scorrimento	-1.5
scorta	-1.5
scortese	-1.5
scosceso	-1.5
scossa	-1.5
scosso	-1.5
scratch	-1.5
scream	-1.5
screditare	-1.5
scrofa	-1.5
scrupoli	-1.5
scuderia	1.5
scuderie	1.5
scuotere	-1.5
scuro	-1.5
scusa	-1.5
scusarsi	-1.5
scuse	-1.5
sdegno	-1.5
sdraiato	-1.5
secca	-1.5
seccare	-1.5
seccato	-1.5
sedere	-1.5
seducente	1.5
segnare	-1.5
segno	-1.5
segreta	-1.5
segreto	-1.5
seguace	-1.5
selettivo	1.5
selvaggi	-1.5
selvaggiamente	-1.5
selvaggio	-1.5
selvatico	-1.5
sembrare	-1.5
seminare	-1.5
semplice	1.5
semplicistica	-1.5
semplicistico	-1.5
semplifica	1.5
semplificando	1.5
semplificare	1.5
semplificato	1.5
senile	-1.5
sensazionale	1.5
sensazione	1.5
sensazioni	1.5
sensibile	1.5
sensibilmente	1.5
sensitive	1.5
senso	1.5
sentimentale	1.5
sentire	-1.5
separabile	1.5
separare	-1.5
separarsi	-1.5
seppellire	-1.5
serbatoi	-1.5
serbatoio	-1.5
serena	1.5
serene	1.5
serenità	1.5
sereno	1.5
seriamente	1.5
serio	1.5
servili	-1.5
servitù	-1.5
servizi	1.5
sete	-1.5
setola	-1.5
setole	-1.5
sever	-1.5
severe	-1.5
severità	-1.5
severo	-1.5
sexy	1.5
sfacelo	-1.5
sfavorevole	-1.5
sfida	-1.5
sfidare	-1.5
sfiducia	-1.5
sfinito	-1.5
sfocata	-1.5
sfogare	-1.5
sfogo	-1.5
sfollati	-1.5
sfondamento	1.5
sfortuna	-1.5
sfortunatamente	-1.5
sfortunato	-1.5
sforzarsi	1.5
sforzo	-1.5
sfregiato	-1.5
sfrenata	-1.5
sfrenato	-1.5
sfruttamento	-1.5
sfruttare	-1.5
sfuggente	-1.5
sfuma	-1.5
sgargiante	-1.5
sgargianti	-1.5
sgomento	-1.5
sgominare	-1.5
sgorgare	1.5
sgradevole	-1.5
sgradito	-1.5
shiny	1.5
shock	-1.5
siccità	-1.5
sicurezza	1.5
sicuro	1.5
siepe	-1.5
significativo	1.5
signora	-1.5
signorile	1.5
signorina	-1.5
silenzio	1.5
silenzioso	1.5
simile	1.5
simpatia	1.5
simpatico	1.5
simulato	-1.5
sin	-1.5
sinceramente	1.5
sincerità	1.5
sincero	1.5
sindrome	-1.5
sinistra	-1.5
sinistro	-1.5
sintomi	-1.5
sintomo	-1.5
situazione	-1.5
skill	1.5
slave	-1.5
sleale	-1.5
slow	-1.5
smania	-1.5
smart	1.5
smentire	-1.5
smorzare	-1.5
smussato	-1.5
snob	-1.5
soave	1.5
sobrio	-1.5
soccombere	-1.5
socievole	1.5
soddisfa	1.5
soddisfacente	1.5
soddisfare	1.5
soddisfatto	1.5
sofferente	-1.5
sofferenza	-1.5
sofferto	-1.5
soffiare	-1.5
soffice	1.5
soffocamento	-1.5
soffocante	-1.5
soffocare	-1.5
soffre	-1.5
soffrire	-1.5
sofisticato	1.5
soft	1.5
soggiogare	-1.5
solco	-1.5
solenne	-1.5
solid	1.5
solida	1.5
solidale	1.5
solidamente	1.5
solidarietà	1.5
solidità	1.5
solido	1.5
solitario	-1.5
solitudine	-1.5
sollecitare	1.5
solletico	-1.5
sollevare	1.5
sollievo	1.5
solo	-1.5
somma	1.5
sommersi	-1.5
sommità	1.5
sonagli	-1.5
sontuosa	1.5
sontuoso	1.5
soppressione	-1.5
sopprimere	-1.5
sopra	1.5
sopraelevazione	1.5
sopraffare	-1.5
sopraffatti	-1.5
sopravvissuto	1.5
sopravvivenza	1.5
sordi	-1.5
sordità	-1.5
sordo	-1.5
sorpasso	1.5
sorprendente	1.5
sorprendentemente	1.5
sorpresa	-1.5
sorridente	1.5
sorridere	1.5
sorrisi	1.5
sorriso	1.5
sorry	-1.5
sorveglianza	-1.5
sospettare	-1.5
sospetti	-1.5
sospetto	-1.5
sospettoso	-1.5
sostantivo	1.5
sostanziale	1.5
sostenere	1.5
sostenibile	1.5
sostenibilità	1.5
sostenitore	1.5
sostenitori	1.5
sostenitrice	1.5
sostenuto	1.5
sostituibile	1.5
sostituto	1.5
sottile	1.5
sottolinea	-1.5
sottolineare	-1.5
sottomesso	-1.5
sottomissione	-1.5
sottoporre	-1.5
sottoposto	-1.5
sottotono	-1.5
sottovalutare	-1.5
sottrarre	-1.5
sovraccarico	-1.5
sovrappeso	-1.5
sovversione	-1.5
sovversivo	-1.5
sovvertire	-1.5
spaccare	-1.5
spaccato	-1.5
spaccatura	-1.5
spaccature	-1.5
spaccone	-1.5
spade	-1.5
spargimento	-1.5
spartire	-1.5
spasmo	-1.5
spavaldo	-1.5
spaventare	-1.5
spaventato	-1.5
spavento	-1.5
spaventoso	-1.5
spazioso	1.5
spazzando	1.5
spazzata	1.5
spazzatura	-1.5
spegnere	-1.5
spensierato	1.5
spento	-1.5
speranza	1.5
spericolato	-1.5
sperimentale	-1.5
spesso	-1.5
spettacolare	1.5
spettrale	-1.5
spiacevole	-1.5
spiare	-1.5
spicchio	-1.5
spietatamente	-1.5
spietatezza	-1.5
spietato	-1.5
spingere	1.5
spinoso	-1.5
spinta	1.5
spiritual	1.5
spirituale	1.5
splendidamente	1.5
splendido	1.5
splendore	1.5
split	-1.5
spontaneo	1.5
sporadica	-1.5
sporadico	-1.5
sporca	-1.5
sporche	-1.5
sporchi	-1.5
sporcizia	-1.5
sporco	-1.5
sportivo	1.5
spostamento	-1.5
spostare	-1.5
sprecare	-1.5
spreco	-1.5
spregevole	-1.5
sprezzante	-1.5
sprofondare	-1.5
sproporzionata	-1.5
sproporzionato	-1.5
spudoratamente	-1.5
spumante	1.5
spuria	-1.5
squallida	-1.5
squallido	-1.5
squalo	-1.5
squash	-1.5
squilibrio	-1.5
squisitamente	1.5
squisito	1.5
stabile	1.5
stabilità	1.5
stabilizzare	1.5
stable	1.5
stagionato	1.5
stagnante	-1.5
stagnazione	-1.5
stalle	-1.5
stallo	-1.5
stanchezza	-1.5
stanco	-1.5
static	-1.5
statica	-1.5
statico	-1.5
stecca	-1.5
stellare	1.5
stentata	-1.5
stentato	-1.5
stereotipata	-1.5
stereotipo	-1.5
sterile	-1.5
sterminare	-1.5
sterminio	-1.5
stigma	-1.5
stilizzato	1.5
stimola	1.5
stimolando	1.5
stimolare	1.5
stola	-1.5
stordimento	1.5
stordire	-1.5
storpio	-1.5
storto	-1.5
strage	-1.5
stragi	-1.5
strambo	-1.5
strana	-1.5
stranamente	-1.5
stranezza	-1.5
stranezze	-1.5
strange	-1.5
strangolare	-1.5
straniera	-1.5
straniero	-1.5
strano	-1.5
straordinaria	1.5
straordinariamente	1.5
straordinario	1.5
strappare	-1.5
strappato	-1.5
strappo	-1.5
stratagemma	-1.5
stravagante	-1.5
stravaganza	-1.5
straziante	-1.5
stress	-1.5
stressante	-1.5
stretta	-1.5
strettamente	-1.5
stretto	-1.5
stridente	-1.5
strike	-1.5
strisciante	-1.5
strisciare	-1.5
striscio	-1.5
stroncare	-1.5
strong	1.5
strumentale	1.5
stufato	-1.5
stunt	-1.5
stupefatto	-1.5
stupendo	1.5
stupidità	-1.5
stupido	-1.5
stupito	1.5
stupore	1.5
stupro	-1.5
subalterni	-1.5
subalterno	-1.5
subdolo	-1.5
subire	-1.5
sublime	1.5
subordinate	-1.5
subordinato	-1.5
successi	1.5
successivo	1.5
successo	1.5
succhiare	-1.5
sudario	-1.5
sue	-1.5
sufficiente	1.5
sufficientemente	1.5
sufficienza	1.5
suggerimento	1.5
suggestivo	1.5
suicida	-1.5
suicide	-1.5
suicidio	-1.5
suino	-1.5
suonare	-1.5
super	1.5
supera	1.5
superare	1.5
superato	1.5
superbia	1.5
superficiale	-1.5
superficialmente	-1.5
superfluo	-1.5
superiore	1.5
superiorità	1.5
superstite	1.5
superstizione	-1.5
superstizioso	-1.5
suppliche	-1.5
support	1.5
supporta	1.5
supportare	1.5
supportato	1.5
supporter	1.5
supporto	1.5
suprema	1.5
supremazia	1.5
supreme	1.5
supremo	1.5
surreale	1.5
survival	1.5
suscettibile	-1.5
svago	1.5
svantaggi	-1.5
svantaggiati	-1.5
svantaggio	-1.5
sveglio	1.5
svelare	-1.5
svenimento	-1.5
svenire	-1.5
svista	-1.5
sweet	1.5
tabù	-1.5
taciturno	1.5
tagliando	-1.5
tagliare	-1.5
tagliente	1.5
taglio	-1.5
talent	1.5
talenti	1.5
talento	1.5
talentuoso	1.5
talismano	1.5
tank	-1.5
tarda	-1.5
tardiva	-1.5
tardivo	-1.5
tardo	-1.5
tassazione	-1.5
tasti	-1.5
temerario	-1.5
temere	-1.5
temperamento	-1.5
tempesta	-1.5
tempestivamente	1.5
tempestivo	1.5
tempestoso	-1.5
tempo	-1.5
tenacemente	-1.5
tenacia	1.5
tenacità	-1.5
tenda	-1.5
tender	1.5
tendere	-1.5
tenebra	-1.5
tenebre	-1.5
tenebroso	-1.5
tenerezza	-1.5
tenero	1.5
tensione	-1.5
tentazione	-1.5
tenue	-1.5
teppista	-1.5
termico	1.5
terminato	-1.5
terra	-1.5
terribile	-1.5
terribilmente	-1.5
terrore	-1.5
terrorismo	-1.5
terrorizzare	-1.5
terrorizzato	-1.5
terzetto	-1.5
tesa	-1.5
teso	-1.5
tesoro	1.5
testarda	-1.5
testardaggine	-1.5
testardo	-1.5
tetro	-1.5
thrash	-1.5
tic	-1.5
tiepida	-1.5
tiepido	-1.5
timida	-1.5
timido	-1.5
timoroso	-1.5
tirannia	-1.5
tirannico	-1.5
tirannide	-1.5
tiranno	-1.5
tirare	-1.5
tollerabile	1.5
tonto	-1.5
top	1.5
toporagno	-1.5
torbida	-1.5
torcere	-1.5
tormentare	-1.5
tormentato	-1.5
tormento	-1.5
torrent	-1.5
torrente	-1.5
torrione	-1.5
torsione	-1.5
tortuoso	-1.5
tortura	-1.5
torturare	-1.5
torturati	-1.5
torture	-1.5
tossica	-1.5
tossico	-1.5
tossicodipendente	-1.5
tossicodipendenti	-1.5
tosto	1.5
totale	-1.5
totalitario	-1.5
tout	-1.5
traballante	-1.5
traccia	-1.5
tracciare	-1.5
tradimento	-1.5
tradire	-1.5
tradisce	-1.5
traditore	-1.5
tragedia	-1.5
tragicamente	-1.5
tragico	-1.5
trainare	-1.5
tralasciare	-1.5
trama	-1.5
trambusto	-1.5
tramonto	-1.5
tranello	-1.5
tranquillamente	1.5
tranquillità	1.5
tranquillizzare	1.5
tranquillo	1.5
trappola	-1.5
trascina	-1.5
trascinando	-1.5
trascinare	-1.5
trascinato	-1.5
trascurare	-1.5
trascuratezza	-1.5
trascurato	-1.5
trasgressione	-1.5
trasgressori	-1.5
trash	-1.5
trasparente	1.5
trattenere	-1.5
trauma	-1.5
traumatico	-1.5
traumatizzato	-1.5
travagliato	-1.5
travolge	-1.5
travolgere	-1.5
trazione	1.5
tregua	1.5
tremendamente	1.5
trick	-1.5
trio	-1.5
trionfale	1.5
trionfalmente	1.5
trionfante	1.5
trionfare	1.5
trionfo	1.5
triste	-1.5
tristezza	-1.5
trofeo	1.5
tromba	1.5
trombettista	1.5
troppo	-1.5
trottola	1.5
trovarsi	-1.5
trovata	-1.5
truccato	-1.5
trucchi	-1.5
trucco	-1.5
truffa	-1.5
truffare	-1.5
truffato	-1.5
truffatore	-1.5
truffatori	-1.5
truffe	-1.5
trust	1.5
tumulto	-1.5
tumultuosa	-1.5
turbamento	-1.5
turbare	-1.5
turbolento	-1.5
turbolenze	-1.5
tutto	1.5
twist	-1.5
ubriaco	-1.5
ubriacone	-1.5
uccello	-1.5
uccide	-1.5
uccidendo	-1.5
uccidere	-1.5
uccisione	-1.5
ucciso	-1.5
udibile	1.5
ugualmente	1.5
ulcera	-1.5
ulteriore	-1.5
ultimatum	-1.5
umano	1.5
umido	-1.5
umiliante	-1.5
umiliazione	-1.5
umilmente	-1.5
umiltà	1.5
umore	1.5
umorismo	1.5
umoristico	1.5
unexpected	-1.5
uniformemente	1.5
unità	1.5
urgente	-1.5
urlare	-1.5
urlo	-1.5
urtare	-1.5
urtato	-1.5
urto	-1.5
usato	-1.5
ustioni	-1.5
usura	-1.5
usurpare	-1.5
usurpatore	-1.5
utile	1.5
utilizzabile	1.5
vacillare	-1.5
vagabondo	-1.5
vaghezza	-1.5
vago	-1.5
valanga	-1.5
valente	1.5
valido	1.5
valor	1.5
valore	1.5
valorizzazione	1.5
valorosamente	1.5
valoroso	1.5
valuta	1.5
vanamente	-1.5
vandalo	-1.5
vanga	-1.5
vanitoso	-1.5
vanità	-1.5
vano	-1.5
vantaggi	1.5
vantaggio	1.5
vantaggioso	1.5
vapore	-1.5
varietà	1.5
veemente	-1.5
veemenza	-1.5
veleno	-1.5
velenosi	-1.5
velenoso	-1.5
veloce	1.5
velocemente	1.5
vendetta	-1.5
vendicare	-1.5
vendicarsi	-1.5
vendicativo	-1.5
venerare	1.5
venerate	1.5
ventosa	-1.5
vergogna	-1.5
vergognoso	-1.5
verificabile	1.5
veritiero	1.5
verità	1.5
vero	1.5
versatile	1.5
versatilità	1.5
vertigini	-1.5
vertiginoso	-1.5
vescica	-1.5
vesciche	-1.5
vestigia	-1.5
vibrante	1.5
vibrare	-1.5
vibrazione	-1.5
vibrazioni	-1.5
vice	-1.5
vietando	-1.5
vietare	-1.5
vietato	-1.5
vigilante	1.5
vigilanza	1.5
vigile	1.5
vigili	1.5
vigliacco	-1.5
vile	-1.5
vince	1.5
vincente	1.5
vincere	1.5
vincita	1.5
vincitore	1.5
vincitori	1.5
vincitrice	1.5
vinto	1.5
violare	-1.5
violate	-1.5
violazione	-1.5
violentare	-1.5
violentata	-1.5
violentemente	-1.5
violento	-1.5
violenza	-1.5
vipera	-1.5
virtuoso	1.5
virtù	1.5
virulenza	-1.5
virus	-1.5
viscoso	-1.5
visionario	1.5
vittima	-1.5
vittoria	1.5
vittorioso	1.5
vivace	1.5
vivacità	1.5
vivido	1.5
viziato	-1.5
vizioso	-1.5
voce	-1.5
volatile	-1.5
volatili	-1.5
volatilità	-1.5
volentieri	1.5
volete	1.5
volgare	-1.5
volubile	-1.5
voluminoso	-1.5
vomitare	-1.5
vomito	-1.5
vulnerabile	-1.5
vuoto	-1.5
warm	1.5
warning	-1.5
warp	-1.5
wedge	-1.5
well	1.5
wild	-1.5
win	1.5
won	1.5
wonder	1.5
work	1.5
works	1.5
zenit	1.5
zeppa	-1.5
zero	-1.5
zitella	-1.5
zoccolo	-1.5
zombi	-1.5
zombie	-1.5
zoppo	-1.5
zucca	-1.5
zuffa	-1.5
