Bonus	1.5
Terror	-1.5
Virus	-1.5
abuse	-1.5
advanced	1.5
advantage	1.5
ambiguous	-1.5
ambitious	1.5
anarchist	-1.5
angel	1.5
appeal	1.5
appropriate	1.5
approval	1.5
assault	-1.5
attack	-1.5
available	1.5
award	1.5
awards	1.5
awesome	1.5
ax	-1.5
bad	-1.5
bash	-1.5
beautiful	1.5
beauty	1.5
best	1.5
better	1.5
bitter	-1.5
blind	-1.5
bloom	1.5
blossom	1.5
blow	-1.5
bomb	-1.5
bonus	1.5
break	-1.5
bright	1.5
brilliant	1.5
broken	-1.5
bug	-1.5
cancer	-1.5
capability	1.5
cave	-1.5
classic	1.5
clean	1.5
clear	1.5
cloud	-1.5
coarse	-1.5
cold	-1.5
collapse	-1.5
comfort	1.5
compact	1.5
complex	-1.5
comprehensive	1.5
conflict	-1.5
cons	-1.5
conspiracy	-1.5
cool	1.5
correct	1.5
crash	-1.5
crazy	-1.5
crime	-1.5
crisis	-1.5
critical	-1.5
criticism	-1.5
cry	-1.5
curses	-1.5
cute	1.5
damage	-1.5
dark	-1.5
darkness	-1.5
dead	-1.5
death	-1.5
debt	-1.5
delay	-1.5
desert	-1.5
destroyer	-1.5
devil	-1.5
die	-1.5
died	-1.5
dim	-1.5
din	-1.5
dire	-1.5
disaster	-1.5
disorder	-1.5
dispute	-1.5
doubt	-1.5
dump	-1.5
dust	-1.5
dynamic	1.5
easy	1.5
effective	1.5
enemy	-1.5
enough	1.5
error	-1.5
everlasting	1.5
evil	-1.5
expired	-1.5
fail	-1.5
failed	-1.5
failure	-1.5
fair	1.5
faith	1.5
fall	-1.5
fallacy	-1.5
false	-1.5
famous	1.5
fast	1.5
fat	-1.5
fatty	-1.5
fault	-1.5
fear	-1.5
feat	1.5
fever	-1.5
fiction	-1.5
fine	1.5
fool	-1.5
fortune	1.5
fragile	-1.5
free	1.5
freedom	1.5
friendly	1.5
fuck	-1.5
fun	1.5
garbage	-1.5
gem	1.5
genius	1.5
glee	1.5
glory	1.5
gold	1.5
golden	1.5
good	1.5
grand	1.5
great	1.5
greatest	1.5
hack	-1.5
happiness	1.5
happy	1.5
hard	-1.5
harmony	1.5
heaven	1.5
heavenly	1.5
hell	-1.5
hero	1.5
hollow	-1.5
holy	1.5
honor	1.5
hot	1.5
ideal	1.5
idol	1.5
illusion	-1.5
imaginary	-1.5
important	1.5
improve	1.5
incorrect	-1.5
infection	-1.5
inferior	-1.5
injury	-1.5
instrumental	1.5
integral	1.5
integrated	1.5
intelligence	1.5
invalid	-1.5
issue	-1.5
issues	-1.5
jam	-1.5
joke	-1.5
joy	1.5
kill	-1.5
killer	-1.5
lag	-1.5
lazy	-1.5
lead	1.5
leading	1.5
led	1.5
liability	-1.5
liberty	1.5
lie	-1.5
like	1.5
limit	-1.5
limited	-1.5
logical	1.5
lose	-1.5
loss	-1.5
lost	-1.5
love	1.5
lover	1.5
loves	1.5
loving	1.5
magic	1.5
massacre	-1.5
master	1.5
merry	1.5
miss	-1.5
modern	1.5
monster	-1.5
murder	-1.5
negative	-1.5
nice	1.5
noble	1.5
noise	-1.5
object	-1.5
odd	-1.5
overture	1.5
pain	-1.5
pan	-1.5
peace	1.5
peach	1.5
perfect	1.5
pleasure	1.5
plot	-1.5
poor	-1.5
popular	1.5
portable	1.5
positive	1.5
pretty	1.5
pride	1.5
prison	-1.5
prize	1.5
problem	-1.5
problems	-1.5
progress	1.5
progressive	1.5
promise	1.5
promoter	1.5
proper	1.5
protect	1.5
protection	1.5
proud	1.5
pure	1.5
quiet	1.5
radical	-1.5
rail	-1.5
rapid	1.5
ready	1.5
reject	-1.5
reliable	1.5
resignation	-1.5
resistance	-1.5
respect	1.5
restored	1.5
restrict	-1.5
revert	-1.5
rich	1.5
right	1.5
risk	-1.5
rot	-1.5
rough	-1.5
rue	-1.5
sad	-1.5
safe	1.5
saint	1.5
shark	-1.5
sharp	1.5
shine	1.5
shock	-1.5
significant	1.5
sin	-1.5
slave	-1.5
sloth	-1.5
slow	-1.5
smart	1.5
smile	1.5
smoke	-1.5
soft	1.5
solid	1.5
sorry	-1.5
spiritual	1.5
split	-1.5
stable	1.5
static	-1.5
strain	-1.5
strange	-1.5
stress	-1.5
strike	-1.5
strong	1.5
stupid	-1.5
success	1.5
super	1.5
superior	1.5
support	1.5
supported	1.5
survival	1.5
sweet	1.5
syndrome	-1.5
tank	-1.5
tender	1.5
terrorism	-1.5
thank	1.5
top	1.5
tout	-1.5
transparent	1.5
trap	-1.5
trick	-1.5
trump	1.5
trust	1.5
undefined	-1.5
unity	1.5
unknown	-1.5
useful	1.5
variety	1.5
vent	-1.5
vice	-1.5
virus	-1.5
warning	-1.5
weak	-1.5
wedge	-1.5
welcome	1.5
well	1.5
wild	-1.5
win	1.5
wise	1.5
won	1.5
wonder	1.5
wonderful	1.5
work	1.5
works	1.5
wrong	-1.5
アイロニー	-1.5
アウトサイダー	-1.5
アクセル	-1.5
アグレッシブ	-1.5
アシスト	1.5
アジャイル	1.5
アタック	-1.5
アップグレード	1.5
アドバンス	1.5
アドバンテージ	1.5
アナキズム	-1.5
アナーキスト	-1.5
アナーキズム	-1.5
アナーキー	-1.5
アピール	1.5
アブノーマル	-1.5
アホ	-1.5
アメニティ	1.5
アラーム	-1.5
アルカイック	-1.5
アルメリア	1.5
アレルギー	-1.5
アンダーカット	-1.5
アンドゥ	-1.5
イノベーション	1.5
イライラ	-1.5
イラクサ	-1.5
インストルメンタル	1.5
インスパイア	1.5
インスピレーション	1.5
インテグラル	1.5
インテリジェンス	1.5
インテリジェント	1.5
インビジブル	-1.5
インピーダンス	-1.5
インベーダー	-1.5
ウィナー	1.5
ウィルス	-1.5
ウイルス	-1.5
ウェッジ	-1.5
ウォン	1.5
エキサイティング	1.5
エキサイト	1.5
エキセントリック	-1.5
エクスタシー	1.5
エクスプロイト	-1.5
エクセル	1.5
エスケープ	-1.5
エッチ	-1.5
エネルギッシュ	1.5
エラー	-1.5
エリート	1.5
エレガンス	1.5
エレガント	1.5
エンジョイ	1.5
エンゼル	1.5
エンパワーメント	1.5
オアシス	1.5
オタク	1.5
オッサン	-1.5
オブジェクト	-1.5
オベーション	1.5
オマージュ	1.5
オーセンティック	1.5
オーバー	1.5
オーバーヒート	-1.5
オーバーラン	-1.5
オーバーロード	-1.5
カオス	-1.5
カッコイイ	-1.5
カノジョ	1.5
カバー	1.5
カモ	-1.5
カラフル	1.5
カリスマ	1.5
カンニング	-1.5
ガイダンス	1.5
ガフ	-1.5
ガラガラ	-1.5
ガラクタ	-1.5
キラー	-1.5
キル	-1.5
ギミック	-1.5
ギャングスター	-1.5
クイナ	-1.5
クサ	-1.5
クサリヘビ	-1.5
クズ	-1.5
クソ	-1.5
クライシス	-1.5
クラウド	-1.5
クラシック	1.5
クラック	-1.5
クラッシュ	-1.5
クリア	1.5
クリティカル	-1.5
クリーナー	1.5
クリープ	-1.5
クリーン	1.5
クレイジー	-1.5
クレージー	-1.5
クール	1.5
グラインド	-1.5
グラマラス	1.5
グリッター	1.5
グリッチ	-1.5
グレート	1.5
グロ	-1.5
グロス	-1.5
グロテスク	-1.5
グロー	1.5
グーグー	-1.5
ゲイン	1.5
ゲットー	-1.5
コイ	-1.5
コヒーレント	1.5
コミカル	-1.5
コミットメント	1.5
コンタミネーション	-1.5
コンパクト	1.5
コンビニエンス	1.5
コンフリクト	-1.5
コンプレックス	-1.5
コールド	-1.5
ゴシップ	-1.5
ゴミ	-1.5
ゴージャス	1.5
ゴールデン	1.5
ゴールド	1.5
サイコー	-1.5
サイレント	1.5
サグ	-1.5
サッカー	-1.5
サック	-1.5
サバイバル	1.5
サボタージュ	-1.5
サポーター	1.5
サポート	1.5
サメ	-1.5
サワー	-1.5
サンク	-1.5
シェーク	-1.5
シチュー	-1.5
シック	1.5
シニカル	-1.5
シャルム	1.5
シャープ	1.5
シュラウド	-1.5
ショッキング	-1.5
ショック	-1.5
シンク	-1.5
シンドローム	-1.5
シンナー	1.5
シンプル	1.5
シームレス	1.5
ジェットコースター	-1.5
ジェノサイド	-1.5
ジェラシー	-1.5
ジッタ	-1.5
ジッター	-1.5
ジャム	-1.5
ジャンク	-1.5
ジャーキー	-1.5
ジャーク	-1.5
ジョイフル	1.5
ジョーカー	-1.5
ジョーク	-1.5
ジレンマ	-1.5
スカッシュ	-1.5
スキニー	-1.5
スキャンダラス	-1.5
スキャンダル	-1.5
スキル	1.5
スクラッチ	-1.5
スクラップ	-1.5
スクランブル	-1.5
スクリーンセーバー	1.5
スケープゴート	-1.5
スタイリッシュ	1.5
スタック	-1.5
スタン	-1.5
スタント	-1.5
スターク	-1.5
スティグマ	-1.5
ステイルメイト	-1.5
ステレオタイプ	-1.5
ステンレス	1.5
ストライキ	-1.5
ストライク	-1.5
ストラット	-1.5
ストレス	-1.5
ストレンジャー	-1.5
ストール	-1.5
スネア	-1.5
スパイ	-1.5
スピリチュアル	1.5
スピーディ	1.5
スピーディー	1.5
スプリアス	-1.5
スプリット	-1.5
スペード	-1.5
スポイル	-1.5
スポーティー	1.5
スマイル	1.5
スマッシュ	-1.5
スマート	1.5
スムース	1.5
スムーズ	1.5
スライム	-1.5
スラック	-1.5
スラッシュ	-1.5
スランプ	-1.5
スラー	-1.5
スリリング	1.5
スリル	1.5
スレーブ	-1.5
スロットル	-1.5
スーパー	1.5
セクシー	1.5
セレニティ	1.5
センセーショナル	1.5
センセーション	1.5
セーフ	1.5
セーブ	1.5
ゼスト	1.5
ゼロ	1.5
ソフト	1.5
ソーリー	-1.5
ゾンビ	-1.5
タイムリー	1.5
タイル	-1.5
タバコ	-1.5
タフ	1.5
タフネス	-1.5
タブー	-1.5
タンク	-1.5
タンパー	-1.5
タンブル	-1.5
ダイナミック	1.5
ダウングレード	-1.5
ダム	-1.5
ダメージ	-1.5
ダンジョン	-1.5
ダンパー	-1.5
ダンピング	-1.5
ダンプ	-1.5
ダーク	-1.5
ダート	-1.5
ダーリン	1.5
チア	1.5
チェ	-1.5
チャフ	-1.5
チャンス	1.5
チャンピオン	1.5
チャンプ	1.5
チャーム	1.5
チョーク	-1.5
チート	-1.5
ツイスト	-1.5
テロ	-1.5
テロリズム	-1.5
テンス	-1.5
ディス	-1.5
ディフェンダー	1.5
ディベート	-1.5
ディレイ	-1.5
ディン	-1.5
デカダン	-1.5
デカダンス	-1.5
デッド	-1.5
デッドロック	-1.5
デブ	-1.5
デメリット	-1.5
デーモン	-1.5
トガリネズミ	-1.5
トップ	1.5
トップス	1.5
トラウマ	-1.5
トラッシュ	-1.5
トラップ	-1.5
トラブル	-1.5
トラブルメーカー	-1.5
トランペット	1.5
トリッキー	-1.5
トリック	-1.5
トロフィー	1.5
トール	-1.5
ドラグーン	-1.5
ドラッギング	-1.5
ドラッグ	-1.5
ドレイン	-1.5
ドロップアウト	-1.5
ドローン	-1.5
ドープ	-1.5
ナイフ	-1.5
ナイーブ	-1.5
ナチス	-1.5
ナチズム	-1.5
ナマケモノ	-1.5
ナメクジ	-1.5
ナンセンス	-1.5
ナーバス	-1.5
ニート	1.5
ネガ	-1.5
ネガフィルム	-1.5
ネグレクト	-1.5
ノイズ	-1.5
ノック	-1.5
ノベルティ	1.5
ノーブル	1.5
ハグ	1.5
ハザード	-1.5
ハスラー	-1.5
ハック	-1.5
ハッピー	1.5
ハニー	1.5
ハミング	-1.5
ハム	-1.5
ハング	-1.5
ハンサム	1.5
ハンディ	1.5
ハーディ	1.5
ハード	-1.5
ハーバー	-1.5
ハーモナイズ	1.5
ハーモニー	1.5
バイアス	-1.5
バイス	-1.5
バイラス	-1.5
バギー	-1.5
バグ	-1.5
バスト	-1.5
バックボーン	1.5
バックル	-1.5
バッフル	-1.5
バリケード	-1.5
バルキー	-1.5
バンプ	-1.5
バーゲン	1.5
バーサーカー	-1.5
パッシブ	-1.5
パニック	-1.5
パペット	-1.5
パラダイス	1.5
パラノイア	-1.5
パラマウント	1.5
パルチザン	-1.5
パロディ	-1.5
パロディー	-1.5
パワフル	1.5
パン	-1.5
パンク	-1.5
パンチ	-1.5
パーフェクト	1.5
ヒス	-1.5
ヒステリー	-1.5
ヒューム	-1.5
ヒラメ	-1.5
ヒル	-1.5
ヒロイック	1.5
ヒロイン	1.5
ヒーロー	1.5
ビビッド	1.5
ビューティー	1.5
ビールス	-1.5
ピケ	-1.5
ピケット	-1.5
ピュア	1.5
ピンチ	-1.5
ファウル	-1.5
ファシスト	-1.5
ファシズム	-1.5
ファジー	-1.5
ファック	-1.5
ファッショナブル	1.5
ファッジ	-1.5
ファナティック	-1.5
ファルス	-1.5
ファン	1.5
ファンキー	-1.5
ファンシー	1.5
ファンタスティック	1.5
ファンファーレ	1.5
ファンブル	-1.5
ファースト	1.5
フィクション	-1.5
フェア	1.5
フェアー	1.5
フェイル	-1.5
フェイント	-1.5
フライ	-1.5
フライト	-1.5
フライド	-1.5
フラストレーション	-1.5
フラッター	1.5
フリー	1.5
フリーク	-1.5
フリーズ	-1.5
フレア	-1.5
フレアー	-1.5
フレキシブル	1.5
フレット	-1.5
フレーク	-1.5
フーリガン	-1.5
ブタ	-1.5
ブラインド	-1.5
ブラスト	-1.5
ブランド	-1.5
ブリスター	-1.5
ブリリアント	1.5
ブリーフ	-1.5
ブルート	-1.5
ブレーキ	-1.5
ブレーク	-1.5
ブレークスルー	1.5
ブロックバスター	1.5
ブロー	-1.5
ブロークン	-1.5
ブーム	1.5
プア	-1.5
プライド	1.5
プリティ	1.5
プリプリ	-1.5
プリミティブ	-1.5
プレシャス	1.5
プレミア	1.5
プログレッシブ	1.5
プロッタ	-1.5
プロッター	-1.5
プロット	-1.5
プロテスト	-1.5
プロパガンダ	-1.5
プロミネンス	1.5
プロモーター	1.5
プロンプト	1.5
ヘイスト	-1.5
ヘイズ	-1.5
ヘゲモニー	-1.5
ヘッジ	-1.5
ヘドロ	-1.5
ヘルシー	1.5
ベスト	1.5
ベター	1.5
ベネフィット	1.5
ベルセルク	-1.5
ベント	-1.5
ペイル	-1.5
ペスト	-1.5
ペテン	-1.5
ペナルティ	-1.5
ペナルティー	-1.5
ペナルティーキック	-1.5
ペニス	-1.5
ホイップ	-1.5
ホット	1.5
ホロー	-1.5
ボア	-1.5
ボイコット	-1.5
ボケ	-1.5
ボンデージ	-1.5
ボーナス	1.5
ボーリング	-1.5
ポカ	-1.5
ポジティブ	1.5
ポジフィルム	1.5
ポピュラー	1.5
ポータブル	1.5
マジック	1.5
マスター	1.5
マスターズ	1.5
マッシュ	-1.5
マッシュポテト	-1.5
マット	-1.5
マニア	-1.5
マニアック	-1.5
マンネリ	-1.5
マー	-1.5
マージナル	-1.5
マーダー	-1.5
ミス	-1.5
ミステリアス	-1.5
ミステリー	-1.5
ミスト	-1.5
ミスリード	-1.5
ミゼット	-1.5
ミラージュ	-1.5
ミルクセーキ	-1.5
ムーディ	-1.5
ムーディー	-1.5
メリット	1.5
メリー	1.5
メルトダウン	-1.5
モダン	1.5
モック	-1.5
モロン	-1.5
モンスター	-1.5
ユーモア	1.5
ユーモラス	1.5
ライ	-1.5
ライク	1.5
ライター	1.5
ライチョウ	-1.5
ライバル	-1.5
ラショナル	1.5
ラジカル	-1.5
ラッキー	1.5
ラフ	-1.5
ラポール	1.5
ラメ	-1.5
リジッド	-1.5
リスク	-1.5
リストア	1.5
リストラ	1.5
リッチ	1.5
リトラクタブル	1.5
リファイン	1.5
リフト	-1.5
リフレッシュ	1.5
リベンジ	-1.5
リミット	-1.5
リラックス	1.5
リリカル	1.5
リンチ	-1.5
リーク	-1.5
リーチ	-1.5
リーディング	1.5
リート	-1.5
リード	1.5
ルアー	-1.5
ルネサンス	1.5
ルーズ	-1.5
レイオフ	-1.5
レイシズム	-1.5
レイテンシ	-1.5
レイプ	-1.5
レッド	1.5
レトリック	-1.5
レモン	-1.5
レール	-1.5
ロイヤル	1.5
ロジカル	1.5
ロスト	-1.5
ロッキー	-1.5
ロマンチック	1.5
ローラーコースター	-1.5
ワイズ	1.5
ワウ	1.5
ワンダー	1.5
ワンマン	-1.5
ワースト	-1.5
ワープ	-1.5
