Aneh	-1.5
Anggun	-1.5
Bash	-1.5
Dragoon	-1.5
Ironinya	-1.5
Janji	1.5
Kelemahan	-1.5
Kezaliman	-1.5
Lhasa	-1.5
Rompakan	-1.5
abnormal	-1.5
absence	-1.5
absurd	-1.5
abundance	1.5
abuse	-1.5
accessible	1.5
accidental	-1.5
acclaim	1.5
acclaimed	1.5
accomplished	1.5
accurate	1.5
accurately	1.5
accusations	-1.5
achievement	1.5
achievements	1.5
adab	1.5
adan	1.5
adequate	1.5
adil	1.5
admiration	1.5
aduan	-1.5
advanced	1.5
advantage	1.5
advantages	1.5
adverse	-1.5
advocate	1.5
advocated	1.5
advocates	1.5
affection	1.5
affirmative	1.5
affluent	1.5
afford	1.5
afirmatif	1.5
agak	1.5
aggressive	-1.5
agresif	-1.5
agung	1.5
ajaib	1.5
akrab	1.5
aksi	-1.5
alah	-1.5
alahan	-1.5
amal	1.5
aman	1.5
amanah	1.5
amaran	-1.5
amat	1.5
amazing	1.5
ambiguity	-1.5
ambiguous	-1.5
ambitious	1.5
ambivalent	-1.5
amicable	1.5
anarki	-1.5
anarkis	-1.5
anarkisme	-1.5
ancaman	-1.5
aneh	-1.5
angel	1.5
anger	-1.5
anggun	1.5
angin	1.5
angry	-1.5
anomali	-1.5
antagonis	-1.5
anugerah	1.5
apologists	-1.5
appeal	1.5
appreciate	1.5
appropriate	1.5
approval	1.5
arak	-1.5
arbitrary	-1.5
asal	-1.5
asap	-1.5
asas	1.5
aspirasi	1.5
assault	-1.5
assurance	1.5
atas	1.5
atrofi	-1.5
atrophy	-1.5
attack	-1.5
attacks	-1.5
attraction	1.5
aurum	1.5
authentic	1.5
autokratik	-1.5
autonomi	1.5
autonomous	1.5
autoritarian	-1.5
available	1.5
awan	-1.5
award	1.5
awarded	1.5
awards	1.5
awe	1.5
ax	-1.5
azab	-1.5
azam	1.5
babi	-1.5
backward	-1.5
bad	-1.5
badai	-1.5
badly	-1.5
bagai	1.5
baghal	-1.5
bagus	1.5
bahagia	1.5
bahaya	-1.5
baik	1.5
bait	-1.5
baji	-1.5
bajingan	-1.5
bak	1.5
bakar	-1.5
bakat	1.5
balanced	1.5
balas	-1.5
balik	1.5
banduan	-1.5
bangga	1.5
bangkrap	-1.5
banjir	-1.5
bankrap	-1.5
bantahan	-1.5
bantuan	1.5
banyak	1.5
barah	-1.5
basi	-1.5
batang	-1.5
batas	-1.5
batasan	-1.5
batin	-1.5
bau	-1.5
bawahan	-1.5
bawahannya	-1.5
bayangan	-1.5
beautiful	1.5
beauty	1.5
beban	-1.5
bebas	1.5
beda	-1.5
beg	-1.5
bekerja	1.5
bekerjasama	1.5
beku	-1.5
belenggu	1.5
beloved	1.5
benak	-1.5
benar	1.5
benarkan	1.5
bencana	-1.5
benci	-1.5
beneficial	1.5
benefisiari	1.5
benefit	1.5
benefits	1.5
bengkak	-1.5
bengkok	-1.5
beracun	-1.5
beralun	-1.5
berani	1.5
berasas	-1.5
berat	-1.5
berbakat	1.5
berbaloi	1.5
berbaring	-1.5
berbatu	-1.5
berbau	-1.5
berbelit	-1.5
berbeza	-1.5
berbisa	-1.5
berbohong	-1.5
berbunga	1.5
bercahaya	1.5
bercampur	-1.5
bercanggah	-1.5
bercelaru	-1.5
berdarah	-1.5
berdebu	-1.5
berdegil	-1.5
berdendam	-1.5
berdepan	-1.5
berdosa	-1.5
berduri	-1.5
berfaedah	1.5
berfikiran	-1.5
bergaduh	-1.5
berganjak	-1.5
bergaul	1.5
bergaya	1.5
bergegas	-1.5
bergelora	-1.5
bergelut	-1.5
bergembira	1.5
bergerak	-1.5
bergerigi	-1.5
bergetar	-1.5
berguna	1.5
berhadas	-1.5
berhak	1.5
berharap	1.5
berharga	1.5
berhasil	1.5
berhasrat	1.5
berhemah	1.5
beriman	-1.5
berisiko	-1.5
berjangkit	-1.5
berjanji	1.5
berjasa	1.5
berjaya	1.5
berjimat	1.5
berjuang	-1.5
berkabung	-1.5
berkait	-1.5
berkarat	-1.5
berkarisma	1.5
berkat	1.5
berkedut	-1.5
berkelayakan	1.5
berkelip	-1.5
berkembang	1.5
berkeras	-1.5
berkesan	1.5
berkilat	1.5
berkilau	1.5
berkilauan	1.5
berkurang	-1.5
berlagak	-1.5
berlaku	-1.5
berlarutan	-1.5
berlebihan	-1.5
berleluasa	-1.5
berlubang	-1.5
berlumpur	-1.5
bermaruah	1.5
bermasalah	-1.5
berminyak	-1.5
bermoral	-1.5
bermotivasi	1.5
bermusuhan	-1.5
bernilai	1.5
berparut	-1.5
berpatutan	1.5
berpecah	-1.5
berpendidikan	1.5
berpengaruh	1.5
berpengetahuan	1.5
berperang	-1.5
berperikemanusiaan	1.5
berprestij	1.5
berprinsip	1.5
berpuasa	1.5
bersandar	1.5
bersantai	-1.5
bersedia	1.5
bersedih	-1.5
bersejarah	1.5
bersemangat	1.5
bersepadu	1.5
berseri	1.5
bersetuju	1.5
bersih	1.5
bersinar	1.5
bersisik	-1.5
bersorak	1.5
bersubahat	-1.5
bersyukur	1.5
bertakung	-1.5
bertengkar	-1.5
berterusan	-1.5
bertiga	-1.5
bertuah	1.5
bertumbuk	-1.5
berukuran	-1.5
berulang	-1.5
berundur	-1.5
berusaha	1.5
berwawasan	1.5
berwibawa	1.5
best	1.5
betina	-1.5
better	1.5
betul	1.5
betulkan	1.5
biadap	-1.5
bias	-1.5
biasa	-1.5
bidaah	-1.5
bidadari	1.5
bijak	1.5
bijaksana	1.5
bimbang	-1.5
binasa	-1.5
bingung	-1.5
bising	-1.5
bitter	-1.5
blah	-1.5
bleeding	-1.5
bless	1.5
blessing	1.5
blind	-1.5
blockbuster	1.5
blow	-1.5
bocor	-1.5
bodoh	-1.5
boiling	-1.5
bom	-1.5
bomb	-1.5
bondage	-1.5
boneka	-1.5
bonus	1.5
boom	1.5
booming	1.5
boost	1.5
bore	-1.5
boros	1.5
bosan	-1.5
brave	1.5
breach	-1.5
break	-1.5
breakdown	-1.5
breaking	-1.5
breaks	-1.5
breakthrough	1.5
bright	1.5
brighter	1.5
brilliant	1.5
broke	-1.5
broken	-1.5
brutal	-1.5
buangan	-1.5
bug	-1.5
bugs	-1.5
buih	-1.5
bukit	-1.5
buli	-1.5
bulu	-1.5
bum	-1.5
bunk	-1.5
bunuh	-1.5
bunyi	-1.5
burden	-1.5
burned	-1.5
burning	-1.5
buruan	-1.5
buruk	-1.5
busuk	-1.5
buta	-1.5
cacat	-1.5
cadangan	1.5
cahaya	1.5
cairan	1.5
calar	-1.5
calm	1.5
cancer	-1.5
cantik	1.5
capability	1.5
capable	1.5
cekal	-1.5
cekap	1.5
celaan	-1.5
celaka	-1.5
celebrate	1.5
celebrated	1.5
celebration	1.5
celik	1.5
cemas	-1.5
cemburu	-1.5
cemerlang	1.5
cemuhan	-1.5
cengkaman	1.5
cepat	1.5
cerah	1.5
cerai	1.5
cerdik	-1.5
cereka	-1.5
cerewet	-1.5
ceria	1.5
ceroboh	-1.5
cerun	-1.5
cetek	-1.5
cetusan	-1.5
chaff	-1.5
challenging	-1.5
champion	1.5
charitable	1.5
cheap	-1.5
chronic	-1.5
cinta	1.5
clarity	1.5
classic	1.5
clean	1.5
clear	1.5
cleared	1.5
clearly	1.5
cloud	-1.5
cold	-1.5
collapse	-1.5
comel	1.5
commitment	1.5
compact	1.5
compatible	1.5
competitive	1.5
complain	-1.5
complaint	-1.5
complement	1.5
complex	-1.5
compliant	1.5
complicated	-1.5
comprehensive	1.5
concern	-1.5
concerned	-1.5
concerns	-1.5
condemnation	-1.5
condemned	-1.5
confession	-1.5
confidence	1.5
conflict	-1.5
conflicting	-1.5
conflicts	-1.5
confused	-1.5
confusing	-1.5
confusion	-1.5
congestion	-1.5
conservative	-1.5
consistent	1.5
consistently	1.5
contamination	-1.5
continuity	1.5
contoh	1.5
contradiction	-1.5
contribution	1.5
controversial	-1.5
controversy	-1.5
convenience	1.5
convenient	1.5
cool	1.5
correct	1.5
correctly	1.5
corrupt	-1.5
corruption	-1.5
costly	-1.5
courage	1.5
crack	-1.5
crash	-1.5
crashed	-1.5
creative	1.5
crime	-1.5
criminal	-1.5
crisis	-1.5
critic	-1.5
critical	-1.5
criticism	-1.5
criticisms	-1.5
criticized	-1.5
critics	-1.5
crude	-1.5
crush	-1.5
crushed	-1.5
cry	-1.5
cuai	-1.5
cubit	-1.5
cucuk	-1.5
cukup	1.5
cukuplah	1.5
curam	-1.5
cure	1.5
curi	-1.5
curiga	-1.5
curse	-1.5
dada	-1.5
dadah	-1.5
daging	-1.5
dahaga	-1.5
dahsyat	-1.5
dakwaan	-1.5
damage	-1.5
damaged	-1.5
damai	1.5
danger	-1.5
dangerous	-1.5
dangkal	-1.5
dapat	-1.5
dark	-1.5
dawn	1.5
daya	-1.5
dead	-1.5
deaf	-1.5
death	-1.5
debt	-1.5
debts	-1.5
debu	-1.5
decisive	1.5
decline	-1.5
dedicated	1.5
defeat	1.5
defeated	1.5
defeating	1.5
defect	-1.5
defensive	-1.5
deficiency	-1.5
degeneration	-1.5
degil	-1.5
delay	-1.5
delayed	-1.5
demam	-1.5
demise	-1.5
demon	-1.5
denda	1.5
dendam	-1.5
dengki	-1.5
denial	-1.5
denied	-1.5
dense	-1.5
deny	-1.5
depression	-1.5
deprived	-1.5
derhaka	-1.5
dermawan	1.5
desert	-1.5
desiran	-1.5
desperate	-1.5
destiny	1.5
destroy	-1.5
destroyer	-1.5
destruction	-1.5
devastated	-1.5
devil	-1.5
diabaikan	-1.5
diakses	1.5
diam	1.5
dianugerahkan	1.5
diasingkan	-1.5
dibahaskan	-1.5
dibakar	-1.5
dibanjiri	-1.5
dibayangkan	-1.5
dibebaskan	1.5
dibekukan	-1.5
dibelenggu	-1.5
dibenarkan	1.5
dibenci	-1.5
dibersihkan	1.5
dibuang	-1.5
dibunuh	-1.5
dicapai	1.5
dicemari	-1.5
dicemburui	1.5
dicerca	-1.5
dicintai	1.5
dicuri	-1.5
didakwa	-1.5
didera	-1.5
didih	-1.5
die	-1.5
died	-1.5
dies	-1.5
difficult	-1.5
difficulties	-1.5
difficulty	-1.5
difikirkan	-1.5
diganggu	-1.5
diganti	1.5
digantikan	1.5
digantung	-1.5
digemari	1.5
digilap	1.5
dignity	1.5
digugurkan	-1.5
dihalang	-1.5
dihancurkan	-1.5
dihargai	1.5
dihentikan	-1.5
dihidu	-1.5
dihormati	1.5
dihukum	-1.5
diikat	-1.5
dijangkiti	-1.5
dijauhi	-1.5
dikalahkan	1.5
dikawal	-1.5
dikendalikan	1.5
dikesali	-1.5
dikorbankan	-1.5
diktator	-1.5
dikupas	-1.5
dikutuk	-1.5
dilaksanakan	1.5
dilanda	-1.5
dilarang	-1.5
dilayari	1.5
dilema	-1.5
dilengkapi	1.5
diletupkan	-1.5
dilihat	1.5
dilucutkan	-1.5
dilupakan	1.5
dim	-1.5
dimanjakan	1.5
dimarahi	-1.5
din	-1.5
dinamik	1.5
dingin	-1.5
dinikmati	1.5
diolah	1.5
dipadamkan	-1.5
dipakai	-1.5
diperbaharui	1.5
dipercayai	1.5
diperlukan	-1.5
dipermudahkan	1.5
diperolehi	1.5
dipersoalkan	-1.5
dipertingkatkan	1.5
diplomatic	1.5
diplomatik	1.5
dipuja	1.5
dipulihkan	1.5
diputarbelitkan	-1.5
dirogol	-1.5
dirosakkan	-1.5
disable	-1.5
disabled	-1.5
disadvantage	-1.5
disahkan	1.5
disambut	1.5
disappointed	-1.5
disappointing	-1.5
disaster	-1.5
discomfort	-1.5
discrimination	-1.5
disediakan	1.5
disedut	-1.5
diseksa	-1.5
diselaraskan	1.5
diselubungi	-1.5
disembelih	-1.5
disenangi	1.5
disentuh	-1.5
diseret	-1.5
disesuaikan	1.5
disetiap	1.5
diskriminasi	-1.5
dislike	-1.5
disokong	1.5
disorder	-1.5
displaced	-1.5
dispute	-1.5
disputed	-1.5
disruptive	-1.5
distinction	1.5
distinctive	1.5
distinguished	1.5
distortion	-1.5
distraction	-1.5
distress	-1.5
disyorkan	1.5
ditakdirkan	-1.5
ditakluki	-1.5
ditandingi	1.5
ditangguhkan	-1.5
ditangkis	-1.5
ditapis	1.5
ditegakkan	1.5
ditentukan	-1.5
diterangkan	1.5
diterima	1.5
ditinggalkan	-1.5
ditipu	-1.5
ditolak	-1.5
divine	1.5
dominated	1.5
dosa	-1.5
doubt	-1.5
drag	-1.5
dragged	-1.5
drastically	-1.5
drastik	-1.5
drunk	-1.5
dukun	-1.5
dump	-1.5
dungu	-1.5
dust	-1.5
dying	-1.5
dynamic	1.5
ease	1.5
easier	1.5
easiest	1.5
easy	1.5
educated	1.5
effective	1.5
effectively	1.5
efficient	1.5
ejekan	-1.5
ekonomi	1.5
ekonomik	-1.5
eksploitasi	-1.5
ekzos	-1.5
elegan	1.5
elegant	1.5
elimination	-1.5
elit	1.5
elite	1.5
emas	1.5
emergency	-1.5
empati	1.5
empowerment	1.5
empunya	-1.5
encourage	1.5
encouraging	1.5
enemies	-1.5
enemy	-1.5
enggan	-1.5
enhance	1.5
enhanced	1.5
enjoy	1.5
enjoyed	1.5
enjoying	1.5
enjoys	1.5
enough	1.5
err	-1.5
error	-1.5
errors	-1.5
etika	1.5
evil	-1.5
exceed	1.5
exceeding	1.5
excellence	1.5
excellent	1.5
excessive	-1.5
excited	1.5
excuse	-1.5
exhaust	-1.5
exile	-1.5
expensive	-1.5
expired	-1.5
exploit	-1.5
explosive	-1.5
extraordinary	1.5
fabrikasi	-1.5
facilitate	1.5
faedah	1.5
fail	-1.5
failed	-1.5
failing	-1.5
failure	-1.5
fair	1.5
fairly	1.5
faith	1.5
faithful	1.5
fake	-1.5
fall	-1.5
fallen	-1.5
falling	-1.5
falls	-1.5
false	-1.5
fame	1.5
famous	1.5
famously	1.5
fanatik	-1.5
fancy	1.5
fans	1.5
fashionable	1.5
fasih	1.5
fasik	-1.5
fasis	-1.5
fasisme	-1.5
fast	1.5
faster	1.5
fastest	1.5
fat	-1.5
fatal	-1.5
fault	-1.5
favor	1.5
favorable	1.5
favored	1.5
favorite	1.5
favour	1.5
fear	-1.5
fears	-1.5
feat	1.5
fell	-1.5
fertile	1.5
fever	-1.5
fiction	-1.5
fictional	-1.5
fierce	-1.5
fiksi	-1.5
fiksyen	-1.5
fine	1.5
finely	1.5
finest	1.5
firasat	-1.5
fitnah	-1.5
flare	-1.5
flawed	-1.5
flee	-1.5
fleksibiliti	1.5
flexibility	1.5
flexible	1.5
fobia	-1.5
forbidden	-1.5
foresight	1.5
fortune	1.5
foul	-1.5
fracture	-1.5
fraud	-1.5
free	1.5
freedom	1.5
freeze	-1.5
fresh	1.5
fret	-1.5
friction	-1.5
fried	-1.5
friendly	1.5
fros	-1.5
frost	-1.5
frozen	-1.5
fulfillment	1.5
fun	1.5
fundamentalisme	-1.5
funky	-1.5
funny	-1.5
futuristik	1.5
gagah	1.5
gagal	-1.5
gagap	-1.5
gain	1.5
gained	1.5
gaining	1.5
galakan	1.5
gambar	1.5
ganas	-1.5
ganggu	-1.5
gangguan	-1.5
gangster	-1.5
ganjaran	1.5
ganjil	-1.5
gasar	-1.5
gatal	-1.5
gegaran	-1.5
gejala	-1.5
gelap	-1.5
geli	1.5
gemar	1.5
gembira	1.5
gemilang	1.5
gemuk	-1.5
gemuruh	-1.5
genangan	-1.5
genggaman	-1.5
gengster	-1.5
genius	1.5
gentle	1.5
genuine	1.5
gerai	-1.5
geram	-1.5
gerek	-1.5
gerombolan	-1.5
gerun	-1.5
geseran	-1.5
getaran	-1.5
getir	-1.5
ghairah	1.5
ghetto	-1.5
gigih	1.5
gila	-1.5
gimik	-1.5
glamor	1.5
glorious	1.5
glory	1.5
godaan	-1.5
gold	1.5
golden	1.5
good	1.5
goreng	-1.5
gosip	-1.5
gossip	-1.5
goyah	-1.5
grace	1.5
grand	1.5
gratis	1.5
gratitude	1.5
great	1.5
greatest	1.5
grim	-1.5
gross	-1.5
gua	-1.5
guidance	1.5
guilty	-1.5
habis	-1.5
habuk	-1.5
hack	-1.5
had	-1.5
hadiah	1.5
hail	1.5
hairan	-1.5
hakisan	-1.5
halangan	-1.5
halus	1.5
hamba	-1.5
hambar	-1.5
hambatan	-1.5
hamper	-1.5
hamun	-1.5
hancur	-1.5
handsome	1.5
hangat	1.5
happiness	1.5
happy	1.5
haram	-1.5
harapan	-1.5
hard	-1.5
harm	-1.5
harmful	-1.5
harmoni	1.5
harmony	1.5
harsh	-1.5
harta	1.5
hasrat	-1.5
hasutan	-1.5
hate	-1.5
hatred	-1.5
hazard	-1.5
healthy	1.5
heaven	1.5
heavenly	1.5
hebat	1.5
hebatnya	1.5
hedge	-1.5
hegemoni	-1.5
helah	-1.5
hell	-1.5
helped	1.5
helpful	1.5
helping	1.5
hembus	-1.5
hempedu	-1.5
hero	1.5
heroin	1.5
hina	-1.5
hipokrit	-1.5
histeria	-1.5
hoax	-1.5
hodoh	-1.5
hollow	-1.5
holy	1.5
honor	1.5
honored	1.5
hormat	1.5
hostile	-1.5
hostility	-1.5
hot	1.5
hubungan	1.5
hukuman	-1.5
humble	1.5
humor	1.5
humour	1.5
hung	-1.5
hurt	-1.5
hutang	-1.5
iblis	-1.5
ideal	1.5
idle	-1.5
idol	1.5
idola	1.5
ignorant	-1.5
ihsan	1.5
ikan	-1.5
ikhlas	1.5
ikrar	1.5
ilahi	1.5
illegal	-1.5
illness	-1.5
illusion	-1.5
ilusi	-1.5
imaginary	-1.5
imaginasi	1.5
iman	1.5
immature	-1.5
impaired	-1.5
impedans	-1.5
imperialis	-1.5
implikasi	-1.5
important	1.5
impossible	-1.5
impressive	1.5
imprisonment	-1.5
improve	1.5
improved	1.5
improvement	1.5
improvements	1.5
improving	1.5
inability	-1.5
incendiary	-1.5
incense	-1.5
incomplete	-1.5
incorrect	-1.5
incorrectly	-1.5
incredible	1.5
incredibly	1.5
indah	1.5
individu	1.5
induk	-1.5
inequality	-1.5
inexpensive	1.5
infected	-1.5
infection	-1.5
infections	-1.5
inferior	-1.5
infidels	-1.5
inflammatory	-1.5
inflasi	-1.5
influential	1.5
infringement	-1.5
ingkar	-1.5
inhibit	-1.5
injury	-1.5
innovation	1.5
innovative	1.5
inovasi	1.5
inovatif	1.5
inspirasi	1.5
inspiration	1.5
instantly	1.5
instrumental	1.5
insufficient	-1.5
integral	1.5
integrated	1.5
intelligence	1.5
intelligent	1.5
intelligible	1.5
intense	-1.5
interesting	1.5
interests	1.5
interference	-1.5
intim	1.5
intimate	1.5
intuitif	1.5
invalid	-1.5
invasif	-1.5
invisible	-1.5
ironinya	-1.5
ironis	-1.5
irrational	-1.5
irregular	-1.5
irrelevant	-1.5
isolasi	-1.5
isolated	-1.5
issue	-1.5
issues	-1.5
istimewa	1.5
isu	-1.5
jahanam	-1.5
jahat	-1.5
jahil	-1.5
jam	-1.5
jaminan	1.5
janggal	-1.5
jangkitan	-1.5
janji	1.5
jatuh	-1.5
jaya	1.5
jelai	-1.5
jelas	1.5
jelita	1.5
jem	-1.5
jenaka	1.5
jenayah	-1.5
jengkel	-1.5
jerat	-1.5
jerebu	-1.5
jeruk	-1.5
jerung	-1.5
jijik	-1.5
jitu	1.5
joke	-1.5
joy	1.5
juara	1.5
junk	-1.5
jurang	-1.5
kabur	-1.5
kabus	-1.5
kacak	1.5
kacau	-1.5
kafan	-1.5
kafir	-1.5
kaget	-1.5
kagum	1.5
kalah	-1.5
kanan	1.5
kancah	-1.5
kanibal	-1.5
kanser	-1.5
kapak	-1.5
karat	-1.5
karib	1.5
karikatur	-1.5
karisma	1.5
kartun	-1.5
karung	-1.5
karut	-1.5
karya	1.5
kasar	-1.5
kasih	1.5
kasihan	-1.5
kata	-1.5
kaustik	-1.5
kaya	1.5
kayangan	1.5
keadilan	1.5
keagungan	1.5
keajaiban	1.5
keamanan	1.5
keanggunan	1.5
keangkuhan	-1.5
keaslian	1.5
kebahagiaan	1.5
kebaikan	1.5
kebajikan	1.5
kebal	1.5
kebanggaan	1.5
kebangkitan	1.5
kebas	-1.5
kebebasan	1.5
kebenaran	1.5
kebencian	-1.5
keberanian	1.5
keberkesanan	1.5
kebersihan	1.5
kebesaran	1.5
kebetulan	1.5
kebijaksanaan	1.5
kebimbangan	-1.5
kebingungan	-1.5
kebocoran	-1.5
kebodohan	-1.5
kebosanan	-1.5
kebuluran	-1.5
kebuntuan	-1.5
keburukan	-1.5
kecacatan	-1.5
kecantikan	1.5
kecederaan	-1.5
kecelakaan	-1.5
kecelaruan	-1.5
kecemasan	-1.5
kecemerlangan	1.5
kecewa	-1.5
keciciran	-1.5
kecil	-1.5
kecuaian	-1.5
kecurangan	-1.5
kedamaian	1.5
kedegilan	-1.5
kedut	-1.5
keemasan	1.5
keen	1.5
keengganan	-1.5
kefasihan	1.5
kegagalan	-1.5
keganasan	-1.5
kegawatan	-1.5
kegelapan	-1.5
kegelisahan	-1.5
kegemaran	1.5
kegembiraan	1.5
kegemparan	-1.5
keghairahan	1.5
kegilaan	-1.5
kegusaran	-1.5
kehancuran	-1.5
kehangatan	1.5
keharmonian	1.5
kehausan	-1.5
kehebatan	1.5
kehendak	-1.5
kehendaki	-1.5
kehilangan	-1.5
kehinaan	-1.5
keikhlasan	1.5
keindahan	1.5
keintiman	1.5
keistimewaan	1.5
kejahatan	-1.5
kejahilan	-1.5
kejam	-1.5
kejanggalan	-1.5
kejatuhan	-1.5
kejayaan	1.5
kejelasan	1.5
keji	-1.5
kejujuran	1.5
kejutan	-1.5
kekaburan	-1.5
kekacauan	-1.5
kekaguman	1.5
kekalahan	1.5
kekasih	1.5
kekayaan	1.5
kekebalan	1.5
kekecewaan	-1.5
kekecohan	-1.5
kekejaman	-1.5
kekeliruan	-1.5
kekok	-1.5
kekosongan	-1.5
kekuatan	-1.5
kekufuran	-1.5
kekurangan	-1.5
kelainan	-1.5
kelakar	1.5
kelaparan	-1.5
kelas	1.5
kelebihan	1.5
kelemahan	-1.5
kelembapan	-1.5
kelembutan	-1.5
kelesuan	-1.5
keletihan	-1.5
kelewatan	-1.5
kelimpahan	1.5
kelincahan	1.5
kelipan	-1.5
keliru	-1.5
kelucahan	-1.5
kelulusan	1.5
kemahiran	1.5
kemajuan	1.5
kemakmuran	1.5
kemalangan	-1.5
kemalasan	-1.5
kemampanan	1.5
kemanisan	1.5
kemarahan	-1.5
kemarau	-1.5
kemas	1.5
kemasyhuran	1.5
kematangan	1.5
kematian	-1.5
kembali	-1.5
kembung	-1.5
kemelesetan	-1.5
kemelut	-1.5
kemenangan	1.5
kemenyan	-1.5
kemerosotan	-1.5
kemewahan	1.5
kemiskinan	-1.5
kemudahan	1.5
kemudaratan	-1.5
kemuliaan	1.5
kemuncak	1.5
kemuncaknya	1.5
kemunduran	-1.5
kemurkaan	-1.5
kemurungan	-1.5
kemusnahan	-1.5
kemustahilan	-1.5
kena	-1.5
kenakalan	-1.5
kendur	-1.5
kepaduan	1.5
kepahitan	-1.5
kepalang	-1.5
kepalsuan	-1.5
kepayahan	-1.5
kepentingan	1.5
kepercayaan	1.5
kepintaran	1.5
kepuasan	1.5
keradangan	-1.5
keraguan	-1.5
keramat	1.5
keras	-1.5
kerengsaan	-1.5
kereta	-1.5
kerjasama	1.5
kerosakan	-1.5
kerugian	-1.5
keruh	-1.5
kerunsingan	-1.5
keruntuhan	-1.5
kesabaran	1.5
kesaksamaan	1.5
kesalahan	-1.5
kesan	-1.5
kesanggupan	1.5
kesangsian	-1.5
kesat	-1.5
kesederhanaan	-1.5
kesedihan	-1.5
kesejahteraan	1.5
keselesaan	1.5
kesempurnaan	1.5
kesengsaraan	-1.5
kesepian	-1.5
keseronokan	1.5
kesesakan	-1.5
kesetiaan	1.5
kesilapan	-1.5
kesinambungan	1.5
kesipian	-1.5
kesombongan	-1.5
kesopanan	1.5
kestabilan	1.5
kesukaan	1.5
kesulitan	-1.5
kesusahan	-1.5
ketabahan	1.5
ketagih	-1.5
ketaksuban	-1.5
ketakutan	-1.5
ketakwaan	1.5
ketamakan	-1.5
ketandusan	-1.5
ketangkasan	1.5
ketara	1.5
ketat	-1.5
ketegangan	-1.5
ketegaran	-1.5
ketenangan	1.5
keterbukaan	1.5
keterlaluan	-1.5
ketiadaan	-1.5
ketidakadilan	-1.5
ketidakcekapan	-1.5
ketidakpercayaan	-1.5
ketidaksamaan	-1.5
ketidakseimbangan	-1.5
ketidakselesaan	-1.5
ketidaksempurnaan	-1.5
ketidakserasian	-1.5
ketidakstabilan	-1.5
ketidaktepatan	-1.5
ketidakupayaan	-1.5
ketinggalan	-1.5
ketuanan	1.5
ketuhanan	1.5
keunggulan	1.5
keuntungan	1.5
keupayaan	1.5
keyakinan	1.5
kezaliman	-1.5
khasiat	1.5
khayalan	-1.5
khazanah	1.5
khianat	-1.5
khinzir	-1.5
khuatir	-1.5
khusus	1.5
khususnya	-1.5
kiamat	-1.5
kilauan	1.5
kill	-1.5
killed	-1.5
killer	-1.5
killing	-1.5
klik	-1.5
klise	-1.5
knife	-1.5
knock	-1.5
koheren	1.5
komitmen	1.5
kompetitif	-1.5
kompleks	-1.5
komplikasi	-1.5
komplot	-1.5
kompulsif	-1.5
konflik	-1.5
konfrontasi	-1.5
kongkek	-1.5
konservatif	-1.5
konsesi	-1.5
konsisten	1.5
konspirasi	-1.5
konspirator	-1.5
kontroversi	-1.5
korupsi	-1.5
kotor	-1.5
kotoran	-1.5
koyak	-1.5
kreatif	1.5
krisis	-1.5
kritikal	-1.5
kritikan	-1.5
kronik	-1.5
kuat	1.5
kukuh	1.5
kuno	-1.5
kurang	-1.5
kurus	-1.5
kusut	-1.5
kutukan	-1.5
lack	-1.5
lacked	-1.5
lacking	-1.5
lacks	-1.5
lag	-1.5
laju	1.5
lambakan	-1.5
lambang	1.5
lambat	-1.5
lancar	1.5
lantang	-1.5
laras	1.5
lavish	1.5
lawan	-1.5
layak	1.5
lazat	1.5
lead	1.5
leading	1.5
leads	1.5
lebam	-1.5
lebih	1.5
lebihan	-1.5
lecek	-1.5
led	1.5
lega	1.5
legenda	1.5
legendary	1.5
leka	-1.5
lekat	-1.5
lekukan	-1.5
lemah	-1.5
lemak	-1.5
lemas	-1.5
lembap	-1.5
lembut	1.5
lemon	-1.5
lena	1.5
lendir	-1.5
lengkap	-1.5
lengthy	-1.5
lepuh	-1.5
lesu	-1.5
lethal	-1.5
letih	-1.5
letupan	-1.5
letusan	-1.5
leverage	1.5
liabiliti	-1.5
liability	-1.5
liar	-1.5
liberty	1.5
licik	-1.5
licin	1.5
lie	-1.5
lies	-1.5
lighter	1.5
like	1.5
liked	1.5
limau	-1.5
limit	-1.5
limitations	-1.5
limited	-1.5
limits	-1.5
lincah	1.5
lintah	-1.5
lirik	1.5
logical	1.5
longgar	-1.5
longkang	-1.5
loose	-1.5
lose	-1.5
loses	-1.5
losing	-1.5
loss	-1.5
losses	-1.5
lost	-1.5
loud	-1.5
love	1.5
loved	1.5
lover	1.5
loves	1.5
loving	1.5
loyal	1.5
loyalty	1.5
luar	-1.5
luaran	-1.5
luas	1.5
lubang	-1.5
lucah	-1.5
luck	1.5
luka	-1.5
lumayan	1.5
lumpuh	-1.5
lumus	-1.5
luput	-1.5
lusuh	-1.5
lutsinar	1.5
luxury	1.5
lying	-1.5
maaf	-1.5
mabuk	-1.5
macam	1.5
mad	-1.5
magic	1.5
magical	1.5
mahal	-1.5
mahir	1.5
main	-1.5
maju	1.5
makmur	1.5
maksiat	-1.5
malaikat	1.5
malang	-1.5
malangnya	-1.5
malap	-1.5
malapetaka	-1.5
malas	-1.5
malignant	-1.5
mampu	1.5
mandul	-1.5
manfaat	1.5
mangsa	-1.5
mania	-1.5
manik	-1.5
manipulasi	-1.5
manis	1.5
mantap	1.5
mar	-1.5
marah	-1.5
marginal	-1.5
maruah	1.5
masalah	-1.5
masam	-1.5
mashed	-1.5
master	1.5
masters	1.5
masyhur	1.5
matang	1.5
material	-1.5
mati	-1.5
mature	1.5
maturity	1.5
maut	-1.5
mega	-1.5
megah	1.5
mekar	1.5
melahirkan	-1.5
melalaikan	-1.5
melambatkan	-1.5
melambung	-1.5
melampau	-1.5
melampiaskan	-1.5
melanda	-1.5
melanggar	-1.5
melarang	-1.5
melarat	-1.5
melayan	1.5
melebihi	1.5
melegakan	1.5
melekit	-1.5
melemahkan	-1.5
melengkapi	1.5
melengkapkan	1.5
melepuh	-1.5
meletihkan	-1.5
meletup	-1.5
meletupkan	-1.5
melicinkan	1.5
melimpah	-1.5
meluas	-1.5
meluat	-1.5
melucukan	-1.5
melucutkan	-1.5
melulu	-1.5
melumpuhkan	-1.5
meluruskan	1.5
memadai	1.5
memadam	-1.5
memadamkan	-1.5
memaksa	-1.5
memalsukan	-1.5
memalukan	-1.5
memanfaatkan	1.5
memanipulasi	-1.5
memansuhkan	-1.5
memarahi	-1.5
memastikan	1.5
mematuhi	1.5
membahas	-1.5
membahayakan	-1.5
membakar	-1.5
membalas	-1.5
membanggakan	1.5
membantah	-1.5
membantu	1.5
membara	-1.5
membatalkan	-1.5
membawa	1.5
membazir	-1.5
membebankan	-1.5
membebaskan	1.5
membedil	-1.5
membeku	-1.5
membekukan	-1.5
membelah	-1.5
membenci	-1.5
memberangsangkan	1.5
memberatkan	-1.5
memberkati	1.5
memberontak	-1.5
membersihkan	1.5
membetulkan	1.5
membimbangkan	-1.5
membina	1.5
membinasakan	-1.5
membingungkan	-1.5
memboikot	-1.5
membongkar	-1.5
membosankan	-1.5
membuang	-1.5
membuktikan	1.5
membuli	-1.5
membunuh	-1.5
memburukkan	-1.5
memecahkan	-1.5
memeluk	1.5
memenangi	1.5
memenatkan	-1.5
memenjarakan	-1.5
memenuhi	1.5
memeras	-1.5
memerlukan	-1.5
memesongkan	-1.5
memfitnah	-1.5
memihak	1.5
memikat	1.5
memilukan	1.5
memorable	1.5
memotong	1.5
memperbaiki	1.5
mempercayai	1.5
memperkasakan	1.5
memperkayakan	1.5
memperkecilkan	-1.5
mempesonakan	1.5
memuaskan	1.5
memudahkan	1.5
memudaratkan	-1.5
memuja	1.5
memuji	1.5
memukau	1.5
memuliakan	1.5
memulihkan	1.5
memuntahkan	-1.5
memusnahkan	-1.5
memutarbelitkan	-1.5
memutuskan	-1.5
menafikan	-1.5
menakjubkan	1.5
menakutkan	-1.5
menampar	-1.5
menang	1.5
menangis	-1.5
menangkis	-1.5
menarik	1.5
menawan	1.5
mencaci	-1.5
mencantikkan	1.5
mencapai	1.5
mencederakan	-1.5
mencekik	-1.5
mencela	-1.5
mencemarkan	-1.5
mencemuh	-1.5
menceroboh	-1.5
mencetuskan	-1.5
mencukupi	1.5
mencuri	-1.5
mencurigai	-1.5
mencurigakan	-1.5
mendadak	-1.5
mendahului	1.5
mendakan	-1.5
mendakwa	-1.5
mendalam	1.5
mendamaikan	1.5
mendapat	1.5
mendapatkan	1.5
mendatangkan	-1.5
mendatar	1.5
mendebarkan	1.5
mendera	-1.5
menderhaka	-1.5
mendesak	-1.5
mendidih	-1.5
mendung	-1.5
menebus	1.5
menegakkan	1.5
menegur	-1.5
menekan	-1.5
menekankan	-1.5
menenangkan	1.5
menentang	-1.5
menentu	-1.5
meneran	-1.5
menerangi	1.5
menerima	1.5
mengabaikan	-1.5
mengaburi	-1.5
mengaburkan	-1.5
mengadu	-1.5
mengagumi	1.5
mengagumkan	1.5
mengaitkan	-1.5
mengaku	-1.5
mengakui	-1.5
mengalah	-1.5
mengalahkan	1.5
mengalami	-1.5
mengalir	-1.5
mengalirkan	-1.5
mengamanahkan	1.5
mengamuk	-1.5
mengancam	-1.5
menganggap	1.5
menganggur	-1.5
menganiaya	-1.5
mengarut	-1.5
mengasingkan	-1.5
mengatasi	1.5
mengecam	-1.5
mengecewakan	-1.5
mengejek	-1.5
mengejutkan	-1.5
mengekori	-1.5
mengeksploitasi	-1.5
mengelak	-1.5
mengelakkan	-1.5
mengelirukan	-1.5
mengelupas	-1.5
mengembalikan	1.5
mengemis	-1.5
mengenakan	-1.5
mengepung	-1.5
mengerikan	-1.5
mengeruhkan	-1.5
mengesahkan	1.5
mengesankan	1.5
mengesyaki	-1.5
mengesyorkan	1.5
mengetepikan	-1.5
mengetuk	-1.5
menggagalkan	-1.5
mengganas	-1.5
mengganggu	-1.5
menggantikan	-1.5
menggelikan	-1.5
menggembirakan	1.5
menggemparkan	1.5
menggerunkan	1.5
menggiatkan	1.5
menggigit	-1.5
menggoda	1.5
menggodam	-1.5
menggulingkan	-1.5
menghadapi	-1.5
menghadkan	-1.5
menghairankan	1.5
menghakis	-1.5
menghalang	-1.5
menghalusi	1.5
menghambakan	-1.5
menghancurkan	-1.5
menghantui	-1.5
menghapuskan	-1.5
mengharamkan	-1.5
menghargai	1.5
menghasut	-1.5
menghentam	-1.5
mengheret	-1.5
menghiburkan	1.5
menghidupkan	1.5
menghina	-1.5
menghisap	-1.5
menghormati	1.5
menghukum	-1.5
mengintai	-1.5
mengisar	-1.5
mengkagumkan	1.5
mengkhianati	-1.5
mengkritik	-1.5
mengotorkan	-1.5
menguap	-1.5
menguasai	1.5
mengubah	1.5
mengusik	-1.5
mengusir	-1.5
mengutuk	-1.5
menikmati	1.5
menilai	1.5
menindas	-1.5
meninggal	-1.5
meninggalkan	-1.5
meningkatkan	1.5
menipu	-1.5
menitis	-1.5
menjalar	-1.5
menjamin	1.5
menjanjikan	1.5
menjarah	-1.5
menjatuhkan	-1.5
menjauhi	-1.5
menjejaskan	-1.5
menjengkelkan	-1.5
menjerit	-1.5
menjijikkan	-1.5
menolak	-1.5
menstabilkan	1.5
mentah	-1.5
menuduh	-1.5
menumbuk	-1.5
menundukkan	-1.5
menuntut	1.5
menurun	-1.5
menurunkan	-1.5
menurut	1.5
menyakiti	-1.5
menyalahgunakan	-1.5
menyalahkan	-1.5
menyangkal	-1.5
menyapu	1.5
menyedarkan	1.5
menyedihkan	-1.5
menyegarkan	1.5
menyekat	-1.5
menyeksa	-1.5
menyelaraskan	1.5
menyeleweng	-1.5
menyelinap	-1.5
menyeluruh	1.5
menyembuhkan	1.5
menyendiri	-1.5
menyengat	-1.5
menyerah	-1.5
menyerahkan	-1.5
menyeramkan	-1.5
menyerang	-1.5
menyeronokkan	1.5
menyesakkan	-1.5
menyesal	-1.5
menyimpang	-1.5
menyindir	-1.5
menyokong	1.5
menyuarakan	1.5
menyuburkan	1.5
menyumbat	-1.5
menyumpah	-1.5
menyusahkan	-1.5
menyusut	-1.5
meracau	-1.5
meragukan	-1.5
meraih	-1.5
meraikan	1.5
merampas	-1.5
merangkak	-1.5
merangsang	1.5
merayu	1.5
mercy	1.5
merdeka	1.5
merebut	-1.5
merekacipta	1.5
meremehkan	-1.5
merendahkan	-1.5
merenggangkan	-1.5
merevolusikan	1.5
meriah	1.5
meringankan	1.5
merisaukan	-1.5
merit	1.5
merobek	-1.5
merobohkan	-1.5
merogol	-1.5
merokok	-1.5
merompak	-1.5
merosakkan	-1.5
merosot	-1.5
merugikan	-1.5
merungut	-1.5
mesra	1.5
mewah	1.5
meyakinkan	1.5
militan	-1.5
mimpi	-1.5
miracles	1.5
miskin	-1.5
misleading	-1.5
miss	-1.5
missed	-1.5
mistake	-1.5
mistaken	-1.5
mistakes	-1.5
misteri	-1.5
misunderstanding	-1.5
mitos	-1.5
mock	-1.5
moden	1.5
modern	1.5
modest	1.5
mogok	-1.5
mohon	-1.5
molek	1.5
monster	-1.5
monumental	1.5
moral	1.5
motivated	1.5
muda	1.5
mudah	1.5
mudarat	-1.5
muflis	-1.5
muhibah	1.5
mujurlah	1.5
mulia	1.5
munafik	-1.5
munasabah	1.5
mundur	-1.5
muntah	-1.5
muntahan	-1.5
murah	1.5
muram	-1.5
murder	-1.5
murka	-1.5
muslihat	1.5
musnah	-1.5
mustahil	-1.5
musuh	-1.5
mysterious	-1.5
mystery	-1.5
myth	-1.5
naib	-1.5
naif	-1.5
najis	-1.5
nakal	-1.5
nama	-1.5
nampak	-1.5
nasib	1.5
nazak	-1.5
negatif	-1.5
negative	-1.5
nepotisme	-1.5
neraka	-1.5
nervous	-1.5
ngeri	-1.5
nice	1.5
nicest	1.5
nipis	1.5
noble	1.5
noda	-1.5
noise	-1.5
notably	1.5
noteworthy	1.5
notorious	-1.5
novelty	1.5
nyala	-1.5
nyaman	1.5
nyanyuk	-1.5
nyaring	-1.5
nyenyak	1.5
oasis	1.5
object	-1.5
objections	-1.5
objek	-1.5
obscene	-1.5
obscure	-1.5
obsesi	1.5
obsolete	-1.5
odd	-1.5
offensive	-1.5
omit	-1.5
openly	1.5
oportunis	-1.5
oppose	-1.5
opposition	-1.5
optimal	1.5
optimis	1.5
optimum	1.5
orderly	1.5
ortodoks	-1.5
outbreak	-1.5
outstanding	1.5
oversight	-1.5
overwhelmingly	-1.5
padu	1.5
pahit	-1.5
pain	-1.5
painful	-1.5
paksaan	-1.5
pale	-1.5
palsu	-1.5
paluan	-1.5
pan	-1.5
panas	1.5
pandai	1.5
pandang	-1.5
panduan	1.5
panic	-1.5
panik	-1.5
panjang	-1.5
panorama	1.5
pantang	-1.5
pantas	1.5
papa	-1.5
paradise	1.5
paradoks	-1.5
parah	-1.5
paranoid	-1.5
parasit	-1.5
pariah	-1.5
parodi	-1.5
parody	-1.5
partisan	-1.5
parut	-1.5
parutan	-1.5
pasif	-1.5
passion	1.5
passionate	1.5
pasti	1.5
patah	-1.5
patient	1.5
patriot	1.5
patriotik	1.5
patung	-1.5
peace	1.5
peaceful	1.5
peach	1.5
pecah	-1.5
pecahan	-1.5
peduli	-1.5
pejal	1.5
pekak	-1.5
pelabuhan	-1.5
pelacur	-1.5
pelampau	-1.5
pelanggar	-1.5
pelanggaran	-1.5
pelarian	-1.5
pelawak	-1.5
pelbagai	1.5
pelengkap	1.5
pelik	-1.5
pelukan	1.5
pemabuk	-1.5
pemangsa	-1.5
pemarah	-1.5
pembaharuan	1.5
pembakar	-1.5
pembangkang	-1.5
pembatalan	-1.5
pembebasan	1.5
pembekuan	-1.5
pembela	-1.5
pembelotan	-1.5
pemberontakan	-1.5
pembetulan	1.5
pembinasa	-1.5
pembohong	-1.5
pembubaran	-1.5
pembukaan	1.5
pembuli	-1.5
pembunuh	-1.5
pembunuhan	-1.5
pemenang	1.5
peminat	1.5
pemukul	-1.5
pemulihan	1.5
pemurah	1.5
pemusnah	-1.5
pemusnahan	-1.5
penafian	-1.5
penagih	-1.5
penaklukan	-1.5
penalti	-1.5
penalty	-1.5
penambahbaikan	1.5
penangguhan	1.5
penat	-1.5
pencabulan	-1.5
pencapaian	1.5
pencemaran	-1.5
pencerahan	1.5
penceroboh	-1.5
pencerobohan	-1.5
pendam	-1.5
pendamai	1.5
pendarahan	-1.5
penderaan	-1.5
penderitaan	-1.5
pendikit	-1.5
pendirian	-1.5
penebusan	1.5
penemuan	1.5
penentang	-1.5
penentangan	-1.5
penetapan	-1.5
pengabaian	-1.5
pengacau	-1.5
pengajaran	1.5
pengakuan	-1.5
pengalaman	-1.5
pengampunan	1.5
pengangguran	-1.5
penganiayaan	-1.5
pengasingan	-1.5
pengawasan	-1.5
pengayaan	1.5
pengeboman	-1.5
pengecualian	-1.5
pengecut	-1.5
pengelakan	-1.5
pengembara	-1.5
pengemis	-1.5
pengenaan	-1.5
pengepungan	-1.5
pengesahan	1.5
pengganasan	-1.5
penggera	-1.5
penghalang	-1.5
penghancuran	-1.5
penghapusan	-1.5
penghargaan	1.5
penghasut	-1.5
penghidap	-1.5
penghinaan	-1.5
penghormatan	1.5
pengkhianat	-1.5
pengkhianatan	-1.5
pengkritik	-1.5
pengsan	-1.5
penguasaan	1.5
penindas	-1.5
penindasan	-1.5
pening	-1.5
peninggalan	-1.5
peningkatan	1.5
penipu	-1.5
penipuan	-1.5
penjahat	-1.5
penjara	-1.5
penolakan	-1.5
penting	1.5
penuh	-1.5
penumbuk	-1.5
penurunan	-1.5
penyakit	-1.5
penyalahgunaan	-1.5
penyaliran	-1.5
penyangak	-1.5
penyangkalan	-1.5
penyayang	1.5
penyeksaan	-1.5
penyelamat	1.5
penyelewengan	-1.5
penyembelihan	-1.5
penyerang	-1.5
penyesalan	-1.5
penyesuaian	1.5
penyokong	1.5
pepejal	1.5
perampas	-1.5
perang	-1.5
perangkap	-1.5
perayaan	1.5
perbaikan	1.5
perbalahan	-1.5
perbezaan	1.5
perbualan	-1.5
percanggahan	-1.5
percuma	1.5
perdamaian	1.5
perebutan	-1.5
peredam	-1.5
perengsa	-1.5
perfect	1.5
perfection	1.5
perfectly	1.5
pergolakan	-1.5
perhambaan	-1.5
perhatian	1.5
peribadi	1.5
peringatan	-1.5
perisikan	1.5
perjanjian	1.5
perjuangan	-1.5
perkabungan	-1.5
perkauman	-1.5
perlahan	-1.5
perlawanan	-1.5
perlembagaan	-1.5
perlindungan	1.5
permata	1.5
permusuhan	-1.5
perosak	-1.5
perpaduan	1.5
perpecahan	-1.5
persaingan	-1.5
persaudaraan	1.5
persecution	-1.5
perselisihan	-1.5
persengketaan	-1.5
pertalian	1.5
pertelingkahan	-1.5
pertembungan	-1.5
pertengkaran	-1.5
pertentangan	-1.5
pertikaian	-1.5
pertolongan	1.5
pesalah	-1.5
pesat	1.5
pesimis	-1.5
pic	1.5
pig	-1.5
pintar	1.5
pisau	-1.5
plague	-1.5
pleased	1.5
pleasure	1.5
plot	-1.5
plumbum	1.5
polarisasi	-1.5
poor	-1.5
poorly	-1.5
popular	1.5
portable	1.5
positif	1.5
positive	1.5
positively	1.5
poverty	-1.5
powerful	1.5
praise	1.5
praktikal	-1.5
precious	1.5
precise	1.5
precisely	1.5
prefer	1.5
preferably	1.5
prejudice	-1.5
prejudis	-1.5
premier	1.5
prestige	1.5
prestigious	1.5
prestij	1.5
pretty	1.5
pride	1.5
primitif	-1.5
prison	-1.5
prisoner	-1.5
prize	1.5
proaktif	1.5
problem	-1.5
problems	-1.5
profound	1.5
progresif	1.5
progress	1.5
progressive	1.5
prolifik	1.5
prominence	1.5
prominent	1.5
promise	1.5
promised	1.5
promises	1.5
promoter	1.5
propaganda	-1.5
proper	1.5
properly	1.5
proprietary	-1.5
prosperity	1.5
protect	1.5
protection	1.5
protective	1.5
protes	-1.5
protest	-1.5
protests	-1.5
proud	1.5
proven	1.5
proves	1.5
provokasi	-1.5
provokatif	-1.5
puas	1.5
puasa	1.5
pucat	-1.5
pujaan	1.5
pujian	1.5
puki	-1.5
pulih	1.5
punca	-1.5
puncak	1.5
punch	-1.5
punk	-1.5
puppet	-1.5
pure	1.5
qualified	1.5
qualify	1.5
queer	-1.5
quiet	1.5
racism	-1.5
racist	-1.5
racun	-1.5
radang	-1.5
radiant	1.5
radical	-1.5
radikal	-1.5
ragu	-1.5
rahmat	1.5
rahsia	-1.5
rail	-1.5
rajin	1.5
raksasa	-1.5
ramah	1.5
rampasan	-1.5
rangka	-1.5
ranting	-1.5
rapi	1.5
rapid	1.5
rapuh	-1.5
rasional	1.5
rasis	-1.5
rasisme	-1.5
rasuah	-1.5
rational	1.5
rayuan	-1.5
readable	1.5
readily	1.5
ready	1.5
realistic	1.5
realistik	1.5
reasonable	1.5
rebah	-1.5
rebus	-1.5
recession	-1.5
recklessness	-1.5
recoil	-1.5
recommend	1.5
recommendations	1.5
recommended	1.5
reconcile	1.5
reconciliation	1.5
recover	1.5
recovery	1.5
redemption	1.5
redundant	-1.5
refined	1.5
reform	1.5
reforms	1.5
refusal	-1.5
refused	-1.5
refuses	-1.5
regard	1.5
regresif	-1.5
regret	-1.5
rehat	-1.5
reject	-1.5
rejected	-1.5
rejection	-1.5
rekaan	-1.5
rekahan	-1.5
rela	1.5
reliable	1.5
relief	1.5
reluctant	-1.5
remarkable	1.5
remarkably	1.5
remedy	1.5
remeh	-1.5
rempuhan	-1.5
remuk	-1.5
renaissance	1.5
rendah	-1.5
rendang	-1.5
rendidih	-1.5
renewed	1.5
renowned	1.5
reput	-1.5
reputasi	1.5
reputation	1.5
resah	-1.5
resigned	-1.5
resistance	-1.5
respect	1.5
restored	1.5
restricted	-1.5
retak	-1.5
retakan	-1.5
retorik	-1.5
revelation	1.5
revenge	-1.5
revert	-1.5
revival	1.5
revolt	-1.5
revolusi	1.5
revolutionary	1.5
reward	1.5
rezeki	1.5
rhetoric	-1.5
riang	1.5
ribut	-1.5
rich	1.5
right	1.5
rindu	-1.5
rintangan	-1.5
risau	-1.5
risiko	-1.5
risk	-1.5
risks	-1.5
riuh	-1.5
rival	-1.5
robust	1.5
rogol	-1.5
rohani	1.5
romantic	1.5
romantis	1.5
rosak	-1.5
rot	-1.5
rotten	-1.5
rough	-1.5
ruam	-1.5
rugi	-1.5
ruins	-1.5
rumor	-1.5
rumors	-1.5
rumpai	-1.5
runsing	-1.5
runtuh	-1.5
runtuhan	-1.5
sabotaj	-1.5
sad	-1.5
safe	1.5
safely	1.5
sah	1.5
sahih	1.5
saingan	-1.5
saint	1.5
sakit	-1.5
saksama	1.5
sakti	1.5
salah	-1.5
samar	-1.5
sambutan	1.5
sampah	-1.5
samseng	-1.5
sandiwara	-1.5
sangat	1.5
sanggup	1.5
santai	1.5
sap	-1.5
sapu	-1.5
saraf	-1.5
satisfied	1.5
satisfy	1.5
sayang	1.5
sayu	-1.5
scandal	-1.5
seasoned	1.5
seberapa	-1.5
sebulat	1.5
secure	1.5
sedar	-1.5
sedih	-1.5
sedikit	-1.5
sedut	-1.5
segar	1.5
segera	1.5
sehaluan	1.5
seimbang	1.5
sekali	1.5
sekam	-1.5
sekatan	-1.5
sekejap	-1.5
sekerap	-1.5
seksi	1.5
selanjar	-1.5
selaras	-1.5
selari	-1.5
selective	1.5
selesa	1.5
semangat	1.5
sembarangan	-1.5
sembuh	1.5
sempit	-1.5
sempurna	1.5
sengal	-1.5
sengit	-1.5
sengsara	-1.5
senonoh	-1.5
sensasi	1.5
sensation	1.5
sensitive	1.5
senyap	1.5
senyuman	1.5
seperti	1.5
sepi	-1.5
sepina	-1.5
serang	-1.5
serangan	-1.5
seri	1.5
serius	-1.5
serong	-1.5
seronok	1.5
sesak	-1.5
sesal	-1.5
sesat	-1.5
sesuai	1.5
sesungguhnya	-1.5
setan	-1.5
seteru	-1.5
severe	-1.5
shady	-1.5
shallow	-1.5
shame	-1.5
sharp	1.5
sharply	-1.5
shock	-1.5
sibuk	-1.5
sick	-1.5
sickness	-1.5
significant	1.5
sihat	1.5
sihir	1.5
sila	1.5
silap	-1.5
silau	-1.5
silent	1.5
silly	-1.5
simpan	-1.5
simpanan	1.5
simpler	1.5
simplest	1.5
simplified	1.5
simptom	-1.5
sin	-1.5
sindiran	-1.5
sindrom	-1.5
sinis	-1.5
sink	-1.5
skandal	-1.5
skil	1.5
skill	1.5
skilled	1.5
skuasy	-1.5
slave	-1.5
slaves	-1.5
sloth	-1.5
slow	-1.5
slowly	-1.5
slug	-1.5
smart	1.5
smash	-1.5
smear	-1.5
smoke	-1.5
smooth	1.5
soft	1.5
soleh	1.5
solek	1.5
solid	1.5
solidarity	1.5
sombong	-1.5
sopan	1.5
sophisticated	1.5
sore	-1.5
sorga	1.5
sorry	-1.5
sosial	1.5
sour	-1.5
spade	-1.5
spectacular	1.5
spiritual	1.5
spite	-1.5
split	-1.5
spontan	1.5
sporty	1.5
squash	-1.5
stabil	1.5
stability	1.5
stable	1.5
stainless	1.5
stall	-1.5
static	-1.5
statik	-1.5
steady	1.5
stealing	-1.5
steep	-1.5
stellar	1.5
stereotaip	-1.5
stern	-1.5
stew	-1.5
sticky	-1.5
stigma	-1.5
straightforward	1.5
strain	-1.5
strange	-1.5
stress	-1.5
strict	-1.5
strictly	-1.5
strike	-1.5
striking	1.5
strong	1.5
stronger	1.5
strongest	1.5
struck	-1.5
struggle	-1.5
stuck	-1.5
stunt	-1.5
stupid	-1.5
suam	-1.5
suar	-1.5
subsidi	1.5
substantif	1.5
subuh	1.5
subur	1.5
subversif	-1.5
succeed	1.5
succeeded	1.5
succeeding	1.5
success	1.5
successful	1.5
successfully	1.5
suci	1.5
suffer	-1.5
suffered	-1.5
suffering	-1.5
sufficient	1.5
sufficiently	1.5
suicide	-1.5
suitable	1.5
suka	1.5
sukarela	-1.5
sumbang	-1.5
sumbangan	1.5
sumpahan	-1.5
sumur	1.5
sunk	-1.5
super	1.5
superior	1.5
superiority	1.5
support	1.5
supported	1.5
supporting	1.5
supportive	1.5
supports	1.5
supremacy	1.5
supreme	1.5
suram	-1.5
surrender	-1.5
survival	1.5
suspect	-1.5
suspicion	-1.5
suspicious	-1.5
sweeping	1.5
sweet	1.5
syabas	1.5
syahid	-1.5
syair	1.5
syaitan	-1.5
symptom	-1.5
symptoms	-1.5
syndrome	-1.5
syurga	1.5
tabah	1.5
tabik	1.5
tahan	1.5
tahap	-1.5
tahi	-1.5
tahniah	1.5
tajam	1.5
taji	-1.5
takut	-1.5
talent	1.5
talents	1.5
tamak	-1.5
tamat	-1.5
tamparan	-1.5
tandingan	1.5
tangisan	-1.5
tangkas	1.5
tangki	-1.5
tank	-1.5
tanks	-1.5
tapak	-1.5
tarikan	1.5
tasbih	1.5
tebal	-1.5
tebusan	-1.5
tegang	-1.5
tegar	-1.5
teguran	-1.5
tekanan	-1.5
tekun	-1.5
teladan	1.5
telaga	1.5
teliti	1.5
telus	1.5
tempa	-1.5
tempur	-1.5
tenang	1.5
tender	1.5
tenggelam	-1.5
tense	-1.5
tension	-1.5
tentatif	-1.5
tepat	1.5
tepukan	1.5
teramat	-1.5
terang	1.5
terasa	-1.5
terasing	-1.5
terbaik	1.5
terbakar	-1.5
terbalik	-1.5
terbantut	-1.5
terbatas	1.5
terbiar	-1.5
tercalar	-1.5
tercekik	-1.5
tercela	-1.5
tercemar	-1.5
tercicir	-1.5
tercinta	1.5
terdedah	-1.5
terdesak	-1.5
terganggu	-1.5
tergantung	-1.5
tergendala	-1.5
terhad	-1.5
terhangat	1.5
terharu	-1.5
terhempas	-1.5
terhenti	-1.5
terik	-1.5
terjal	-1.5
terjejas	-1.5
terjumpa	-1.5
terkandas	-1.5
terkehel	-1.5
terkejut	1.5
terkenal	1.5
terkilan	-1.5
terkutuk	-1.5
terlalu	-1.5
terlampau	-1.5
terlepas	-1.5
terletak	-1.5
terlibat	-1.5
termiskin	-1.5
ternilai	1.5
terpaksa	-1.5
terpedaya	-1.5
terpelajar	1.5
terperangkap	-1.5
terpesona	1.5
terpilih	1.5
terpuji	1.5
terror	-1.5
terrorism	-1.5
tersandung	-1.5
tersangkut	-1.5
tersasar	-1.5
tersayang	1.5
tersedia	-1.5
tersembunyi	-1.5
tersendiri	1.5
tersenyum	1.5
terserempak	-1.5
tersilap	-1.5
tersumbat	-1.5
tersusun	-1.5
tertahan	-1.5
tertakluk	-1.5
tertarik	1.5
tertekan	-1.5
tertinggal	-1.5
tertinggi	1.5
tertunggak	-1.5
teruja	1.5
teruk	-1.5
terutamanya	1.5
thrash	-1.5
threat	-1.5
threatening	-1.5
threats	-1.5
thriving	1.5
tidak	-1.5
tikaman	-1.5
tingkat	-1.5
tinju	-1.5
tipu	-1.5
tiup	-1.5
tokoh	1.5
toksik	-1.5
tol	-1.5
tolak	-1.5
top	1.5
topang	-1.5
torrent	-1.5
torture	-1.5
totalitarian	-1.5
tough	1.5
traction	1.5
tragedi	-1.5
tragedy	-1.5
tragis	-1.5
transparent	1.5
trapped	-1.5
trash	-1.5
trauma	-1.5
traumatic	-1.5
treason	-1.5
trick	-1.5
triumph	1.5
trivial	-1.5
trofi	1.5
trompet	1.5
trophy	1.5
trouble	-1.5
trumpet	1.5
trust	1.5
tualang	-1.5
tuan	1.5
tuduhan	-1.5
tulen	1.5
tuli	-1.5
tumpul	-1.5
tunduk	-1.5
tunggul	-1.5
twisted	-1.5
ubat	1.5
ugly	-1.5
ugut	-1.5
ugutan	-1.5
ultimatum	-1.5
umpan	-1.5
unable	-1.5
uncertain	-1.5
unclear	-1.5
undefined	-1.5
undesirable	-1.5
unexpected	-1.5
unexpectedly	-1.5
unggul	1.5
unity	1.5
unknown	-1.5
unlikely	-1.5
unlimited	1.5
unnecessary	-1.5
unsuccessful	-1.5
unsure	-1.5
unusual	-1.5
unusually	-1.5
upgraded	1.5
upheld	1.5
uphold	1.5
upset	-1.5
usaha	1.5
usang	-1.5
useful	1.5
useless	-1.5
usik	-1.5
uzur	-1.5
vague	-1.5
valuable	1.5
variety	1.5
versatile	1.5
vibrant	1.5
vice	-1.5
victory	1.5
violation	-1.5
violent	-1.5
virtue	1.5
virus	-1.5
volatile	-1.5
vulgar	-1.5
vulnerable	-1.5
wabak	-1.5
wajar	1.5
walaupun	-1.5
wali	1.5
wangi	1.5
waras	1.5
warm	1.5
warned	-1.5
warning	-1.5
warp	-1.5
wasap	-1.5
waspada	-1.5
waste	-1.5
wau	1.5
weak	-1.5
weakness	-1.5
wealthy	1.5
welcome	1.5
well	1.5
wild	-1.5
wildly	-1.5
willing	1.5
win	1.5
winner	1.5
winners	1.5
winning	1.5
wins	1.5
wira	1.5
wisdom	1.5
wise	1.5
won	1.5
woo	1.5
work	1.5
worked	1.5
works	1.5
worn	-1.5
worry	-1.5
worse	-1.5
worst	-1.5
worth	1.5
wound	-1.5
wounds	-1.5
wrong	-1.5
wrought	-1.5
yakin	1.5
yu	-1.5
zalim	-1.5
zombie	-1.5
