Dick	-1.5
Jugendstil	1.5
Nemesis	-1.5
Renaissance	1.5
aan	1.5
aanbeden	1.5
aanbevelen	1.5
aanbeveling	1.5
aanbevelingen	1.5
aanbevolen	1.5
aanbidden	1.5
aanbieden	1.5
aanbreken	1.5
aandachtig	1.5
aandeel	-1.5
aandoen	-1.5
aandoening	-1.5
aangeklaagd	-1.5
aangenaam	1.5
aangename	1.5
aangeprezen	-1.5
aangericht	-1.5
aangetaste	-1.5
aangevochten	-1.5
aangevuld	1.5
aangewezen	1.5
aanhanger	-1.5
aanhoudend	-1.5
aanhouding	-1.5
aanklacht	-1.5
aankloppen	-1.5
aankomen	1.5
aanleg	-1.5
aanleiding	-1.5
aanmoedigen	1.5
aanmoediging	1.5
aanname	1.5
aannemen	1.5
aanpassen	1.5
aanraden	1.5
aanranding	-1.5
aanrichten	-1.5
aanslag	-1.5
aanspannen	-1.5
aansporing	-1.5
aansprakelijk	-1.5
aansprakelijkheid	-1.5
aanspreken	1.5
aansteker	1.5
aanstichter	-1.5
aantasten	-1.5
aantrekkelijk	1.5
aantrekkelijke	1.5
aantrekkelijkheid	1.5
aantrekkingskracht	1.5
aanvaarden	1.5
aanvaarding	1.5
aanval	-1.5
aanvallen	-1.5
aanvallend	-1.5
aanvoeren	1.5
aanvullen	1.5
aanvulling	1.5
aanwijzing	1.5
aanzien	1.5
aard	-1.5
aardig	1.5
aards	-1.5
aarzelend	-1.5
aas	-1.5
abnormaal	-1.5
abrupt	-1.5
absurd	-1.5
abundant	1.5
accuraat	1.5
accurate	1.5
achtbaan	-1.5
achterblijven	-1.5
achterblijvende	-1.5
achterdeur	-1.5
achterdocht	-1.5
achterdochtig	-1.5
achtergestelde	-1.5
achterhaald	-1.5
achterlaten	-1.5
achterlijk	-1.5
achterover	-1.5
achterstallig	-1.5
achterste	-1.5
achtersteven	-1.5
achteruit	-1.5
achteruitgang	-1.5
achtervolgen	-1.5
achterwaarts	-1.5
achterwerk	-1.5
achting	1.5
acuut	1.5
adaptieve	1.5
adder	-1.5
adellijk	1.5
adellijke	1.5
adem	1.5
ademhaling	1.5
adequaat	1.5
adequate	1.5
advanced	1.5
advies	1.5
adviseren	1.5
advocaat	1.5
advocate	1.5
afbraak	-1.5
afbranden	-1.5
afbreken	-1.5
afbreuk	-1.5
afdaling	-1.5
affiniteit	1.5
afgaan	-1.5
afgebroken	-1.5
afgedragen	-1.5
afgeslagen	-1.5
afgetreden	-1.5
afgietsel	-1.5
afkeer	-1.5
afkerig	-1.5
afkeuren	-1.5
afkeuring	-1.5
afkoelen	1.5
aflaat	1.5
afleiden	-1.5
afleiding	-1.5
afloop	-1.5
aflopen	-1.5
aflossing	1.5
afluisteren	-1.5
afmaken	-1.5
afname	-1.5
afnemen	-1.5
afpersing	-1.5
afschaffen	-1.5
afscheiden	-1.5
afschrikken	-1.5
afschrikwekkend	-1.5
afschuw	-1.5
afschuwelijk	-1.5
afslaan	-1.5
afstandelijk	-1.5
afstoten	-1.5
aftappen	-1.5
aftreden	-1.5
aftrekken	-1.5
afval	-1.5
afvallen	-1.5
afvallige	-1.5
afvoer	-1.5
afweren	-1.5
afwezig	-1.5
afwezige	-1.5
afwezigheid	-1.5
afwijken	-1.5
afwijkend	-1.5
afwijking	-1.5
afwijzen	-1.5
afwijzend	-1.5
afwijzing	-1.5
afwisselend	1.5
afzijdig	-1.5
agile	1.5
agressie	-1.5
agressief	-1.5
agressiviteit	-1.5
alarm	-1.5
alert	1.5
algemeen	-1.5
alledaags	-1.5
alleen	-1.5
allergie	-1.5
allergieën	-1.5
allergisch	-1.5
als	1.5
ambitieus	1.5
amper	-1.5
analfabeet	-1.5
anarchie	-1.5
anarchisme	-1.5
anarchist	-1.5
angst	-1.5
angsten	-1.5
angstig	-1.5
annuleren	-1.5
anomalie	-1.5
antagonist	-1.5
antwoorden	-1.5
anus	-1.5
apart	-1.5
apocalyptische	-1.5
arbeid	1.5
archaïsch	-1.5
aristocraat	1.5
arm	-1.5
arme	-1.5
armer	-1.5
armoede	-1.5
armoedig	-1.5
armste	-1.5
arrestatie	-1.5
arrogant	-1.5
arrogantie	-1.5
ascese	-1.5
aspiraties	1.5
attack	-1.5
attent	1.5
attractie	1.5
authentiek	1.5
autocratisch	-1.5
autonoom	1.5
autoritair	-1.5
available	1.5
aversie	-1.5
avontuurlijk	1.5
award	1.5
awards	1.5
baanbrekend	1.5
baanbrekende	1.5
backbone	1.5
bad	-1.5
balanceren	1.5
balling	-1.5
ballingschap	-1.5
ban	1.5
bang	-1.5
bank	1.5
bankroet	-1.5
barbaar	-1.5
barbaars	-1.5
barmhartigheid	1.5
barst	-1.5
barsten	-1.5
bastaard	-1.5
baten	1.5
beautiful	1.5
beauty	1.5
bedanken	1.5
bedekken	-1.5
bedelaar	-1.5
bedelen	-1.5
bedenken	-1.5
bederf	-1.5
bederven	-1.5
bediende	-1.5
bedorven	-1.5
bedreigen	-1.5
bedreiging	-1.5
bedreigingen	-1.5
bedreven	1.5
bedriegen	-1.5
bedrieger	-1.5
bedrieglijk	-1.5
bedroefd	-1.5
bedrog	-1.5
bedrogen	-1.5
beducht	-1.5
beduidend	1.5
beek	-1.5
beeltenis	-1.5
beest	-1.5
beestje	-1.5
begaafd	1.5
begeleiden	1.5
begeleiding	1.5
begeven	-1.5
begrijpelijk	1.5
begrijpen	-1.5
begrip	-1.5
begroeten	1.5
begroeting	1.5
begunstigde	1.5
behagen	1.5
behangen	-1.5
beheersen	1.5
beheerst	1.5
behendig	1.5
behendigheid	1.5
behoeden	-1.5
behoeftige	-1.5
behoorlijk	1.5
behulpzaam	1.5
bekendmaken	-1.5
bekennen	-1.5
bekentenis	-1.5
bekentenissen	-1.5
beklag	-1.5
beklagen	-1.5
beklemtonen	-1.5
bekomen	1.5
bekritiseerd	-1.5
bekritiseren	-1.5
bekrompen	-1.5
bekroond	1.5
bekwaam	1.5
bekwaamheid	1.5
belachelijk	-1.5
beladen	-1.5
belang	1.5
belangeloos	-1.5
belangen	1.5
belangrijk	1.5
belangstelling	-1.5
belangwekkend	1.5
belasten	-1.5
beledigen	-1.5
beledigend	-1.5
belediging	-1.5
beledigingen	-1.5
beleefd	1.5
beleefdheid	1.5
beleg	-1.5
belegeren	-1.5
belegering	-1.5
belemmerd	-1.5
belemmeren	-1.5
belemmering	-1.5
belezen	1.5
belichten	1.5
belijden	-1.5
belofte	1.5
belonen	1.5
beloning	1.5
beloofd	1.5
belooft	1.5
beloven	1.5
bemind	1.5
beminde	1.5
bemoeien	-1.5
benadrukken	1.5
benadrukt	-1.5
benauwd	-1.5
bendelid	-1.5
bent	-1.5
beperken	-1.5
beperking	-1.5
beperkingen	-1.5
beperkt	-1.5
bepleit	1.5
bepleiten	1.5
beproeving	-1.5
beramen	-1.5
bereid	1.5
bereikbaar	1.5
bereiken	1.5
bergafwaarts	-1.5
berisping	-1.5
beroemd	1.5
beroep	1.5
beroerd	-1.5
beroering	-1.5
beroofd	-1.5
berooid	-1.5
berouw	-1.5
beroving	-1.5
berucht	-1.5
beruchte	-1.5
beschaamd	-1.5
beschadigd	-1.5
beschadigen	-1.5
beschaving	1.5
bescheiden	1.5
bescheidenheid	1.5
beschermen	1.5
beschermend	1.5
bescherming	1.5
beschikbaar	1.5
beschouwen	1.5
beschuldigen	-1.5
beschuldiging	-1.5
beschuldigingen	-1.5
beschuldigt	-1.5
beseffen	1.5
beslissend	1.5
besmet	-1.5
besmettelijk	-1.5
besmetten	-1.5
besmetting	-1.5
besparen	1.5
bespelen	1.5
bespot	-1.5
bespotten	-1.5
best	1.5
bestoken	-1.5
bestraffen	-1.5
betekenisloos	-1.5
beter	1.5
beteren	1.5
betoverd	1.5
betoverde	1.5
betovering	1.5
betrappen	-1.5
betreffen	-1.5
betrekken	-1.5
betreurde	-1.5
betreuren	-1.5
betrokken	-1.5
betrouwbaar	1.5
betrouwbaarheid	1.5
better	1.5
betwijfelen	-1.5
betwist	-1.5
betwiste	-1.5
betwisten	-1.5
beuken	-1.5
beurs	1.5
bevaarbaar	1.5
bevallen	1.5
beveiligen	1.5
beven	-1.5
bevestigd	1.5
bevestigen	1.5
bevestigend	1.5
bevestiging	1.5
bevoegd	1.5
bevoordelen	1.5
bevorderen	1.5
bevredigen	1.5
bevredigend	1.5
bevredigende	1.5
bevrediging	1.5
bevreesd	-1.5
bevriend	1.5
bevriende	1.5
bevriest	-1.5
bevriezen	-1.5
bevriezing	-1.5
bevrijd	1.5
bevrijden	1.5
bevrijding	1.5
bevroren	-1.5
bewapend	-1.5
beweeglijk	1.5
beweren	-1.5
bewering	-1.5
bewerkstelligen	1.5
bewerkt	-1.5
bewezen	1.5
bewijs	1.5
bewijst	1.5
bewijzen	1.5
bewonderaar	1.5
bewonderen	1.5
bewondering	1.5
bewusteloos	-1.5
bezeten	-1.5
bezit	-1.5
bezorgd	-1.5
bezorgdheid	-1.5
bezwaar	-1.5
bezwaarlijk	-1.5
bezwaren	-1.5
bezweren	1.5
bezwering	1.5
bezwijken	-1.5
beëindigen	-1.5
beïnvloeden	-1.5
bias	-1.5
biecht	-1.5
bieden	1.5
biggen	-1.5
bijdrage	1.5
bijdragen	1.5
bijgeloof	-1.5
bijl	-1.5
bijstand	1.5
bijten	-1.5
bijtend	-1.5
bijval	1.5
bijzonder	1.5
billen	-1.5
binnendringen	-1.5
binnengedrongen	-1.5
binnenvallen	-1.5
bits	-1.5
bitter	-1.5
bitterheid	-1.5
bizar	-1.5
bizarre	-1.5
blaffen	1.5
blank	1.5
blauw	-1.5
blazen	-1.5
bleef	-1.5
blij	1.5
blijde	1.5
blijdschap	1.5
blijft	-1.5
blind	-1.5
blinken	1.5
blinkt	1.5
blockbuster	1.5
bloedbad	-1.5
bloedbaden	-1.5
bloeden	-1.5
bloederige	-1.5
bloedig	-1.5
bloeding	-1.5
bloedvergieten	-1.5
bloei	1.5
bloeien	1.5
bloeiend	1.5
bloeiende	1.5
bloeitijd	1.5
bloem	1.5
bloesem	1.5
blokkeren	-1.5
blow	-1.5
blunder	-1.5
blunders	-1.5
blussen	-1.5
bochtig	-1.5
bod	1.5
boef	-1.5
boegbeeld	-1.5
boeiend	1.5
boekweit	-1.5
bom	-1.5
bombardement	-1.5
bombarderen	-1.5
bondgenoot	1.5
bondig	1.5
bonus	1.5
bonussen	1.5
boom	1.5
boos	-1.5
boosheid	-1.5
boost	1.5
boren	-1.5
boring	-1.5
boringen	-1.5
borstbeeld	-1.5
borstel	-1.5
bot	-1.5
botsen	-1.5
botsing	-1.5
bouwvallig	-1.5
bovenkant	1.5
bovennatuurlijk	-1.5
box	-1.5
boycot	-1.5
boycotten	-1.5
braaf	1.5
braderie	1.5
brak	-1.5
braken	-1.5
branche	-1.5
branden	-1.5
brandnetel	-1.5
brandwonden	-1.5
brave	1.5
break	-1.5
breaks	-1.5
breekbaar	-1.5
breken	-1.5
breuk	-1.5
brighter	1.5
briljant	1.5
broeden	-1.5
broken	-1.5
bron	1.5
bronzen	-1.5
brood	-1.5
broos	-1.5
bros	-1.5
bruikbaar	1.5
brutaal	-1.5
brute	-1.5
bruto	-1.5
bruut	-1.5
bug	-1.5
buggy	-1.5
bugs	-1.5
buigzaam	1.5
buitenbeentje	-1.5
buitengewoon	1.5
buitensporig	-1.5
buitenstaander	-1.5
buizen	-1.5
bult	-1.5
burn	-1.5
buste	-1.5
cabine	-1.5
calamiteiten	-1.5
cancer	-1.5
capituleren	-1.5
catastrofaal	-1.5
catastrofale	-1.5
catastrofe	-1.5
chantage	-1.5
chanteren	-1.5
chaos	-1.5
chaotisch	-1.5
charisma	1.5
charismatisch	1.5
charismatische	1.5
charmant	1.5
charme	1.5
chic	1.5
chique	1.5
chronisch	-1.5
citroen	-1.5
classic	1.5
clean	1.5
clear	1.5
cloud	-1.5
coherent	1.5
cold	-1.5
comfort	1.5
comfortabel	1.5
commotie	-1.5
compact	1.5
compatible	1.5
competent	1.5
compleet	1.5
complement	1.5
complementair	1.5
complex	-1.5
complicatie	-1.5
compliment	1.5
complot	-1.5
conceptueel	1.5
concern	-1.5
concerns	-1.5
concessie	-1.5
concessies	-1.5
concurrent	-1.5
conflict	-1.5
conflicten	-1.5
confrontatie	-1.5
confronteren	-1.5
congestie	-1.5
consequent	1.5
conservatief	-1.5
consistent	1.5
consternatie	-1.5
constructief	1.5
consumeren	1.5
continuïteit	1.5
controleren	1.5
controverse	-1.5
controversieel	-1.5
cool	1.5
correct	1.5
corrigeren	1.5
corrosie	-1.5
corrosief	-1.5
corrupt	-1.5
corruptie	-1.5
coöperatief	1.5
coöperatieve	1.5
crack	-1.5
crash	-1.5
crashen	-1.5
crashes	-1.5
crashte	-1.5
crazy	-1.5
creatief	1.5
creative	1.5
crime	-1.5
crimineel	-1.5
crisis	-1.5
critical	-1.5
critici	-1.5
criticus	-1.5
cry	-1.5
cure	1.5
cynisch	-1.5
cynisme	-1.5
daden	1.5
dader	-1.5
dagen	1.5
dageraad	1.5
dagvaarding	-1.5
dakloze	-1.5
dalen	-1.5
dalende	-1.5
daling	-1.5
damp	-1.5
dampen	-1.5
dankbaar	1.5
dankbaarheid	1.5
danken	1.5
dapper	1.5
dapperheid	1.5
dar	-1.5
dark	-1.5
dead	-1.5
death	-1.5
debacle	-1.5
debt	-1.5
decadent	-1.5
deel	-1.5
deelneming	1.5
defect	-1.5
defensief	-1.5
degelijk	1.5
degraderen	-1.5
dekken	-1.5
deksel	1.5
delay	-1.5
delicaat	1.5
delicate	1.5
delicten	-1.5
delirium	-1.5
demon	-1.5
demper	-1.5
denigrerend	-1.5
denigrerende	-1.5
denkbeeldig	-1.5
depressie	-1.5
depressies	-1.5
desertie	-1.5
desolate	-1.5
despoot	-1.5
destroyer	-1.5
destructief	-1.5
deugd	1.5
deugdelijk	1.5
deugdzaam	1.5
deuk	-1.5
devil	-1.5
diagram	-1.5
diameter	-1.5
diarree	-1.5
dicht	-1.5
dictator	-1.5
dictatoriaal	-1.5
die	-1.5
died	-1.5
diefstal	-1.5
dienaar	-1.5
dienstbaar	-1.5
dienstbaarheid	-1.5
diep	1.5
diepgaand	1.5
dierlijk	-1.5
dies	-1.5
dik	-1.5
dikker	-1.5
dilemma	-1.5
din	-1.5
ding	-1.5
diplomatiek	1.5
direct	1.5
dirty	-1.5
discontinuïteit	-1.5
discriminatie	-1.5
discriminerende	-1.5
diskrediet	-1.5
disorder	-1.5
dispuut	-1.5
diss	-1.5
dissident	-1.5
dissidenten	-1.5
dissonant	-1.5
distortion	-1.5
diversen	-1.5
dobbelsteen	-1.5
dode	-1.5
dodelijk	-1.5
doden	-1.5
doelbewust	1.5
doeltreffend	1.5
doen	-1.5
dof	-1.5
dogmatisch	-1.5
dol	-1.5
dolblij	1.5
dom	-1.5
domheid	-1.5
domineert	1.5
domme	-1.5
donker	-1.5
donkerder	-1.5
dood	-1.5
doodgaan	-1.5
doodt	-1.5
doof	-1.5
doorbraak	1.5
doorbraken	1.5
doorbreken	-1.5
doordacht	1.5
doorschijnend	1.5
doorslaand	1.5
doorslaggevend	1.5
doorzichtig	1.5
dor	-1.5
dorst	-1.5
dove	-1.5
doven	-1.5
draagbaar	1.5
draagvermogen	-1.5
draai	-1.5
draaien	-1.5
drag	-1.5
drang	-1.5
drastisch	-1.5
dreigen	-1.5
dreigend	-1.5
dreigende	-1.5
drietal	-1.5
drijvend	1.5
dringend	-1.5
droefheid	-1.5
droevig	-1.5
drogreden	-1.5
drogredenen	-1.5
dromer	1.5
drones	-1.5
dronkaard	-1.5
dronken	-1.5
droog	-1.5
droogte	-1.5
drugs	-1.5
druk	-1.5
dubbelzinnig	-1.5
dubbelzinnigheid	-1.5
dubieus	-1.5
duidelijk	1.5
duidelijker	1.5
duister	-1.5
duisternis	-1.5
duivel	-1.5
duivels	-1.5
dump	-1.5
dumpen	-1.5
dun	-1.5
dupe	-1.5
duur	-1.5
duurzaam	1.5
duurzaamheid	1.5
duurzame	1.5
dwaalgast	-1.5
dwaas	-1.5
dwaasheid	-1.5
dwalen	-1.5
dwaling	-1.5
dwang	-1.5
dwangmatig	-1.5
dwars	-1.5
dwarsbomen	-1.5
dwerg	-1.5
dwingen	-1.5
dynamic	1.5
dynamisch	1.5
dynamische	1.5
easy	1.5
echt	1.5
economisch	1.5
edel	1.5
edele	1.5
edelsteen	1.5
edelstenen	1.5
eenduidig	1.5
eenheid	1.5
eenvoudig	1.5
eenvoudiger	1.5
eenvoudigste	1.5
eenzaam	-1.5
eenzaamheid	-1.5
eenzame	-1.5
eer	1.5
eerbetoon	1.5
eerbied	1.5
eerlijk	1.5
eerlijkheid	1.5
eerste	1.5
eersteklas	1.5
eervol	1.5
eeuwig	1.5
effectief	1.5
effectiviteit	1.5
effen	1.5
efficiënt	1.5
egaal	1.5
egoïsme	-1.5
egoïstisch	-1.5
egoïstische	-1.5
eigenaardigheden	-1.5
eigenlijk	1.5
eigenwijs	-1.5
eigenzinnig	-1.5
eindeloos	1.5
eitje	1.5
elegant	1.5
elegante	1.5
elegantie	1.5
elektrificeren	1.5
eliminatie	-1.5
elitair	1.5
elitaire	1.5
elite	1.5
ellende	-1.5
eminent	1.5
empathie	1.5
energiek	1.5
eng	-1.5
engagement	1.5
engel	1.5
engte	-1.5
enorm	1.5
enough	1.5
enten	-1.5
enthousiasme	1.5
enthousiast	1.5
epidemie	-1.5
erbarmelijk	-1.5
eren	1.5
ergens	-1.5
erger	-1.5
ergeren	-1.5
ergernis	-1.5
ergert	-1.5
ernstig	1.5
eroderen	-1.5
erosie	-1.5
error	-1.5
ethisch	1.5
euforie	1.5
euvel	-1.5
evenknie	1.5
evenwicht	1.5
evenwichtige	1.5
exact	1.5
excentriciteit	-1.5
excentriek	-1.5
excuses	-1.5
excuus	-1.5
expert	1.5
exploderen	-1.5
exploitatie	-1.5
exploiteren	-1.5
explosie	-1.5
explosief	-1.5
extase	1.5
extreem	-1.5
extremisme	-1.5
extremisten	-1.5
extremistische	-1.5
faalt	-1.5
faam	1.5
fabriceren	-1.5
faciliteiten	1.5
failure	-1.5
fair	1.5
faith	1.5
fakkels	-1.5
falen	-1.5
fall	-1.5
false	-1.5
famous	1.5
fanatiek	-1.5
fanatisme	-1.5
fanfare	1.5
fans	1.5
fantasierijke	1.5
fantastisch	1.5
fascisme	-1.5
fascist	-1.5
fascistisch	-1.5
fast	1.5
fat	-1.5
fataal	-1.5
fatale	-1.5
fatsoen	1.5
fatsoenlijk	1.5
favoriet	1.5
fear	-1.5
feat	1.5
feest	1.5
feestelijk	1.5
feestelijke	1.5
feilloos	1.5
feliciteren	1.5
fenomenaal	1.5
fervent	1.5
fiasco	-1.5
fictie	-1.5
fictief	-1.5
fiction	-1.5
fier	1.5
figuurlijk	1.5
fijn	1.5
fijnere	1.5
fijnste	1.5
fine	1.5
flauw	-1.5
flexibel	1.5
flexibele	1.5
flexibiliteit	1.5
flirt	-1.5
flirten	-1.5
flop	-1.5
fobie	-1.5
foltering	-1.5
fond	1.5
forceren	-1.5
formeel	-1.5
fors	-1.5
fortuin	1.5
fout	-1.5
fouten	-1.5
foutief	-1.5
foutloos	1.5
fraai	1.5
fraude	-1.5
fraudeur	-1.5
free	1.5
freedom	1.5
fret	-1.5
fris	1.5
frisse	-1.5
frustratie	-1.5
frustraties	-1.5
frustrerend	-1.5
fuck	-1.5
fun	1.5
fundamentalisme	-1.5
fundering	-1.5
funky	-1.5
furore	-1.5
fut	1.5
futuristisch	1.5
futuristische	1.5
gaarne	1.5
gaffel	-1.5
gal	-1.5
galblaas	-1.5
gallen	-1.5
gangster	-1.5
garanderen	1.5
garantie	1.5
garanties	1.5
gastvrij	1.5
gat	-1.5
gealarmeerd	-1.5
gebakken	-1.5
gebarsten	-1.5
gebeuren	1.5
geblesseerd	-1.5
geblokt	-1.5
geboeid	1.5
gebogen	-1.5
gebrek	-1.5
gebreken	-1.5
gebrekkig	-1.5
gebroken	-1.5
gebruik	-1.5
gecastreerd	-1.5
geconcentreerd	1.5
gedachtenis	1.5
gedeeltelijk	-1.5
gedegenereerd	-1.5
gedempt	-1.5
gedesillusioneerd	-1.5
gedetailleerd	1.5
gedijen	1.5
gediplomeerd	1.5
gedoe	-1.5
gedoemd	-1.5
gedomineerd	1.5
gedood	-1.5
gedraaid	-1.5
gedragen	-1.5
geducht	1.5
geduld	1.5
geduldig	1.5
gedumpt	-1.5
gedupeerde	-1.5
gedwongen	-1.5
geestdrift	1.5
geestelijk	1.5
geestelijke	1.5
geestig	1.5
gefeliciteerd	1.5
gefrustreerd	-1.5
gegrond	1.5
gehaat	-1.5
gehandicapt	-1.5
gehandicapten	-1.5
gehard	-1.5
gehavend	-1.5
gehavende	-1.5
geheel	1.5
geheim	-1.5
geheimzinnig	-1.5
geherstructureerd	1.5
gehinderd	-1.5
geholpen	1.5
gehoorzaamheid	1.5
gehuld	-1.5
gehuurd	-1.5
gejuich	1.5
gek	-1.5
geknoopt	-1.5
gekoesterd	1.5
gekraakt	-1.5
gekrast	-1.5
gekruid	1.5
gekweld	-1.5
gekwetst	-1.5
geldboete	1.5
gelede	1.5
geleed	1.5
geleerd	1.5
geleid	1.5
geliefd	1.5
geliefde	1.5
gelijk	1.5
gelijke	1.5
gelijkmatig	1.5
gelogen	-1.5
geloof	1.5
geloofwaardig	1.5
geloven	1.5
geluid	-1.5
geluiden	-1.5
geluk	1.5
gelukkig	1.5
gelukkiger	1.5
gelukt	1.5
gem	1.5
gemak	1.5
gemakkelijk	1.5
gemakkelijker	1.5
gemakkelijkste	1.5
gemeden	-1.5
gemeen	-1.5
gemene	-1.5
gemengd	-1.5
gemis	-1.5
gemist	-1.5
gemoed	-1.5
gemotiveerd	1.5
gemotiveerde	1.5
genade	1.5
genadeloos	-1.5
genegenheid	1.5
genezen	1.5
genezing	1.5
geniaal	1.5
genie	1.5
geniet	1.5
genieten	1.5
genius	1.5
genocide	-1.5
genoeg	1.5
genoegen	1.5
genot	1.5
genoten	1.5
geoefend	1.5
gepast	1.5
gepatenteerd	-1.5
geperfectioneerd	1.5
geplakt	-1.5
gepolijst	1.5
geraffineerd	1.5
gerecht	1.5
gerechtigheid	1.5
gereed	1.5
gerenommeerd	1.5
gereserveerd	-1.5
gering	-1.5
gerucht	-1.5
geruchten	-1.5
geruisloos	1.5
geruïneerd	-1.5
geschaad	-1.5
gescheurd	-1.5
geschikt	1.5
geschil	-1.5
geschokt	-1.5
geschoold	1.5
geschreeuw	-1.5
geschroefd	-1.5
geslaagd	1.5
gesleept	-1.5
gesloten	-1.5
gesmeed	-1.5
gesmoord	-1.5
gesneuvelde	-1.5
gesp	-1.5
gespannen	-1.5
gespen	-1.5
gestaakt	-1.5
gestampt	-1.5
gestileerde	1.5
gestolen	-1.5
gestoord	-1.5
gestorven	-1.5
gestoten	-1.5
gestrand	-1.5
gestroomlijnd	1.5
gesubsidieerde	1.5
getalenteerd	1.5
getand	-1.5
getrouw	1.5
getrouwe	1.5
getto	-1.5
getuigen	1.5
geuren	-1.5
gevaar	-1.5
gevaarlijk	-1.5
gevaarlijke	-1.5
gevangen	-1.5
gevangene	-1.5
gevangenis	-1.5
gevangenisstraf	-1.5
gevangenschap	-1.5
gevat	1.5
gevecht	-1.5
geven	1.5
gevierd	1.5
gevierde	1.5
gevlekt	-1.5
gevlucht	-1.5
gevoel	1.5
gevoelig	1.5
gevorderd	1.5
gevreesde	-1.5
gewaardeerd	1.5
geweigerd	-1.5
gewelddadig	-1.5
geweldig	1.5
gewijd	1.5
gewild	1.5
gewillig	1.5
gewist	1.5
gewond	-1.5
gewonnen	1.5
gewoon	-1.5
gezaghebbend	1.5
gezakt	-1.5
gezellig	1.5
gezet	-1.5
gezichtspunt	-1.5
gezond	1.5
gezonken	-1.5
gezwollen	-1.5
geëerd	1.5
geïnfecteerde	-1.5
geïntegreerd	1.5
geïsoleerd	-1.5
gierzwaluw	1.5
gif	-1.5
giftig	-1.5
gijzelaar	-1.5
gimmick	-1.5
glad	1.5
gladder	1.5
gladheid	1.5
glans	1.5
glanzend	1.5
glimlach	1.5
glimmend	1.5
glorie	1.5
goddelijk	1.5
godslastering	-1.5
goed	1.5
goede	1.5
goedheid	1.5
goedkeuren	1.5
goedkeuring	1.5
goedkoopste	1.5
goedkope	1.5
goedkoper	1.5
gold	1.5
golden	1.5
good	1.5
goodwill	1.5
goot	-1.5
gootsteen	-1.5
goud	1.5
gouden	1.5
goudkleurig	1.5
graag	1.5
grafiek	-1.5
grand	1.5
grandeur	1.5
grap	-1.5
grappig	-1.5
gratie	1.5
gratis	1.5
great	1.5
greatest	1.5
greep	-1.5
grens	-1.5
grenzen	-1.5
gretig	1.5
grieven	-1.5
grijpen	-1.5
grillig	-1.5
grimmig	-1.5
grind	-1.5
groen	1.5
groet	1.5
groeten	1.5
grof	-1.5
grondig	1.5
groot	1.5
grootheid	1.5
groots	1.5
grootsheid	1.5
grootst	1.5
gros	-1.5
grot	-1.5
gruwel	-1.5
gruwelijk	-1.5
gunnen	1.5
gunst	1.5
gunstig	1.5
haag	-1.5
haai	-1.5
haalbaar	1.5
haalbare	1.5
haast	-1.5
haastig	-1.5
haat	-1.5
hack	-1.5
hagel	1.5
hakken	-1.5
handhaven	1.5
handig	1.5
hang	-1.5
hangen	-1.5
hangt	-1.5
happy	1.5
hard	-1.5
harde	-1.5
harden	-1.5
hardop	-1.5
harmonie	1.5
harmonieus	1.5
harmonisch	1.5
hartelijk	1.5
hartstocht	1.5
hartstochtelijk	1.5
hate	-1.5
haten	-1.5
hausse	1.5
haven	-1.5
havens	-1.5
heaven	1.5
hebzucht	-1.5
hectische	-1.5
heerlijk	1.5
heerlijkheid	1.5
heerschap	-1.5
heet	1.5
hefboom	1.5
heftig	-1.5
hegemonie	-1.5
heiden	-1.5
heidens	-1.5
heil	1.5
heilig	1.5
heilige	1.5
heiligen	1.5
heiligschennis	-1.5
heilzaam	1.5
heimelijk	-1.5
hekel	-1.5
hel	-1.5
helaas	-1.5
held	1.5
heldendaad	-1.5
helder	1.5
helderder	1.5
helderheid	1.5
helderste	1.5
helderziende	1.5
heldhaftig	1.5
heldin	1.5
helemaal	1.5
helen	1.5
hell	-1.5
hellend	-1.5
helling	-1.5
helpen	1.5
hemel	1.5
hemels	1.5
hendel	1.5
herbergen	-1.5
herdenking	1.5
herhaling	-1.5
herleven	1.5
herleving	1.5
hero	1.5
heropleving	1.5
heroïsch	1.5
herrie	-1.5
herroepen	-1.5
herstel	1.5
hersteld	1.5
herstellen	1.5
herstructureren	1.5
herstructurering	1.5
hervormd	1.5
hervormen	1.5
hervorming	1.5
hervormingen	1.5
herwinnen	1.5
herzien	1.5
hevig	-1.5
hield	1.5
hilarisch	1.5
hinder	-1.5
hinderen	-1.5
hinderlaag	-1.5
hinderlijk	-1.5
hindernis	-1.5
hoax	-1.5
hoeksteen	1.5
hoer	-1.5
hol	-1.5
hommage	1.5
homo	-1.5
homoseksueel	-1.5
hongersnood	-1.5
hoofdpijn	-1.5
hoofdrolspeler	1.5
hoog	1.5
hoogst	1.5
hoogste	1.5
hoogtepunt	1.5
hoogteverschil	-1.5
hoogverraad	-1.5
hoopvol	1.5
hoorbaar	1.5
hopeloos	-1.5
horde	-1.5
hot	1.5
houdt	1.5
huiduitslag	-1.5
huilen	-1.5
huisvuil	-1.5
huiswerk	-1.5
hulde	1.5
hulp	1.5
hulpeloos	-1.5
humaan	1.5
humane	1.5
humor	1.5
humoristisch	1.5
huurling	-1.5
hype	-1.5
hypocrisie	-1.5
hypothetisch	-1.5
hysterie	-1.5
hysterisch	-1.5
ideaal	1.5
idealist	1.5
idioot	-1.5
idyllisch	1.5
ietwat	1.5
ijdel	-1.5
ijdelheid	-1.5
ijskoud	-1.5
ijver	1.5
ijverig	1.5
illegaal	-1.5
illusie	-1.5
illusies	-1.5
illustere	1.5
imitatie	-1.5
imiteren	-1.5
immens	1.5
immense	1.5
impasse	-1.5
impedantie	-1.5
implicatie	-1.5
impliceren	-1.5
imponeren	1.5
important	1.5
imposant	1.5
improved	1.5
impulsief	-1.5
inactief	-1.5
inademen	1.5
inademing	1.5
inbreuk	-1.5
inbreuken	-1.5
incident	-1.5
incompetent	-1.5
incompetentie	-1.5
incompleet	-1.5
incomplete	-1.5
inconsequent	-1.5
inconsistent	-1.5
incorrect	-1.5
indienen	1.5
indringer	-1.5
indringers	-1.5
indruk	1.5
indrukwekkend	1.5
ineenstorten	-1.5
ineenstorting	-1.5
infectie	-1.5
infecties	-1.5
inferieur	-1.5
inferior	-1.5
ingehaald	1.5
ingenieus	1.5
ingewikkelde	-1.5
inhalen	1.5
inlichtingendienst	1.5
innig	1.5
innovatie	1.5
innovatieve	1.5
inschrijving	1.5
insect	-1.5
inspanning	-1.5
inspiratie	1.5
inspireren	1.5
inspirerende	1.5
instabiliteit	-1.5
instemming	1.5
instorten	-1.5
instorting	-1.5
instrumentaal	1.5
integer	1.5
integraal	1.5
integreren	1.5
intelligence	1.5
intelligent	1.5
intelligentie	1.5
intense	-1.5
interessant	1.5
interferentie	-1.5
intiem	1.5
intimidatie	-1.5
intimideren	-1.5
intimiteit	1.5
intrekken	-1.5
intrige	1.5
intuïtief	1.5
inval	-1.5
invalid	-1.5
invalide	-1.5
invasieve	-1.5
invloed	1.5
invloedrijk	1.5
ironie	-1.5
ironisch	-1.5
irrationaal	-1.5
irrationeel	-1.5
irrationele	-1.5
irrelevant	-1.5
irritant	-1.5
irritatie	-1.5
irriteren	-1.5
irriterend	-1.5
isolatie	-1.5
isolatiemateriaal	-1.5
isoleren	-1.5
issue	-1.5
issues	-1.5
jaloezie	-1.5
jam	-1.5
jammer	-1.5
jammerlijk	-1.5
jeugdig	1.5
jeuk	-1.5
job	1.5
joker	-1.5
juffrouw	-1.5
juichen	1.5
juist	1.5
junk	-1.5
juweel	1.5
kaal	-1.5
kabaal	-1.5
kaf	-1.5
kalm	1.5
kalmeren	1.5
kalmte	1.5
kampioen	1.5
kanker	-1.5
kannibaal	-1.5
kans	1.5
kansloos	-1.5
kantelen	-1.5
kapot	-1.5
kapseizen	-1.5
karakter	-1.5
karakteristiek	-1.5
karig	-1.5
karikatuur	-1.5
karper	-1.5
karwei	-1.5
kaskraker	1.5
kauwen	1.5
keerpunt	-1.5
keihard	-1.5
kerker	-1.5
kerkers	-1.5
kermis	1.5
ketter	-1.5
ketterij	-1.5
ketters	-1.5
keurig	1.5
keurmerk	1.5
kever	-1.5
kijken	-1.5
kill	-1.5
kille	-1.5
killed	-1.5
killer	-1.5
kills	-1.5
kind	-1.5
kinderachtig	-1.5
klaagde	-1.5
klaagt	-1.5
klaar	1.5
klacht	-1.5
klachten	-1.5
klagen	-1.5
klakkeloos	-1.5
klap	-1.5
klappen	1.5
klassiek	1.5
klein	-1.5
klemtoon	-1.5
klep	-1.5
kletsen	-1.5
kleuren	-1.5
kleurloos	-1.5
kleurrijk	1.5
kleverig	-1.5
kliek	-1.5
klinken	-1.5
klomp	-1.5
kloof	-1.5
klop	-1.5
kloppen	-1.5
klucht	-1.5
kluis	1.5
knagen	-1.5
knal	-1.5
knap	1.5
knappe	1.5
knecht	-1.5
knijpen	-1.5
knobbel	-1.5
knock	-1.5
knol	-1.5
knoop	-1.5
knopen	-1.5
knuffel	1.5
koel	1.5
koele	-1.5
koesteren	1.5
koken	-1.5
komisch	-1.5
kont	-1.5
kook	-1.5
kookpunt	-1.5
koorts	-1.5
koppelen	-1.5
koppig	-1.5
korrelig	-1.5
kosteloos	1.5
kou	-1.5
koud	-1.5
koude	-1.5
krabben	-1.5
krachtig	1.5
kraken	-1.5
krankzinnig	-1.5
krankzinnige	-1.5
krankzinnigheid	-1.5
krap	-1.5
kras	1.5
krassen	-1.5
krediet	1.5
kreupel	-1.5
kreupele	-1.5
krijgen	1.5
kritiek	-1.5
kritisch	-1.5
krom	-1.5
krommen	-1.5
kronen	1.5
kronkelend	-1.5
kroop	-1.5
kroost	-1.5
kruiden	1.5
kruip	-1.5
kruipen	-1.5
kruis	1.5
krullen	1.5
kuisheid	1.5
kundig	1.5
kuur	1.5
kwaad	-1.5
kwaadaardig	-1.5
kwaal	-1.5
kwade	-1.5
kwakzalver	-1.5
kwalificeren	1.5
kwesties	-1.5
kwetsbaar	-1.5
kwetsbaarheid	-1.5
kwetsen	-1.5
kwetsend	-1.5
kwijtschelding	1.5
lach	1.5
laf	-1.5
lafaard	-1.5
lag	-1.5
lam	-1.5
landloper	-1.5
landverraad	-1.5
langdurig	-1.5
langzaam	-1.5
langzaamaan	-1.5
langzamere	-1.5
last	-1.5
laster	-1.5
lastig	-1.5
lastiggevallen	-1.5
lastigvallen	-1.5
laten	-1.5
lauw	-1.5
lawaai	-1.5
lawine	-1.5
lead	1.5
leading	1.5
led	1.5
leed	-1.5
leegte	-1.5
leerzaam	1.5
leesbaar	1.5
legendarisch	1.5
leiden	1.5
leidend	1.5
leiding	1.5
leidraad	1.5
leidt	1.5
lek	-1.5
lekkage	-1.5
lekken	-1.5
lekkende	-1.5
lekker	1.5
lekkere	1.5
lekkernij	1.5
lelijk	-1.5
lemmet	-1.5
lengte	1.5
lenig	1.5
letsel	-1.5
leugen	-1.5
leugenaar	-1.5
leuk	1.5
leunen	1.5
levend	1.5
levendig	1.5
levenloos	-1.5
lezen	-1.5
liberty	1.5
lichter	1.5
lie	-1.5
lied	-1.5
lief	1.5
liefde	1.5
liefhebben	1.5
liefje	1.5
liegen	-1.5
lies	-1.5
lieve	1.5
lieveling	1.5
liggen	-1.5
ligging	-1.5
ligt	-1.5
lijden	-1.5
lijdend	-1.5
lijders	-1.5
lijdt	-1.5
lijk	-1.5
lijkwade	-1.5
lijn	1.5
like	1.5
limiet	-1.5
limit	-1.5
limited	-1.5
links	-1.5
litteken	-1.5
littekens	-1.5
loden	1.5
loer	-1.5
lof	1.5
log	-1.5
logisch	1.5
lokaas	-1.5
lol	-1.5
lood	1.5
loon	1.5
loos	-1.5
loot	-1.5
lopen	-1.5
losbandig	-1.5
losbandigheid	-1.5
lose	-1.5
losmaken	-1.5
loss	-1.5
lossen	-1.5
lost	-1.5
lot	1.5
love	1.5
loved	1.5
loves	1.5
loving	1.5
loyaal	1.5
loyaliteit	1.5
lucht	1.5
luchtafweergeschut	-1.5
luchten	-1.5
luchtweerstand	-1.5
lucky	1.5
lui	-1.5
luid	-1.5
luide	-1.5
luiden	-1.5
luider	-1.5
luidruchtig	-1.5
luiheid	-1.5
luister	1.5
lukraak	-1.5
lusten	1.5
lustrum	1.5
luxe	1.5
luxueus	1.5
lyrisch	1.5
macht	-1.5
machteloos	-1.5
machtig	1.5
machtigen	1.5
made	1.5
magic	1.5
magie	1.5
magisch	1.5
majesteit	1.5
maken	-1.5
makkelijk	1.5
mal	-1.5
malaise	-1.5
malen	-1.5
manie	-1.5
manifestatie	-1.5
manipulatie	-1.5
manipuleren	-1.5
mank	-1.5
mankement	-1.5
mar	-1.5
marginaal	-1.5
marionet	-1.5
marionetten	-1.5
markant	1.5
marteldood	-1.5
martelen	-1.5
marteling	-1.5
martelingen	-1.5
massief	1.5
master	1.5
masters	1.5
mat	-1.5
matigen	-1.5
matrijs	-1.5
matte	-1.5
maximaal	1.5
maximum	1.5
mededogen	1.5
medeplichtig	-1.5
meedogenloos	-1.5
meegeven	1.5
meester	1.5
meesterlijke	1.5
meesterschap	1.5
meesterwerk	1.5
meesterwerken	1.5
meevoeren	1.5
meid	-1.5
melancholie	-1.5
melancholisch	-1.5
merkbaar	1.5
mes	-1.5
messing	-1.5
met	-1.5
mevrouw	-1.5
middelen	-1.5
middelmatig	-1.5
mild	-1.5
milder	1.5
min	-1.5
minachting	-1.5
mindere	-1.5
miniatuur	-1.5
minnaar	1.5
minutieus	1.5
mirakel	1.5
mis	-1.5
misbruik	-1.5
misbruiken	-1.5
misbruikt	-1.5
misdaad	-1.5
misdadiger	-1.5
mishandelen	-1.5
mishandeling	-1.5
misleid	-1.5
misleiden	-1.5
misleidend	-1.5
misleiding	-1.5
mislukken	-1.5
mislukking	-1.5
mislukkingen	-1.5
mislukte	-1.5
misplaatst	-1.5
miss	-1.5
misselijk	-1.5
missen	-1.5
misser	-1.5
mist	-1.5
misvatting	-1.5
misvattingen	-1.5
misverstand	-1.5
misverstanden	-1.5
misvormd	-1.5
modderig	-1.5
modern	1.5
moderniseren	1.5
moe	-1.5
moed	1.5
moedig	1.5
moeilijkheden	-1.5
moeilijkheid	-1.5
moeite	-1.5
moeiteloos	1.5
moeizaam	-1.5
moeras	-1.5
mogelijk	1.5
monotoon	-1.5
monster	-1.5
monumentaal	1.5
mooi	1.5
mooie	1.5
mooier	1.5
moord	-1.5
moorden	-1.5
moordenaar	-1.5
moordend	-1.5
mop	-1.5
moraliteit	1.5
morbide	-1.5
motiveren	1.5
muiterij	-1.5
muteren	-1.5
mysterie	-1.5
mysterieus	-1.5
mystery	-1.5
mythe	-1.5
naadloos	1.5
naaien	-1.5
naakt	-1.5
naam	1.5
naar	-1.5
nachtmerrie	-1.5
nadeel	-1.5
nadelen	-1.5
nadelig	-1.5
nadelige	-1.5
nadoen	-1.5
nadrukkelijk	-1.5
nagemaakt	-1.5
nalaten	-1.5
nalatigheid	-1.5
namaak	-1.5
nastreven	1.5
natuurramp	-1.5
nauwelijks	-1.5
nauwgezet	1.5
nauwkeurig	1.5
naïef	-1.5
nederigheid	1.5
nederlaag	1.5
nederlagen	1.5
neerbuigend	-1.5
neergang	-1.5
neergeslagen	-1.5
neerslaan	-1.5
neerslag	-1.5
neerstorten	-1.5
negatie	-1.5
negatief	-1.5
negatieven	-1.5
negeren	-1.5
neiging	-1.5
nep	-1.5
nepotisme	-1.5
nerveus	-1.5
nervositeit	-1.5
net	1.5
netjes	1.5
netto	1.5
nevel	-1.5
nevels	-1.5
niet	-1.5
nieuw	1.5
nieuwigheid	1.5
nobel	1.5
nogal	1.5
noise	-1.5
nonsens	-1.5
nood	-1.5
noodlottig	-1.5
noot	-1.5
notoir	-1.5
nuchter	-1.5
nul	1.5
nutteloos	-1.5
nuttig	1.5
oase	1.5
object	-1.5
obscene	-1.5
obscure	-1.5
obsessie	1.5
obstakel	-1.5
obstructie	-1.5
oefening	-1.5
offensief	-1.5
offeren	-1.5
omhelzen	1.5
omhelzing	1.5
omkomen	-1.5
omringen	-1.5
omsingeld	-1.5
omslaan	-1.5
omslachtig	-1.5
omstreden	-1.5
omvallen	-1.5
omvangrijk	-1.5
omvattend	1.5
omverwerpen	-1.5
omverwerping	-1.5
omwenteling	-1.5
onaangenaam	-1.5
onaangetast	1.5
onaantastbaar	1.5
onaantrekkelijk	-1.5
onaanvaardbaar	-1.5
onafgewerkt	-1.5
onafwendbaar	-1.5
onbalans	-1.5
onbeduidend	-1.5
onbegrensd	1.5
onbegrepen	-1.5
onbegrijpelijk	-1.5
onbehagen	-1.5
onbehoorlijk	1.5
onbekend	-1.5
onbekende	-1.5
onbekwaam	-1.5
onbelangrijk	-1.5
onbelangrijke	-1.5
onbepaald	-1.5
onbeperkt	1.5
onbereikbaar	-1.5
onbeschadigd	1.5
onbeslist	-1.5
onbetrouwbaar	-1.5
onbetrouwbaarheid	-1.5
onbetwist	1.5
onbevoegd	-1.5
onbevredigend	-1.5
onbeweeglijk	-1.5
onbewezen	-1.5
onbruikbaar	-1.5
ondenkbaar	-1.5
onder	-1.5
onderbreken	-1.5
onderbreking	-1.5
onderbrekingen	-1.5
onderdrukken	-1.5
onderdrukkers	-1.5
onderdrukking	-1.5
ondergang	-1.5
ondergeschikt	-1.5
ondergeschikte	-1.5
ondergeschikten	-1.5
ondergraven	-1.5
onderhandelen	1.5
ondermijnd	-1.5
ondermijnen	-1.5
ondermijning	-1.5
onderneming	-1.5
onderschatten	-1.5
onderscheid	1.5
onderscheiden	-1.5
onderscheiding	1.5
onderscheidingen	1.5
onderschreven	1.5
onderschrijft	1.5
onderschrijven	1.5
ondersteund	1.5
ondersteunen	1.5
ondersteuning	1.5
onderwerpen	-1.5
onderwerping	-1.5
onderworpen	-1.5
ondeugend	-1.5
ondiep	-1.5
ondiepte	-1.5
ondoordringbaar	-1.5
ondraaglijk	-1.5
ondubbelzinnig	1.5
onduidelijk	-1.5
oneens	-1.5
oneerlijk	-1.5
onenigheid	-1.5
onervaren	-1.5
onervarenheid	-1.5
oneven	-1.5
onevenredig	-1.5
onfeilbaarheid	1.5
ongebonden	1.5
ongebruikelijk	-1.5
ongecontroleerd	-1.5
ongedaan	-1.5
ongeduldig	-1.5
ongedwongen	1.5
ongegrond	-1.5
ongehoord	-1.5
ongehoorzaamheid	-1.5
ongekend	-1.5
ongeldig	-1.5
ongelijk	-1.5
ongelijkheid	-1.5
ongeloof	-1.5
ongeloofwaardig	-1.5
ongelovige	-1.5
ongelovigen	-1.5
ongeluk	-1.5
ongelukkig	-1.5
ongelukkige	-1.5
ongemak	-1.5
ongemakkelijk	-1.5
ongenade	-1.5
ongenoegen	-1.5
ongeoorloofd	-1.5
ongerust	-1.5
ongerustheid	-1.5
ongeschikt	-1.5
ongetwijfeld	1.5
ongevaarlijk	1.5
ongeval	-1.5
ongeveer	-1.5
ongevoelig	-1.5
ongewenst	-1.5
ongewenste	-1.5
ongewisse	-1.5
ongewoon	-1.5
ongezond	-1.5
ongeëvenaard	1.5
ongunstig	-1.5
onhandelbaar	-1.5
onhandig	-1.5
onhandigheid	-1.5
onheil	-1.5
onherstelbaar	-1.5
onhoudbaar	-1.5
onjuist	-1.5
onkruid	-1.5
onkwetsbaar	1.5
onleesbaar	-1.5
onlosmakelijk	-1.5
onmiddellijk	1.5
onmogelijk	-1.5
onnatuurlijk	-1.5
onnauwkeurig	-1.5
onnauwkeurigheid	-1.5
onnodig	-1.5
onnodige	-1.5
onomkeerbaar	-1.5
onomkeerbare	-1.5
onomstreden	1.5
onontkoombaar	-1.5
onopgelost	-1.5
onopgemerkt	-1.5
onophoudelijk	-1.5
onorthodoxe	-1.5
onoverkomelijk	-1.5
onoverwinnelijk	1.5
onpartijdig	1.5
onpartijdige	1.5
onpartijdigheid	1.5
onpersoonlijk	-1.5
onpopulair	-1.5
onpraktisch	-1.5
onrecht	-1.5
onrechte	-1.5
onrechtmatig	-1.5
onrechtvaardig	-1.5
onredelijk	-1.5
onredelijke	-1.5
onregelmatig	-1.5
onrein	-1.5
onroerend	-1.5
onrust	-1.5
onrustig	-1.5
onschadelijk	1.5
onschuldig	1.5
ontaarden	-1.5
ontberingen	-1.5
ontbinding	-1.5
ontbond	1.5
ontbonden	1.5
ontbrak	-1.5
ontbreekt	-1.5
ontbreken	-1.5
ontdaan	-1.5
onteigening	-1.5
onterecht	-1.5
ontevreden	-1.5
ontevredenheid	-1.5
ontgoocheling	-1.5
ontheven	1.5
onthullen	-1.5
ontkend	-1.5
ontkennen	-1.5
ontkenning	-1.5
ontkent	-1.5
ontkomen	-1.5
ontkrachten	-1.5
ontlopen	-1.5
ontmantelen	-1.5
ontmoedigen	-1.5
ontnemen	-1.5
ontoereikend	-1.5
ontploffen	-1.5
ontraden	-1.5
ontrafelen	-1.5
ontrouw	-1.5
ontruimen	1.5
ontslaan	-1.5
ontslag	-1.5
ontsnappen	-1.5
ontsteking	-1.5
ontsteltenis	-1.5
ontvangen	1.5
ontvangst	1.5
ontvankelijk	1.5
ontvluchten	-1.5
ontwapenen	-1.5
ontwijken	-1.5
ontwikkeld	1.5
ontwrichting	-1.5
ontzag	1.5
ontzeggen	-1.5
ontzet	-1.5
ontzettend	-1.5
ontzetting	-1.5
onveilig	-1.5
onveiligheid	-1.5
onverbiddelijk	-1.5
onverenigbaar	-1.5
onvermijdelijk	-1.5
onvermogen	-1.5
onverschillig	-1.5
onverschilligheid	-1.5
onverschrokken	1.5
onverstandig	-1.5
onverwacht	-1.5
onverwachts	-1.5
onvoldoende	-1.5
onvolkomenheden	-1.5
onvolledig	-1.5
onvoltooid	-1.5
onvolwassen	-1.5
onvoorspelbaar	-1.5
onvoorspelbare	-1.5
onvoorstelbaar	-1.5
onvriendelijk	-1.5
onvrijwillig	-1.5
onvruchtbaar	-1.5
onwaar	-1.5
onwaardig	-1.5
onwaarschijnlijk	-1.5
onwel	-1.5
onwetend	-1.5
onwetendheid	-1.5
onwettig	-1.5
onwil	-1.5
onzeker	-1.5
onzekerheid	-1.5
onzichtbaar	-1.5
onzichtbare	-1.5
onzin	-1.5
onzinnig	-1.5
onzinnige	-1.5
oorlog	-1.5
opblazen	-1.5
opdeling	-1.5
opdringen	-1.5
open	1.5
openbaring	1.5
openbreken	1.5
openheid	1.5
opening	-1.5
opgeblazen	-1.5
opgedaan	1.5
opgehangen	-1.5
opgeofferd	-1.5
opgeruimd	1.5
opgeschroefd	-1.5
opgetogen	1.5
opgeven	-1.5
opgewaardeerd	1.5
opgewekt	1.5
opgewonden	1.5
ophangen	-1.5
ophef	-1.5
opinie	-1.5
opleggen	-1.5
oplichten	-1.5
oplichters	-1.5
oplichting	-1.5
oplossen	1.5
opluchting	1.5
opmerkelijk	1.5
oponthoud	1.5
oppakken	-1.5
oppassen	-1.5
oppermachtige	1.5
opperste	1.5
oppervlakkig	-1.5
opponent	-1.5
opportunistisch	-1.5
opportunistische	-1.5
oppositie	-1.5
oprecht	1.5
oprechtheid	1.5
oproep	1.5
oproer	-1.5
opschuiven	-1.5
opsluiten	-1.5
opstand	-1.5
opstandig	-1.5
optimaal	1.5
optimale	1.5
optimisme	1.5
optimistisch	1.5
optredend	-1.5
opwarmen	1.5
opwindend	1.5
opwindende	1.5
opwinding	1.5
opzeggen	-1.5
opzettelijk	1.5
ordelijk	1.5
ordinair	-1.5
origineel	1.5
ornament	1.5
ouderwets	-1.5
outsider	-1.5
ouverture	1.5
ovatie	1.5
overbelast	-1.5
overblijfselen	-1.5
overbodig	-1.5
overdrijven	-1.5
overdrijving	-1.5
overgave	-1.5
overgeven	-1.5
overhaast	-1.5
overhalen	1.5
overhand	1.5
overheen	-1.5
overlappen	-1.5
overlast	-1.5
overleden	-1.5
overledene	-1.5
overledenen	-1.5
overlevende	1.5
overleving	1.5
overlijden	-1.5
overlopen	-1.5
overmaat	-1.5
overmatig	-1.5
overmeesteren	1.5
overschat	-1.5
overschreden	1.5
overschrijden	1.5
overschrijding	-1.5
overschrijdt	1.5
overspoeld	-1.5
overstijgen	1.5
overstromen	-1.5
overstuur	-1.5
overtollig	-1.5
overtreden	-1.5
overtreder	-1.5
overtreding	-1.5
overtreffen	1.5
overtrof	1.5
overtuigend	1.5
overvloedig	1.5
overvol	-1.5
overweldigd	-1.5
overweldigend	-1.5
overwicht	-1.5
overwinnen	1.5
overwinning	1.5
overzien	-1.5
oxideren	-1.5
paal	-1.5
paardenstal	1.5
pain	-1.5
pakken	-1.5
pan	-1.5
paniek	-1.5
panoramisch	1.5
panoramische	1.5
paradijs	1.5
paradoxaal	-1.5
paranoia	-1.5
paranoïde	-1.5
parasiet	-1.5
parodie	-1.5
partij	-1.5
partijdigheid	-1.5
partizanen	-1.5
passend	1.5
passie	1.5
passief	-1.5
patient	1.5
patiënt	1.5
patriot	1.5
patstelling	-1.5
pauper	-1.5
pauzes	-1.5
peace	1.5
pech	-1.5
penalty	-1.5
penetreren	-1.5
penis	-1.5
perceel	-1.5
perfect	1.5
perfecte	1.5
perfectie	1.5
perfectioneren	1.5
permissie	1.5
personage	1.5
personages	1.5
perverse	-1.5
perzik	1.5
pessimisme	-1.5
pessimistisch	-1.5
pest	-1.5
pesten	-1.5
pestkop	-1.5
pestkoppen	-1.5
pijn	-1.5
pijnen	-1.5
pijnlijk	-1.5
pijnlijke	-1.5
pijpen	-1.5
pittig	1.5
pittoreske	1.5
plaag	-1.5
plagen	-1.5
plakken	-1.5
plechtig	-1.5
plechtigheid	1.5
pleidooi	-1.5
pleitbezorger	1.5
pleiten	-1.5
pletter	1.5
plezier	1.5
plezierig	1.5
plint	-1.5
plooien	-1.5
plot	-1.5
plots	-1.5
plotseling	-1.5
plunderen	-1.5
plundering	-1.5
poep	-1.5
poetsen	1.5
poging	-1.5
polarisatie	-1.5
polijsten	1.5
pons	-1.5
pooier	-1.5
poor	-1.5
poot	-1.5
populair	1.5
popular	1.5
porno	1.5
positief	1.5
positieven	1.5
positive	1.5
posten	-1.5
poverty	-1.5
poëtisch	1.5
praatjes	-1.5
pracht	1.5
prachtig	1.5
precair	-1.5
precies	1.5
prees	1.5
premie	1.5
premier	1.5
prestatie	1.5
prestige	1.5
prestigieus	1.5
pret	1.5
pretty	1.5
prijs	1.5
prijzen	1.5
prik	-1.5
prikkelen	1.5
prikken	-1.5
prima	1.5
primitief	-1.5
prison	-1.5
privilege	1.5
probleem	-1.5
problem	-1.5
problematisch	-1.5
problemen	-1.5
problems	-1.5
productief	1.5
profane	-1.5
profiteren	1.5
profs	1.5
progressief	1.5
progressive	1.5
prominent	1.5
promoten	-1.5
promotor	1.5
prompt	1.5
prooi	-1.5
propaganda	-1.5
proper	1.5
protection	1.5
protest	-1.5
protestactie	-1.5
protesteerde	-1.5
protesten	-1.5
protesteren	-1.5
provocatie	-1.5
provocerend	-1.5
puinhoop	-1.5
punk	-1.5
pure	1.5
put	1.5
puur	1.5
raadselachtig	-1.5
raar	-1.5
racisme	-1.5
racist	-1.5
radeloos	-1.5
radicaal	-1.5
radicalen	-1.5
radicalisering	-1.5
radicalisme	-1.5
raffinage	1.5
rage	-1.5
rail	-1.5
ramp	-1.5
rampzalig	-1.5
rampzalige	-1.5
rancune	-1.5
rapid	1.5
rapport	1.5
rare	-1.5
rationeel	1.5
rationele	1.5
ravage	-1.5
ravijn	-1.5
razend	-1.5
razernij	-1.5
razzia	-1.5
reactionair	-1.5
ready	1.5
reageert	-1.5
realistisch	1.5
rebellie	-1.5
recessie	-1.5
recht	1.5
rechten	1.5
rechterkant	1.5
rechtmatig	1.5
rechts	1.5
rechtse	1.5
rechtszaak	-1.5
rechtvaardig	1.5
rechtzetten	1.5
reclame	1.5
rectificatie	1.5
redden	1.5
redder	1.5
redelijk	1.5
redelijkerwijs	1.5
redundant	-1.5
regressie	-1.5
rein	1.5
reinigen	1.5
reliëf	1.5
rem	-1.5
remedie	1.5
remmen	-1.5
remming	-1.5
renaissance	1.5
repressie	-1.5
reputatie	1.5
respect	1.5
respecteren	1.5
resterend	-1.5
retorica	-1.5
retoriek	-1.5
retraite	-1.5
reuk	-1.5
reukzin	-1.5
reuze	-1.5
revelatie	1.5
revert	-1.5
revival	1.5
revolte	-1.5
revolutie	1.5
revolutionair	1.5
rich	1.5
ridderlijkheid	1.5
ridderschap	1.5
rift	-1.5
right	1.5
rigide	-1.5
rijk	1.5
rijkdom	1.5
rijkelijk	1.5
rijker	1.5
rijm	-1.5
rijp	-1.5
rijpen	1.5
rijpheid	1.5
rijzen	1.5
rimpels	-1.5
riolering	-1.5
risico	-1.5
risico's	-1.5
risk	-1.5
riskant	-1.5
riskeren	-1.5
rivaliteit	-1.5
robuust	1.5
roddel	-1.5
roem	1.5
roepen	-1.5
roest	-1.5
roestbruin	-1.5
roesten	-1.5
roestvrij	1.5
roken	-1.5
rokkenjager	-1.5
romantisch	1.5
rommel	-1.5
rommelig	-1.5
rondhangen	-1.5
ronselen	1.5
roof	-1.5
roofzuchtig	-1.5
rook	-1.5
rooskleurig	1.5
rooster	-1.5
rot	-1.5
rotsachtig	-1.5
rotten	-1.5
rotzooi	-1.5
rough	-1.5
rouw	-1.5
rouwen	-1.5
roven	-1.5
royaal	1.5
rudimentair	-1.5
rue	-1.5
ruggengraat	1.5
ruig	-1.5
ruiken	-1.5
ruikt	-1.5
ruim	1.5
ruimen	1.5
ruimschoots	1.5
ruis	-1.5
ruk	-1.5
rukken	-1.5
rust	1.5
rusteloos	-1.5
rustig	1.5
ruw	-1.5
ruzie	-1.5
ruzies	-1.5
ruïne	-1.5
ruïneren	-1.5
ruïnes	-1.5
saai	-1.5
sabotage	-1.5
saboteren	-1.5
safe	1.5
saint	1.5
samenhang	1.5
samenhangend	1.5
samenwerkend	1.5
samenzwering	-1.5
samenzweringen	-1.5
sap	-1.5
sarcasme	-1.5
sarcastisch	-1.5
satirisch	-1.5
satirische	-1.5
scepticisme	-1.5
scepticus	-1.5
sceptisch	-1.5
schaal	-1.5
schaamte	-1.5
schaars	-1.5
schaarste	-1.5
schade	-1.5
schadelijk	-1.5
schaden	-1.5
schadevergoeding	-1.5
schandaal	-1.5
schandalen	-1.5
schandalig	-1.5
schande	-1.5
schat	1.5
schatten	1.5
schaven	-1.5
scheef	-1.5
scheepswrak	-1.5
scheiden	-1.5
scheidend	-1.5
scheidingen	-1.5
schelden	-1.5
scheldwoorden	-1.5
schemering	-1.5
schenden	-1.5
schending	-1.5
schep	-1.5
schering	-1.5
scherm	-1.5
scherpere	1.5
scheur	-1.5
scheuren	-1.5
schilderachtig	1.5
schillen	-1.5
schipbreuk	-1.5
schitteren	1.5
schitterend	1.5
schok	-1.5
schokken	-1.5
schokkend	-1.5
schone	1.5
schoon	1.5
schoonheid	1.5
schoonmaakster	1.5
schoonmaken	1.5
schoonste	1.5
schot	-1.5
schrappen	-1.5
schreeuw	-1.5
schreeuwen	-1.5
schrik	-1.5
schrikken	-1.5
schril	-1.5
schroom	1.5
schudden	-1.5
schuim	-1.5
schuin	-1.5
schuld	-1.5
schulden	-1.5
schuldgevoel	-1.5
schuldig	-1.5
schuldige	-1.5
schuren	-1.5
schurk	-1.5
schurken	-1.5
scratch	-1.5
selectief	1.5
sensatie	1.5
sensationeel	1.5
serene	1.5
sever	-1.5
sexy	1.5
shit	-1.5
shock	-1.5
sierlijk	1.5
sigaret	-1.5
significant	1.5
silent	1.5
simpele	-1.5
sin	-1.5
sinister	-1.5
situatie	-1.5
skelet	-1.5
skeletten	-1.5
slaaf	-1.5
slaagt	1.5
slaan	-1.5
slacht	-1.5
slachten	-1.5
slachting	-1.5
slachtpartij	-1.5
slag	-1.5
slagen	1.5
slager	-1.5
slak	-1.5
slap	-1.5
slappe	-1.5
slave	-1.5
slaven	-1.5
slavernij	-1.5
slavin	-1.5
slecht	-1.5
slechte	-1.5
slechter	-1.5
slechtst	-1.5
sleept	-1.5
slepen	-1.5
sleur	-1.5
slijm	-1.5
slijpen	-1.5
slim	1.5
slimmer	1.5
slimste	1.5
sloot	-1.5
slopen	-1.5
slopende	-1.5
slordig	-1.5
slow	-1.5
sluier	-1.5
sluipen	-1.5
slurf	-1.5
smaad	-1.5
smaak	1.5
smakelijk	1.5
smal	-1.5
smallere	-1.5
smeekbede	-1.5
smeergeld	-1.5
smeken	-1.5
smelt	-1.5
smeren	-1.5
smerig	-1.5
smet	-1.5
smoren	-1.5
snel	1.5
snelle	1.5
sneller	1.5
snelste	1.5
snoepje	1.5
sober	-1.5
soelaas	1.5
soepel	1.5
soft	1.5
solid	1.5
solidariteit	1.5
solide	1.5
somber	-1.5
sorry	-1.5
spaargeld	1.5
spaarzaam	1.5
spade	-1.5
spannen	-1.5
spannend	1.5
spanning	-1.5
specialiteit	-1.5
spectaculair	1.5
spectaculaire	1.5
speels	1.5
speling	-1.5
spijt	-1.5
spijtig	-1.5
spint	-1.5
spiritueel	1.5
spits	1.5
spitsmuis	-1.5
spleet	-1.5
spleten	-1.5
splinter	-1.5
split	-1.5
splitsen	-1.5
splitsing	-1.5
spoedig	1.5
spoken	-1.5
spontaan	1.5
sporadisch	-1.5
sporen	-1.5
sportief	1.5
spot	-1.5
spottend	-1.5
spottende	-1.5
springen	-1.5
springstof	-1.5
spuiten	-1.5
spul	-1.5
spuwen	-1.5
squash	-1.5
stabiliseren	1.5
stabiliteit	1.5
stable	1.5
stagnatie	-1.5
staken	-1.5
staking	-1.5
stalen	-1.5
stamper	-1.5
standvastig	1.5
standvastigheid	1.5
stank	-1.5
star	-1.5
static	-1.5
statig	1.5
stationair	-1.5
statisch	-1.5
steady	1.5
steek	-1.5
steelt	-1.5
steil	-1.5
steken	-1.5
stemming	1.5
stempel	-1.5
stereotiep	-1.5
stereotype	-1.5
sterfgeval	-1.5
sterft	-1.5
steriel	-1.5
sterk	1.5
sterker	1.5
sterkste	1.5
sterkte	1.5
stern	-1.5
sterven	-1.5
stervende	-1.5
steun	1.5
steunen	1.5
steunt	1.5
steviger	1.5
stift	1.5
stigma	-1.5
stijf	-1.5
stijfheid	-1.5
stikken	-1.5
stil	1.5
stiller	1.5
stilstaand	-1.5
stilstand	-1.5
stilte	-1.5
stimuleert	1.5
stimuleren	1.5
stoer	1.5
stof	-1.5
stola	-1.5
stom	-1.5
stomme	-1.5
stomp	-1.5
stompe	-1.5
stoornis	-1.5
stoort	-1.5
stoppen	-1.5
storen	-1.5
storing	-1.5
storingen	-1.5
storm	-1.5
stormachtig	-1.5
stormloop	-1.5
storten	-1.5
stortplaats	-1.5
stortvloed	-1.5
stoten	-1.5
stotteren	-1.5
stout	-1.5
strafbaar	-1.5
straffen	-1.5
strafrechtelijk	-1.5
strafschop	-1.5
strak	-1.5
stralen	1.5
stralend	1.5
straling	1.5
strategie	-1.5
strekken	1.5
streng	-1.5
strengheid	-1.5
stress	-1.5
streven	1.5
strijd	-1.5
strijdig	-1.5
strijdlust	-1.5
strik	-1.5
strike	-1.5
strikken	-1.5
strikt	-1.5
stroef	-1.5
strong	1.5
stroom	-1.5
stroomversnelling	1.5
struikelde	-1.5
struikelt	-1.5
stug	-1.5
stukje	-1.5
stunt	-1.5
subsidie	1.5
subsidiëren	1.5
substantieel	1.5
succes	1.5
success	1.5
successen	1.5
succesvol	1.5
suggereren	1.5
suggestieve	1.5
suicide	-1.5
super	1.5
superieur	1.5
superior	1.5
superioriteit	1.5
support	1.5
supporter	1.5
surrealistisch	1.5
survival	1.5
sussen	-1.5
sweet	1.5
sympathiek	1.5
sympathieën	1.5
symptomen	-1.5
symptoom	-1.5
syndrome	-1.5
syndroom	-1.5
taai	1.5
taak	-1.5
taboe	-1.5
tactiek	-1.5
talent	1.5
talenten	1.5
tamelijk	1.5
tanende	-1.5
tank	-1.5
tanks	-1.5
taxichauffeur	-1.5
teef	-1.5
teer	-1.5
tegen	-1.5
tegengesteld	-1.5
tegenhouden	-1.5
tegenslag	-1.5
tegenslagen	-1.5
tegenspoed	-1.5
tegenspraak	-1.5
tegenspreken	-1.5
tegenstander	-1.5
tegenstrijdig	-1.5
tegenstrijdigheid	-1.5
tegenvaller	-1.5
tegenwerken	-1.5
tegenzin	-1.5
teisteren	-1.5
tekort	-1.5
tekortkoming	-1.5
tekortkomingen	-1.5
teleurgesteld	-1.5
teleurstellend	-1.5
teleurstelling	-1.5
teleurstellingen	-1.5
tender	1.5
terecht	1.5
terreur	-1.5
terrible	-1.5
terroriseren	-1.5
terrorisme	-1.5
terugbetaald	1.5
terugbetalen	1.5
terugbetaling	1.5
teruggaan	-1.5
teruggave	1.5
terughoudend	-1.5
terugkeren	-1.5
terugslag	-1.5
terugtocht	-1.5
terugtrekken	-1.5
terugtrekking	-1.5
terugval	-1.5
terugvallen	-1.5
terugwinnen	1.5
tevergeefs	-1.5
tevreden	1.5
tevredenheid	1.5
tijd	-1.5
tijdelijk	-1.5
tijdig	1.5
tiran	-1.5
tirannie	-1.5
toch	1.5
toebrengen	-1.5
toegankelijk	1.5
toegegeven	-1.5
toegekend	1.5
toegewijd	1.5
toekenning	1.5
toelaatbaar	1.5
toepasselijk	1.5
toer	-1.5
toestand	-1.5
toestemming	1.5
toeval	-1.5
toewijding	1.5
toewijzen	1.5
toezicht	-1.5
toonaangevend	1.5
toorn	-1.5
top	1.5
topje	1.5
toppen	1.5
toppunt	1.5
totalitair	-1.5
tout	-1.5
tovenarij	1.5
toverij	1.5
toverkracht	1.5
traag	-1.5
tractie	1.5
tragedie	-1.5
tragisch	-1.5
trance	1.5
transparant	1.5
trap	-1.5
trauma	-1.5
travestie	-1.5
treffen	-1.5
treffend	1.5
trefpunt	-1.5
trefzeker	1.5
treiteren	-1.5
trekpleister	1.5
trendy	1.5
treurig	-1.5
trick	-1.5
triest	-1.5
triomf	1.5
triomfantelijk	1.5
troebel	-1.5
troef	1.5
troep	1.5
troeven	1.5
trofee	1.5
trompet	1.5
trompetten	1.5
troost	1.5
troosten	1.5
trots	1.5
trotseren	-1.5
trouw	1.5
truc	-1.5
trust	1.5
tuig	-1.5
turbulent	-1.5
tweedracht	-1.5
twijfel	-1.5
twijfelachtig	-1.5
twijfelen	-1.5
twijfels	-1.5
twist	-1.5
twisten	-1.5
typisch	1.5
uitbarsting	-1.5
uitbarstingen	-1.5
uitbaten	-1.5
uitbraak	-1.5
uitbreiden	1.5
uitbreken	-1.5
uitbroeden	-1.5
uitbuiting	-1.5
uitbundig	1.5
uitdagen	-1.5
uitdagend	-1.5
uitdaging	-1.5
uitdrukken	1.5
uiteengevallen	-1.5
uiteenlopend	-1.5
uiterst	1.5
uitgebreid	1.5
uitgelaten	1.5
uitgelezen	1.5
uitgeput	-1.5
uitgeven	-1.5
uitgewist	-1.5
uitgifte	-1.5
uitharden	-1.5
uitkering	1.5
uitkomen	1.5
uitkomst	1.5
uitlaat	-1.5
uitlaten	-1.5
uitleggen	1.5
uitloper	-1.5
uitmoorden	-1.5
uitmuntendheid	1.5
uitputtend	-1.5
uitputting	-1.5
uitroeien	-1.5
uitroeiing	-1.5
uitschakelen	-1.5
uitslag	-1.5
uitsluiting	-1.5
uitspreken	1.5
uitstekend	1.5
uitstellen	-1.5
uitvaren	-1.5
uitverkoren	1.5
uitvoerbaar	1.5
uitwissen	-1.5
ultimatum	-1.5
unknown	-1.5
usurpator	-1.5
vaag	-1.5
vaardig	1.5
vaardigheid	1.5
vaargeul	1.5
vakkundig	1.5
val	-1.5
vallen	-1.5
vallend	-1.5
vals	-1.5
valselijk	-1.5
valsheid	-1.5
van	1.5
vangen	-1.5
variëteit	1.5
varken	-1.5
varkens	-1.5
vast	1.5
vastberaden	1.5
vasten	1.5
vastlopen	-1.5
vat	-1.5
vatten	-1.5
vechten	-1.5
veeg	-1.5
veelbelovend	1.5
veeleisend	1.5
veelzijdig	1.5
veelzijdigheid	1.5
vegen	1.5
veilig	1.5
veiliggesteld	1.5
vel	-1.5
vellen	-1.5
vent	-1.5
ventileren	-1.5
veracht	-1.5
verafschuwde	-1.5
verantwoord	1.5
verantwoorde	1.5
verantwoordelijk	-1.5
verarmd	-1.5
verbaasd	1.5
verbannen	-1.5
verbanning	-1.5
verbazen	1.5
verbazend	1.5
verbazing	1.5
verbazingwekkend	1.5
verbeelding	1.5
verbergen	-1.5
verbeterd	1.5
verbeterde	1.5
verbeteren	1.5
verbetering	1.5
verbeteringen	1.5
verbetert	1.5
verbeurd	-1.5
verbieden	-1.5
verbijstering	-1.5
verbintenis	1.5
verbitterd	-1.5
verblijf	1.5
verblijfplaats	-1.5
verblijven	-1.5
verbluffend	1.5
verbluffende	1.5
verbod	-1.5
verboden	-1.5
verbolgen	-1.5
verbond	1.5
verborgen	-1.5
verbrand	-1.5
verbrandde	-1.5
verbranden	-1.5
verbranding	-1.5
verbreken	-1.5
verbroken	-1.5
verdacht	-1.5
verdachte	-1.5
verdediger	1.5
verdeeldheid	-1.5
verdelen	-1.5
verdenken	-1.5
verdenking	-1.5
verdenkingen	-1.5
verderf	-1.5
verdienen	1.5
verdienste	1.5
verdienstelijk	1.5
verdoezelen	-1.5
verdoofd	-1.5
verdorven	-1.5
verdoven	-1.5
verdoving	-1.5
verdraaien	-1.5
verdrag	1.5
verdriet	-1.5
verdrijven	-1.5
verdringen	-1.5
verdrinken	-1.5
verdrinking	-1.5
verduidelijken	1.5
verduisterd	-1.5
verdwaald	-1.5
vereenvoudigd	1.5
vereenvoudigen	1.5
vereenvoudigt	1.5
verenigbaar	1.5
vereren	1.5
verergeren	-1.5
verfijnd	1.5
verfijnen	1.5
verfijning	1.5
vergaan	-1.5
vergeefs	-1.5
vergelding	-1.5
vergelijken	-1.5
vergemakkelijken	1.5
vergemakkelijkt	1.5
vergeven	1.5
vergeving	1.5
vergevorderd	1.5
vergevorderde	-1.5
vergif	-1.5
vergiffenis	1.5
vergiftigen	-1.5
vergissing	-1.5
vergrijpen	-1.5
vergroten	1.5
verharden	-1.5
verheerlijken	1.5
verheffen	1.5
verheffing	1.5
verhelpen	1.5
verheugd	1.5
verheugen	1.5
verheven	1.5
verhinderen	-1.5
verhogen	1.5
verifieerbare	1.5
verijdelen	-1.5
verjagen	-1.5
verkeerd	-1.5
verkeerde	-1.5
verkeerdelijk	-1.5
verkiezen	1.5
verklaren	1.5
verkleinen	-1.5
verkleuren	-1.5
verkoudheid	-1.5
verkracht	-1.5
verkrachten	-1.5
verkrachting	-1.5
verkrijgen	1.5
verlaat	-1.5
verlagen	1.5
verlamd	-1.5
verlamde	-1.5
verlammen	-1.5
verlaten	-1.5
verlegenheid	-1.5
verleidelijk	1.5
verleiden	1.5
verleiding	-1.5
verlichten	1.5
verlichting	1.5
verlies	-1.5
verliest	-1.5
verliezen	-1.5
verliezer	-1.5
verliezers	-1.5
verloop	-1.5
verlopen	-1.5
verloren	-1.5
verlossen	1.5
verlosser	1.5
verlossing	1.5
vermaard	1.5
vermaken	1.5
vermalen	-1.5
vermaning	-1.5
vermijden	-1.5
verminderen	-1.5
verminkt	-1.5
vermoeid	-1.5
vermoeidheid	-1.5
vermoeiend	-1.5
vermogen	1.5
vermoorden	-1.5
vernederend	-1.5
vernederende	-1.5
vernedering	-1.5
vernielen	-1.5
vernietigen	-1.5
vernietigend	-1.5
vernietiging	-1.5
vernieuwd	1.5
vernis	-1.5
vernuft	1.5
verontreinigd	-1.5
verontrust	-1.5
verontrustende	-1.5
verontwaardigd	-1.5
verontwaardiging	-1.5
veroordeeld	-1.5
veroordeelt	-1.5
veroordelen	-1.5
veroordeling	-1.5
veroorzaken	-1.5
verouderd	-1.5
verpest	-1.5
verpesten	-1.5
verplaatsen	-1.5
verpletterd	-1.5
verpletteren	-1.5
verpletterend	-1.5
verraad	-1.5
verraadt	-1.5
verraden	-1.5
verrader	-1.5
verraderlijk	-1.5
verraderlijke	-1.5
verrassend	-1.5
verrijken	1.5
verrijking	1.5
vers	1.5
verschalken	1.5
verscheidenheid	1.5
verschijnsel	-1.5
verschil	-1.5
verschrikkelijk	-1.5
verschuldigd	1.5
versieren	1.5
versiering	1.5
verslaafd	-1.5
verslaafde	-1.5
verslaafden	-1.5
verslaan	1.5
verslagen	1.5
verslechteren	-1.5
verslechterende	-1.5
verslechtering	-1.5
versleten	-1.5
verslinden	-1.5
versmelten	-1.5
versoepeld	1.5
versoepeling	1.5
verspilling	-1.5
verstaanbaar	1.5
verstandelijk	1.5
verstandhouding	1.5
verstandig	1.5
versteend	-1.5
verstelbaar	1.5
versterken	1.5
versterkt	1.5
verstijfd	-1.5
verstoken	-1.5
verstoord	-1.5
verstoort	-1.5
verstoppen	-1.5
verstopping	-1.5
verstopt	-1.5
verstoren	-1.5
verstoring	-1.5
verstoten	-1.5
verstrijken	-1.5
verteren	-1.5
vertraagd	-1.5
vertragen	-1.5
vertraging	-1.5
vertragingen	-1.5
vertrouwde	1.5
vertrouwelijkheid	1.5
vertrouweling	1.5
vertrouwen	1.5
vervaagt	-1.5
vervagen	-1.5
verval	-1.5
vervallen	-1.5
vervalsen	-1.5
vervalsing	-1.5
vervalst	-1.5
vervalt	-1.5
verveeld	-1.5
vervelen	-1.5
vervelend	-1.5
verveling	-1.5
verversen	1.5
vervloekt	-1.5
vervoering	1.5
vervolgen	-1.5
vervolging	-1.5
vervormd	-1.5
vervormen	-1.5
vervormt	-1.5
vervreemd	-1.5
vervreemde	-1.5
vervreemden	-1.5
vervreemding	-1.5
vervuild	-1.5
vervullen	1.5
vervulling	1.5
verwaarloosd	-1.5
verwaarlozen	-1.5
verwaarlozing	-1.5
verward	-1.5
verwarde	-1.5
verwarmen	1.5
verwarren	-1.5
verwarrend	-1.5
verwarrende	-1.5
verwarring	-1.5
verwart	-1.5
verwelkomen	1.5
verweren	-1.5
verwerpelijk	-1.5
verwerpen	-1.5
verwerping	-1.5
verwerpt	-1.5
verwezenlijking	1.5
verwezenlijkingen	1.5
verwijt	-1.5
verwijten	-1.5
verwikkeld	-1.5
verwisselen	-1.5
verwoed	-1.5
verwoest	-1.5
verwoesten	-1.5
verwoestend	-1.5
verwoestende	-1.5
verwoesting	-1.5
verwonden	-1.5
verwondering	1.5
verwonderlijk	1.5
verwonding	-1.5
verworden	-1.5
verworpen	-1.5
verwrongen	-1.5
verzachten	1.5
verzakken	-1.5
verzekeren	1.5
verzet	-1.5
verzinsel	-1.5
verzoeking	-1.5
verzoenen	1.5
verzoening	1.5
verzorgen	1.5
verzorgende	1.5
verzuim	-1.5
verzwakken	-1.5
verzwakking	-1.5
verzwakt	-1.5
verzwijgen	-1.5
vet	-1.5
vice	-1.5
viel	-1.5
vieren	1.5
viering	1.5
vies	-1.5
vijand	-1.5
vijandelijk	-1.5
vijandelijkheden	-1.5
vijanden	-1.5
vijandig	-1.5
vijandigheid	-1.5
vijandschap	-1.5
vindingrijkheid	1.5
virtuoos	1.5
virus	-1.5
visie	-1.5
visionaire	1.5
vlak	-1.5
vlam	-1.5
vlek	-1.5
vlekje	-1.5
vlekkeloos	1.5
vlekken	-1.5
vloeien	1.5
vloeiend	1.5
vloek	-1.5
vloeken	-1.5
vloeren	-1.5
vlot	1.5
vlucht	-1.5
vluchteling	-1.5
vluchten	-1.5
vluchtende	-1.5
vluchtig	-1.5
vlug	1.5
vochtig	-1.5
vochtige	-1.5
voeden	1.5
voeding	1.5
voelbaar	1.5
voet	-1.5
vol	-1.5
volatiliteit	-1.5
volbracht	1.5
volbrengen	1.5
voldaan	1.5
voldoen	1.5
voldoende	1.5
voldoening	1.5
voldoet	1.5
volharden	1.5
volharding	1.5
volk	1.5
volkerenmoord	-1.5
volkomen	-1.5
volmaakt	1.5
volstaan	1.5
volstaat	1.5
volstrekt	1.5
voltooid	1.5
voltooide	1.5
voltooien	1.5
voltooiing	1.5
voltreffer	-1.5
voltrokken	1.5
volwassen	1.5
vond	1.5
vooraanstaand	1.5
voorbeeld	1.5
voorbeeldig	1.5
voordeel	1.5
voordelen	1.5
voordelig	1.5
voordragen	1.5
voorkeur	1.5
voorkomend	1.5
voorliefde	-1.5
voorlopig	-1.5
voornaam	1.5
vooroordeel	-1.5
vooroordelen	-1.5
voorop	1.5
voorrecht	1.5
voorspelbaar	-1.5
voorspoed	1.5
voorspoedig	1.5
voorsprong	1.5
voorstaan	1.5
voorstander	1.5
voorstanders	1.5
voorste	1.5
voorstel	1.5
voortdurend	-1.5
voortgang	1.5
voortreffelijk	1.5
voortvluchtig	-1.5
voortvluchtige	-1.5
vooruitgang	1.5
voorvechter	1.5
voorwendsel	-1.5
voorwerp	-1.5
voorzichtigheid	1.5
voorzien	1.5
voorzienigheid	1.5
voorziening	1.5
voorzorg	1.5
vordering	1.5
vorm	-1.5
vorst	-1.5
vorstelijk	1.5
vrede	1.5
vredig	1.5
vreedzaam	1.5
vreemd	-1.5
vreemde	-1.5
vreemdeling	-1.5
vreemdgaan	-1.5
vreemdste	-1.5
vrees	-1.5
vreselijk	-1.5
vreten	-1.5
vreugde	1.5
vrezen	-1.5
vriendelijk	1.5
vriendelijkheid	1.5
vriendjespolitiek	-1.5
vriendschappelijk	1.5
vriezen	-1.5
vrij	1.5
vrije	1.5
vrijen	1.5
vrijgevigheid	1.5
vrijheden	1.5
vrijheid	1.5
vrijlaten	-1.5
vrijmaken	1.5
vroegtijdig	-1.5
vrolijk	1.5
vrolijkheid	1.5
vroom	1.5
vroomheid	1.5
vruchtbaar	1.5
vruchtbaarheid	1.5
vruchteloos	-1.5
vuil	-1.5
vuilnis	-1.5
vuilnisbak	-1.5
vuilnisbelt	-1.5
vuist	-1.5
vulgair	-1.5
vurig	1.5
vuurpijl	-1.5
waaien	-1.5
waakzaam	1.5
waakzaamheid	1.5
waan	-1.5
waanzin	-1.5
waanzinnig	-1.5
waanzinnige	-1.5
waar	1.5
waarborgen	1.5
waard	1.5
waarde	1.5
waardeerde	1.5
waardeert	1.5
waardeloos	-1.5
waarderen	1.5
waardevol	1.5
waardig	1.5
waardigheid	1.5
waarneembaar	1.5
waarschuwde	-1.5
waarschuwen	-1.5
waarschuwing	-1.5
waas	-1.5
wagen	-1.5
wagon	-1.5
walging	-1.5
wandaden	-1.5
wanen	-1.5
wangedrag	-1.5
wanhoop	-1.5
wanhopig	-1.5
wankel	-1.5
wankelen	-1.5
wanorde	-1.5
want	-1.5
wantrouwen	-1.5
wantrouwig	-1.5
wapenfeit	-1.5
wapperen	1.5
warm	1.5
warmer	1.5
warmte	1.5
was	-1.5
wassen	1.5
wastafel	-1.5
waste	-1.5
waterafvoer	-1.5
wazig	-1.5
wederkerend	-1.5
wederrechtelijk	-1.5
wedloop	-1.5
wee	-1.5
week	1.5
weelderig	1.5
weerlegd	-1.5
weerleggen	-1.5
weerlegging	-1.5
weerstand	-1.5
wees	-1.5
weeskind	-1.5
weggooien	-1.5
weglaten	-1.5
weglating	-1.5
weglopen	-1.5
wegvluchten	-1.5
weigeren	-1.5
weigering	-1.5
weigert	-1.5
weken	-1.5
wel	1.5
weldoener	1.5
welgesteld	1.5
welkom	1.5
welkome	1.5
well	1.5
welsprekendheid	1.5
welvaart	1.5
welvarend	1.5
welwillend	1.5
welzijn	1.5
wendbaar	1.5
wendbaarheid	1.5
wendingen	-1.5
wenselijk	1.5
werk	1.5
werken	1.5
werkloos	-1.5
werklozen	-1.5
werkstuk	1.5
werkte	1.5
werkzaam	1.5
wettig	1.5
wezen	1.5
wierook	-1.5
wiet	-1.5
wig	-1.5
wiggen	-1.5
wijd	1.5
wijdverbreid	-1.5
wijs	1.5
wijsheid	1.5
wijten	-1.5
wijze	1.5
wil	1.5
wild	-1.5
wilde	-1.5
wilden	-1.5
wildernis	-1.5
willekeurig	-1.5
willen	1.5
wilt	-1.5
win	1.5
windstilte	1.5
winnaar	1.5
winnaars	1.5
winnares	1.5
winnen	1.5
winnend	1.5
winner	1.5
winning	1.5
wins	1.5
winst	1.5
winsten	1.5
winstgevend	1.5
wint	1.5
wip	-1.5
wirwar	-1.5
wissen	-1.5
woede	-1.5
woedend	-1.5
woest	-1.5
woestenij	-1.5
woestijn	-1.5
wolk	-1.5
wolvin	-1.5
won	1.5
wond	-1.5
wonde	-1.5
wonden	-1.5
wonder	1.5
wonderbaarlijk	1.5
wonderen	1.5
wonderkind	1.5
wonderlijk	1.5
wonen	-1.5
woordenwisseling	-1.5
woordvoerder	-1.5
work	1.5
works	1.5
worst	-1.5
worstelde	-1.5
worstelen	-1.5
worsteling	-1.5
worstelt	-1.5
wraak	-1.5
wrak	-1.5
wrede	-1.5
wreed	-1.5
wreedheden	-1.5
wreedheid	-1.5
wreken	-1.5
wrijven	-1.5
wrijving	-1.5
wroeging	-1.5
wrok	-1.5
wrong	-1.5
wurgen	-1.5
zaak	-1.5
zacht	1.5
zachter	1.5
zachtere	1.5
zak	-1.5
zakken	-1.5
zalig	1.5
zanderig	-1.5
zat	-1.5
zege	1.5
zegen	1.5
zegenen	1.5
zegening	1.5
zegevieren	1.5
zeker	1.5
zekerheid	1.5
zelf	1.5
zelfbewustzijn	1.5
zelfdoding	-1.5
zelfmoord	-1.5
zelfverzekerd	1.5
zenit	1.5
zenith	1.5
zenuwachtig	-1.5
zenuwen	-1.5
zetten	-1.5
zeuren	-1.5
zeven	-1.5
zichtbaar	1.5
ziek	-1.5
zieke	-1.5
ziekelijk	-1.5
zieken	-1.5
ziekte	-1.5
zielig	-1.5
zijrivier	1.5
zinken	-1.5
zinloos	-1.5
zinnig	1.5
zinvol	1.5
zittend	-1.5
zoals	1.5
zoet	1.5
zolder	1.5
zombie	-1.5
zonde	-1.5
zondebok	-1.5
zonder	1.5
zonderling	-1.5
zondig	-1.5
zondvloed	-1.5
zonsopgang	1.5
zorg	-1.5
zorgen	-1.5
zuigen	-1.5
zuigt	-1.5
zuinig	1.5
zuinigheid	1.5
zuiver	1.5
zuiveren	1.5
zuivering	1.5
zuur	-1.5
zwaaien	1.5
zwaar	-1.5
zwaarste	1.5
zwak	-1.5
zwakheden	-1.5
zwakkere	-1.5
zwakte	-1.5
zweep	-1.5
zwellen	-1.5
zwelling	-1.5
zwendel	-1.5
zwervend	-1.5
zwerver	-1.5
zweten	-1.5
zwijn	-1.5
