Bleik	-1.5
Gratulerer	1.5
Kjemisk	-1.5
abort	-1.5
absurd	-1.5
adekvat	1.5
advarsel	-1.5
advarte	-1.5
affinitet	1.5
aggresjon	-1.5
aggressiv	-1.5
aggressive	-1.5
aggressivitet	-1.5
agility	1.5
agn	-1.5
aktelse	1.5
akterenden	-1.5
alarm	-1.5
allergi	-1.5
allergier	-1.5
allergisk	-1.5
allsidig	1.5
allsidighet	1.5
alminnelig	-1.5
alvor	1.5
alvorlighetsgrad	-1.5
ambisiøs	1.5
ambisjoner	1.5
ambivalent	-1.5
analfabet	-1.5
anarki	-1.5
anarkisme	-1.5
anarkist	-1.5
anbefale	1.5
anbefaler	1.5
anbefales	1.5
anbefaling	1.5
anbefalinger	1.5
anbud	1.5
anerkjennende	1.5
anerkjente	1.5
anger	-1.5
angre	-1.5
angrep	-1.5
angrer	-1.5
angret	-1.5
angripe	-1.5
angst	-1.5
anklage	-1.5
anklager	-1.5
anløpe	-1.5
annektere	1.5
annullere	-1.5
anspent	-1.5
anstendig	1.5
anstrengende	-1.5
anstrengt	-1.5
ansvar	-1.5
antagonist	-1.5
antiluftskyts	-1.5
apati	-1.5
apokalypse	-1.5
apokalyptisk	-1.5
appellere	1.5
applaus	1.5
appropriate	1.5
arbeid	1.5
arbeide	1.5
arbeidet	1.5
arbeidsledig	-1.5
arbeidsom	1.5
argumentere	-1.5
arkaisk	-1.5
arr	-1.5
arroganse	-1.5
arrogant	-1.5
artig	-1.5
asketiske	-1.5
atrofi	-1.5
attraktiv	1.5
autentisk	1.5
autokratiske	-1.5
autonome	1.5
autoritativ	1.5
autoritær	-1.5
available	1.5
avanserte	1.5
avbrudd	-1.5
avbrutt	-1.5
avbryte	-1.5
avfall	-1.5
avføring	-1.5
avgjørende	1.5
avgrensa	-1.5
avgrense	1.5
avgrenset	-1.5
avgrunnen	-1.5
avhengig	-1.5
avhengige	-1.5
avkortet	-1.5
avlytting	-1.5
avløp	-1.5
avskaffe	-1.5
avskrekke	-1.5
avskrekkende	-1.5
avsky	-1.5
avskydde	-1.5
avskyelig	-1.5
avslag	-1.5
avslappet	1.5
avslå	-1.5
avstemming	1.5
avsverge	-1.5
avta	-1.5
avtagende	-1.5
avtar	-1.5
avveie	-1.5
avvik	-1.5
avvikende	-1.5
avviker	-1.5
avviklet	-1.5
avvise	-1.5
avvisende	-1.5
avviser	-1.5
avvisning	-1.5
avvist	-1.5
avvæpne	-1.5
award	1.5
awards	1.5
ax	-1.5
bad	-1.5
bakholdsangrep	-1.5
bakover	-1.5
balanserte	1.5
banal	-1.5
bane	-1.5
banebrytende	1.5
banke	-1.5
bankerott	-1.5
banning	-1.5
barbar	-1.5
barbarisk	-1.5
barbariske	-1.5
barmhjertig	1.5
barnslig	-1.5
bastard	-1.5
beautiful	1.5
bedra	-1.5
bedrag	-1.5
bedrager	-1.5
bedrageri	-1.5
bedre	1.5
befri	1.5
begavet	1.5
begeistret	1.5
begeistring	1.5
begrense	-1.5
begrenset	-1.5
begrensning	-1.5
begrensninger	-1.5
begrunnet	1.5
begunstiget	1.5
behagelig	1.5
beherske	1.5
behersket	1.5
bekk	-1.5
beklagelig	-1.5
beklagelse	-1.5
beklager	-1.5
bekreftelse	1.5
bekreftende	1.5
bekrefter	1.5
bekreftes	1.5
bekymre	-1.5
bekymret	-1.5
bekymring	-1.5
bekymringer	-1.5
belastning	-1.5
beleilig	1.5
beleire	-1.5
beleiring	-1.5
belyse	1.5
belønne	1.5
bemerkelsesverdig	1.5
benekte	-1.5
benekter	-1.5
benektet	-1.5
benådning	1.5
beredt	1.5
berike	1.5
berikelse	1.5
berolige	1.5
beroligende	1.5
berserk	-1.5
beryktede	-1.5
beryktet	-1.5
berømmelse	1.5
berømt	1.5
berøvet	-1.5
besatt	-1.5
beseire	1.5
beseiret	1.5
besettelse	1.5
beskjeden	1.5
beskjedenhet	1.5
beskylde	-1.5
beskylder	-1.5
beskyldninger	-1.5
beskytte	1.5
beskyttelse	1.5
beskyttende	1.5
best	1.5
beste	1.5
bestikkelser	-1.5
bestyrtelse	-1.5
betatt	1.5
betenkeligheter	-1.5
betennelse	-1.5
betoning	-1.5
betrakte	1.5
betraktning	1.5
better	1.5
betydelig	1.5
betydningsfull	1.5
beundre	1.5
beundrer	1.5
beundring	1.5
beundringsverdig	1.5
beviser	1.5
beæret	1.5
bias	-1.5
bidrag	1.5
billigere	1.5
billigste	1.5
bisarre	-1.5
bistand	1.5
bitende	-1.5
bitter	-1.5
bitterhet	-1.5
bittert	-1.5
blakk	-1.5
bland	-1.5
blanda	-1.5
blande	-1.5
blandet	-1.5
blasfemi	-1.5
blasfemisk	-1.5
blek	-1.5
blemmer	-1.5
blendende	1.5
blid	-1.5
blind	-1.5
blindvei	-1.5
blodbad	-1.5
blodig	-1.5
blodtørstige	-1.5
blokkering	-1.5
blomstre	1.5
blomstrende	1.5
blottet	-1.5
bly	1.5
blåmerker	-1.5
blåse	-1.5
blø	-1.5
blødning	-1.5
blør	-1.5
bløt	1.5
boikotte	-1.5
bomb	-1.5
bombardement	-1.5
bombardere	-1.5
bombe	-1.5
bonus	1.5
bonuser	1.5
boom	1.5
bore	-1.5
bores	-1.5
boring	-1.5
bortfaller	-1.5
bortfalt	-1.5
bortgang	-1.5
bortkastet	-1.5
boss	-1.5
bot	1.5
bra	1.5
brakke	1.5
brannskader	-1.5
bratt	-1.5
break	-1.5
breaking	-1.5
bremse	-1.5
bremset	-1.5
brenne	-1.5
brenning	-1.5
brent	-1.5
briljant	1.5
brilliant	1.5
bris	1.5
broken	-1.5
brudd	-1.5
brukbare	1.5
brutal	-1.5
brutalitet	-1.5
brutalt	-1.5
brutt	-1.5
brutto	-1.5
bry	-1.5
bryte	-1.5
brå	-1.5
brått	-1.5
brønn	1.5
brøt	-1.5
bug	-1.5
bugs	-1.5
bulk	-1.5
bull	-1.5
bust	-1.5
byrde	-1.5
byster	-1.5
bånd	-1.5
bærbar	1.5
bærekraft	1.5
bærekraftig	1.5
bølle	-1.5
bøte	1.5
bøyd	-1.5
champion	1.5
classic	1.5
clean	1.5
clear	1.5
cold	-1.5
collapse	-1.5
complex	-1.5
cool	1.5
correct	1.5
daggry	1.5
dark	-1.5
dead	-1.5
deaktivert	-1.5
death	-1.5
dedikert	1.5
defekt	-1.5
defekter	-1.5
defensiv	-1.5
defensive	-1.5
deformert	-1.5
degenerasjon	-1.5
degenerert	-1.5
degradering	-1.5
deilig	1.5
dekadanse	-1.5
dekadent	-1.5
dekke	1.5
delikat	1.5
delikatesse	1.5
delirium	-1.5
demon	-1.5
demoniske	-1.5
dempet	-1.5
depresjon	-1.5
depresjoner	-1.5
deprimerende	-1.5
deprimert	-1.5
desertering	-1.5
desillusjonert	-1.5
desperasjon	-1.5
desperat	-1.5
desperate	-1.5
despotiske	-1.5
dessverre	-1.5
destroyer	-1.5
destruktiv	-1.5
diaré	-1.5
die	-1.5
died	-1.5
dies	-1.5
diffus	-1.5
diktator	-1.5
diktatorisk	-1.5
dikte	-1.5
dilemma	-1.5
din	-1.5
diplomatisk	1.5
diskreditere	-1.5
diskriminerende	-1.5
diskriminering	-1.5
diskutabelt	-1.5
diskutere	-1.5
disputt	-1.5
disse	-1.5
dissens	-1.5
dissident	-1.5
dissidenter	-1.5
dissonans	-1.5
distinksjon	1.5
distrahere	-1.5
diverse	-1.5
djevel	-1.5
djevelen	-1.5
dogmatisk	-1.5
dominerer	1.5
dominert	1.5
dommedag	-1.5
doom	-1.5
dra	-1.5
drag	-1.5
drap	-1.5
drapsmann	-1.5
drastisk	-1.5
drastiske	-1.5
dratt	-1.5
drenering	-1.5
drenert	-1.5
drepe	-1.5
dreper	-1.5
drept	-1.5
dristig	1.5
dritt	-1.5
droner	-1.5
drukket	-1.5
drukning	-1.5
dukke	-1.5
dukkene	-1.5
dum	-1.5
dumhet	-1.5
dumpe	-1.5
dumper	-1.5
dumpet	-1.5
dumping	-1.5
dverg	-1.5
dyd	1.5
dydig	1.5
dyktig	1.5
dyktigere	1.5
dyktighet	1.5
dynamisk	1.5
dyp	1.5
dypt	1.5
dyr	-1.5
dyrebare	1.5
dyrt	-1.5
dyster	-1.5
dystert	-1.5
dårlig	-1.5
dø	-1.5
død	-1.5
døde	-1.5
dødelig	-1.5
døden	-1.5
dødvekt	-1.5
døende	-1.5
dømt	-1.5
dør	-1.5
døv	-1.5
døve	-1.5
easy	1.5
ecstasy	1.5
ed	-1.5
edel	1.5
edelstener	1.5
edru	-1.5
effektiv	1.5
effektive	1.5
effektivitet	1.5
effektivt	1.5
egentlig	1.5
egge	-1.5
egnet	1.5
egoisme	-1.5
egoistisk	-1.5
eiendommelig	1.5
eiendommelige	-1.5
ekkel	-1.5
eksemplarisk	1.5
eksentrisitet	-1.5
eksentriske	-1.5
eksepsjonell	1.5
eksepsjonelt	1.5
eksil	-1.5
eksklusjon	-1.5
eksos	-1.5
ekspansiv	1.5
eksplodere	-1.5
eksplosive	-1.5
ekspropriasjon	-1.5
ekstase	1.5
ekstatisk	1.5
ekstraordinær	1.5
ekstraordinære	1.5
ekstrautstyr	1.5
ekstremisme	-1.5
ekstremister	-1.5
ekte	1.5
eleganse	1.5
elegant	1.5
elendig	-1.5
elendighet	-1.5
eliminering	-1.5
elite	1.5
elske	1.5
elskede	1.5
elsker	1.5
elskerinne	-1.5
elsket	1.5
elskverdig	1.5
eminent	1.5
eminente	1.5
empati	1.5
enemy	-1.5
energisk	1.5
enestående	1.5
engasjement	1.5
engasjerende	1.5
engasjert	-1.5
engel	1.5
engstelig	-1.5
enhet	1.5
enkel	1.5
enklere	1.5
enkleste	1.5
enorm	1.5
enormt	1.5
enough	1.5
ensom	-1.5
ensomhet	-1.5
entusiasme	1.5
entusiast	1.5
entusiastisk	1.5
epidemi	-1.5
erfaren	1.5
ergrelse	-1.5
ernæring	1.5
erosjon	-1.5
error	-1.5
errors	-1.5
etisk	1.5
etsende	-1.5
etterrettelig	1.5
ettertrykkelig	-1.5
evig	1.5
evil	-1.5
evne	1.5
fabrikasjon	-1.5
faen	-1.5
fail	-1.5
fair	1.5
faith	1.5
fall	-1.5
falle	-1.5
falleferdig	-1.5
fallen	-1.5
fallende	-1.5
faller	-1.5
false	-1.5
falsk	-1.5
falt	-1.5
fame	1.5
fanatiske	-1.5
fanatisme	-1.5
fancy	1.5
fange	-1.5
fangehull	-1.5
fangen	-1.5
fanget	-1.5
fans	1.5
fantastisk	1.5
farbare	1.5
fare	-1.5
farefulle	-1.5
fargerik	1.5
farlig	-1.5
farse	-1.5
fascinasjon	1.5
fascinerende	1.5
fascisme	-1.5
fascist	-1.5
fasjonable	1.5
fast	1.5
faste	1.5
faster	1.5
fastere	1.5
fasthet	1.5
fat	-1.5
fatal	-1.5
fattig	-1.5
fattigdom	-1.5
fattigere	-1.5
fattigste	-1.5
favorisere	1.5
favorisert	1.5
favoritt	1.5
feat	1.5
feber	-1.5
feige	-1.5
feil	-1.5
feilaktig	-1.5
feilaktige	-1.5
feile	-1.5
feilen	-1.5
feilfri	1.5
feilslutning	-1.5
feiltolkning	-1.5
feire	1.5
feiret	1.5
feiring	1.5
fell	-1.5
felle	-1.5
fellende	-1.5
fengende	1.5
fengsel	-1.5
fengsle	-1.5
fengslende	1.5
ferdighet	1.5
fersk	1.5
fersken	1.5
fertile	1.5
festlig	1.5
fett	-1.5
fiasko	-1.5
fiaskoen	-1.5
fiction	-1.5
fiende	-1.5
fiender	-1.5
fiendskap	-1.5
fiendtlig	-1.5
fiendtlighet	-1.5
fiendtligheter	-1.5
fikk	1.5
fiksjon	-1.5
fiktiv	-1.5
fiktivt	-1.5
fin	1.5
fine	1.5
finere	1.5
fint	1.5
fjell	-1.5
fjøs	1.5
flagging	-1.5
flak	-1.5
flammende	1.5
flatere	1.5
flatterende	1.5
flau	-1.5
flekk	-1.5
flekken	-1.5
flekker	-1.5
flekkete	-1.5
fleksibel	1.5
fleksibilitet	1.5
flertydig	-1.5
flink	1.5
flittige	1.5
flokk	1.5
flott	1.5
flukt	-1.5
flykte	-1.5
flykter	-1.5
flyktig	-1.5
flytende	1.5
fobi	-1.5
folkemord	-1.5
fond	1.5
forakt	-1.5
foraktet	-1.5
forarget	-1.5
forbannelse	-1.5
forbannelser	-1.5
forbannet	-1.5
forbauselse	1.5
forbausende	1.5
forbauset	1.5
forbedre	1.5
forbedrer	1.5
forbedret	1.5
forbedring	1.5
forbedringer	1.5
forbitrelse	-1.5
forbitret	-1.5
forbløffende	1.5
forbløffet	1.5
forbrenne	-1.5
forbrenning	-1.5
forbryter	-1.5
forbudt	-1.5
forby	-1.5
fordel	1.5
fordelaktige	1.5
fordeler	1.5
fordervet	-1.5
fordommer	-1.5
fordømme	-1.5
fordømmelse	-1.5
fordømmer	-1.5
fordømt	-1.5
foreldet	-1.5
foreldreløs	-1.5
forenkle	1.5
forenklede	-1.5
forenkler	1.5
forenkles	1.5
forenklet	1.5
forestående	-1.5
foretrakk	1.5
foretrekke	1.5
foretrekker	1.5
forfall	-1.5
forfalle	-1.5
forfalne	-1.5
forfalske	-1.5
forfalt	-1.5
forfengelighet	-1.5
forferdelig	-1.5
forferdelige	-1.5
forferdelse	-1.5
forferdet	-1.5
forfriskende	1.5
forfølgelse	-1.5
forfølger	-1.5
forgjeves	-1.5
forhastet	-1.5
forheksede	1.5
forhindre	-1.5
forkastelig	-1.5
forkastning	-1.5
forkjærlighet	1.5
forkjølelse	-1.5
forkrøplet	-1.5
forlate	-1.5
forledet	1.5
forlegenhet	-1.5
forlis	-1.5
formaning	-1.5
formidabel	1.5
formidable	1.5
formue	1.5
formørket	-1.5
fornekte	-1.5
fornektelse	-1.5
fornuftig	1.5
fornyet	1.5
fornærme	-1.5
fornærmede	-1.5
fornærmelser	-1.5
fornærmende	-1.5
fornærmet	-1.5
fornøyd	1.5
fornøyelig	1.5
fornøyelse	1.5
forpliktelse	1.5
forringe	-1.5
forråde	-1.5
forråder	-1.5
forræder	-1.5
forræderi	-1.5
forrædersk	-1.5
forsikre	1.5
forsikring	1.5
forsikringer	1.5
forsiktig	1.5
forsinke	-1.5
forsinkelse	-1.5
forsinkelser	-1.5
forsinket	-1.5
forskjell	1.5
forskjønne	1.5
forskrekket	-1.5
forslått	-1.5
forsone	1.5
forsteinet	-1.5
forsterkning	1.5
forstyrre	-1.5
forstyrrelse	-1.5
forstyrrende	-1.5
forstyrrer	-1.5
forstyrret	-1.5
forstå	1.5
forståelig	1.5
forsvareren	1.5
forsvarlig	1.5
forsøksvis	-1.5
forsømmelse	-1.5
fortettet	-1.5
fortjene	1.5
fortjenstfull	1.5
fortrenge	-1.5
fortrengt	-1.5
fortvilelse	-1.5
fortvilet	-1.5
forundret	-1.5
forurense	-1.5
forurensende	-1.5
forurenser	-1.5
forurenset	-1.5
forurensning	-1.5
forveksle	-1.5
forvekslet	-1.5
forverre	-1.5
forverres	-1.5
forverret	-1.5
forverring	-1.5
forvirre	-1.5
forvirrende	-1.5
forvirrer	-1.5
forvirret	-1.5
forvirring	-1.5
forvise	-1.5
forvisning	-1.5
forvrengning	-1.5
forvrengt	-1.5
fragmentert	-1.5
framskritt	1.5
framstående	1.5
frasi	-1.5
frastøtende	-1.5
frata	-1.5
fratatt	-1.5
fravriste	-1.5
fravær	-1.5
freak	-1.5
fred	1.5
fredelig	1.5
free	1.5
freedom	1.5
frelser	1.5
fremgang	1.5
fremmed	-1.5
fremmedgjort	-1.5
fremmedgjøring	-1.5
fremragende	1.5
fremst	1.5
fremtredende	1.5
fri	1.5
frigi	1.5
frigjort	1.5
frigjøre	1.5
frigjøring	1.5
frihet	1.5
friheter	1.5
friksjon	-1.5
frir	-1.5
frisk	1.5
friskere	1.5
friste	1.5
fristelse	-1.5
fristende	1.5
frivillig	1.5
frodig	1.5
fromhet	1.5
fromme	1.5
frosset	-1.5
frost	-1.5
fruktbar	1.5
frustrasjon	-1.5
frustrasjoner	-1.5
frustrerende	-1.5
frustrert	-1.5
fryd	1.5
frykt	-1.5
fryktelig	-1.5
fryktelige	-1.5
fryktinngytende	-1.5
fryse	-1.5
fryser	-1.5
frysing	-1.5
frøken	-1.5
frøs	-1.5
fuck	-1.5
fuktige	-1.5
full	-1.5
fullbyrde	1.5
fullgod	1.5
fun	1.5
fundamentalisme	-1.5
fungere	1.5
fungerer	1.5
funky	-1.5
futuristiske	1.5
fyldig	1.5
få	1.5
fødte	-1.5
før	1.5
føre	1.5
fører	1.5
gal	-1.5
galle	-1.5
gallionsfigur	-1.5
galskap	-1.5
galt	-1.5
gammeldags	-1.5
gangster	-1.5
ganske	1.5
garantere	1.5
garanti	1.5
garantist	1.5
geni	1.5
genial	1.5
genius	1.5
genuin	1.5
genuine	1.5
gevinster	1.5
ghetto	-1.5
gift	-1.5
giften	-1.5
giftig	-1.5
giftigste	-1.5
gissel	-1.5
givende	1.5
gjeld	-1.5
gjengjelde	-1.5
gjennombrudd	1.5
gjennomførbart	1.5
gjennomgripende	-1.5
gjennomsiktig	1.5
gjennomtenkt	1.5
gjenopplive	1.5
gjenopprette	1.5
gjenopprettet	1.5
gjenstand	-1.5
gjenstridige	-1.5
gjenvinne	1.5
gjerne	1.5
gjerningsmann	-1.5
gjøre	1.5
gjørmete	-1.5
glad	1.5
glamorøse	1.5
glans	1.5
glatte	1.5
glede	1.5
gledelig	1.5
glipp	-1.5
glitter	1.5
glorie	1.5
glød	1.5
gløde	1.5
glødende	1.5
gnage	-1.5
gnager	-1.5
gnisten	1.5
god	1.5
godhet	1.5
godkjenne	1.5
godkjenning	1.5
godkjent	1.5
godt	1.5
godtroende	-1.5
gold	1.5
golden	1.5
good	1.5
goodwill	1.5
grand	1.5
gratis	1.5
gratulere	1.5
gratulerer	1.5
great	1.5
greatest	1.5
grei	1.5
grenser	-1.5
gretten	-1.5
grind	-1.5
gripe	-1.5
gripende	1.5
gris	-1.5
griser	-1.5
grotesk	-1.5
grov	-1.5
grovt	-1.5
growl	-1.5
grufulle	-1.5
grundig	1.5
grunnlovsstridig	-1.5
grunnløse	-1.5
grunt	-1.5
grusom	-1.5
grusomhet	-1.5
grusomheter	-1.5
grusomt	-1.5
grådig	-1.5
grådighet	-1.5
gråte	-1.5
grøft	-1.5
guddommelig	1.5
gull	1.5
gullmedalje	1.5
gullmynt	1.5
gunstig	1.5
gutter	-1.5
gå	1.5
gøy	-1.5
hack	-1.5
hagl	1.5
hagle	1.5
hai	-1.5
hakkete	-1.5
halte	-1.5
hang	-1.5
happy	1.5
hard	-1.5
harde	-1.5
hardfør	1.5
hardnakket	-1.5
harm	-1.5
harme	-1.5
harmoni	1.5
harmonisere	1.5
harmonisk	1.5
hasj	-1.5
haster	-1.5
hastverk	-1.5
hat	-1.5
hate	-1.5
hater	-1.5
hatet	-1.5
havari	-1.5
havner	-1.5
heaven	1.5
hedensk	-1.5
hederlig	1.5
hedre	1.5
heftig	-1.5
hegemoni	-1.5
hektisk	-1.5
helbrede	1.5
heldig	1.5
heldigvis	1.5
hele	1.5
helgen	1.5
helhjertet	1.5
helst	1.5
heltemot	1.5
heltinne	1.5
helvete	-1.5
hemme	-1.5
hemmet	-1.5
hemming	-1.5
hendig	1.5
henge	-1.5
henger	-1.5
hengi	-1.5
hengiven	1.5
hengivenhet	1.5
hengt	-1.5
hensiktsmessig	1.5
hensynsløs	-1.5
hensynsløse	-1.5
hensynsløshet	-1.5
hensynsløst	-1.5
herdet	-1.5
herje	-1.5
herjet	-1.5
herlig	1.5
herlighet	1.5
hero	1.5
heroisk	1.5
herre	1.5
het	1.5
hett	1.5
hevder	-1.5
heve	1.5
hevelse	-1.5
hevn	-1.5
hevne	-1.5
hevngjerrig	-1.5
hilse	1.5
hilsen	1.5
himmel	1.5
himmelen	1.5
himmelske	1.5
hinder	-1.5
hindre	-1.5
hindrer	-1.5
hindret	-1.5
hindring	-1.5
hjelpe	1.5
hjelpeløs	-1.5
hjelpsom	1.5
hjertelig	1.5
hjulpet	1.5
hjørnestein	1.5
hodepine	-1.5
holdbar	1.5
horde	-1.5
hore	-1.5
hot	1.5
hovne	-1.5
hul	-1.5
hule	-1.5
humane	1.5
humor	1.5
humoristisk	1.5
humør	1.5
hungersnød	-1.5
hurtig	1.5
hyggelig	1.5
hykleri	-1.5
hyllest	1.5
hysteri	-1.5
hysterisk	-1.5
hån	-1.5
hånlig	-1.5
håpløs	-1.5
håpløshet	-1.5
håpløst	-1.5
høflig	1.5
høflige	1.5
høflighet	1.5
hørbar	1.5
høst	-1.5
høvelig	1.5
høvisk	1.5
høy	-1.5
høyre	1.5
høyt	-1.5
høytidelig	-1.5
ideal	1.5
ideell	1.5
idiot	-1.5
idioter	-1.5
idol	1.5
idylliske	1.5
ignorere	-1.5
ikke	-1.5
illegal	-1.5
illegitim	-1.5
illusjon	-1.5
illusjoner	-1.5
imaginære	-1.5
impedans	-1.5
imperialistiske	-1.5
imponere	1.5
imponerende	1.5
imponerer	1.5
imponert	1.5
important	1.5
impulsive	-1.5
inaktiv	-1.5
inderlig	1.5
indignasjon	-1.5
indoktrinering	-1.5
ineffektiv	-1.5
ineffektive	-1.5
infeksjon	-1.5
infeksjoner	-1.5
infisert	-1.5
inhabil	-1.5
inkompetanse	-1.5
inkonsekvent	-1.5
innesluttet	-1.5
innflytelsesrike	1.5
innfløkt	-1.5
inngrep	-1.5
innhente	1.5
innhyllet	-1.5
innløse	1.5
innovasjon	1.5
innovative	1.5
innrømme	-1.5
innrømmelser	-1.5
innrømmet	-1.5
inntrenging	-1.5
innvending	-1.5
innvendingen	-1.5
innvendinger	-1.5
inspirasjon	1.5
inspirere	1.5
inspirerende	1.5
instrumental	1.5
integral	1.5
integrert	1.5
intelligence	1.5
intelligens	1.5
intelligent	1.5
intense	-1.5
intenst	1.5
interessant	1.5
interesser	1.5
interferens	-1.5
intetanende	-1.5
intetsigende	-1.5
intim	1.5
intimitet	1.5
intoleranse	-1.5
intriger	1.5
intrikate	1.5
intuitive	1.5
invalid	-1.5
involvert	-1.5
irettesettelse	-1.5
ironi	-1.5
ironisk	-1.5
irrasjonell	-1.5
irrelevant	-1.5
irritasjon	-1.5
irritere	-1.5
irriterende	-1.5
irriterer	-1.5
irritert	-1.5
isolasjon	-1.5
isolere	-1.5
isolert	-1.5
issue	-1.5
issues	-1.5
iver	1.5
ivrig	1.5
ivrige	1.5
iøynefallende	-1.5
jam	-1.5
jernbane	-1.5
jevn	1.5
jevnere	1.5
jevnt	1.5
jobb	1.5
jobbe	1.5
jord	-1.5
jublende	1.5
juks	-1.5
jukse	-1.5
jukset	-1.5
justerbar	1.5
kaldt	-1.5
kaos	-1.5
kaotisk	-1.5
kapitulere	-1.5
karakteristiske	1.5
karikatur	-1.5
karisma	1.5
karismatiske	1.5
karpe	-1.5
kastet	-1.5
kastrert	-1.5
katastrofal	-1.5
katastrofalt	-1.5
katastrofe	-1.5
katastrofen	-1.5
katastrofer	-1.5
kile	-1.5
kill	-1.5
killed	-1.5
kjapp	1.5
kjapt	1.5
kjede	-1.5
kjedelig	-1.5
kjedsomhet	-1.5
kjekk	1.5
kjeltring	-1.5
kjempe	-1.5
kjempestor	-1.5
kjennetegn	1.5
kjennetegnene	1.5
kjent	1.5
kjetter	-1.5
kjetteri	-1.5
kjettersk	-1.5
kjære	1.5
kjæreste	1.5
kjærester	1.5
kjærlig	1.5
kjærlighet	1.5
klage	-1.5
klagemål	-1.5
klager	-1.5
klagesang	-1.5
klaget	-1.5
klar	1.5
klarere	1.5
klarert	1.5
klarhet	1.5
klart	1.5
klebrig	-1.5
klem	1.5
klikken	-1.5
klok	1.5
klokskap	1.5
klokt	1.5
klumsete	-1.5
kløe	-1.5
klønete	-1.5
knappe	-1.5
knapphet	-1.5
knep	-1.5
knipe	-1.5
kniv	-1.5
knivblad	-1.5
knock	-1.5
knuse	-1.5
knusende	-1.5
knuses	-1.5
knusing	-1.5
knust	-1.5
knyttede	-1.5
knyttneve	-1.5
koke	-1.5
kokende	-1.5
kollaps	-1.5
komfortabel	1.5
komfortabelt	1.5
komisk	-1.5
kompakt	1.5
kompatibel	1.5
komplekse	-1.5
komplementære	1.5
komplikasjon	-1.5
komplisert	-1.5
kompromissløs	-1.5
konflikt	-1.5
konflikter	-1.5
konfrontasjon	-1.5
konfrontere	-1.5
konfronterende	-1.5
kongelig	1.5
konkurransedyktig	1.5
konkurs	-1.5
konsekvent	1.5
konsern	-1.5
konservativ	-1.5
konsesjon	-1.5
konsis	1.5
konsistent	1.5
konspirasjon	-1.5
konspirasjoner	-1.5
konstruktiv	1.5
kontinuitet	1.5
kontrovers	-1.5
kontroversiell	-1.5
kornete	-1.5
korrekt	1.5
korrigere	1.5
korrosjon	-1.5
korrupsjon	-1.5
korrupt	-1.5
kostbare	-1.5
kraftfulle	-1.5
kraftfullt	1.5
kraftig	1.5
krangel	-1.5
krangle	-1.5
krangler	-1.5
krangling	-1.5
krasje	-1.5
krasjer	-1.5
krasjet	-1.5
krasse	-1.5
kreativ	1.5
kreft	-1.5
krenke	-1.5
krenkelse	-1.5
krenkelser	-1.5
kresen	-1.5
krevende	-1.5
krigersk	-1.5
krigførende	-1.5
krigsbyttet	-1.5
krigsherjede	-1.5
kriminalitet	-1.5
kriminelle	-1.5
krise	-1.5
kritiker	-1.5
kritikere	-1.5
kritikk	-1.5
kritisere	-1.5
kritisert	-1.5
kritisk	-1.5
kronisk	-1.5
krype	-1.5
krypende	-1.5
kryper	-1.5
krøp	-1.5
kul	1.5
kulde	-1.5
kult	1.5
kunnskapsrik	1.5
kupert	-1.5
kupp	-1.5
kurere	1.5
kval	-1.5
kvalifisere	1.5
kvalifisert	1.5
kvele	-1.5
kvikk	1.5
kyniske	-1.5
laber	-1.5
lag	-1.5
lags	-1.5
lamme	-1.5
lammende	-1.5
lammet	-1.5
lang	-1.5
langsom	-1.5
langsomme	-1.5
langsomt	-1.5
langvarig	-1.5
lat	-1.5
late	-1.5
latterlig	-1.5
latterliggjøre	-1.5
lead	1.5
lede	1.5
ledet	1.5
ledig	1.5
legemiddel	1.5
legendariske	1.5
lei	-1.5
leie	-1.5
leiemorder	-1.5
leken	1.5
lekk	-1.5
lekkasje	-1.5
lekkasjer	-1.5
lekke	-1.5
lene	1.5
lengsel	-1.5
lesbar	1.5
lett	1.5
lette	1.5
lettelse	1.5
lettelser	1.5
letter	1.5
lettet	1.5
levende	1.5
lide	-1.5
lidelse	-1.5
lidende	-1.5
lidenskap	1.5
lidenskapelig	1.5
lider	-1.5
ligg	-1.5
ligge	-1.5
liggende	-1.5
ligger	-1.5
like	1.5
likegyldig	-1.5
likegyldighet	-1.5
liker	1.5
likt	1.5
limit	-1.5
limited	-1.5
listig	-1.5
livlig	1.5
livløs	-1.5
logiske	1.5
lojal	1.5
lojalitet	1.5
lose	-1.5
loser	-1.5
loss	-1.5
lost	-1.5
lovbrudd	-1.5
love	1.5
loved	1.5
lovende	1.5
lover	1.5
lovet	1.5
lovlig	1.5
lovløs	-1.5
lovløshet	-1.5
lufte	-1.5
lukket	-1.5
lukrative	1.5
luksuriøse	1.5
luksus	1.5
lukt	-1.5
lukte	-1.5
lukter	-1.5
luktesans	-1.5
luktet	-1.5
lunger	-1.5
lunken	-1.5
lunkent	-1.5
lur	-1.5
lure	-1.5
lurer	1.5
lureri	-1.5
lurt	-1.5
lyder	-1.5
lykke	1.5
lykkebringende	1.5
lykkelig	1.5
lykkes	1.5
lyktes	1.5
lyrisk	1.5
lys	1.5
lyse	1.5
lysekroner	-1.5
lysende	1.5
lysere	1.5
lyseste	1.5
lyssky	-1.5
lystig	1.5
lyve	-1.5
lærd	1.5
løfte	1.5
løgn	-1.5
løgner	-1.5
løslate	1.5
løste	-1.5
mad	-1.5
magi	1.5
magic	1.5
magisk	1.5
majestet	1.5
majestetiske	1.5
makabre	-1.5
maktesløs	-1.5
male	-1.5
malplassert	-1.5
mangel	-1.5
mangelfull	-1.5
mangelfullt	-1.5
mangle	-1.5
mangler	-1.5
manglet	-1.5
mani	-1.5
manipulasjon	-1.5
manipulere	-1.5
manipulerende	-1.5
manisk	-1.5
manøvrerbare	1.5
mar	-1.5
mareritt	-1.5
marginal	-1.5
marginalt	-1.5
marionett	-1.5
massakre	-1.5
massakrer	-1.5
massiv	1.5
master	1.5
materielle	1.5
matt	-1.5
matte	-1.5
medfølelse	1.5
medvirker	-1.5
melankoli	-1.5
meningsfylt	1.5
meningsløs	-1.5
meningsløst	-1.5
merkbar	1.5
merkelig	-1.5
messing	-1.5
mester	1.5
mestere	1.5
mesterlige	1.5
mesterstykke	1.5
mesterverk	1.5
mestre	1.5
mestring	1.5
middelmådig	-1.5
militante	-1.5
mindreverdig	-1.5
minkende	-1.5
minneverdig	1.5
mirakel	1.5
mirakler	1.5
mirakuløse	1.5
mirakuløst	1.5
misbilligelse	-1.5
misbruk	-1.5
misbruke	-1.5
misbrukt	-1.5
misfornøyd	-1.5
misfornøyde	-1.5
misforstå	-1.5
misforståelse	-1.5
misforståelser	-1.5
misforstår	-1.5
misforstått	-1.5
mishandling	-1.5
mishandlingen	-1.5
mislike	-1.5
misliker	-1.5
mislikte	-1.5
mislykkes	-1.5
mislykket	-1.5
mislyktes	-1.5
misnøye	-1.5
miss	-1.5
mist	-1.5
mistanke	-1.5
mistanker	-1.5
miste	-1.5
mistenkelig	-1.5
mistenker	-1.5
mistillit	-1.5
mistro	-1.5
misunnelse	1.5
mobbing	-1.5
moden	1.5
modenhet	1.5
modern	1.5
moderne	1.5
modig	1.5
modige	1.5
monotont	-1.5
monster	-1.5
monumental	1.5
moral	1.5
mord	-1.5
morder	-1.5
moro	1.5
morsomt	1.5
most	-1.5
mot	1.5
motarbeide	-1.5
motbevise	-1.5
motbydelig	-1.5
motet	1.5
motgang	-1.5
motivert	1.5
motsetninger	-1.5
motsette	-1.5
motsi	-1.5
motstand	-1.5
motstander	-1.5
motstandere	-1.5
motstandsbevegelse	-1.5
motstrebende	-1.5
motstridende	-1.5
motstående	-1.5
motvilje	-1.5
motvillig	-1.5
motvillige	-1.5
mulig	1.5
munter	1.5
mus	-1.5
musserende	1.5
myk	1.5
mykere	1.5
myndig	1.5
myr	-1.5
myrde	-1.5
mysterium	-1.5
mystery	-1.5
mystisk	-1.5
myte	-1.5
målrettet	1.5
møkk	-1.5
mørk	-1.5
mørke	-1.5
mørkere	-1.5
nag	-1.5
naiv	-1.5
naive	-1.5
narkomane	-1.5
narr	-1.5
narre	-1.5
nedbrytende	-1.5
nedbrytes	-1.5
nederlag	1.5
nedfall	-1.5
nedgangen	-1.5
nedlagte	-1.5
nedlatende	-1.5
nedoverbakke	-1.5
nedsettende	-1.5
nedslått	-1.5
nedverdigende	-1.5
negativ	-1.5
negative	-1.5
neglisjert	-1.5
nekte	-1.5
nekter	-1.5
nektet	-1.5
nemesis	-1.5
nepotisme	-1.5
neppe	-1.5
nerdete	1.5
nervøs	-1.5
nervøsitet	-1.5
nervøst	-1.5
neve	-1.5
nice	1.5
nidkjær	-1.5
nitid	1.5
noble	1.5
noise	-1.5
nok	1.5
notorisk	-1.5
null	1.5
nummer	-1.5
nydelig	1.5
nyhet	1.5
nyte	1.5
nytelse	1.5
nyter	1.5
nytes	1.5
nytte	1.5
nytteløst	-1.5
nyttig	1.5
nåde	1.5
nådeløs	-1.5
nådeløse	-1.5
nådeløst	-1.5
nådig	1.5
nås	1.5
næring	1.5
nød	-1.5
nødlidende	-1.5
nødsituasjon	-1.5
nølende	-1.5
nøyaktig	1.5
nøysom	1.5
oase	1.5
object	-1.5
objekt	-1.5
objektiv	1.5
offensive	-1.5
offensivt	-1.5
ofret	-1.5
ok	1.5
omdømme	1.5
omfattende	1.5
omfavne	1.5
omgjengelig	1.5
omgående	1.5
omhyggelig	1.5
omkomme	-1.5
omstridt	-1.5
omstrukturert	1.5
omtvistet	-1.5
omveltning	-1.5
ond	-1.5
ondartet	-1.5
onde	-1.5
onder	-1.5
ondsinnet	-1.5
ondskap	-1.5
ondskapsfull	-1.5
ondskapsfullt	-1.5
oppblåst	-1.5
oppbrukt	-1.5
oppdiktet	-1.5
oppfinnsom	1.5
oppfinnsomhet	1.5
oppfinnsomme	1.5
oppfordre	1.5
oppfyllelse	1.5
oppgave	-1.5
oppgi	-1.5
oppgradert	1.5
opphavsmann	-1.5
opphengt	-1.5
oppheve	-1.5
opphisselse	1.5
opphøyelse	1.5
opphøyet	1.5
oppkast	-1.5
opplagt	1.5
opplyse	1.5
opplysende	1.5
opplysning	1.5
oppløftende	1.5
oppløsning	-1.5
oppløst	-1.5
oppmerksom	1.5
oppmerksomme	1.5
oppmuntre	1.5
oppmuntring	1.5
oppnådd	1.5
oppnåelig	1.5
opposisjon	-1.5
opprettholde	1.5
opprettholdt	1.5
oppriktig	1.5
oppriktighet	1.5
opprør	-1.5
opprøret	-1.5
opprørsk	-1.5
opprørt	-1.5
oppsigelser	-1.5
oppstyr	-1.5
oppstyret	-1.5
oppsvulmet	-1.5
opptatt	1.5
optimal	1.5
optimisme	1.5
optimistisk	1.5
orde	1.5
ordentlig	1.5
original	1.5
originalitet	1.5
outsider	-1.5
overbelastet	-1.5
overbevisende	1.5
overdreven	-1.5
overdrevet	-1.5
overdrive	-1.5
overdrivelse	-1.5
overdådig	1.5
overdådige	1.5
overfall	-1.5
overfladisk	-1.5
overflod	1.5
overflødig	-1.5
overflødige	-1.5
overfylt	-1.5
overgi	-1.5
overgrep	-1.5
overgrepene	-1.5
overgå	1.5
overkjørt	-1.5
overlagt	-1.5
overlegen	1.5
overlegenhet	1.5
overlegent	1.5
overlevelse	1.5
overlevende	1.5
overlever	1.5
overmanne	-1.5
overordnet	1.5
overrasket	1.5
overse	-1.5
overskredet	1.5
overskride	1.5
overskygge	-1.5
overstige	1.5
overstiger	1.5
overstrømmende	1.5
oversvømmelse	-1.5
oversvømt	-1.5
overtok	1.5
overtredelse	-1.5
overtredelser	-1.5
overtro	-1.5
overvekt	-1.5
overvektig	-1.5
overveldende	-1.5
overveldet	-1.5
overvinne	1.5
pakt	1.5
pale	-1.5
pan	-1.5
panikk	-1.5
panne	-1.5
panoramautsikt	1.5
paradis	1.5
paradoksale	-1.5
paradoksalt	-1.5
paranoia	-1.5
paranoid	-1.5
parasitt	-1.5
parodi	-1.5
partisan	-1.5
partisaner	-1.5
partisk	-1.5
partiskhet	-1.5
pasient	1.5
pass	-1.5
passe	-1.5
passende	1.5
passiv	-1.5
passive	-1.5
passivitet	-1.5
passé	-1.5
patriot	1.5
patriotisk	1.5
pauser	-1.5
peace	1.5
pen	1.5
pent	1.5
perfeksjon	1.5
perfekt	1.5
perle	1.5
personlig	1.5
pessimisme	-1.5
pessimistisk	-1.5
pest	-1.5
pine	-1.5
pinlig	-1.5
pittoreske	1.5
plage	-1.5
plager	-1.5
plaget	-1.5
plagsom	-1.5
pleie	1.5
plikt	-1.5
plot	-1.5
plutselig	-1.5
plyndre	-1.5
plyndring	-1.5
poetisk	1.5
polarisering	-1.5
polert	1.5
pompøs	-1.5
poor	-1.5
populær	1.5
portable	1.5
pose	-1.5
positive	1.5
positivt	1.5
pot	-1.5
prakt	1.5
praktfull	1.5
praktfulle	1.5
praktfullt	1.5
praktisk	1.5
prangende	1.5
prekær	-1.5
premie	1.5
premier	1.5
presis	1.5
presise	1.5
presist	1.5
presse	-1.5
prestasjon	1.5
prestasjoner	1.5
prestisje	1.5
prestisjetunge	1.5
pride	1.5
primitive	-1.5
primærfaktor	1.5
pris	1.5
priste	1.5
privilegert	1.5
privilegium	1.5
prize	1.5
problem	-1.5
problematisk	-1.5
problemer	-1.5
problemet	-1.5
problems	-1.5
produktiv	1.5
produktive	1.5
produktivt	1.5
profane	-1.5
profittere	1.5
progress	1.5
progressive	1.5
proklamere	1.5
prominent	1.5
propaganda	-1.5
proprietær	-1.5
protection	1.5
protest	-1.5
protester	-1.5
protestere	-1.5
protesterer	-1.5
protesterte	-1.5
provokasjon	-1.5
provosere	-1.5
provoserende	-1.5
prøvelse	-1.5
pulserende	1.5
punk	-1.5
pure	1.5
puss	-1.5
pusterom	1.5
påfører	-1.5
pågripelse	-1.5
påle	-1.5
pålegge	-1.5
pålitelig	1.5
påskudd	-1.5
påstand	-1.5
påstander	-1.5
påtrengende	-1.5
pønk	-1.5
qualified	1.5
radikal	-1.5
radikaler	-1.5
radikalisering	-1.5
radikalt	-1.5
raffinert	1.5
raffinerte	1.5
rail	-1.5
ramlet	-1.5
ramme	-1.5
rammet	-1.5
rane	-1.5
rant	-1.5
rapport	1.5
rar	-1.5
rariteter	-1.5
ras	-1.5
rasende	-1.5
raseri	-1.5
raserianfall	-1.5
rasisme	-1.5
rasister	-1.5
rasistisk	-1.5
rasjonell	1.5
rask	1.5
raskere	1.5
raskeste	1.5
raskt	1.5
rastløs	-1.5
rastløshet	-1.5
ready	1.5
reaksjonær	-1.5
realistisk	1.5
redd	-1.5
rede	1.5
redusert	-1.5
reform	1.5
reformer	1.5
reformert	1.5
refs	-1.5
rein	1.5
reisende	-1.5
rekke	1.5
rekkverk	-1.5
rekyl	-1.5
reliable	1.5
relief	1.5
relieff	1.5
ren	1.5
renere	1.5
renessanse	1.5
reneste	1.5
rengjøre	1.5
renne	-1.5
renning	-1.5
rense	1.5
rent	1.5
repeterende	-1.5
reprimande	-1.5
resesjon	-1.5
resistans	-1.5
resolutt	1.5
respekt	1.5
respektabel	1.5
restriktiv	-1.5
restrukturering	1.5
retorikk	-1.5
retorisk	-1.5
rett	1.5
rette	1.5
rettferdig	1.5
rettferdige	1.5
rettferdighet	1.5
rettighet	1.5
retting	1.5
rettmessig	1.5
rettmessige	1.5
revitalisere	1.5
revolusjonere	1.5
revolusjonerte	1.5
revolusjonær	1.5
rift	-1.5
rifter	-1.5
right	1.5
rigid	-1.5
rik	1.5
rikdom	1.5
rikelig	1.5
rikere	1.5
rikt	1.5
riktig	1.5
rim	-1.5
rimelig	1.5
rip	-1.5
riper	-1.5
risikabelt	-1.5
risiko	-1.5
rist	-1.5
riste	-1.5
rival	-1.5
rivalisering	-1.5
rive	-1.5
ro	1.5
robust	1.5
roe	1.5
rolig	1.5
roligere	1.5
romantisk	1.5
rommelig	1.5
romslig	1.5
ros	1.5
rot	-1.5
rotete	-1.5
rov	-1.5
rue	-1.5
ruge	-1.5
ruin	-1.5
ruiner	-1.5
rusen	1.5
rust	-1.5
ruste	-1.5
rustfritt	1.5
ryddet	1.5
ryddig	1.5
ryggrad	1.5
ryggraden	1.5
ryke	-1.5
ryktene	-1.5
rykter	-1.5
rynker	-1.5
rynkete	-1.5
rype	-1.5
rå	-1.5
råd	1.5
råolje	-1.5
råtne	-1.5
råtten	-1.5
røkelse	-1.5
rørende	-1.5
røyk	-1.5
røyke	-1.5
sabotere	-1.5
sad	-1.5
safe	1.5
sag	-1.5
saksøke	-1.5
saksøkt	-1.5
sakte	-1.5
salutt	1.5
samarbeidsvillig	1.5
sammenbrudd	-1.5
sammenhengende	1.5
sammenstøt	-1.5
samvittighetsfull	1.5
sankt	1.5
sannferdig	1.5
sarkasme	-1.5
sarkastisk	-1.5
satirisk	-1.5
savner	-1.5
savnet	-1.5
scenisk	1.5
seier	1.5
seierrik	1.5
sekk	-1.5
seksuell	1.5
selektiv	1.5
selskap	-1.5
selvbevissthet	1.5
selvmord	-1.5
selvmotsigende	-1.5
senil	-1.5
senit	1.5
senke	-1.5
senket	-1.5
senkingen	-1.5
sensasjon	1.5
sensitive	1.5
seriøsitet	-1.5
sevje	-1.5
sexy	1.5
signere	1.5
significant	1.5
sikker	1.5
sikkert	1.5
sikre	1.5
sikring	-1.5
simulere	-1.5
sin	-1.5
sink	-1.5
sinne	-1.5
sinnssykdom	-1.5
sint	-1.5
sitron	-1.5
situasjon	-1.5
sjalu	-1.5
sjalusi	-1.5
sjarm	1.5
sjarmerende	1.5
sjenert	-1.5
sjenerøs	1.5
sjokk	-1.5
sjokkerende	-1.5
sjokkert	-1.5
sjukdom	-1.5
skade	-1.5
skadelig	-1.5
skadelige	-1.5
skader	-1.5
skadet	-1.5
skaffe	1.5
skam	-1.5
skammelig	-1.5
skandale	-1.5
skandaler	-1.5
skape	-1.5
skapende	1.5
skarp	1.5
skarpere	1.5
skarpeste	1.5
skatt	1.5
skatten	1.5
skeiv	-1.5
skepsis	-1.5
skeptiker	-1.5
skeptisk	-1.5
skikkelig	1.5
skillet	1.5
skinnende	1.5
skitt	-1.5
skitten	-1.5
skjebne	1.5
skjebnesvanger	-1.5
skjebnesvangert	-1.5
skjeletter	-1.5
skjellsord	-1.5
skjemmende	-1.5
skjevhet	-1.5
skjevheter	-1.5
skjult	-1.5
skjønnhet	1.5
skjøre	-1.5
skrantende	-1.5
skrap	-1.5
skrape	-1.5
skred	-1.5
skrekk	-1.5
skrekkelig	-1.5
skremme	-1.5
skremmende	-1.5
skremt	-1.5
skrik	-1.5
skrike	-1.5
skrus	-1.5
skrå	-1.5
skrøpelig	-1.5
skuffelse	-1.5
skuffelser	-1.5
skuffende	-1.5
skuffet	-1.5
skummel	-1.5
skurker	-1.5
skyld	-1.5
skyldfølelse	-1.5
skyldig	-1.5
skyteskår	-1.5
sladder	-1.5
slakk	-1.5
slakte	-1.5
slakter	-1.5
slaktet	-1.5
slakting	-1.5
slank	1.5
slap	-1.5
slapp	-1.5
slappe	-1.5
slave	-1.5
slaver	-1.5
slem	-1.5
slet	-1.5
slette	-1.5
slim	-1.5
slipe	-1.5
slit	-1.5
slite	-1.5
sliter	-1.5
slitne	-1.5
slitsom	-1.5
slitsomt	-1.5
slitt	-1.5
slow	-1.5
slu	-1.5
sluker	-1.5
slukke	-1.5
slut	-1.5
slående	1.5
slåss	-1.5
sløsing	-1.5
sløv	-1.5
smakstilsetning	1.5
smalere	-1.5
smart	1.5
smartere	1.5
smell	-1.5
smerte	-1.5
smertefullt	-1.5
smertelig	-1.5
smerter	-1.5
smidd	-1.5
smidig	1.5
smidighet	1.5
smil	1.5
smile	1.5
smilende	1.5
smiler	1.5
smitten	1.5
smittsom	-1.5
smug	-1.5
smuldre	-1.5
smuss	-1.5
smøre	-1.5
snaut	-1.5
snike	-1.5
snill	1.5
snubler	-1.5
snublet	-1.5
snøras	-1.5
snøskred	-1.5
sofistikerte	1.5
soft	1.5
sokkel	-1.5
solid	1.5
solidaritet	1.5
soloppgang	1.5
som	1.5
sorg	-1.5
spade	-1.5
spar	-1.5
sparken	-1.5
sparsommelig	1.5
sparsommelige	-1.5
spektakulære	1.5
spektakulært	1.5
spenne	-1.5
spennende	1.5
spenning	1.5
spenningen	1.5
spenst	1.5
spenstig	1.5
spesielt	1.5
spilling	-1.5
spinkel	-1.5
spiritual	1.5
spiss	1.5
spissmus	-1.5
splid	-1.5
split	-1.5
splitte	-1.5
splittelse	-1.5
spontan	1.5
sporadisk	-1.5
spottet	-1.5
sprekke	-1.5
sprekker	-1.5
sprenge	-1.5
sprengt	-1.5
sprukket	-1.5
sprø	-1.5
spy	-1.5
spyr	-1.5
spøk	-1.5
spør	1.5
squash	-1.5
sta	-1.5
stab	-1.5
stabil	1.5
stabilisere	1.5
stabilitet	1.5
stable	1.5
stadfester	1.5
stagnasjon	-1.5
stahet	-1.5
stakk	-1.5
stakkars	-1.5
staller	-1.5
stamme	-1.5
stamming	-1.5
stand	1.5
standhaftig	1.5
staselige	1.5
statiske	-1.5
staur	-1.5
steinete	-1.5
stekt	-1.5
stele	-1.5
stempel	-1.5
stereotype	-1.5
stereotypisk	-1.5
sterk	1.5
sterkere	1.5
sterkest	1.5
stigma	-1.5
stikk	-1.5
stikke	-1.5
stilisert	1.5
stille	1.5
stillestående	-1.5
stillhet	1.5
stillstand	-1.5
stimulere	1.5
stimulerende	1.5
stimulerer	1.5
sting	-1.5
stinkende	-1.5
stiv	-1.5
stivhet	-1.5
stjal	-1.5
stjele	-1.5
stjeler	-1.5
stjålet	-1.5
stole	-1.5
stolen	-1.5
stolpe	-1.5
stolt	1.5
stolthet	1.5
stor	1.5
storartet	1.5
storhet	1.5
stormangrep	-1.5
stormende	-1.5
storslagen	1.5
stort	-1.5
straff	-1.5
straffe	-1.5
straffes	-1.5
straffespark	-1.5
stram	-1.5
streik	-1.5
streng	-1.5
strengt	-1.5
stress	-1.5
stressende	-1.5
stresset	-1.5
stri	-1.5
strid	-1.5
stridigheter	-1.5
stridsvogn	-1.5
strike	-1.5
strong	1.5
stryke	-1.5
strålende	1.5
strøm	-1.5
strømlinjeformet	1.5
stubber	-1.5
stum	1.5
stump	-1.5
stunt	-1.5
stygg	-1.5
styggeste	-1.5
stykker	-1.5
styre	1.5
styrke	1.5
stødig	1.5
størst	1.5
støte	-1.5
støtende	-1.5
støtte	1.5
støttende	1.5
støtter	1.5
støv	-1.5
støvete	-1.5
støy	-1.5
støyende	-1.5
sublime	1.5
subsidiert	1.5
success	1.5
sugd	-1.5
suge	-1.5
suksess	1.5
suksesser	1.5
suksessrik	1.5
sult	-1.5
sulte	-1.5
sunn	1.5
sunt	1.5
super	1.5
superior	1.5
suppleres	1.5
support	1.5
supporter	1.5
sur	-1.5
surrealistisk	1.5
sus	1.5
suveren	1.5
svakere	-1.5
svakhet	-1.5
svakheter	-1.5
svarer	-1.5
svekke	-1.5
svekkelse	-1.5
svekket	-1.5
sverte	-1.5
svik	-1.5
svikt	-1.5
svikte	-1.5
sviktende	-1.5
svin	-1.5
svindel	-1.5
svøpe	-1.5
sweet	1.5
syk	-1.5
sykdom	-1.5
syke	-1.5
sykelig	-1.5
syltetøy	-1.5
sympatisk	1.5
symptom	-1.5
symptomer	-1.5
synd	-1.5
syndebukk	-1.5
syndig	-1.5
syndrom	-1.5
synke	-1.5
synlig	1.5
sår	-1.5
sårbare	-1.5
såre	-1.5
sårer	-1.5
sårt	-1.5
sær	-1.5
søle	-1.5
søppel	-1.5
sørge	-1.5
sørgelig	-1.5
sørgende	-1.5
søt	1.5
søtlig	1.5
søtt	1.5
tabbe	-1.5
tabber	-1.5
tabu	-1.5
taggete	-1.5
takk	1.5
takke	1.5
takknemlig	1.5
takknemlighet	1.5
talent	1.5
talenter	1.5
talentfull	1.5
talsmann	1.5
talsmenn	1.5
tank	-1.5
tankefeil	-1.5
tanks	-1.5
tap	-1.5
taper	-1.5
tapere	-1.5
taperen	-1.5
tapperhet	1.5
tappert	1.5
tapre	1.5
tapt	-1.5
temperament	-1.5
terning	-1.5
terror	-1.5
terrorisere	-1.5
terrorisme	-1.5
tett	-1.5
tette	-1.5
thrash	-1.5
tigge	-1.5
tigger	-1.5
tilbake	-1.5
tilbakefall	-1.5
tilbakeholdne	-1.5
tilbakekalle	-1.5
tilbakeslag	-1.5
tilbakestående	-1.5
tilbakevise	-1.5
tilbakeviser	-1.5
tilbakevist	-1.5
tilbøyelig	1.5
tildelt	1.5
tilfredshet	1.5
tilfredsstille	1.5
tilfredsstillende	1.5
tilfredsstiller	1.5
tilgivelse	1.5
tilgjengelig	1.5
tilgjengelige	1.5
tilintetgjøre	-1.5
tillatte	1.5
tillit	1.5
tilpasningsdyktig	1.5
tilregnelig	1.5
tilskyndelse	-1.5
tilstrekkelig	1.5
tilstå	-1.5
tilståelse	-1.5
tilståelser	-1.5
tiltalende	1.5
tiltrekkende	1.5
tiltrekning	1.5
ting	-1.5
tispe	-1.5
toll	-1.5
tomgang	-1.5
tomhet	-1.5
tomten	-1.5
top	1.5
topp	1.5
topper	1.5
tortur	-1.5
torturere	-1.5
torturert	-1.5
totalitære	-1.5
tragedie	-1.5
tragisk	-1.5
trakassering	-1.5
trakassert	-1.5
trangt	-1.5
transparent	1.5
trap	-1.5
trass	-1.5
traumatisk	-1.5
traumer	-1.5
tregere	-1.5
trekant	-1.5
trekke	-1.5
trekkraft	1.5
trell	-1.5
trendy	1.5
trenge	-1.5
trengende	-1.5
trengsel	-1.5
tretthet	-1.5
trick	-1.5
trikk	-1.5
triks	-1.5
trist	-1.5
tristhet	-1.5
triumf	1.5
triumferende	1.5
triumftog	1.5
trives	1.5
triviell	-1.5
tro	1.5
troende	1.5
trofast	1.5
trofasthet	1.5
trompet	1.5
trompetist	1.5
tronraner	-1.5
tross	-1.5
trosse	-1.5
troverdig	1.5
troverdighet	1.5
tru	1.5
true	-1.5
truende	-1.5
trumf	1.5
trusler	-1.5
trussel	-1.5
trust	1.5
trygg	1.5
trygt	1.5
trøbbel	-1.5
trøst	1.5
trøtt	-1.5
tull	-1.5
tullete	-1.5
tungt	1.5
tungvint	-1.5
turbulent	-1.5
tvang	-1.5
tvangstanker	1.5
tvetydig	-1.5
tvetydighet	-1.5
tvil	-1.5
tvilende	-1.5
tviler	-1.5
tvilsom	-1.5
tvilsomme	-1.5
tvilsomt	-1.5
tvinge	-1.5
tvist	-1.5
tykkere	-1.5
tynnere	1.5
tyrann	-1.5
tyranni	-1.5
tyrannisk	-1.5
tåke	-1.5
tåkete	-1.5
tåle	1.5
tålmodig	1.5
tålmodighet	1.5
tåpelig	-1.5
tøff	1.5
tøffere	1.5
tøffeste	1.5
tømme	1.5
tørke	-1.5
tørkes	-1.5
tørst	-1.5
tørste	-1.5
uakseptabel	-1.5
uakseptabelt	-1.5
uakseptable	-1.5
uaktsomhet	-1.5
uanstendig	-1.5
uansvarlig	-1.5
ubalanse	-1.5
ubarmhjertig	-1.5
ubegrenset	1.5
ubegrunnet	-1.5
ubehag	-1.5
ubehagelig	-1.5
ubekreftet	-1.5
ubemerket	-1.5
ubemidlede	-1.5
uberegnelig	-1.5
uberettiget	-1.5
ubestemt	-1.5
ubestridte	1.5
ubetinget	1.5
ubetydelig	-1.5
ubrukelig	-1.5
ubundet	1.5
udefinert	-1.5
udiskutable	1.5
udokumentert	-1.5
udugelig	-1.5
udugelighet	-1.5
uegnet	-1.5
uekte	-1.5
uenig	-1.5
uenige	-1.5
uenighet	-1.5
uerfaren	-1.5
uetisk	-1.5
ufaglærte	-1.5
ufarlig	1.5
ufarlige	1.5
ufeilbarlighet	1.5
uferdige	-1.5
uforbeholden	1.5
uforberedt	-1.5
ufordelaktig	-1.5
uforenlig	-1.5
uforglemmelig	1.5
uforholdsmessig	-1.5
uforklarlig	-1.5
uforsiktig	-1.5
uforsonlig	-1.5
uforsonlige	-1.5
uforståelig	-1.5
uforståelige	-1.5
uforsvarlig	-1.5
uforutsigbar	-1.5
uforutsigbare	-1.5
ufrivillig	-1.5
ufruktbar	-1.5
ufullstendig	-1.5
uføre	-1.5
ugjestmilde	-1.5
ugjort	-1.5
ugress	-1.5
ugunstig	-1.5
ugyldig	-1.5
uheldig	-1.5
uheldige	-1.5
uhell	-1.5
uhemmet	1.5
uhensiktsmessig	-1.5
uholdbar	-1.5
uhyggelig	-1.5
uhåndterlig	-1.5
uhørt	-1.5
uimotståelig	1.5
uinteressert	-1.5
ujevn	-1.5
ukjent	-1.5
uklar	-1.5
uklarhet	-1.5
uklarheter	-1.5
uklart	-1.5
uklokt	-1.5
ukomplisert	1.5
ukontrollert	-1.5
ukritisk	-1.5
ulempe	-1.5
ulempen	-1.5
ulemper	-1.5
uleselig	-1.5
ulik	-1.5
ulikhet	-1.5
ulikheter	-1.5
ulogisk	-1.5
ulovlig	-1.5
ultimatum	-1.5
ulydig	-1.5
ulydighet	-1.5
ulykke	-1.5
ulykkelig	-1.5
ulykker	-1.5
ulønnsom	-1.5
uløselig	-1.5
uløst	-1.5
umenneskelig	-1.5
umiddelbart	1.5
umoden	-1.5
umoral	-1.5
umoralsk	-1.5
umulig	-1.5
unaturlig	-1.5
undefined	-1.5
under	1.5
underdanig	-1.5
underdanige	-1.5
undergang	-1.5
undergravd	-1.5
undergrave	-1.5
underholde	1.5
underholdende	1.5
underholder	1.5
underkastelse	-1.5
underlegenhet	-1.5
underlegge	-1.5
underordne	-1.5
underslag	-1.5
understreker	-1.5
undertrykke	-1.5
undertrykkelse	-1.5
undertrykkelsen	-1.5
undertrykkende	-1.5
underverk	1.5
underverker	1.5
undres	1.5
unexpected	-1.5
ungdommelig	1.5
unndra	-1.5
unngå	-1.5
unnskylde	-1.5
unnskyldning	-1.5
unnskyldninger	-1.5
unnvikende	-1.5
unormal	-1.5
unyttig	-1.5
unødvendig	-1.5
unødvendige	-1.5
unøyaktig	-1.5
unøyaktighet	-1.5
unøyaktigheter	-1.5
uorden	-1.5
uorganisert	-1.5
uortodoks	-1.5
uortodokse	-1.5
uovertruffen	1.5
uovervinnelig	1.5
upartisk	1.5
upassende	-1.5
upersonlig	-1.5
upopulær	-1.5
upraktisk	-1.5
upresise	-1.5
upålitelig	-1.5
upålitelige	-1.5
upåvirket	1.5
urealistisk	-1.5
uregelmessig	-1.5
uren	-1.5
urent	-1.5
urettferdig	-1.5
urettferdighet	-1.5
urettmessig	-1.5
uriktig	-1.5
urimelig	-1.5
uro	-1.5
urolig	-1.5
urovekkende	-1.5
urørlig	-1.5
urørt	-1.5
usammenhengende	-1.5
usann	-1.5
usanne	-1.5
usannsynlig	-1.5
usedvanlig	1.5
useriøse	-1.5
usikker	-1.5
usikre	-1.5
uskadet	1.5
uskikket	-1.5
uslåelig	1.5
uspesifisert	-1.5
ustabil	-1.5
ustabilitet	-1.5
ustanselig	-1.5
ustoppelig	-1.5
usunt	-1.5
usurp	-1.5
usynlig	-1.5
utarmet	-1.5
utbedre	1.5
utbrudd	-1.5
utbytte	1.5
utdannet	1.5
utdatert	-1.5
utelate	-1.5
uten	1.5
utenforliggende	-1.5
utenkelig	-1.5
utestående	1.5
utfordrende	-1.5
utfordring	-1.5
utfylle	1.5
utfyller	1.5
utholdenhet	1.5
utilbørlig	-1.5
utilfreds	-1.5
utilfredshet	-1.5
utilfredsstillende	-1.5
utilgjengelig	-1.5
utilsiktet	-1.5
utilstrekkelig	-1.5
utkonkurrere	1.5
utkonkurrerte	1.5
utløper	-1.5
utløpt	-1.5
utmanøvrere	-1.5
utmattelse	-1.5
utmattet	-1.5
utmerkelse	1.5
utmerkelser	1.5
utmerker	1.5
utmerket	1.5
utnytting	-1.5
utpressing	-1.5
utrette	1.5
utro	-1.5
utrydde	-1.5
utryddelse	-1.5
utsatt	-1.5
utskeielser	-1.5
utskiftbare	1.5
utslett	-1.5
utslette	-1.5
utslettelse	-1.5
utslettet	-1.5
utslitt	-1.5
utstråling	1.5
utstående	1.5
utstøtt	-1.5
utsvevende	-1.5
utsøkt	1.5
utsøkte	1.5
utuktig	-1.5
utvetydig	1.5
utvilsomt	1.5
utvinning	1.5
utvise	-1.5
utvisket	-1.5
utålmodig	-1.5
uunngåelig	-1.5
uutholdelig	-1.5
uvanlig	-1.5
uvant	-1.5
uvenn	-1.5
uventet	-1.5
uverdig	-1.5
uvesentlig	-1.5
uviktig	-1.5
uvilje	-1.5
uvillig	-1.5
uvitende	-1.5
uvitenhet	-1.5
uvurderlig	1.5
uvær	-1.5
uærlig	-1.5
uønsket	-1.5
vag	-1.5
vakker	1.5
vakkert	1.5
vaklet	-1.5
vanity	-1.5
vanlig	-1.5
vanry	-1.5
vanskelig	-1.5
vanskeliggjøre	-1.5
vanskelighet	-1.5
vanskeligheter	-1.5
vanskelighetsgrad	-1.5
vanskeligstilte	-1.5
vanstyre	-1.5
vant	-1.5
vantro	-1.5
vanvidd	-1.5
vanvittig	-1.5
vanvittige	-1.5
vanære	-1.5
vanærende	-1.5
vanæret	-1.5
variasjon	1.5
varm	1.5
varme	1.5
varmere	1.5
varmt	1.5
vask	-1.5
ve	-1.5
veiledning	1.5
vekkelse	1.5
vel	1.5
veldedig	1.5
velegnet	1.5
velgjører	1.5
velkommen	1.5
vellykket	1.5
velsigne	1.5
velsignelse	1.5
velstand	1.5
velstående	1.5
veltalende	1.5
veltalenhet	1.5
velte	-1.5
velvilje	1.5
velvillig	1.5
velvære	1.5
vennlig	1.5
vennlighet	1.5
vennskapskamp	1.5
vent	-1.5
verdifull	1.5
verdifulle	1.5
verdig	1.5
verdighet	1.5
verdiløs	-1.5
verdiløse	-1.5
verdsatt	1.5
verdsatte	1.5
verdsette	1.5
verdslig	-1.5
verdt	1.5
verk	1.5
verne	1.5
verre	-1.5
verste	-1.5
vibrasjon	-1.5
vibrere	-1.5
vibrerende	-1.5
vice	-1.5
vidunderbarn	1.5
vidunderlig	1.5
viktig	1.5
vilje	1.5
vilkårlig	-1.5
vill	-1.5
villede	-1.5
villedende	-1.5
villig	1.5
villmann	-1.5
villskap	-1.5
vilt	-1.5
vinne	1.5
vinner	1.5
vinnere	1.5
vinneren	1.5
virke	1.5
virksom	1.5
virus	-1.5
vis	1.5
visdom	1.5
visjonær	1.5
visne	-1.5
vits	-1.5
vittig	1.5
voldelig	-1.5
voldshandlinger	-1.5
voldsom	-1.5
voldsomt	-1.5
voldta	-1.5
voldtatt	-1.5
voldtekt	-1.5
vond	-1.5
vondt	-1.5
vrak	-1.5
vraket	-1.5
vrangforestilling	-1.5
vrangforestillinger	-1.5
vrede	-1.5
vridd	-1.5
vulgær	-1.5
warning	-1.5
well	1.5
wild	-1.5
won	1.5
woo	1.5
work	1.5
works	1.5
worth	1.5
wrong	-1.5
ydmykelse	-1.5
ydmykende	-1.5
ydmykhet	1.5
ynkelig	-1.5
ypperlig	1.5
zombie	-1.5
Åpenbaring	1.5
åndelige	1.5
åpen	1.5
åpenbar	1.5
åpenbaring	1.5
åpenhet	1.5
ærbødighet	1.5
ære	1.5
ærekrenkelse	-1.5
ærekrenkelser	-1.5
ærlig	1.5
ærlighet	1.5
ærverdig	1.5
øde	-1.5
ødelagt	-1.5
ødelegge	-1.5
ødeleggelse	-1.5
ødeleggelsene	-1.5
ødeleggende	-1.5
ødelegger	-1.5
øke	1.5
økonomisk	1.5
øks	-1.5
ømhet	-1.5
ønskelig	1.5
ønsker	1.5
ørken	-1.5
ørkenen	-1.5
