Cieszy	1.5
Funky	-1.5
Hype	-1.5
Najprostszym	1.5
Odwilż	-1.5
Pan	-1.5
Potop	-1.5
SAP	-1.5
Stracili	-1.5
Wakacje	-1.5
Włóki	-1.5
absurd	-1.5
absurdalnie	-1.5
absurdalność	-1.5
absurdalny	-1.5
adekwatny	1.5
advanced	1.5
adwokat	1.5
afraid	-1.5
agility	1.5
agresja	-1.5
agresywnie	-1.5
agresywność	-1.5
agresywny	-1.5
akcent	-1.5
aktualny	1.5
alarm	-1.5
alergie	-1.5
ambitny	1.5
ambiwalentny	-1.5
amortyzator	-1.5
anarchia	-1.5
anarchista	-1.5
anarchizm	-1.5
angażowanie	1.5
anielski	1.5
anioł	1.5
anomalia	-1.5
antagonista	-1.5
antagonizm	-1.5
anulować	-1.5
apatia	-1.5
apel	1.5
apelacja	1.5
apodyktyczny	-1.5
apogeum	1.5
apologeta	-1.5
arbitralny	-1.5
archaiczny	-1.5
arcydzieła	1.5
arcydzieło	1.5
arogancja	-1.5
arogancki	-1.5
aspiracje	1.5
atak	-1.5
ataki	-1.5
atakować	-1.5
atrakcja	1.5
atrakcyjny	1.5
attack	-1.5
atu	1.5
atut	1.5
autentyczny	1.5
autonomiczny	1.5
available	1.5
avid	1.5
awansować	1.5
award	1.5
awaria	-1.5
awarie	-1.5
ax	-1.5
bad	-1.5
banalny	-1.5
bandyta	-1.5
bani	-1.5
banita	-1.5
barbarzyńca	-1.5
barbarzyński	-1.5
bardzo	1.5
bash	-1.5
bat	-1.5
bawi	1.5
bawić	1.5
bałagan	-1.5
beautiful	1.5
beauty	1.5
best	1.5
bestia	-1.5
bestialski	-1.5
better	1.5
bezbarwny	-1.5
bezbłędnie	1.5
bezcenny	1.5
bezczelny	-1.5
bezczynność	-1.5
bezdomny	-1.5
bezkarność	-1.5
bezkompromisowy	-1.5
bezkonkurencyjny	1.5
bezlitosny	-1.5
beznadziejnie	-1.5
beznadziejność	-1.5
beznadziejny	-1.5
bezpieczna	1.5
bezpiecznie	1.5
bezpieczny	1.5
bezpośredni	1.5
bezprawie	-1.5
bezprawny	-1.5
bezprzedmiotowe	-1.5
bezpłatnie	1.5
bezpłatny	1.5
bezradność	-1.5
bezradny	-1.5
bezrobotni	-1.5
bezrobotny	-1.5
bezsensowny	-1.5
bezsilność	-1.5
bezsilny	-1.5
bezskutecznie	-1.5
bezsprzecznie	1.5
bezstronność	1.5
bezstronny	1.5
beztroski	1.5
bezużyteczny	-1.5
bezwarunkowy	1.5
bezwzględnie	-1.5
bezwzględność	-1.5
bezwzględny	-1.5
bezzasadnie	-1.5
bełkot	-1.5
bias	-1.5
bicie	-1.5
bieda	-1.5
biedny	-1.5
biegły	1.5
bitwa	-1.5
biust	-1.5
bić	-1.5
blady	-1.5
blask	1.5
blizna	-1.5
blizny	-1.5
blokad	-1.5
blokować	-1.5
bluźnierstwo	-1.5
bogactwo	1.5
bogato	1.5
bogatszy	1.5
bogaty	1.5
bohater	1.5
bohaterka	1.5
bohaterski	1.5
bohatersko	1.5
bojkot	-1.5
bolesny	-1.5
boleśnie	-1.5
boli	-1.5
bom	1.5
bomb	-1.5
bomba	-1.5
bombardowanie	-1.5
bombardować	-1.5
bonus	1.5
boom	1.5
boost	1.5
boski	1.5
bosko	1.5
brak	-1.5
braki	-1.5
brakowało	-1.5
brat	-1.5
braterski	1.5
break	-1.5
breaking	-1.5
bright	1.5
broken	-1.5
brud	-1.5
brudnopis	-1.5
brudny	-1.5
brutal	-1.5
brutalnie	-1.5
brutalność	-1.5
brutalny	-1.5
brute	-1.5
brutto	-1.5
bryła	1.5
brzoskwinia	1.5
brzuch	-1.5
brzydki	-1.5
bug	-1.5
buggy	-1.5
bujny	1.5
bunt	-1.5
buntować	-1.5
buntowniczy	-1.5
burning	-1.5
burza	-1.5
burzliwy	-1.5
burzowy	-1.5
bydło	1.5
byk	-1.5
bystry	1.5
bzdura	-1.5
bzdury	-1.5
bój	-1.5
bójka	-1.5
ból	-1.5
bóle	-1.5
bąbel	-1.5
błagać	-1.5
błogosławieństwo	1.5
błotnisty	-1.5
błoto	-1.5
błysk	-1.5
błyskotliwy	1.5
błyszczeć	1.5
błyszczący	1.5
błąd	-1.5
błędami	-1.5
błędne	-1.5
błędnie	-1.5
błędny	-1.5
błędy	-1.5
cancer	-1.5
capability	1.5
całka	1.5
całkiem	-1.5
całkowicie	-1.5
całun	-1.5
cechy	1.5
cechą	1.5
celował	1.5
celowy	1.5
cenny	1.5
cenzura	-1.5
champion	1.5
chaos	-1.5
chaotycznie	-1.5
chaotyczny	-1.5
charakter	1.5
charakterystyczny	1.5
charytatywny	1.5
charyzma	1.5
charyzmatyczny	1.5
chciwość	-1.5
chciwy	-1.5
chill	-1.5
chmura	-1.5
cholera	-1.5
cholery	-1.5
chore	-1.5
choroba	-1.5
chorowity	-1.5
chory	-1.5
chowany	1.5
chronic	-1.5
chroniczny	-1.5
chronić	1.5
chude	-1.5
chudy	-1.5
chwalić	1.5
chwaląc	1.5
chwast	-1.5
chwała	1.5
chwiejny	-1.5
chętnie	1.5
chętny	1.5
chłonny	1.5
chłód	-1.5
ciasne	-1.5
cichy	1.5
ciekawy	1.5
ciemniejszy	-1.5
ciemność	-1.5
ciemny	-1.5
ciepło	1.5
ciepły	1.5
cierpi	-1.5
cierpienie	-1.5
cierpieć	-1.5
cierpiący	-1.5
cierpki	-1.5
cierpliwie	1.5
cierpliwość	1.5
cierpliwy	1.5
cieszy	1.5
cieszyć	1.5
cietrzew	-1.5
cień	-1.5
cios	-1.5
ciągnąć	-1.5
ciągłość	1.5
cięcie	-1.5
cięty	1.5
ciężar	-1.5
ciężki	-1.5
ciężko	-1.5
classic	1.5
clean	1.5
clear	1.5
clearly	1.5
cloud	-1.5
cnota	1.5
cofać	-1.5
cofnąć	-1.5
cold	-1.5
collapse	-1.5
compact	1.5
complex	-1.5
concern	-1.5
concerns	-1.5
conflict	-1.5
cons	-1.5
contribution	1.5
cool	1.5
correct	1.5
crack	-1.5
crash	-1.5
creative	1.5
crime	-1.5
crisis	-1.5
critical	-1.5
criticized	-1.5
critics	-1.5
cry	-1.5
cuchnący	-1.5
cud	1.5
cuda	1.5
cudownie	1.5
cudowny	1.5
cudzoziemiec	-1.5
cygaro	-1.5
cyniczny	-1.5
cynizm	-1.5
cynk	1.5
cytrynowy	-1.5
czas	-1.5
czcić	1.5
cześć	1.5
czołg	-1.5
czołgowy	-1.5
czołowy	1.5
czucie	1.5
czujność	1.5
czujny	1.5
czule	1.5
czułość	-1.5
czuły	1.5
czysto	1.5
czystość	1.5
czysty	1.5
czytelny	1.5
czyści	1.5
czyścić	1.5
cóż	1.5
damage	-1.5
dark	-1.5
darmowy	1.5
dawn	1.5
dać	1.5
dead	-1.5
death	-1.5
decydujący	1.5
dedykowane	1.5
defekt	-1.5
deficiency	-1.5
defraudację	-1.5
degradacja	-1.5
dekoracja	1.5
delay	-1.5
delikatność	1.5
delikatny	1.5
delirium	-1.5
demon	-1.5
demoniczny	-1.5
demonstracyjnie	-1.5
denerwuje	-1.5
depresja	-1.5
depresje	-1.5
desert	-1.5
despota	-1.5
despotyczny	-1.5
despotyzm	-1.5
destroy	-1.5
destrukcyjny	-1.5
dewastacja	-1.5
dezercja	-1.5
diabeł	-1.5
diament	-1.5
diametralnie	-1.5
die	-1.5
died	-1.5
dies	-1.5
difficult	-1.5
dim	-1.5
din	-1.5
disabled	-1.5
disorder	-1.5
diss	-1.5
dobro	1.5
dobrobyt	1.5
dobroczynny	1.5
dobroczyńca	1.5
dobroć	1.5
dobry	1.5
dobrze	1.5
docenia	1.5
doceniać	1.5
docenione	1.5
dochodowy	1.5
dociska	-1.5
dodatni	1.5
dogmatyczny	-1.5
dogodny	1.5
dojrzałość	1.5
dojrzały	1.5
dojrzeć	1.5
dokonania	1.5
dokonanie	1.5
dokonany	1.5
dokonać	1.5
dokonywać	1.5
dokładnie	1.5
dokładny	1.5
dola	1.5
dolegliwość	-1.5
dominować	1.5
dominuje	1.5
domniemanie	-1.5
donżon	-1.5
doom	-1.5
doprowadzać	1.5
doprowadziło	1.5
dopuszczalny	1.5
dopływ	1.5
doskonale	1.5
doskonalić	1.5
doskonałość	1.5
doskonały	1.5
dostateczny	1.5
dostatek	1.5
dostojeństwo	1.5
dostojny	1.5
dostępny	1.5
dotknięty	-1.5
dotowane	1.5
dotyczy	-1.5
dotyczyć	-1.5
dowcip	-1.5
dowcipny	1.5
downhill	-1.5
dowodzić	1.5
doświadczenie	-1.5
dość	1.5
drag	-1.5
dragon	-1.5
drakońskie	-1.5
drapieżny	-1.5
drastycznie	-1.5
drastyczny	-1.5
drażniący	-1.5
drażnić	-1.5
drenaż	-1.5
drganie	-1.5
drobiazgowo	1.5
drobiazgowy	1.5
drobniejsze	1.5
drobno	1.5
drogocenny	1.5
drążyć	-1.5
dręczony	-1.5
dręczyć	-1.5
duchowny	1.5
duchowy	1.5
dud	-1.5
duma	1.5
dumny	1.5
dusić	-1.5
duży	1.5
dworski	1.5
dwuznaczność	-1.5
dwuznaczny	-1.5
dyktator	-1.5
dyktatorski	-1.5
dylemat	-1.5
dym	-1.5
dymy	-1.5
dynamic	1.5
dynamiczny	1.5
dynia	-1.5
dyplomatyczny	1.5
dyskretny	-1.5
dyskryminacja	-1.5
dyskusyjny	-1.5
dysonans	-1.5
dysydenci	-1.5
dysydent	-1.5
działa	1.5
działać	1.5
działka	-1.5
dziecinny	-1.5
dziecięcy	-1.5
dzielić	-1.5
dzielnie	1.5
dzielność	1.5
dzielny	1.5
dzielący	-1.5
dziewiczy	1.5
dzieło	1.5
dziki	-1.5
dziobowy	1.5
dziwactwa	-1.5
dziwaczny	-1.5
dziwnie	-1.5
dziwny	-1.5
dziękczynienie	1.5
dziękować	1.5
dążenie	1.5
dławik	-1.5
dług	-1.5
długi	-1.5
dłuższy	-1.5
dżem	-1.5
dżuma	-1.5
easy	1.5
efektywny	1.5
effective	1.5
egoizm	-1.5
ekonomiczny	1.5
ekscentryczna	-1.5
ekscentryczne	-1.5
ekscentryczność	-1.5
ekscentryczny	-1.5
eksploatacja	-1.5
eksplodować	-1.5
ekstaza	1.5
eksterminacja	-1.5
ekstrawagancki	-1.5
ekstremiści	-1.5
elastyczność	1.5
elastyczny	1.5
elastycznych	1.5
elegancja	1.5
elegancki	1.5
elegancko	1.5
eliminacja	-1.5
elita	1.5
elite	1.5
emocje	1.5
emocjonujący	1.5
empatia	1.5
enemy	-1.5
energiczny	1.5
enough	1.5
enrichment	1.5
entuzjasta	1.5
entuzjastyczny	1.5
entuzjazm	1.5
epidemia	-1.5
erozja	-1.5
error	-1.5
errors	-1.5
erudyta	1.5
erupcje	-1.5
estetycznie	1.5
etyczny	1.5
euforia	1.5
fabryka	1.5
fachowo	1.5
fail	-1.5
failed	-1.5
failure	-1.5
fair	1.5
fajka	-1.5
fajnie	1.5
fajny	1.5
faktycznie	1.5
fall	-1.5
false	-1.5
famous	1.5
fanatyczny	-1.5
fanatyzm	-1.5
fans	1.5
fantastyczny	1.5
fantastyka	1.5
farsa	-1.5
fascynacja	1.5
fascynujący	1.5
fast	1.5
faszystowski	-1.5
faszyzm	-1.5
fatalny	-1.5
fatum	-1.5
faul	-1.5
fault	-1.5
faworyt	1.5
faworyzować	1.5
fałsz	-1.5
fałszywe	-1.5
fałszywie	-1.5
fałszywy	-1.5
feat	1.5
fell	-1.5
fenomenalny	1.5
fever	-1.5
fiasko	-1.5
fiction	-1.5
fikcja	-1.5
fikcyjny	-1.5
fine	1.5
flagi	-1.5
flary	-1.5
flirt	-1.5
flirtować	-1.5
fobia	-1.5
fortuna	1.5
fragmentaryczne	-1.5
free	1.5
freedom	1.5
friendly	1.5
frustracja	-1.5
frustracje	-1.5
fuck	-1.5
fun	1.5
fundamentalizm	-1.5
funky	-1.5
futro	-1.5
futurystyczna	1.5
futurystyczne	1.5
futurystyczny	1.5
gadać	-1.5
gain	1.5
garbage	-1.5
gasić	-1.5
gazowana	1.5
gazowane	1.5
gazowany	1.5
genialny	1.5
geniusz	1.5
getto	-1.5
giętki	1.5
gniew	-1.5
godność	1.5
godny	1.5
gold	1.5
golden	1.5
good	1.5
gorliwość	1.5
gorszy	-1.5
gorycz	-1.5
gorzej	-1.5
gorzki	-1.5
gorzko	-1.5
gorąco	1.5
gorący	1.5
gorączka	-1.5
gotować	-1.5
gotowi	1.5
gotowość	1.5
gotowy	1.5
gotów	1.5
gościnny	1.5
grabież	-1.5
grabić	-1.5
grace	1.5
grad	1.5
grand	1.5
granica	-1.5
gratulacje	1.5
gratulacyjny	1.5
great	1.5
greatest	1.5
gromadzić	-1.5
gros	-1.5
groteska	-1.5
groteskowy	-1.5
growl	-1.5
grozić	-1.5
groźba	-1.5
grożący	-1.5
grubsze	-1.5
gruby	-1.5
gruzy	-1.5
gryźć	-1.5
grzech	-1.5
grzywna	1.5
gulasz	-1.5
guz	-1.5
gwar	-1.5
gwarancja	1.5
gwarantować	1.5
gwałciciel	-1.5
gwałt	-1.5
gwałtownie	-1.5
gwałtowny	-1.5
gwiezdny	1.5
górny	1.5
gęsty	-1.5
gładki	1.5
gładko	1.5
głośniej	-1.5
głośno	-1.5
głośny	-1.5
głuchy	-1.5
głupi	-1.5
głupota	-1.5
głuszec	-1.5
głód	-1.5
głównie	1.5
główny	1.5
głęboki	1.5
głęboko	1.5
hack	-1.5
haki	-1.5
hamować	-1.5
happy	1.5
hard	-1.5
harmonia	1.5
harmonijnie	1.5
harmonijny	1.5
hart	1.5
hazard	-1.5
hałas	-1.5
hałasy	-1.5
hałaśliwy	-1.5
hańba	-1.5
heaven	1.5
hegemonia	-1.5
hell	-1.5
helped	1.5
heretyk	-1.5
herezja	-1.5
heroic	1.5
heroiczny	1.5
heros	1.5
histeria	-1.5
hm	1.5
hoax	-1.5
hojnie	1.5
hojność	1.5
hojny	1.5
hollow	-1.5
honor	1.5
honorowy	1.5
hot	1.5
hołd	1.5
huk	1.5
humanitarny	1.5
humor	1.5
humorystycznie	1.5
humorystyczny	1.5
idealnie	1.5
idealny	1.5
ideał	1.5
idol	1.5
ignorancja	-1.5
ignorować	-1.5
iluzja	-1.5
impas	-1.5
impedancja	-1.5
imponująco	1.5
important	1.5
improve	1.5
impulsywny	-1.5
infection	-1.5
infekcja	-1.5
infekcje	-1.5
inferior	-1.5
inflacyjny	-1.5
ingerencja	-1.5
ingerować	-1.5
inicjatorami	-1.5
innowacja	1.5
innowacyjny	1.5
inspiracja	1.5
inspirować	1.5
inspirujące	1.5
instrumentalny	1.5
integralny	1.5
inteligencja	1.5
inteligentny	1.5
intelligence	1.5
intensywny	-1.5
interesujący	1.5
interferencja	-1.5
intryga	1.5
intuicyjny	1.5
intymność	1.5
intymny	1.5
invalid	-1.5
inwalida	-1.5
inwazyjne	-1.5
ironia	-1.5
ironicznie	-1.5
ironiczny	-1.5
irracjonalny	-1.5
issue	-1.5
issues	-1.5
izolacja	-1.5
izolować	-1.5
jad	-1.5
jadowity	-1.5
jajo	1.5
jak	1.5
jam	-1.5
jaskinia	-1.5
jasny	1.5
jawnie	1.5
jałowy	-1.5
jaśniejsze	1.5
jednoznaczny	1.5
jedność	1.5
jąkanie	-1.5
kadzidło	-1.5
kamienie	1.5
kanalizacji	-1.5
kapitan	1.5
kara	-1.5
karać	-1.5
karmić	1.5
karny	-1.5
karp	-1.5
karykatura	-1.5
karzeł	-1.5
kataklizm	-1.5
katastrofa	-1.5
katastrofalny	-1.5
katastrofy	-1.5
kawał	-1.5
kawałek	-1.5
kibic	1.5
kiepski	-1.5
kierować	1.5
kill	-1.5
killed	-1.5
killer	-1.5
killing	-1.5
kilof	-1.5
klamra	-1.5
klapa	-1.5
klarowność	1.5
klarowny	1.5
klasyczny	1.5
klasyk	1.5
klejnot	1.5
klika	-1.5
klin	-1.5
klucz	-1.5
klątwa	-1.5
klęska	-1.5
knock	-1.5
kocha	1.5
kochający	1.5
kochanek	1.5
kochanie	1.5
kochać	1.5
kochał	1.5
kod	-1.5
kodowania	-1.5
kolaboracja	-1.5
kolej	-1.5
kolejny	1.5
kolidować	-1.5
kolorowy	1.5
komfort	1.5
komfortowo	1.5
komfortowy	1.5
komiczny	-1.5
kompaktowy	1.5
kompatybilny	1.5
kompleks	-1.5
komplikacje	-1.5
koncertowo	1.5
koncesja	-1.5
koncesje	-1.5
konflikt	-1.5
konflikty	-1.5
konfrontacja	-1.5
konkurencyjny	1.5
konsekwencja	1.5
konsekwentnie	1.5
konserwatysta	-1.5
konserwatywny	-1.5
konspiracyjny	-1.5
konspirator	-1.5
kontrowersja	-1.5
kontrowersyjny	-1.5
kontuzja	-1.5
konwencja	1.5
kopać	-1.5
korozja	-1.5
korupcja	-1.5
korygować	1.5
korzystających	1.5
korzystnie	1.5
korzystny	1.5
korzyści	1.5
korzyść	1.5
kostka	-1.5
kosza	-1.5
koszmar	-1.5
kosztowny	-1.5
koszyk	-1.5
kość	-1.5
kpi	-1.5
kpina	-1.5
kpiny	-1.5
krach	-1.5
kradzież	-1.5
krata	-1.5
kraść	-1.5
kreatywny	1.5
kruchy	-1.5
krwawienie	-1.5
krwawy	-1.5
krwiożerczych	-1.5
kryminalista	-1.5
krytycy	-1.5
krytyczka	-1.5
krytyczny	-1.5
krytyk	-1.5
krytyka	-1.5
krytykowane	-1.5
krytykować	-1.5
krytykując	-1.5
kryzys	-1.5
krzyczeć	-1.5
krzyk	-1.5
krzykliwe	-1.5
krzywda	-1.5
krzywy	-1.5
królewski	1.5
krótkość	-1.5
kręcić	-1.5
kręgosłup	1.5
kręty	-1.5
kukiełki	-1.5
kupa	-1.5
kurz	-1.5
kwalifikować	1.5
kwartał	-1.5
kwaśny	-1.5
kwestionować	-1.5
kwiat	1.5
kwitnienie	1.5
kwitnącej	1.5
kwitnący	1.5
kłamać	-1.5
kłamca	-1.5
kłamstwo	-1.5
kłopot	-1.5
kłopotliwy	-1.5
kłopoty	-1.5
kłótnia	-1.5
kłótnie	-1.5
lack	-1.5
lag	-1.5
lama	-1.5
lament	-1.5
latency	-1.5
lawina	-1.5
lead	1.5
leading	1.5
lean	1.5
leczyć	1.5
led	1.5
ledwie	-1.5
legalny	1.5
legendarny	1.5
lekarstwo	1.5
lekceważenie	-1.5
lekceważyć	-1.5
lekceważąco	-1.5
lekki	1.5
lekkomyślny	-1.5
lenistwo	-1.5
leniwy	-1.5
lepiej	1.5
lepki	-1.5
lepsze	1.5
lepszy	1.5
letni	-1.5
leżeć	-1.5
leży	-1.5
leżący	-1.5
lie	-1.5
lies	-1.5
like	1.5
limit	-1.5
limited	-1.5
limits	-1.5
limity	-1.5
liryczny	1.5
litość	-1.5
loch	-1.5
lochy	-1.5
logiczny	1.5
logo	-1.5
lojalność	1.5
lojalny	1.5
los	1.5
loser	-1.5
losowo	-1.5
loss	-1.5
lost	-1.5
lotny	-1.5
love	1.5
lubi	1.5
lubiący	1.5
lubić	1.5
lucky	1.5
ludobójstwo	-1.5
ludzki	1.5
luka	-1.5
luki	-1.5
luksus	1.5
luksusowa	1.5
luksusowy	1.5
luster	1.5
luźno	-1.5
luźny	-1.5
lęk	-1.5
lśniący	1.5
macabre	-1.5
mad	-1.5
magia	1.5
magic	1.5
magiczny	1.5
majestat	1.5
majestatyczny	1.5
majątek	1.5
malejący	-1.5
malejących	-1.5
maleć	-1.5
malowniczy	1.5
maltretowanie	-1.5
mania	-1.5
manipulacja	-1.5
manipulowanie	-1.5
manipulować	-1.5
mar	-1.5
marginalnie	-1.5
marginalny	-1.5
marnie	-1.5
marnotrawny	-1.5
marnować	-1.5
marny	-1.5
martwić	-1.5
martwy	-1.5
masakra	-1.5
masakry	-1.5
master	1.5
masywny	1.5
matryca	-1.5
małomówny	-1.5
medyk	-1.5
melancholia	-1.5
melodyjny	1.5
mes	-1.5
mglisty	-1.5
mgła	-1.5
mgły	-1.5
mierny	-1.5
mieszać	-1.5
migotanie	-1.5
mile	1.5
mimośród	-1.5
minusem	-1.5
miss	-1.5
mistrz	1.5
mistrzostwo	1.5
mistrzowski	1.5
mistyfikacja	-1.5
mit	-1.5
miąższ	-1.5
miękka	1.5
miękki	1.5
miło	1.5
miłosierdzie	1.5
miłosierny	1.5
miłosny	1.5
miłośnik	1.5
miłość	1.5
miły	1.5
mocno	1.5
mocny	1.5
modern	1.5
modny	1.5
molestowanie	-1.5
monotonny	-1.5
monumentalny	1.5
moralność	1.5
morderca	-1.5
morderczy	-1.5
morderstwo	-1.5
mordować	-1.5
motywować	1.5
możliwy	1.5
mroczny	-1.5
mrok	-1.5
mrożony	-1.5
mróz	-1.5
murder	-1.5
musujące	1.5
myli	-1.5
mylnie	-1.5
mylące	-1.5
myto	-1.5
mądrość	1.5
mądry	1.5
mądrze	1.5
mądrzejszy	1.5
męczeństwo	-1.5
męczyć	-1.5
męka	-1.5
męstwo	1.5
młodzieńczy	1.5
nachylenie	-1.5
nacisk	-1.5
nadanie	1.5
nadmiar	-1.5
nadmiernie	-1.5
nadużycia	-1.5
nadużycie	-1.5
nadużywanie	-1.5
nadużyć	-1.5
nadzwyczajny	1.5
nadzór	-1.5
nagle	-1.5
nagradzać	1.5
nagroda	1.5
nagrody	1.5
nagrodzić	1.5
nagrodzony	1.5
nagły	-1.5
naiwnie	-1.5
naiwny	-1.5
najbiedniejszych	-1.5
najechać	-1.5
najgorsze	-1.5
najgorszy	-1.5
najgorzej	-1.5
najjaśniejszy	1.5
najlepiej	1.5
najlepszy	1.5
najlepszych	1.5
najpiękniejsze	1.5
najprostszy	1.5
najsilniejszy	1.5
najszybciej	1.5
najtańsza	1.5
najtrudniejsze	1.5
najważniejszy	1.5
największą	1.5
najwyższy	1.5
najzdolniejszych	1.5
nakrapiany	-1.5
nakładanie	-1.5
nakładać	-1.5
nalot	-1.5
namiętnie	1.5
namiętny	1.5
napad	-1.5
napadać	-1.5
napaść	-1.5
napięcie	-1.5
napięty	-1.5
naprzód	1.5
narazić	-1.5
narkotyk	-1.5
naruszają	-1.5
naruszania	-1.5
naruszać	-1.5
naruszenia	-1.5
naruszenie	-1.5
naruszyć	-1.5
narzeka	-1.5
narzekać	-1.5
nastawny	1.5
nastrój	1.5
natchnienie	1.5
natychmiast	1.5
natychmiastowy	1.5
nawias	-1.5
nawrót	-1.5
nałóg	-1.5
negacja	-1.5
negative	-1.5
negatyw	-1.5
negatywny	-1.5
negatywy	-1.5
negowanie	-1.5
negować	-1.5
nepotyzm	-1.5
nerwowo	-1.5
nerwowość	-1.5
nerwowy	-1.5
niby	1.5
nice	1.5
niczego	-1.5
nieaktywny	-1.5
niebezpieczeństwo	-1.5
niebezpieczny	-1.5
niebiański	1.5
niebo	1.5
niebywały	-1.5
niechcący	-1.5
niechętnie	-1.5
niechętny	-1.5
niechęć	-1.5
nieciągłość	-1.5
nieciągły	-1.5
nieczysty	-1.5
nieczytelny	-1.5
niedobrze	-1.5
niedobór	-1.5
niedociągnięcia	-1.5
niedogodność	-1.5
niedojrzały	-1.5
niedokończony	-1.5
niedokładności	-1.5
niedokładność	-1.5
niedopuszczalne	-1.5
niedoskonałości	-1.5
niedoskonałość	-1.5
niedoskonały	-1.5
niedostatecznie	-1.5
niedostateczny	-1.5
niedostatek	-1.5
niedostępna	-1.5
niedostępny	-1.5
niedozwolony	-1.5
niedoświadczony	-1.5
niedrogie	1.5
nieekonomiczne	-1.5
nieetyczne	-1.5
niefortunny	-1.5
niegodny	-1.5
nieistotny	-1.5
niejasny	-1.5
niekompletny	-1.5
niekonsekwencja	-1.5
niekontrolowane	-1.5
niekorzystny	-1.5
niekorzyść	-1.5
nielegalnie	-1.5
nielegalny	-1.5
nielojalność	-1.5
niemiłosiernie	-1.5
niemoralność	-1.5
niemoralny	-1.5
niemożliwy	-1.5
niemożność	-1.5
nienasycony	-1.5
nienaturalny	-1.5
nienawidzi	-1.5
nienawidził	-1.5
nienawiść	-1.5
nieobecność	-1.5
nieobecny	-1.5
nieoczekiwany	-1.5
nieodpowiedni	-1.5
nieodwracalny	-1.5
nieograniczony	1.5
nieokreślona	-1.5
nieokreślony	-1.5
nieomylność	1.5
nieomylny	1.5
nieosiągalny	-1.5
nieparzysty	-1.5
niepewność	-1.5
niepewny	-1.5
niepełnosprawny	-1.5
niepokoi	-1.5
niepokoić	-1.5
niepokoje	-1.5
niepokojące	-1.5
niepokojący	-1.5
niepokonany	1.5
niepokój	-1.5
niepomyślny	-1.5
niepoprawny	-1.5
niepopularny	-1.5
nieporozumienia	-1.5
nieporozumienie	-1.5
nieporządek	-1.5
nieposłuszeństwo	-1.5
niepotrzebne	-1.5
niepotrzebnie	-1.5
niepotrzebny	-1.5
niepotwierdzone	-1.5
niepowodzenie	-1.5
niepożądany	-1.5
niepraktyczny	-1.5
nieprawdopodobne	-1.5
nieprawdziwy	-1.5
nieprawidłowo	-1.5
nieprawidłowość	-1.5
nieprawidłowy	-1.5
nieprecyzyjne	-1.5
nieprzerwanie	-1.5
nieprzewidywalny	-1.5
nieprzydatny	-1.5
nieprzygotowany	-1.5
nieprzyjaciel	-1.5
nieprzyjazny	-1.5
nieprzyjemny	-1.5
nierealistyczne	-1.5
nieregularny	-1.5
nierozerwalnie	-1.5
nieruchomy	-1.5
nierówności	-1.5
nierówność	-1.5
nierówny	-1.5
niesamowite	1.5
nieskomplikowany	1.5
nieskuteczność	-1.5
nieskuteczny	-1.5
niesmak	-1.5
niespełnione	-1.5
niespodziewanie	-1.5
niespokojny	-1.5
niesprawdzone	-1.5
niesprawiedliwie	-1.5
niesprawiedliwości	-1.5
niesprawiedliwość	-1.5
niesprawiedliwy	-1.5
niespójności	-1.5
niespójny	-1.5
niestabilność	-1.5
niestety	-1.5
nieszczęście	-1.5
nieszczęśliwie	-1.5
nieszczęśliwy	-1.5
nieszkodliwy	1.5
niesłychanie	1.5
nietknięty	-1.5
nietolerancja	-1.5
nietrwały	-1.5
nietykalność	1.5
nieubłaganie	-1.5
nieuchronnie	-1.5
nieuchwytny	-1.5
nieuczciwość	-1.5
nieuczciwy	-1.5
nieudany	-1.5
nieudolność	-1.5
nieudolny	-1.5
nieufność	-1.5
nieufny	-1.5
nieugięty	-1.5
nieumyślnie	-1.5
nieunikniony	-1.5
nieuporządkowane	-1.5
nieustannie	-1.5
nieustanny	-1.5
nieuszkodzone	1.5
nieuzasadnione	-1.5
nieużytki	-1.5
nieważny	-1.5
niewiarygodne	-1.5
niewiarygodnie	-1.5
niewidoczny	-1.5
niewidomy	-1.5
niewidzialny	-1.5
niewiedza	-1.5
niewierny	-1.5
niewola	-1.5
niewolnica	-1.5
niewolnictwo	-1.5
niewolnicy	-1.5
niewolnik	-1.5
niewspółmiernie	-1.5
niewydolność	-1.5
niewygodny	-1.5
niewyjaśnione	-1.5
niewykonalny	-1.5
niewykwalifikowany	-1.5
niewypłacalny	-1.5
niewyraźny	-1.5
niewystarczająco	-1.5
niewystarczający	-1.5
niewątpliwie	1.5
niewątpliwy	1.5
niewłaściwie	-1.5
niewłaściwy	-1.5
niezadowalający	-1.5
niezadowolenie	-1.5
niezadowolony	-1.5
niezależny	1.5
niezapomniany	1.5
niezastąpiony	1.5
niezauważone	-1.5
niezauważony	-1.5
niezawodnie	1.5
niezawodny	1.5
niezdarny	-1.5
niezdecydowanie	-1.5
niezdecydowany	-1.5
niezdolność	-1.5
niezdolny	-1.5
niezgoda	-1.5
niezgodność	-1.5
niezgodny	-1.5
niezmiernie	1.5
nieznajomość	-1.5
nieznajomy	-1.5
nieznany	-1.5
niezrozumiały	-1.5
niezwiązany	-1.5
niezwykły	1.5
niezłomny	1.5
nieścisłość	-1.5
nieślubny	-1.5
nieśmiały	-1.5
nieśmiertelny	1.5
nieświadomość	-1.5
nieświadomy	-1.5
nieświadomych	-1.5
nieźle	1.5
nijaki	-1.5
nikły	-1.5
niszczenie	-1.5
niszczyciel	-1.5
niszczycielski	-1.5
niszczyć	-1.5
niszczący	-1.5
no	1.5
noise	-1.5
nonsens	-1.5
normom	-1.5
notorycznie	-1.5
nowoczesny	1.5
nowość	1.5
nośność	-1.5
nuda	-1.5
nudności	-1.5
nudny	-1.5
nóż	-1.5
nędza	-1.5
nękani	-1.5
nękać	-1.5
oaza	1.5
obala	-1.5
obalenie	-1.5
obalić	-1.5
obalone	-1.5
obawa	-1.5
obawy	-1.5
obchodzony	1.5
obciąć	-1.5
obciążenie	-1.5
obciążyć	-1.5
obcy	-1.5
obejmować	1.5
obficie	1.5
obfitość	1.5
obfituje	1.5
obfity	1.5
obiecać	1.5
obiecał	1.5
obiecuje	1.5
obiecujący	1.5
obiekt	-1.5
obietnica	1.5
objaw	-1.5
objawienie	1.5
objawy	-1.5
object	-1.5
objąć	1.5
objęcie	1.5
oblężenie	-1.5
oblężony	-1.5
obojętność	-1.5
obojętny	-1.5
obraza	-1.5
obrazić	-1.5
obraźliwy	-1.5
obronny	-1.5
obrońca	1.5
obrzęk	-1.5
obsesja	1.5
obsesje	1.5
obsesyjnie	-1.5
obszerny	1.5
obsługiwane	1.5
oburzeni	-1.5
oburzenie	-1.5
oburzony	-1.5
obłęd	-1.5
oceniający	1.5
ochoczo	1.5
ochrona	1.5
ochronny	1.5
ochłodzenie	1.5
oczyszczać	1.5
oczywisty	1.5
oczyścić	1.5
odbicie	1.5
odchylenie	-1.5
oddany	1.5
oddech	1.5
oddychanie	1.5
odeprzeć	-1.5
odizolowany	-1.5
odkształcenie	-1.5
odkupienie	1.5
odkurzacz	1.5
odmawia	-1.5
odmawiając	-1.5
odmawiać	-1.5
odmiana	1.5
odmowa	-1.5
odmówić	-1.5
odmówił	-1.5
odnaleźć	1.5
odnowiony	1.5
odosobnienie	-1.5
odpadki	-1.5
odpady	-1.5
odparcie	-1.5
odparty	-1.5
odpoczynek	1.5
odporność	-1.5
odpowiadający	1.5
odpowiadać	-1.5
odpowiedni	1.5
odpowiedzialność	-1.5
odrodzenie	1.5
odrzuca	-1.5
odrzucając	-1.5
odrzucać	-1.5
odrzucenie	-1.5
odrzucić	-1.5
odrzucone	-1.5
odrzut	-1.5
odsetki	1.5
odszkodowanie	-1.5
odwaga	1.5
odważnie	1.5
odważny	1.5
odwetowy	-1.5
odwieść	-1.5
odwołać	-1.5
odwracać	-1.5
odwrotne	-1.5
odwrót	-1.5
odziedziczyć	1.5
odznaczenie	1.5
odzyskać	1.5
odzywki	-1.5
odświeżony	1.5
odświeżyć	1.5
odżywa	1.5
ofensywa	-1.5
ofensywny	-1.5
oferta	1.5
ofiarować	1.5
ognisty	1.5
ograniczający	-1.5
ograniczać	-1.5
ograniczenia	-1.5
ograniczenie	-1.5
ograniczony	-1.5
ogromnie	1.5
ogromny	1.5
ogrzać	1.5
okazały	1.5
okazja	1.5
okropny	-1.5
okrucieństwa	-1.5
okrucieństwo	-1.5
okrutnie	-1.5
okrutny	-1.5
okrzyk	-1.5
opadający	-1.5
opadać	-1.5
opanowane	-1.5
opanowanie	1.5
opanowany	1.5
opanować	1.5
oparzenia	-1.5
opatrzność	1.5
opierać	1.5
opodatkowanie	-1.5
oponent	-1.5
opornik	-1.5
oporność	-1.5
oporny	-1.5
opozycja	-1.5
opróżniania	-1.5
optymalny	1.5
optymistyczny	1.5
optymizm	1.5
opuszczać	-1.5
opuszczony	-1.5
opuścić	-1.5
opór	-1.5
opóźniania	-1.5
opóźniać	-1.5
opóźnienia	-1.5
opóźnienie	-1.5
opóźniony	-1.5
ordynans	1.5
oryginalność	1.5
osad	-1.5
osadzać	-1.5
osiadły	-1.5
osiągalny	1.5
osiągnięcia	1.5
osiągnięcie	1.5
osiągnąć	1.5
oskarża	-1.5
oskarżając	-1.5
oskarżać	-1.5
oskarżenia	-1.5
oskarżenie	-1.5
oskarżony	-1.5
oskarżyć	-1.5
osnowa	-1.5
osobistości	1.5
osobistość	1.5
osobisty	1.5
osobliwość	-1.5
ostrzegawczy	-1.5
ostrzejszy	1.5
ostrzeżenie	-1.5
ostrzeżony	-1.5
osuszony	-1.5
osuszyć	-1.5
oswobodzenie	1.5
oszczędności	1.5
oszczędność	1.5
oszczędny	1.5
oszukany	-1.5
oszukać	-1.5
oszukiwanie	-1.5
oszukiwać	-1.5
oszustwa	-1.5
oszustwo	-1.5
oszuści	-1.5
osłabiać	-1.5
osłabienie	-1.5
osłabiona	-1.5
otchłań	-1.5
otruć	-1.5
otulina	-1.5
otwarcie	1.5
otwartość	1.5
otwarty	1.5
otwory	-1.5
otyły	-1.5
oversight	-1.5
owad	-1.5
owiane	-1.5
owocny	1.5
ozdobny	1.5
ołowiany	1.5
ołów	1.5
oślep	-1.5
oświecenie	1.5
ożywienie	1.5
pachnie	-1.5
pacjent	1.5
pacjentka	1.5
pacynka	-1.5
padać	-1.5
pain	-1.5
pal	-1.5
pale	-1.5
palenie	-1.5
palić	-1.5
pani	1.5
panika	-1.5
panikę	-1.5
panna	-1.5
panoramiczny	1.5
panować	-1.5
paradoksalnie	-1.5
paraliżując	-1.5
paranoja	-1.5
parodia	-1.5
partyzanci	-1.5
partyzant	-1.5
pasja	1.5
pasożyt	-1.5
pasywny	-1.5
pat	-1.5
patriota	1.5
patriotyczny	1.5
pałacowy	1.5
paść	-1.5
peace	1.5
peaceful	1.5
pech	-1.5
pechowy	-1.5
pedał	-1.5
pejoratywny	-1.5
penalty	-1.5
perfect	1.5
perfekcyjny	1.5
pesymistyczny	-1.5
pesymizm	-1.5
pewnie	1.5
pewność	1.5
pewny	1.5
pełzanie	-1.5
piaszczysty	-1.5
piec	1.5
piekący	-1.5
piekło	-1.5
pielęgnowaniu	1.5
pielęgnowany	1.5
pierwotny	-1.5
pierwszy	1.5
pierś	-1.5
pies	-1.5
pijak	-1.5
pijany	-1.5
pik	-1.5
pikiety	-1.5
pilnie	1.5
pinch	-1.5
pisk	-1.5
piskliwy	-1.5
pięknie	1.5
piękno	1.5
piękność	1.5
piękny	1.5
piętno	1.5
pięść	-1.5
plaga	-1.5
plama	-1.5
plamy	-1.5
plebejski	-1.5
plemię	-1.5
plewy	-1.5
plot	-1.5
plotka	-1.5
plotki	-1.5
plusy	1.5
plądrowanie	-1.5
pobici	1.5
pobożność	1.5
pobożny	1.5
pobudzający	1.5
pochopnie	-1.5
pochwalić	1.5
pochwalny	1.5
pochwała	1.5
pochylenie	1.5
pochłaniać	-1.5
pocieszenie	1.5
podchodzić	1.5
podcięcie	-1.5
poddaje	-1.5
poddanie	-1.5
poddać	-1.5
podejrzana	-1.5
podejrzanie	-1.5
podejrzany	-1.5
podejrzenia	-1.5
podejrzenie	-1.5
podejrzewam	-1.5
podejrzewać	-1.5
podejrzliwie	-1.5
podejrzliwość	-1.5
podejrzliwy	-1.5
podekscytowany	1.5
podkreśla	-1.5
podkreślać	-1.5
podległość	-1.5
podniecenie	1.5
podniesienie	1.5
podnieść	1.5
podnosić	1.5
podoba	1.5
podobny	1.5
podpora	1.5
podporządkować	-1.5
podpowiedź	1.5
podrażnienie	-1.5
podrzędny	-1.5
podręczny	1.5
podstęp	-1.5
podstępny	-1.5
podsłuch	-1.5
podtrzymał	1.5
podtrzymywać	1.5
podważania	-1.5
podważona	-1.5
podwładni	-1.5
podwładny	-1.5
podział	-1.5
podziw	1.5
podziwiać	1.5
podziękować	1.5
podłogi	-1.5
podły	-1.5
podżeganie	-1.5
poetycka	1.5
poetycki	1.5
pogarda	-1.5
pogarszających	-1.5
pogarszać	-1.5
pogański	-1.5
pogodny	1.5
pogodzić	1.5
pogorszenie	-1.5
pogratulować	1.5
pojednanie	1.5
pojęcia	-1.5
pojęciowy	1.5
pokarm	1.5
pokazywać	1.5
pokojowy	1.5
pokonaniu	1.5
pokonany	1.5
pokora	1.5
pokryć	-1.5
pokrzywa	-1.5
pokrzywdzony	-1.5
pokrzywy	-1.5
pokój	1.5
polaryzacja	-1.5
poleca	1.5
polecić	1.5
polepszyć	1.5
polubowny	1.5
pomagać	1.5
pomarszczony	-1.5
pomieszane	-1.5
pomijać	-1.5
pominięcie	-1.5
pominąć	-1.5
pomoc	1.5
pomocny	1.5
pomylić	-1.5
pomysłowość	1.5
pomysłowy	1.5
pomyłka	-1.5
pomyślny	1.5
pomógł	1.5
pomówienie	-1.5
pomścić	-1.5
ponieść	-1.5
poniżające	-1.5
ponury	-1.5
poor	-1.5
poparcie	1.5
popiera	1.5
popierając	1.5
popieram	1.5
popierać	1.5
popiersie	-1.5
poprawa	1.5
poprawia	1.5
poprawiać	1.5
poprawić	1.5
poprawnie	1.5
poprawny	1.5
poprawę	1.5
poprowadzić	1.5
poprzeczny	-1.5
poprzedzać	1.5
popular	1.5
popularny	1.5
popłoch	-1.5
poradnictwo	1.5
porażek	1.5
porażenie	-1.5
porażone	-1.5
porozumienie	1.5
port	-1.5
porty	-1.5
poruszać	1.5
porywczy	-1.5
porządnie	1.5
positive	1.5
posmak	-1.5
pospolity	-1.5
posprzątać	1.5
post	1.5
postęp	1.5
postępować	1.5
postępy	1.5
posuwanie	-1.5
poszanowanie	1.5
poszarpany	-1.5
poszkodowane	-1.5
poszkodowany	-1.5
posłuszny	1.5
potknął	-1.5
potok	-1.5
potop	-1.5
potrzebujący	-1.5
potwierdzające	1.5
potwierdzać	1.5
potwór	-1.5
potyka	-1.5
potępia	-1.5
potępiający	-1.5
potępienie	-1.5
potępić	-1.5
potężnie	1.5
potężny	1.5
powaga	-1.5
powalić	-1.5
powalony	-1.5
powerful	1.5
powiedzie	1.5
powierzać	1.5
powierzchownie	-1.5
powierzchowny	-1.5
powiesić	-1.5
powieściowy	-1.5
powikłanie	-1.5
powinowactwo	1.5
powitalny	1.5
powitanie	1.5
powodzenie	1.5
powoli	-1.5
powolny	-1.5
powracać	-1.5
powrócić	-1.5
powrót	-1.5
powstanie	-1.5
powstrzymać	-1.5
powstrzymywać	-1.5
powtarzalne	-1.5
pozbawiać	-1.5
pozbawieni	-1.5
pozbawiony	-1.5
pozorny	-1.5
pozwalać	1.5
pozwany	-1.5
pozwolić	1.5
pozytyw	1.5
pozytywnie	1.5
pozytywny	1.5
pozór	-1.5
połysk	1.5
pośmiewisko	-1.5
pośpiech	-1.5
pośpieszny	-1.5
poświata	1.5
poświęcił	-1.5
pożyteczny	1.5
pożywienie	1.5
pożądany	1.5
praca	1.5
pracować	1.5
pracował	1.5
pracowitość	1.5
pracowity	1.5
pragnienie	-1.5
pragnąc	1.5
prawa	1.5
prawda	1.5
prawdziwy	1.5
prawica	1.5
prawidłowo	1.5
prawidłowy	1.5
prawo	1.5
prawowity	1.5
prawy	1.5
precyzyjnie	1.5
precyzyjny	1.5
preferowane	1.5
preferuje	1.5
preferując	1.5
premia	1.5
premie	1.5
premier	1.5
prestiż	1.5
prestiżowy	1.5
problem	-1.5
problematyczny	-1.5
problems	-1.5
problemy	-1.5
produkcja	-1.5
produkcyjny	1.5
produktywny	1.5
progi	-1.5
progress	1.5
progressive	1.5
progresywny	1.5
prominent	1.5
promotor	1.5
propaganda	-1.5
proper	1.5
prosić	-1.5
prosperity	1.5
prostsze	1.5
prosty	1.5
prostytutka	-1.5
protect	1.5
protection	1.5
protest	-1.5
protestować	-1.5
protestują	-1.5
protesty	-1.5
prowadzenie	1.5
prowadzi	1.5
prowadzić	1.5
prowadzący	1.5
prowokacja	-1.5
prowokacyjny	-1.5
prowokator	-1.5
prowokować	-1.5
prymitywny	-1.5
przebaczenie	1.5
przebiegły	-1.5
przebić	1.5
przebudzenie	1.5
przechwyty	-1.5
przeciek	-1.5
przecieki	-1.5
przeciwniczka	-1.5
przeciwnik	-1.5
przeciwny	-1.5
przeciwstawny	-1.5
przeciągając	-1.5
przeciągać	-1.5
przeciętność	-1.5
przeciętny	-1.5
przedmiot	-1.5
przedsiębiorczy	1.5
przedwczesny	-1.5
przedwcześnie	-1.5
przegrana	-1.5
przegrani	-1.5
przegroda	-1.5
przegrywający	-1.5
przegrywać	-1.5
przejrzystość	1.5
przejrzysty	1.5
przekleństwa	-1.5
przekleństwo	-1.5
przeklęty	-1.5
przekonująco	1.5
przekracza	1.5
przekraczającej	1.5
przekraczać	1.5
przekroczone	1.5
przekrwienie	-1.5
przekręt	-1.5
przekupstwo	-1.5
przelotny	-1.5
przenikliwy	-1.5
przenośny	1.5
przeoczyć	-1.5
przepadek	-1.5
przepaść	-1.5
przepiękny	1.5
przepraszam	-1.5
przeprowadzać	1.5
przepustnica	-1.5
przerażająca	-1.5
przerażające	-1.5
przerażający	-1.5
przerażenie	-1.5
przerażony	-1.5
przerodzić	-1.5
przerwa	-1.5
przerwana	-1.5
przerwanie	-1.5
przerwać	-1.5
przerwy	-1.5
przerywany	-1.5
przesada	-1.5
przestarzały	-1.5
przestraszony	-1.5
przestraszyć	-1.5
przestronny	1.5
przestępca	-1.5
przestępczość	-1.5
przestępczy	-1.5
przestępstwo	-1.5
przeszczep	-1.5
przeszkadza	-1.5
przeszkadzać	-1.5
przeszkoda	-1.5
przesąd	-1.5
przetrwanie	1.5
przewaga	1.5
przeważać	-1.5
przewlekły	-1.5
przewodzić	1.5
przewrotny	-1.5
przewrócenie	-1.5
przewrót	-1.5
przewyższać	1.5
przewyższyć	1.5
przewyższyła	1.5
przeznaczenie	1.5
przezroczysty	1.5
przełamanie	-1.5
przełom	1.5
przełomowa	1.5
przełomy	1.5
prześladowani	-1.5
prześladowanie	-1.5
prześladować	-1.5
prześladowcy	-1.5
przoduje	1.5
przychylność	1.5
przyciąganie	1.5
przyciąć	-1.5
przydatny	1.5
przygnębiony	-1.5
przyjazny	1.5
przyjaźnie	1.5
przyjemnie	1.5
przyjemność	1.5
przyjemny	1.5
przyjmować	-1.5
przykry	-1.5
przykładowy	1.5
przylegający	-1.5
przymierze	1.5
przymus	-1.5
przymusowy	-1.5
przynęta	-1.5
przyrost	1.5
przystojny	1.5
przywilej	1.5
przywitać	1.5
przywiązanie	1.5
przywiązać	1.5
przywracać	1.5
przywrócone	1.5
przyznane	1.5
przyznać	-1.5
przyzwoity	1.5
próba	-1.5
próg	-1.5
próżność	-1.5
prędko	1.5
prężny	1.5
pstry	-1.5
psychiczny	-1.5
pudło	-1.5
punk	-1.5
punktualnie	1.5
pure	1.5
pustka	-1.5
pusty	-1.5
pustynia	-1.5
pustynny	-1.5
puszysty	-1.5
pułapka	-1.5
puścić	-1.5
pycha	-1.5
pyszny	1.5
pyta	-1.5
pył	-1.5
pęcherz	-1.5
pęcherze	-1.5
pękać	-1.5
pęknięcia	-1.5
pęknięcie	-1.5
płacz	-1.5
płakać	-1.5
płatek	-1.5
płodny	1.5
płonący	-1.5
płonąć	-1.5
płynnie	1.5
płynny	1.5
płytki	-1.5
queer	-1.5
racjonalny	1.5
raczej	1.5
radiant	1.5
radical	-1.5
radosny	1.5
radość	1.5
radykalnie	-1.5
radykalny	-1.5
rail	-1.5
raj	1.5
rak	-1.5
rana	-1.5
ranić	-1.5
rany	-1.5
rapid	1.5
rasistowski	-1.5
rasizm	-1.5
rażąco	-1.5
rażący	-1.5
ready	1.5
reakcyjny	-1.5
realistyczny	1.5
recesja	-1.5
reform	1.5
reforma	1.5
reformowania	1.5
reformowany	1.5
reformy	1.5
regres	-1.5
regresja	-1.5
rekin	-1.5
reklamowany	-1.5
rekomendacja	1.5
rekomendacje	1.5
relief	1.5
remedium	1.5
renesans	1.5
renesansowy	1.5
renomowany	1.5
reputacja	1.5
resistance	-1.5
respect	1.5
respekt	1.5
restrukturyzacja	1.5
restrukturyzacji	1.5
resztki	-1.5
retoryka	-1.5
revert	-1.5
rewolucjonista	1.5
rewolucyjny	1.5
rezygnacja	-1.5
rezystancja	-1.5
rich	1.5
right	1.5
risk	-1.5
robak	-1.5
rodniki	-1.5
rodzaj	1.5
romantic	1.5
romantyczny	1.5
romantyk	1.5
rosy	1.5
rosło	-1.5
rot	-1.5
rozbieżny	-1.5
rozbijać	-1.5
rozbić	-1.5
rozczarowania	-1.5
rozczarowanie	-1.5
rozczarowany	-1.5
rozdarcie	-1.5
rozdzielać	-1.5
rozerwać	-1.5
rozgromienie	-1.5
rozgłos	1.5
rozkosz	1.5
rozkład	-1.5
rozmaity	-1.5
rozmyte	-1.5
rozpacz	-1.5
rozpad	-1.5
rozpada	-1.5
rozpadów	-1.5
rozpadła	-1.5
rozpowszechniony	-1.5
rozpraszać	-1.5
rozpuszczenie	-1.5
rozsądnie	1.5
rozsądny	1.5
rozumieć	1.5
rozważny	1.5
rozwikłać	-1.5
rozwścieczony	-1.5
rozłam	-1.5
rude	-1.5
rue	-1.5
rufa	-1.5
rufowy	-1.5
ruin	-1.5
ruina	-1.5
ruiny	-1.5
rujnuje	-1.5
rumowisko	-1.5
ruszać	-1.5
ruszt	-1.5
rycerski	1.5
rygorystyczne	-1.5
rygorystycznie	-1.5
ryjówka	-1.5
ryk	-1.5
rynna	-1.5
rywal	-1.5
rywalizacja	-1.5
rywalizować	-1.5
ryzyko	-1.5
ryzykować	-1.5
rzadki	-1.5
rzecznik	1.5
rzeczownik	1.5
rzeczowy	-1.5
rzetelnie	1.5
rzetelny	1.5
rzeź	-1.5
rzeźnik	-1.5
równomiernie	1.5
równoważyć	1.5
różany	1.5
różnica	1.5
różnorodny	-1.5
różny	-1.5
sabotaż	-1.5
sad	-1.5
safe	1.5
sag	-1.5
saint	1.5
salut	1.5
samobójca	-1.5
samobójczy	-1.5
samobójstwo	-1.5
samotnik	-1.5
samotnikiem	-1.5
samotność	-1.5
samotny	-1.5
sarkastycznie	-1.5
sarkastyczny	-1.5
satyryczne	-1.5
satysfakcjonujący	1.5
sceniczny	1.5
sceptycyzm	-1.5
sceptyczny	-1.5
schorowany	-1.5
schować	-1.5
scratch	-1.5
sejf	1.5
selektywny	1.5
sensacyjny	1.5
sensowny	1.5
sentyment	1.5
serdecznie	1.5
serdeczny	1.5
sfałszowany	-1.5
sharp	1.5
shock	-1.5
siał	-1.5
sidła	-1.5
siedzący	-1.5
sierota	-1.5
sierść	-1.5
significant	1.5
silniejszy	1.5
silny	1.5
sin	-1.5
siny	-1.5
skalisty	-1.5
skandal	-1.5
skandale	-1.5
skapitulować	-1.5
skarb	1.5
skarg	-1.5
skarga	-1.5
skarżyć	-1.5
skarżył	-1.5
skazany	-1.5
skazać	-1.5
skażone	-1.5
skorumpowany	-1.5
skorygowania	1.5
skradziony	-1.5
skrawek	-1.5
skromność	1.5
skromny	1.5
skrupułów	-1.5
skryty	-1.5
skręcać	-1.5
skrępowany	-1.5
skręty	-1.5
skusić	1.5
skutecznie	1.5
skuteczność	1.5
skuteczny	1.5
skwapliwie	1.5
skąpy	-1.5
składać	1.5
skłonić	1.5
skłonność	-1.5
skłonny	1.5
slave	-1.5
slow	-1.5
smaczny	1.5
smart	1.5
smażony	-1.5
smooth	1.5
smug	-1.5
smutek	-1.5
smutny	-1.5
soft	1.5
solid	1.5
solidarność	1.5
solidnie	1.5
solidny	1.5
sorry	-1.5
spadający	-1.5
spadać	-1.5
spadek	-1.5
spadki	-1.5
spadkowy	-1.5
spadł	-1.5
spadła	-1.5
spalony	-1.5
sparaliżowana	-1.5
sparaliżowany	-1.5
spać	-1.5
spaść	-1.5
spektakularny	1.5
spełnia	1.5
spełnienie	1.5
spiritual	1.5
spisek	-1.5
spiski	-1.5
spiskować	-1.5
spiskowiec	-1.5
splendor	1.5
split	-1.5
splątane	-1.5
splątanie	-1.5
spokojnie	1.5
spokojny	1.5
spokój	1.5
spontaniczny	1.5
sporadyczny	-1.5
sporny	-1.5
sportowy	1.5
sporty	1.5
sposób	1.5
spowiedź	-1.5
sprawiedliwie	1.5
sprawiedliwość	1.5
sprawiedliwy	1.5
sprawka	-1.5
sprostowanie	1.5
sprytny	1.5
sprzeciw	-1.5
sprzeczność	-1.5
sprzeczny	-1.5
sprzyjać	1.5
sprężysty	1.5
spustoszenie	-1.5
spuścić	-1.5
spójność	1.5
spór	-1.5
spółdzielczy	1.5
spółdzielnia	1.5
spóźniony	-1.5
squash	-1.5
srogi	-1.5
stabilność	1.5
stabilny	1.5
stable	1.5
stagnacja	-1.5
stajnia	1.5
stajnie	-1.5
stale	-1.5
stanowczo	-1.5
stanowczy	1.5
starannie	1.5
starczy	-1.5
static	-1.5
statyczny	-1.5
stały	1.5
steady	1.5
stempel	-1.5
stereotyp	-1.5
stereotypowy	-1.5
stole	-1.5
stracić	-1.5
stracony	-1.5
strajk	-1.5
strasznie	-1.5
straszny	-1.5
straszyć	-1.5
strata	-1.5
straty	-1.5
stres	-1.5
strike	-1.5
stromo	-1.5
stromy	-1.5
strong	1.5
stronił	-1.5
stronniczość	-1.5
stronniczy	-1.5
strzela	-1.5
strzelanina	-1.5
studnia	1.5
stylizowany	1.5
stymulować	1.5
stymuluje	1.5
stłumienie	-1.5
stłumiony	-1.5
stłumić	-1.5
success	1.5
successful	1.5
sugerować	1.5
sugestywny	1.5
suka	-1.5
sukces	1.5
sukcesy	1.5
sumowanie	-1.5
super	1.5
superior	1.5
support	1.5
supported	1.5
supporting	1.5
surowość	-1.5
surowy	-1.5
surrealistyczne	1.5
surrealistyczny	1.5
survival	1.5
susz	-1.5
susza	-1.5
suto	1.5
sweet	1.5
swoboda	1.5
swobodny	1.5
swędzenie	-1.5
syfon	-1.5
sympatia	1.5
sympatyczny	1.5
symptoms	-1.5
syndrom	-1.5
syndrome	-1.5
sytuacja	-1.5
szacunek	1.5
szalenie	-1.5
szaleniec	-1.5
szaleństwo	-1.5
szalony	-1.5
szanowany	1.5
szanować	1.5
szantaż	-1.5
szantażować	-1.5
szarpany	-1.5
szarpać	-1.5
szatan	-1.5
szał	-1.5
szczególny	-1.5
szczelina	-1.5
szczeliny	-1.5
szczerość	1.5
szczery	1.5
szczerze	1.5
szczupły	1.5
szczyt	1.5
szczęście	1.5
szczęśliwie	1.5
szczęśliwy	1.5
szkic	-1.5
szkielet	-1.5
szkielety	-1.5
szkoda	-1.5
szkodliwy	-1.5
szkodnik	-1.5
szkodzić	-1.5
szlachetny	1.5
szok	-1.5
szokować	-1.5
szorstki	-1.5
sztuczek	-1.5
sztuczka	-1.5
sztucznie	-1.5
sztuczny	-1.5
sztywność	-1.5
sztywny	-1.5
szum	-1.5
szybciej	1.5
szybki	1.5
szybko	1.5
szyk	1.5
słabe	-1.5
słabnąć	-1.5
słabo	-1.5
słabości	-1.5
słabość	-1.5
słabszy	-1.5
słaby	-1.5
sława	1.5
sławny	1.5
słodki	1.5
słodko	1.5
słodycz	1.5
słodycze	1.5
słup	-1.5
słusznie	1.5
słynny	1.5
słyszalny	1.5
tabu	-1.5
tajemnica	-1.5
tajemniczo	-1.5
tajemniczy	-1.5
taktyka	-1.5
talent	1.5
talenty	1.5
talizman	1.5
tani	1.5
tanio	-1.5
tank	-1.5
tarapaty	-1.5
tarcie	-1.5
targi	1.5
tańsze	1.5
tchórz	-1.5
tchórzliwy	-1.5
temperatura	-1.5
tender	1.5
terror	-1.5
terroryzm	-1.5
thrash	-1.5
threat	-1.5
toksyczny	-1.5
tonący	-1.5
tonąć	-1.5
top	1.5
topić	-1.5
topór	-1.5
torturom	-1.5
torturowanie	-1.5
torturowany	-1.5
torturować	-1.5
tortury	-1.5
totalitarny	-1.5
tout	-1.5
towarzyski	1.5
traci	-1.5
tracić	-1.5
tragedia	-1.5
tragicznie	-1.5
tragiczny	-1.5
trakcja	1.5
traktować	1.5
transie	1.5
transparent	1.5
trap	-1.5
traumatycznym	-1.5
trawka	-1.5
trendy	1.5
trick	-1.5
trik	-1.5
triumf	1.5
triumfalnie	1.5
triumfalny	1.5
triumfować	1.5
trofeum	1.5
troska	-1.5
trucizna	-1.5
trud	-1.5
trudne	-1.5
trudniejsze	1.5
trudności	-1.5
trudność	-1.5
trudny	-1.5
trujący	-1.5
trust	1.5
trwałość	1.5
trwały	1.5
trywialny	-1.5
trzeźwy	-1.5
trzon	1.5
trójka	-1.5
trąbka	1.5
twardy	1.5
twierdzenie	-1.5
twierdzić	-1.5
twórczy	1.5
tyran	-1.5
tytoń	-1.5
tył	-1.5
tępy	-1.5
tęsknota	-1.5
tłumienie	-1.5
tłumik	-1.5
tłumić	-1.5
tłusty	-1.5
tłuszcz	-1.5
tłuszczowy	-1.5
ubogi	-1.5
ubytek	-1.5
ubój	-1.5
ubóstwo	-1.5
uchybienia	-1.5
uciec	-1.5
ucieka	-1.5
uciekających	-1.5
uciekać	-1.5
uciekinier	-1.5
ucisk	-1.5
uciążliwość	-1.5
uciążliwy	-1.5
uczciwość	1.5
uczciwy	1.5
uczcić	1.5
uczucie	1.5
uczulenie	-1.5
udany	1.5
udaremniony	-1.5
udawanie	-1.5
udawać	-1.5
udać	-1.5
udało	1.5
uderzająco	1.5
uderzający	1.5
uderzać	-1.5
uderzenie	-1.5
uderzył	-1.5
udowadnia	1.5
udowodniony	1.5
udusić	-1.5
ufać	1.5
ugasić	-1.5
ugięcia	-1.5
ugoda	1.5
ugodowy	1.5
uhonorowanie	1.5
ukarać	-1.5
ukleja	-1.5
ukochany	1.5
ukośny	-1.5
ukradziony	-1.5
ukraść	-1.5
ukryty	-1.5
ukrywanie	-1.5
ukryć	-1.5
ulec	-1.5
ulepszać	1.5
ulepszenia	1.5
ulepszony	1.5
ulepszyć	1.5
ulga	1.5
ultimatum	-1.5
ulubieniec	1.5
ulubiony	1.5
ulżyć	1.5
umarli	-1.5
umiejętnie	1.5
umiejętność	1.5
umiera	-1.5
umierający	-1.5
umierać	-1.5
umiłowany	1.5
umknąć	-1.5
umniejsza	-1.5
umorzenia	1.5
umorzenie	1.5
umowa	1.5
umożliwiać	1.5
umrzeć	-1.5
undefined	-1.5
unieruchomione	-1.5
unieważnić	-1.5
unikać	-1.5
uniwersalność	1.5
uniwersalny	1.5
unknown	-1.5
upadać	-1.5
upadek	-1.5
upadły	-1.5
uparcie	-1.5
uparty	-1.5
upaść	-1.5
upodobania	1.5
upokorzenie	-1.5
uporządkowany	1.5
upośledzony	-1.5
upraszcza	1.5
uproszczenie	1.5
uproszczone	-1.5
uproszczony	1.5
uprzedzenia	-1.5
uprzedzenie	-1.5
uprzejmie	1.5
uprzejmość	1.5
uprzejmy	1.5
uprzywilejowany	1.5
upust	-1.5
upór	-1.5
upłynął	-1.5
upływ	-1.5
uraz	-1.5
urazy	-1.5
urażony	-1.5
urobek	-1.5
uroczy	1.5
uroczystość	1.5
uroczyście	-1.5
urojenia	-1.5
urojona	-1.5
urok	1.5
urozmaicony	1.5
useful	1.5
usilnie	1.5
usiłujący	1.5
uskok	-1.5
uspokoić	1.5
usposobienie	-1.5
usprawiedliwiać	-1.5
usprawiedliwienie	-1.5
usprawiedliwić	-1.5
ustabilizować	1.5
usterka	-1.5
usunąć	-1.5
usurp	-1.5
uszczerbek	-1.5
uszkodzenia	-1.5
uszkodzenie	-1.5
uszkodzić	-1.5
uszkodzony	-1.5
utalentowany	1.5
utonięcia	-1.5
utopić	-1.5
utracić	-1.5
utrata	-1.5
utraty	-1.5
utrudniać	-1.5
utrudnienie	-1.5
utrudnione	-1.5
utrzymany	1.5
utwór	1.5
uwaga	-1.5
uwalniać	1.5
uważać	1.5
uważny	1.5
uwertura	1.5
uwielbieniem	1.5
uwikłanie	-1.5
uwięzienie	-1.5
uwięzione	-1.5
uwięzić	-1.5
uwolniony	1.5
uwolnić	1.5
uzależniony	-1.5
uzależnionych	-1.5
uzasadniony	1.5
uzasadnioną	1.5
uzdrowić	1.5
uznany	1.5
uzupełnia	1.5
uzupełniający	1.5
uzupełniać	1.5
uzupełnienie	1.5
uzupełnione	1.5
uzurpator	-1.5
uzyskać	1.5
ułatwiać	1.5
uścisk	1.5
uśmiech	1.5
uśmiechnięty	1.5
użytkowy	1.5
używany	-1.5
valor	1.5
variety	1.5
vent	-1.5
vice	-1.5
victory	1.5
virus	-1.5
vulnerable	-1.5
wada	-1.5
wadliwa	-1.5
wadliwy	-1.5
wady	-1.5
walczy	-1.5
walczyć	-1.5
walczył	-1.5
waleczność	1.5
walić	-1.5
walka	-1.5
warning	-1.5
warp	-1.5
wart	1.5
wartościowy	1.5
wartość	1.5
wał	-1.5
wałek	1.5
ważny	1.5
wdzięczność	1.5
wdzięczny	1.5
weak	-1.5
wedge	-1.5
weird	-1.5
welcome	1.5
well	1.5
wentylator	1.5
wentylatory	1.5
wesoło	1.5
wesoły	1.5
wezwania	-1.5
wiara	1.5
wiarygodne	1.5
wiarygodnie	1.5
wiarygodny	1.5
widoczny	1.5
wieczność	1.5
wieczny	1.5
wiedzę	1.5
wielbiciel	1.5
wielki	1.5
wielkość	1.5
wielobarwny	1.5
wielofunkcyjny	1.5
wieloznaczność	-1.5
wieloznaczny	-1.5
wiernie	1.5
wierność	1.5
wierny	1.5
wilczyca	-1.5
wild	-1.5
wilgotna	-1.5
wilgotne	-1.5
wilgotny	-1.5
win	1.5
wina	-1.5
winien	-1.5
winić	-1.5
winna	-1.5
winning	1.5
winny	-1.5
wirus	-1.5
witać	1.5
wizerunek	-1.5
wizjoner	1.5
wiązane	-1.5
więzienie	-1.5
więzienny	-1.5
więzień	-1.5
wkraczać	-1.5
wkradł	-1.5
wkład	1.5
wnikliwe	1.5
wodospad	-1.5
wojowniczy	-1.5
wolniej	-1.5
wolno	-1.5
wolności	1.5
wolność	1.5
wolny	1.5
won	1.5
wonny	1.5
worek	-1.5
work	1.5
worked	1.5
works	1.5
wow	1.5
wpadając	-1.5
wprowadzić	1.5
wpływ	1.5
wpływowy	1.5
wrak	-1.5
wrogi	-1.5
wrogowie	-1.5
wrogość	-1.5
wrong	-1.5
wrzenie	-1.5
wróg	-1.5
wskazywać	1.5
wskazówki	1.5
wskrzesić	1.5
wskrzeszony	-1.5
wspaniale	1.5
wspaniałość	1.5
wspaniały	1.5
wsparcie	1.5
wspiera	1.5
wspierający	1.5
wspierać	1.5
wspornik	1.5
wspólnie	1.5
współdziałały	-1.5
wstecz	-1.5
wsteczny	-1.5
wstrząs	-1.5
wstręt	-1.5
wstyd	-1.5
wstępnie	-1.5
wszechstronność	1.5
wszechstronny	1.5
wtargnięcie	-1.5
wulgarny	-1.5
wybaczyć	-1.5
wybitnie	1.5
wybitny	1.5
wybryk	-1.5
wybuch	-1.5
wybuchać	-1.5
wybuchnąć	-1.5
wybuchowy	-1.5
wychodzić	1.5
wyciek	-1.5
wycieki	-1.5
wyciąg	-1.5
wycofać	-1.5
wycofał	-1.5
wyczerpanie	-1.5
wyczerpany	-1.5
wyczerpać	-1.5
wyczyścić	1.5
wydajny	1.5
wydać	-1.5
wydechowy	-1.5
wygasnąć	-1.5
wygięcie	-1.5
wygnanie	-1.5
wygnany	-1.5
wygnać	-1.5
wygoda	1.5
wygodny	1.5
wygrana	1.5
wygrać	1.5
wygrał	1.5
wygrywa	1.5
wygrywać	1.5
wyjątkowo	1.5
wyjątkowy	1.5
wyjście	1.5
wykluczenie	-1.5
wykonać	1.5
wykorzystać	-1.5
wykres	-1.5
wykształcić	1.5
wykształcony	1.5
wykupić	1.5
wykwalifikowany	1.5
wylanie	1.5
wyleczyć	1.5
wymazać	-1.5
wymienny	1.5
wymioty	-1.5
wymordować	-1.5
wymowny	1.5
wymusić	-1.5
wymuszać	-1.5
wymuszenie	-1.5
wymuszony	-1.5
wymyślony	-1.5
wyobraźnia	1.5
wypadek	-1.5
wypierać	-1.5
wypowiedzenie	-1.5
wypowiedzieć	-1.5
wyprostować	1.5
wyprzedzanie	1.5
wyprzedzać	1.5
wyprzedził	1.5
wyprzedzony	1.5
wypływa	-1.5
wyrafinowany	1.5
wyraźnie	1.5
wyrwać	-1.5
wyrzucać	-1.5
wyrzucić	-1.5
wyrzut	-1.5
wyrzutnia	-1.5
wyróżniający	1.5
wyróżnienia	1.5
wyróżnienie	1.5
wysiedlonych	-1.5
wysięgnik	1.5
wysiłku	-1.5
wyspiarski	-1.5
wystarczająco	1.5
wystarczający	1.5
wystarczać	1.5
wystarczy	1.5
wystarczyć	1.5
wystawny	1.5
występek	-1.5
wysypisk	-1.5
wysypisko	-1.5
wysypka	-1.5
wyszukany	1.5
wytrawny	1.5
wytrwać	1.5
wytrwałość	1.5
wytrwały	1.5
wytrzymałość	-1.5
wytrzymały	1.5
wytwarzać	-1.5
wywiad	1.5
wywiadowczy	1.5
wywłaszczenie	-1.5
wyzdrowieć	1.5
wyznania	-1.5
wyznanie	-1.5
wyznać	-1.5
wyzwanie	-1.5
wyzwolenie	1.5
wyłom	1.5
wyłączyć	-1.5
wyścig	-1.5
wyśmiewa	-1.5
wyższość	1.5
wzbogacać	1.5
wzbogacenie	1.5
wzbudzania	-1.5
wzburzony	-1.5
wzgląd	1.5
wzmocnienie	1.5
wzmocnionej	1.5
wzniosły	1.5
wznoszeniu	1.5
wzorowy	1.5
wzór	1.5
wąski	-1.5
wątek	-1.5
wątpić	-1.5
wątpliwości	-1.5
wątpliwość	-1.5
wątpliwy	-1.5
wąwóz	-1.5
węch	-1.5
węższy	-1.5
władca	1.5
włamanie	-1.5
włamać	-1.5
własność	-1.5
własny	-1.5
właściwie	1.5
właściwy	1.5
włosie	-1.5
włóczęga	-1.5
włóka	-1.5
wściekłość	-1.5
wściekły	-1.5
zaatakować	-1.5
zaawansowany	1.5
zabawa	1.5
zabawny	1.5
zabezpieczać	1.5
zabicie	-1.5
zabiegać	1.5
zabija	-1.5
zabijać	-1.5
zabity	-1.5
zabić	-1.5
zablokowanie	-1.5
zabroniony	-1.5
zaburzenie	-1.5
zaburzyć	-1.5
zabójca	-1.5
zabójczy	-1.5
zabójstwo	-1.5
zachwyca	1.5
zachwycony	1.5
zachwyt	1.5
zachęcający	1.5
zachęcanie	1.5
zachęta	1.5
zaciemnia	-1.5
zaciera	-1.5
zacierać	-1.5
zacofanie	-1.5
zaczarowany	1.5
zadanie	-1.5
zadać	-1.5
zadowalający	1.5
zadowolenie	1.5
zadowolić	1.5
zadowolony	1.5
zadziwiająco	1.5
zagrażać	-1.5
zagrożenia	-1.5
zagrożenie	-1.5
zagłada	-1.5
zahamowanie	-1.5
zainteresowania	1.5
zajść	-1.5
zakazany	-1.5
zakazać	-1.5
zakażenie	-1.5
zaklęcie	1.5
zakwalifikować	1.5
zakwestionować	-1.5
zakładnik	-1.5
zakłopotanie	-1.5
zakłóca	-1.5
zakłócania	-1.5
zakłócać	-1.5
zakłócenie	-1.5
zakłócony	-1.5
zalać	-1.5
zalecał	1.5
zalecenie	1.5
zaległy	-1.5
zaleta	1.5
zalety	1.5
zalew	-1.5
zalewać	-1.5
zamachowiec	-1.5
zamachy	-1.5
zamarł	-1.5
zamiast	-1.5
zamieszanie	-1.5
zamieszki	-1.5
zamordować	-1.5
zamożność	1.5
zamożny	1.5
zamrażanie	-1.5
zamrożone	-1.5
zamęt	-1.5
zaniechać	-1.5
zanieczyszczenie	-1.5
zanieczyszczony	-1.5
zaniedbanie	-1.5
zaniedbany	-1.5
zaniedbywanie	-1.5
zaniepokojenie	-1.5
zaniepokojony	-1.5
zanik	-1.5
zanikać	-1.5
zanurzać	-1.5
zapach	-1.5
zapalająca	-1.5
zapalający	-1.5
zapalenie	-1.5
zapalny	-1.5
zapalony	1.5
zapasowy	-1.5
zapał	1.5
zapaść	-1.5
zapewniać	1.5
zapewnienie	1.5
zapewnień	1.5
zaprotestować	-1.5
zaprowadzić	1.5
zaprzecza	-1.5
zaprzeczając	-1.5
zaprzeczanie	-1.5
zaprzeczać	-1.5
zaprzeczenie	-1.5
zaprzeczył	-1.5
zaprzestać	-1.5
zaradzić	1.5
zarażony	-1.5
zarozumiały	-1.5
zaryzykować	-1.5
zarzuca	-1.5
zarzucać	-1.5
zarzut	-1.5
zarzuty	-1.5
zasadniczy	1.5
zasadzka	-1.5
zasilać	1.5
zasiłek	1.5
zaskakujący	-1.5
zaskoczony	-1.5
zaskoczyć	1.5
zaspokoić	1.5
zaspokojenie	1.5
zastały	-1.5
zastraszanie	-1.5
zastraszenia	-1.5
zastraszenie	-1.5
zastraszyć	-1.5
zastrzeżenia	-1.5
zastrzeżony	-1.5
zastój	-1.5
zasugerować	1.5
zasypać	-1.5
zasysane	-1.5
zaszczepić	-1.5
zaszczycony	1.5
zaszczyt	1.5
zaszkodzić	-1.5
zasłaniać	-1.5
zasłona	-1.5
zasłonięte	-1.5
zasługa	1.5
zasłużony	1.5
zasłużyć	1.5
zatarte	-1.5
zatopiony	-1.5
zatopić	-1.5
zatruć	-1.5
zatrzymany	-1.5
zatrzymać	1.5
zatwierdzać	1.5
zatwierdzenie	1.5
zatwierdzony	1.5
zaufanie	1.5
zaufany	1.5
zaufać	1.5
zawiedziony	-1.5
zawiesić	-1.5
zawieszony	-1.5
zawieść	-1.5
zawiązać	-1.5
zawodność	-1.5
zawodowiec	1.5
zawyżona	-1.5
zawód	-1.5
załamał	-1.5
zażalenie	-1.5
zbiec	-1.5
zbieg	-1.5
zbiegły	-1.5
zbiornik	-1.5
zbiorniki	-1.5
zbity	-1.5
zbrodnia	-1.5
zbrodniarz	-1.5
zburzyć	-1.5
zbędny	-1.5
zdecydowanie	-1.5
zdenerwowany	-1.5
zderzenie	-1.5
zdesperowany	-1.5
zdewastowany	-1.5
zdezorientowany	-1.5
zdobyte	1.5
zdobywać	1.5
zdobyć	1.5
zdolność	1.5
zdolny	1.5
zdominowany	1.5
zdrada	-1.5
zdradza	-1.5
zdradzając	-1.5
zdradzać	-1.5
zdradzić	-1.5
zdrajca	-1.5
zdrowa	1.5
zdrowy	1.5
zdumienie	1.5
zdumiony	1.5
zdyskredytować	-1.5
zdziczały	-1.5
zdziwienie	1.5
zemsta	-1.5
zepsute	-1.5
zepsuty	-1.5
zepsuć	-1.5
zero	1.5
zerwać	-1.5
zespolony	-1.5
zespół	-1.5
zesłać	-1.5
zewnętrzny	-1.5
zgadzając	-1.5
zgiełk	-1.5
zginąć	-1.5
zgnilizna	-1.5
zgoda	1.5
zgodny	1.5
zgon	-1.5
zgorszenie	-1.5
zgrabnie	1.5
zgwałcić	-1.5
zgładzić	-1.5
ziarnisty	-1.5
zielony	-1.5
ziemia	-1.5
zimno	-1.5
zimny	-1.5
zindywidualizowane	1.5
zintegrowany	1.5
zirytowany	-1.5
zlikwidowany	-1.5
zmaga	-1.5
zmarli	-1.5
zmarszczki	-1.5
zmartwienia	-1.5
zmarły	-1.5
zmiażdżony	-1.5
zmiażdżyć	-1.5
zmienność	-1.5
zmienny	-1.5
zmieszany	-1.5
zmieszać	-1.5
zmodernizowane	1.5
zmrok	-1.5
zmylić	-1.5
zmyślony	-1.5
zmęczenie	-1.5
zmęczony	-1.5
znaczny	1.5
znaczący	1.5
znakomicie	1.5
znakomity	1.5
znamię	-1.5
zniechęcać	-1.5
zniechęcony	-1.5
zniekształcenie	-1.5
zniekształcone	-1.5
zniekształcony	-1.5
znienawidzony	-1.5
zniesławienie	-1.5
znieść	-1.5
zniszczenie	-1.5
zniszczony	-1.5
zniszczyć	-1.5
zniweczyć	-1.5
znudzony	-1.5
zobowiązanie	1.5
zobowiązany	1.5
zombie	-1.5
zorientowany	1.5
zranienie	-1.5
zranić	-1.5
zreformować	1.5
zrewolucjonizował	1.5
zrezygnować	-1.5
zrozumiały	1.5
zrujnowany	-1.5
zrzucać	-1.5
zrównoważony	1.5
zręcznie	1.5
zręczny	1.5
zubożała	-1.5
zuchwały	-1.5
zwierzchnictwo	1.5
zwierzchnik	1.5
zwierzęcy	-1.5
zwieść	-1.5
zwinięty	-1.5
zwinność	1.5
zwinny	1.5
zwiększa	1.5
zwiększać	1.5
zwięzły	1.5
zwięźle	1.5
zwolennicy	1.5
zwolnień	-1.5
zwolnił	-1.5
zwrotny	1.5
zwycięski	1.5
zwycięstwo	1.5
zwycięzca	1.5
zwycięzcy	1.5
zwyrodnienie	-1.5
zwłoka	-1.5
zyski	1.5
zyskuje	1.5
zła	-1.5
złagodzenie	1.5
złagodził	1.5
złamanie	-1.5
złamany	-1.5
złamać	-1.5
złamał	-1.5
złe	-1.5
zło	-1.5
złocisty	1.5
złota	1.5
złote	1.5
złoto	1.5
złoty	1.5
złośliwość	-1.5
złośliwy	-1.5
złość	-1.5
złudzenie	-1.5
złudzeń	-1.5
zły	-1.5
ładnie	1.5
ładny	1.5
łagodzi	1.5
łagodzić	1.5
łamać	-1.5
łapać	-1.5
łaska	1.5
łaskawie	1.5
łaskawy	1.5
łatwiejsze	1.5
łatwo	1.5
łatwość	1.5
łatwy	1.5
łopata	-1.5
łuk	-1.5
łup	-1.5
łóżko	-1.5
ścisły	-1.5
ściąć	-1.5
ślad	-1.5
ślady	-1.5
ślepy	-1.5
ślimak	-1.5
śmiałość	1.5
śmiały	1.5
śmieci	-1.5
śmiertelnie	-1.5
śmiertelny	-1.5
śmierć	-1.5
śmiesznie	-1.5
śmieszność	-1.5
śmieszny	-1.5
śmietnik	-1.5
śmieć	-1.5
średni	-1.5
świecki	-1.5
świecący	1.5
świetlny	1.5
świetnie	1.5
świetność	1.5
świetny	1.5
świeżość	1.5
świeży	1.5
świnia	-1.5
świnie	-1.5
świt	1.5
świąd	-1.5
świąteczne	1.5
świąteczny	1.5
święcić	1.5
święta	1.5
świętować	1.5
święty	1.5
źle	-1.5
żal	-1.5
żale	-1.5
żarliwie	1.5
żarliwy	1.5
żart	-1.5
żartobliwy	1.5
żartować	-1.5
żałoba	-1.5
żałobny	-1.5
żałoby	-1.5
żałosny	-1.5
żałować	-1.5
żałuje	-1.5
żebrak	-1.5
żeglowny	1.5
żelazny	-1.5
żmija	-1.5
żrący	-1.5
życzliwość	1.5
życzliwy	1.5
żyrandol	1.5
żywiołowy	1.5
żywić	-1.5
żywopłot	-1.5
żywy	1.5
żyzny	1.5
żółć	-1.5
żądło	-1.5
