Buggy	-1.5
Calvário	-1.5
Diabo	-1.5
Inspirado	1.5
Nêmesis	-1.5
Paraíso	1.5
Parreira	-1.5
Premier	1.5
Punk	-1.5
Satanás	-1.5
Satã	-1.5
abandonado	-1.5
abandonar	-1.5
abandono	-1.5
abater	-1.5
abatido	-1.5
abatidos	-1.5
abençoar	1.5
aberração	-1.5
abertamente	1.5
abertura	1.5
abismo	-1.5
abolir	-1.5
abominável	-1.5
aborrecido	-1.5
aborrecimento	-1.5
abortado	-1.5
abortar	-1.5
aborto	-1.5
abrandar	1.5
abrangente	1.5
abrasivo	-1.5
abraçar	1.5
abraço	1.5
abrigando	-1.5
abrigar	-1.5
abruptamente	-1.5
abrupto	-1.5
absurdamente	-1.5
absurdo	-1.5
abundante	1.5
abundância	1.5
abusada	-1.5
abusado	-1.5
abusar	-1.5
abuse	-1.5
abusivo	-1.5
abuso	-1.5
abusos	-1.5
abóbora	-1.5
acalmar	1.5
acalmá	1.5
acaso	-1.5
acento	-1.5
acertar	-1.5
aceso	1.5
acessível	1.5
achatado	-1.5
ache	-1.5
acidentado	-1.5
acidental	-1.5
acidente	-1.5
acidentes	-1.5
aclamado	1.5
aclamar	1.5
aclamação	1.5
acolher	1.5
acolhimento	1.5
aconchegante	1.5
acrobacia	-1.5
acumular	-1.5
acurado	1.5
acusa	-1.5
acusador	-1.5
acusar	-1.5
acusação	-1.5
acusações	-1.5
acérrimo	1.5
adaptativo	1.5
adaptável	1.5
adequado	1.5
aderente	1.5
adiar	1.5
adivinhar	1.5
adjacente	-1.5
admirador	1.5
admirar	1.5
admiração	1.5
admirável	1.5
admissível	1.5
admitiu	-1.5
adocicado	1.5
adorado	1.5
adorar	1.5
adoração	1.5
adorável	1.5
adulterado	-1.5
advanced	1.5
adversidade	-1.5
adverso	-1.5
adversário	-1.5
advertido	-1.5
advertência	-1.5
advogada	1.5
advogado	1.5
advogou	1.5
afastar	-1.5
afecção	1.5
afeição	1.5
afeto	1.5
afetuoso	1.5
afiado	1.5
afinidade	1.5
afirmar	1.5
afirmativo	1.5
afirmação	1.5
afluente	1.5
afluência	1.5
afogamento	-1.5
afogar	-1.5
afronta	-1.5
afrontar	-1.5
afundado	-1.5
afundamento	-1.5
afundar	-1.5
afável	1.5
agarrar	-1.5
agilidade	1.5
agitar	-1.5
agonia	-1.5
agonizante	-1.5
agrada	1.5
agradar	1.5
agradecer	1.5
agradecido	1.5
agradecimento	1.5
agradável	1.5
agravamento	-1.5
agravante	-1.5
agravar	-1.5
agressividade	-1.5
agressivo	-1.5
agressor	-1.5
agressão	-1.5
agudo	1.5
ajuda	1.5
ajudar	1.5
ajudou	1.5
ajustável	1.5
alargamento	-1.5
alarmante	-1.5
alarme	-1.5
alavancar	1.5
aleatoriamente	-1.5
aleatório	-1.5
alegar	-1.5
alegação	-1.5
alegações	-1.5
alegrar	1.5
alegre	1.5
alegremente	1.5
alegria	1.5
aleijado	-1.5
alergia	-1.5
alergias	-1.5
alheio	-1.5
alienado	-1.5
alienar	-1.5
alienação	-1.5
alimentando	1.5
alimento	1.5
aliviando	1.5
aliviar	1.5
almofada	1.5
alta	-1.5
altivo	-1.5
alto	-1.5
altruísta	1.5
alucinação	-1.5
alvorada	1.5
alvorecer	1.5
alvoroço	-1.5
alçapão	-1.5
alívio	1.5
ama	1.5
amada	1.5
amado	1.5
amadurecer	1.5
amaldiçoado	-1.5
amanhecer	1.5
amar	1.5
amargamente	-1.5
amargo	-1.5
amargura	-1.5
ambicioso	1.5
ambiguidade	-1.5
ambivalente	-1.5
ambíguo	-1.5
ameaça	-1.5
ameaçador	-1.5
ameaçar	-1.5
ameaças	-1.5
amigavelmente	1.5
amigável	1.5
amistoso	1.5
amo	1.5
amor	1.5
amoroso	1.5
amortecedor	-1.5
amplamente	1.5
amplo	1.5
amável	1.5
analfabeto	-1.5
anarquia	-1.5
anarquismo	-1.5
anarquista	-1.5
angariar	-1.5
angelical	1.5
angustiado	-1.5
angústia	-1.5
animado	1.5
animador	1.5
animar	1.5
animosidade	-1.5
aniquilar	-1.5
aniquilação	-1.5
anjo	1.5
anomalia	-1.5
anormal	-1.5
anseio	-1.5
ansiedade	-1.5
ansiosamente	-1.5
antagonismo	-1.5
antagonista	-1.5
antipatia	-1.5
antiquado	-1.5
anular	-1.5
anunciar	-1.5
anão	-1.5
apagar	-1.5
apaixonadamente	1.5
apaixonado	1.5
aparecer	1.5
apatia	-1.5
apelar	1.5
apelo	-1.5
aperfeiçoar	1.5
aplaudir	1.5
apocalipse	-1.5
apocalíptico	-1.5
apoiador	1.5
apoiar	1.5
apoio	1.5
apologista	-1.5
apologistas	-1.5
appeal	1.5
aprecia	1.5
apreciado	1.5
apreciando	1.5
apreciar	1.5
apreciável	1.5
apreensão	-1.5
apressadamente	-1.5
apressado	-1.5
apressar	-1.5
aprimorada	1.5
aprimoramento	1.5
aprisionamento	-1.5
aprisionar	-1.5
aprontar	1.5
apropriado	1.5
aprovado	1.5
aprovar	1.5
aprovação	1.5
aproveitar	1.5
aproximadamente	-1.5
aptidão	-1.5
apuradas	1.5
apático	-1.5
apóia	1.5
aquecedor	1.5
aquecer	1.5
aquecimento	1.5
arbitrária	-1.5
arbitrário	-1.5
arcaico	-1.5
arcano	-1.5
ardente	1.5
ardentemente	1.5
arder	-1.5
ardor	1.5
arenoso	-1.5
argumento	-1.5
armadilha	-1.5
arranhão	-1.5
arranhões	-1.5
arrasador	-1.5
arrasar	-1.5
arrastado	-1.5
arrastar	-1.5
arrasto	-1.5
arrebatamento	1.5
arrecadou	-1.5
arrefecer	1.5
arrependimento	-1.5
arriscado	-1.5
arriscar	-1.5
arrogante	-1.5
arrogância	-1.5
arrojado	1.5
arruinado	-1.5
arruinando	-1.5
arruinar	-1.5
arrumado	1.5
arrumar	1.5
articulado	1.5
articular	1.5
artificial	-1.5
artifício	-1.5
aspirar	1.5
aspiração	1.5
aspirações	1.5
assaltar	-1.5
assalto	-1.5
assassina	-1.5
assassinado	-1.5
assassinar	-1.5
assassinato	-1.5
assassino	-1.5
assassínio	-1.5
assediado	-1.5
assediar	-1.5
assegurando	1.5
assegurar	1.5
assobio	-1.5
assombrar	-1.5
assombro	1.5
assustado	-1.5
assustador	-1.5
assustadora	-1.5
assustar	-1.5
assédio	-1.5
astuto	-1.5
atacante	-1.5
atacar	-1.5
ataque	-1.5
ataques	-1.5
atencioso	1.5
atender	1.5
atento	1.5
atenuar	-1.5
atenção	-1.5
aterrorizar	-1.5
atestar	1.5
atingida	-1.5
atingido	-1.5
atirada	-1.5
atirar	-1.5
ativo	1.5
atormentado	-1.5
atormentar	-1.5
atraente	1.5
atrapalhado	-1.5
atrapalhar	-1.5
atrasado	-1.5
atrasar	-1.5
atraso	-1.5
atrasos	-1.5
atrativo	1.5
atração	1.5
atrito	-1.5
atrocidades	-1.5
atrofia	-1.5
atroz	-1.5
attack	-1.5
attacks	-1.5
atualizado	1.5
audiência	-1.5
audível	1.5
aumenta	1.5
aumentar	1.5
aurora	1.5
austera	-1.5
austero	-1.5
ausência	-1.5
autocrático	-1.5
autoritário	-1.5
autorizado	1.5
autorizar	1.5
autêntico	1.5
autônoma	1.5
autônomo	1.5
auxílio	1.5
available	1.5
avalanche	-1.5
avançado	1.5
avanço	1.5
avanços	1.5
avaria	-1.5
aventureiro	1.5
aversão	-1.5
avesso	-1.5
avidamente	1.5
avisar	-1.5
aviso	-1.5
award	1.5
awards	1.5
azar	-1.5
azarado	-1.5
azedo	-1.5
açougueiro	-1.5
aéreo	-1.5
babaca	-1.5
bad	-1.5
badalado	-1.5
bagunça	-1.5
baixo	-1.5
banal	-1.5
banca	-1.5
bancarrota	-1.5
banco	-1.5
bandido	-1.5
bandidos	-1.5
banha	-1.5
banimento	-1.5
banir	-1.5
barata	1.5
barato	1.5
barganha	1.5
barulhento	-1.5
barulho	-1.5
basta	1.5
bastante	1.5
bastardo	-1.5
bastardos	-1.5
batendo	-1.5
bater	-1.5
batida	-1.5
baço	-1.5
beautiful	1.5
beauty	1.5
beber	1.5
bela	1.5
beleza	1.5
beligerante	-1.5
beligerantes	-1.5
belo	1.5
bem	1.5
beneficente	1.5
beneficiar	1.5
beneficiário	1.5
benefício	1.5
benefícios	1.5
benevolente	1.5
benevolência	1.5
benfeitor	1.5
benéfico	1.5
best	1.5
besteira	-1.5
better	1.5
bicho	-1.5
birra	-1.5
bizarro	-1.5
blasfêmia	-1.5
blind	-1.5
bloqueio	-1.5
bloqueios	-1.5
boa	1.5
boato	-1.5
bobagem	-1.5
bobo	-1.5
boicotar	-1.5
boicote	-1.5
bolha	-1.5
bolhas	-1.5
bom	1.5
bomb	-1.5
bomba	-1.5
bombardeamento	-1.5
bombardear	-1.5
bombear	-1.5
bondade	1.5
bonita	1.5
bonitinho	1.5
bonito	1.5
bonus	1.5
boom	1.5
bovino	1.5
box	-1.5
brando	-1.5
bravura	1.5
break	-1.5
breaking	-1.5
breaks	-1.5
brecha	-1.5
brega	-1.5
brigar	-1.5
brilhando	1.5
brilhante	1.5
brilhantemente	1.5
brilhar	1.5
brilho	1.5
brincalhão	1.5
brisa	1.5
bronca	-1.5
bruscamente	-1.5
brusco	-1.5
bruta	-1.5
brutal	-1.5
brutalidade	-1.5
brutalmente	-1.5
bruto	-1.5
bug	-1.5
bugs	-1.5
bullying	-1.5
bunda	-1.5
buraco	-1.5
burla	-1.5
burlesco	-1.5
burrice	-1.5
burro	-1.5
busto	-1.5
bustos	-1.5
bárbaro	-1.5
bélico	-1.5
bêbado	-1.5
bênção	1.5
bônus	1.5
cadeia	-1.5
cadela	-1.5
cafetão	-1.5
cair	-1.5
caiu	-1.5
calabouço	-1.5
calada	1.5
calado	1.5
calamidade	-1.5
calamidades	-1.5
calha	-1.5
calma	1.5
calmaria	-1.5
calmo	1.5
calor	1.5
calorosamente	1.5
calouro	1.5
calúnia	-1.5
campeão	1.5
cancelar	-1.5
cancer	-1.5
canibal	-1.5
cansada	-1.5
cansado	-1.5
cansar	-1.5
cansativo	-1.5
canção	1.5
caos	-1.5
capacidade	1.5
capaz	1.5
capitular	-1.5
capitão	1.5
capturar	-1.5
caracteristicamente	-1.5
carbúnculo	-1.5
carece	-1.5
carestia	-1.5
carga	-1.5
caricatura	-1.5
caridade	1.5
carinho	1.5
carinhoso	1.5
carisma	1.5
carismático	1.5
carnificina	-1.5
caro	-1.5
carpa	-1.5
carril	-1.5
cassar	-1.5
castigar	-1.5
castrado	-1.5
casual	-1.5
cataclismo	-1.5
catastrófico	-1.5
cativante	1.5
catástrofe	-1.5
catástrofes	-1.5
causou	-1.5
cauteloso	-1.5
cavar	-1.5
cave	-1.5
caverna	-1.5
cavidade	-1.5
caído	-1.5
caótico	-1.5
cego	-1.5
celebrado	1.5
celebrar	1.5
celebração	1.5
celeste	1.5
celestial	1.5
censura	-1.5
censurar	-1.5
centelha	1.5
cercar	-1.5
cerco	-1.5
certo	1.5
cesta	-1.5
ceticismo	-1.5
chamativo	1.5
champion	1.5
chance	1.5
chantagear	-1.5
chantagem	-1.5
charlatão	-1.5
charme	1.5
charmoso	1.5
chateado	-1.5
chato	-1.5
cheio	-1.5
cheira	-1.5
cheirar	-1.5
cheiro	-1.5
chicote	-1.5
chique	1.5
chocada	-1.5
chocado	-1.5
chocados	-1.5
chocalho	-1.5
chocante	-1.5
chocar	-1.5
choque	-1.5
chorar	-1.5
choro	-1.5
chumbo	1.5
cicatriz	-1.5
cicatrizes	-1.5
cilada	-1.5
cima	1.5
cinismo	-1.5
cio	-1.5
cisto	-1.5
ciumento	-1.5
civilidade	1.5
ciúme	-1.5
ciúmes	-1.5
clamar	1.5
clamor	-1.5
claramente	1.5
clarear	1.5
clareza	1.5
claridade	1.5
claro	1.5
classic	1.5
clean	1.5
clear	1.5
clichê	-1.5
clique	-1.5
cloud	-1.5
clássico	1.5
cobrir	1.5
coceira	-1.5
coerente	1.5
coerção	-1.5
coerência	1.5
coeso	1.5
cofre	1.5
colapso	-1.5
cold	-1.5
colidindo	-1.5
colidir	-1.5
colisão	-1.5
collapse	-1.5
colorido	1.5
combativo	-1.5
comemorado	1.5
comemoração	1.5
comer	-1.5
começo	1.5
como	1.5
comodidade	1.5
comovente	1.5
comoção	-1.5
compact	1.5
compactar	1.5
compatível	1.5
competitivo	1.5
complementa	1.5
complementadas	1.5
complementar	1.5
complemento	1.5
completamente	-1.5
complex	-1.5
complexo	-1.5
complicada	-1.5
complicado	-1.5
complicação	-1.5
complô	-1.5
compreender	-1.5
compreensivo	1.5
compreensível	1.5
comprometido	-1.5
compromisso	1.5
comprovado	1.5
compulsive	-1.5
compulsivo	-1.5
compulsão	-1.5
comum	-1.5
conceber	-1.5
concede	-1.5
concessão	-1.5
concessões	-1.5
conciliador	1.5
conciliar	1.5
conciso	1.5
concorrer	1.5
condena	-1.5
condenado	-1.5
condenar	-1.5
condenação	-1.5
condição	-1.5
conduzir	1.5
condução	1.5
confessar	-1.5
confiabilidade	1.5
confiando	1.5
confiança	1.5
confiar	1.5
confidente	1.5
confinado	-1.5
confiscado	-1.5
confiscar	-1.5
confissão	-1.5
confissões	-1.5
confiável	1.5
conflict	-1.5
conflito	-1.5
conflitos	-1.5
confortavelmente	1.5
conforto	1.5
confortável	1.5
confrontar	-1.5
confronto	-1.5
confunde	-1.5
confundido	-1.5
confundidos	-1.5
confundir	-1.5
confusa	-1.5
confuso	-1.5
confusão	-1.5
confusões	-1.5
congelada	-1.5
congelado	-1.5
congelamento	-1.5
congelar	-1.5
congelação	-1.5
congelou	-1.5
congestionamento	-1.5
conhecido	1.5
conluio	-1.5
conservador	-1.5
considerar	1.5
consideração	1.5
consistente	1.5
consistentemente	1.5
consolar	1.5
consolo	1.5
conspirador	-1.5
conspirar	-1.5
conspiração	-1.5
conspirações	-1.5
consternação	-1.5
constipação	-1.5
constrangimento	-1.5
construtivo	1.5
consumado	1.5
consumar	1.5
contaminado	-1.5
contaminando	-1.5
contaminar	-1.5
contaminação	-1.5
contencioso	-1.5
contentamento	1.5
contente	1.5
contenção	-1.5
contestar	-1.5
continuidade	1.5
contra	-1.5
contraditório	-1.5
contradizer	-1.5
contradição	-1.5
contrariar	-1.5
contrato	1.5
contratorpedeiro	-1.5
contribuição	1.5
contribution	1.5
controverso	-1.5
controvérsia	-1.5
contundente	-1.5
contusão	-1.5
contusões	-1.5
convencido	-1.5
conveniente	1.5
convenientemente	1.5
conveniência	1.5
convincente	1.5
cool	1.5
cooperativo	1.5
coragem	1.5
corajosa	-1.5
corajosamente	1.5
corajoso	1.5
coringa	-1.5
correct	1.5
corrente	-1.5
corretamente	1.5
correto	1.5
correção	1.5
corrida	-1.5
corrigir	1.5
corromper	-1.5
corrosivo	-1.5
corrosão	-1.5
corrupto	-1.5
corrupção	-1.5
cortante	-1.5
cortar	-1.5
cortejar	1.5
cortesia	1.5
cortês	1.5
covarde	-1.5
coxo	-1.5
cozido	-1.5
crack	-1.5
craque	-1.5
crash	-1.5
crasso	-1.5
criado	-1.5
criador	1.5
criativa	1.5
criativo	1.5
crime	-1.5
crimes	-1.5
criminal	-1.5
criminosa	-1.5
criminoso	-1.5
crioulo	-1.5
crise	-1.5
crisis	-1.5
criticada	-1.5
critical	-1.5
criticar	-1.5
cru	-1.5
cruel	-1.5
crueldade	-1.5
cruelmente	-1.5
crédito	1.5
crítica	-1.5
críticas	-1.5
crítico	-1.5
críticos	-1.5
crível	1.5
crônico	-1.5
cu	-1.5
culpa	-1.5
culpado	-1.5
culpar	-1.5
cumprimentar	1.5
cumprimento	1.5
cunha	-1.5
cunho	-1.5
cura	1.5
curandeiro	-1.5
curar	1.5
curinga	-1.5
curva	-1.5
curvado	-1.5
curvar	-1.5
câncer	-1.5
célebre	1.5
cético	-1.5
céu	1.5
cênico	1.5
cínico	-1.5
cólera	-1.5
cômico	-1.5
cúmplices	-1.5
dado	-1.5
damage	-1.5
danificando	-1.5
danificar	-1.5
dano	-1.5
danos	-1.5
danoso	-1.5
dar	1.5
dark	-1.5
de	-1.5
dead	-1.5
death	-1.5
debandada	-1.5
debate	-1.5
debilitado	-1.5
deboche	-1.5
decadente	-1.5
decadência	-1.5
decair	-1.5
decente	1.5
decepcionante	-1.5
decepcionar	-1.5
decepção	-1.5
decepções	-1.5
decisivo	1.5
declinar	-1.5
declive	-1.5
declínio	-1.5
decomposição	-1.5
decência	1.5
dedicado	1.5
defeito	-1.5
defeitos	-1.5
defeituoso	-1.5
defender	1.5
defensiva	-1.5
defensive	-1.5
defensivo	-1.5
defensor	1.5
defensores	1.5
deferência	1.5
deficiente	-1.5
deficientes	-1.5
deficiência	-1.5
deficiências	-1.5
deformado	-1.5
deformar	-1.5
deformação	-1.5
defunto	-1.5
degenerado	-1.5
degenerar	-1.5
degeneração	-1.5
degradar	-1.5
degradação	-1.5
deitado	-1.5
delay	-1.5
deleite	1.5
deletar	-1.5
delicadeza	1.5
delicado	1.5
delicioso	1.5
delinquente	-1.5
delinquência	-1.5
delirante	-1.5
delírio	-1.5
delírios	-1.5
demandar	-1.5
demolir	-1.5
demoníaco	-1.5
demora	-1.5
demorar	-1.5
demónio	-1.5
demônio	-1.5
denegrir	-1.5
denso	-1.5
dente	-1.5
denúncia	-1.5
denúncias	-1.5
deplorável	-1.5
depreciativo	-1.5
depressão	-1.5
depressões	-1.5
deprimido	-1.5
derramando	-1.5
derramar	-1.5
derrota	1.5
derrotado	1.5
derrotando	1.5
derrotar	1.5
derrotas	1.5
derrubada	-1.5
derrubar	-1.5
desabamento	-1.5
desabar	-1.5
desabilitar	-1.5
desacordo	-1.5
desacreditar	-1.5
desafeto	-1.5
desafiador	-1.5
desafiante	-1.5
desafio	-1.5
desafogar	-1.5
desagradável	-1.5
desajeitado	-1.5
desanimado	-1.5
desapontado	-1.5
desapontamento	-1.5
desaprovação	-1.5
desarmar	-1.5
desastre	-1.5
desastroso	-1.5
desativar	-1.5
descida	-1.5
desclassificados	-1.5
desconcertante	-1.5
desconfiado	-1.5
desconfiança	-1.5
desconfiar	-1.5
desconforto	-1.5
desconfortável	-1.5
desconhecida	-1.5
desconhecido	-1.5
desconsiderado	-1.5
desconsiderar	-1.5
descontentamento	-1.5
descontente	-1.5
descontinuado	-1.5
descontinuidade	-1.5
descontraído	1.5
descontroladamente	-1.5
descontrolado	-1.5
descrença	-1.5
descrédito	-1.5
descuidado	-1.5
descuido	-1.5
desculpa	-1.5
desculpar	-1.5
desculpas	-1.5
desculpe	-1.5
desdém	-1.5
desejando	1.5
desejar	1.5
desejo	-1.5
desejoso	1.5
desejável	1.5
desempregado	-1.5
desencadear	-1.5
desencorajar	-1.5
desenvoltura	1.5
desequilíbrio	-1.5
desertar	-1.5
deserto	-1.5
deserção	-1.5
desesperadamente	-1.5
desesperado	-1.5
desespero	-1.5
desfavor	-1.5
desfavorecidos	-1.5
desfavorável	-1.5
desfazer	-1.5
desfeito	-1.5
desfez	-1.5
desfiladeiro	-1.5
desfrutado	1.5
desfrutar	1.5
desgastar	-1.5
desgosto	-1.5
desgostoso	-1.5
desgraça	-1.5
desigual	-1.5
desigualdade	-1.5
desigualdades	-1.5
desiludido	-1.5
desiludidos	-1.5
desilusão	-1.5
desintegra	-1.5
desintegrar	-1.5
desintegração	-1.5
desintegrou	-1.5
desinteressado	-1.5
desinteresse	-1.5
desistir	-1.5
desistências	-1.5
desleal	-1.5
deslealdade	-1.5
deslocada	-1.5
deslocado	-1.5
deslocar	-1.5
deslumbrante	1.5
desmaiar	-1.5
desmaio	-1.5
desmoronamento	-1.5
desmoronar	-1.5
desnecessariamente	-1.5
desnecessário	-1.5
desnecessários	-1.5
desobedecer	-1.5
desobediência	-1.5
desocupado	-1.5
desolado	-1.5
desolação	-1.5
desonesto	-1.5
desonra	-1.5
desordem	-1.5
desordenadamente	-1.5
desordenado	-1.5
desorganizado	-1.5
desorientado	-1.5
despedido	-1.5
despedir	-1.5
despeito	-1.5
despejado	-1.5
despejar	-1.5
despejo	-1.5
despercebido	-1.5
desperdiçado	-1.5
desperdiçar	-1.5
desperdício	-1.5
despistar	1.5
despojos	-1.5
desportivo	1.5
despotismo	-1.5
despreocupado	1.5
desprezado	-1.5
desprezar	-1.5
desprezo	-1.5
desprezível	-1.5
desprovido	-1.5
despótico	-1.5
desrespeitar	-1.5
desrespeito	-1.5
desrespeitoso	-1.5
destaca	1.5
destacado	1.5
destacou	1.5
destacável	1.5
destemido	1.5
desterro	-1.5
destinar	1.5
destino	1.5
destituído	-1.5
destreza	1.5
destro	1.5
destroyer	-1.5
destruidor	-1.5
destruir	-1.5
destruição	-1.5
destrutivo	-1.5
desumano	-1.5
desunião	-1.5
desvantagem	-1.5
desvantagens	-1.5
desviar	-1.5
desvio	-1.5
desânimo	-1.5
deter	-1.5
deteriorado	-1.5
deteriorando	-1.5
deteriorar	-1.5
deterioração	-1.5
detonar	-1.5
detrimento	-1.5
deturpação	-1.5
devagar	-1.5
devassa	-1.5
devastado	-1.5
devastador	-1.5
devastar	-1.5
devastação	-1.5
devoto	1.5
diabo	-1.5
diabólico	-1.5
diagonalmente	-1.5
diagrama	-1.5
diamante	-1.5
diametralmente	-1.5
diarréia	-1.5
die	-1.5
died	-1.5
dies	-1.5
difamar	-1.5
difamatório	-1.5
difamação	-1.5
dificilmente	-1.5
dificuldade	-1.5
dificuldades	-1.5
dificultar	-1.5
dignidade	1.5
digno	1.5
dilema	-1.5
diligente	1.5
diligência	1.5
dilúvio	-1.5
diminuindo	-1.5
din	-1.5
dinâmica	1.5
dinâmico	1.5
diplomático	1.5
dire	-1.5
direita	1.5
direito	1.5
direto	1.5
discorda	-1.5
discordando	-1.5
discordar	-1.5
discordaram	-1.5
discriminado	-1.5
discriminar	-1.5
discriminação	-1.5
discussão	-1.5
discutir	-1.5
discutível	-1.5
discórdia	-1.5
disorder	-1.5
disparate	1.5
dispendioso	-1.5
disponível	1.5
disposto	1.5
disputa	-1.5
disputado	-1.5
disputar	-1.5
disputas	-1.5
disruptivo	-1.5
dissidente	-1.5
dissidentes	-1.5
dissidência	-1.5
dissolução	-1.5
dissonante	-1.5
dissonância	-1.5
dissuadir	-1.5
distante	-1.5
distintivo	1.5
distinto	1.5
distinção	1.5
distorce	-1.5
distorcer	-1.5
distorcida	-1.5
distorção	-1.5
distraindo	-1.5
distrair	-1.5
distração	-1.5
distraído	-1.5
distúrbio	-1.5
ditador	-1.5
ditatorial	-1.5
divergente	-1.5
diversificado	1.5
diverso	-1.5
diversão	1.5
divertido	1.5
divertimento	1.5
divertir	1.5
dividir	-1.5
divinamente	1.5
divino	1.5
divisão	-1.5
diâmetro	-1.5
dobrado	-1.5
doce	1.5
doente	-1.5
doentio	-1.5
doença	-1.5
doer	-1.5
dogmático	-1.5
dolorosamente	-1.5
dom	-1.5
domina	1.5
dominado	1.5
domínio	1.5
dono	1.5
doom	-1.5
dor	-1.5
dores	-1.5
dormente	-1.5
dourada	1.5
dourado	1.5
doutrinação	-1.5
downhill	-1.5
doçura	1.5
drag	-1.5
dragão	-1.5
drasticamente	-1.5
drenado	-1.5
drenagem	-1.5
drenar	-1.5
dreno	-1.5
droga	-1.5
drástico	-1.5
dump	-1.5
dungeons	-1.5
duradouro	1.5
duramente	-1.5
dureza	-1.5
durável	1.5
duvidar	-1.5
duvido	-1.5
duvidoso	-1.5
débil	-1.5
déspota	-1.5
dívida	-1.5
dívidas	-1.5
dócil	1.5
dói	-1.5
dúvida	-1.5
dúvidas	-1.5
easy	1.5
ebulição	-1.5
economia	1.5
econômico	1.5
ecstasy	1.5
educado	1.5
efectivo	1.5
efervescência	1.5
efetivamente	1.5
eficaz	1.5
eficiente	1.5
eficientemente	1.5
eficiência	1.5
eficácia	1.5
efígie	-1.5
egoísmo	-1.5
egoísta	-1.5
elegante	1.5
elegantemente	1.5
elegância	1.5
elevar	1.5
elevação	1.5
eliminar	-1.5
eliminação	-1.5
elite	1.5
elogiar	1.5
elogio	1.5
elogios	1.5
eloquente	1.5
eloquência	1.5
elástico	1.5
emagrecer	-1.5
emanações	-1.5
emaranhado	-1.5
embalar	-1.5
embaraço	-1.5
embelezar	1.5
emboscada	-1.5
embriagado	-1.5
embuste	-1.5
emergência	-1.5
eminente	1.5
eminência	1.5
emissão	-1.5
emitir	-1.5
emocionante	1.5
emotivo	1.5
emoção	1.5
emoções	1.5
empatia	1.5
empenhar	-1.5
empobrecida	-1.5
empolgado	1.5
empolgante	1.5
empreendedor	1.5
empreendimento	-1.5
emprego	1.5
empurrar	-1.5
empurrão	-1.5
encaixar	-1.5
encalhado	-1.5
encantada	1.5
encantado	1.5
encantador	1.5
encantar	1.5
encanto	1.5
encorajamento	1.5
encorajar	1.5
encostar	1.5
endividado	1.5
endossar	1.5
endosso	1.5
endurecer	-1.5
endurecido	-1.5
energia	1.5
energético	1.5
enfaticamente	-1.5
enfermo	-1.5
enfraquecendo	-1.5
enfraquecer	-1.5
enfrentar	-1.5
enfureceu	-1.5
enfurecido	-1.5
enganado	-1.5
enganando	-1.5
enganar	-1.5
engano	-1.5
enganosa	-1.5
enganoso	-1.5
engenho	1.5
engenhoso	1.5
engolir	-1.5
engraçado	1.5
enigmático	-1.5
enlouquecer	-1.5
enorme	-1.5
enough	1.5
enredo	-1.5
enriquecer	1.5
enriquecimento	1.5
enrolar	1.5
ensopado	-1.5
entediado	-1.5
entrega	-1.5
entreter	1.5
entulho	-1.5
entusiasmada	1.5
entusiasmado	1.5
entusiasmo	1.5
entusiasta	1.5
entusiasticamente	1.5
envenenar	-1.5
envergonhado	-1.5
envergonhar	-1.5
envio	-1.5
envolta	-1.5
enxerto	-1.5
enérgico	1.5
epidemia	-1.5
equidade	1.5
equilibrado	1.5
equilíbrio	1.5
equivalente	1.5
equivocado	-1.5
equívoco	-1.5
equívocos	-1.5
ermo	-1.5
erosão	-1.5
erradamente	-1.5
erradicar	-1.5
errado	-1.5
errante	-1.5
errar	-1.5
erro	-1.5
erroneamente	-1.5
error	-1.5
erros	-1.5
errático	-1.5
errôneo	-1.5
erudito	1.5
erupção	-1.5
erupções	-1.5
esbelto	1.5
esboçado	-1.5
escandaloso	-1.5
escapar	-1.5
escape	-1.5
escassez	-1.5
escasso	-1.5
escavar	-1.5
esclarecedor	1.5
escrava	-1.5
escravidão	-1.5
escravizar	-1.5
escravo	-1.5
escravos	-1.5
escrúpulos	-1.5
escurecer	-1.5
escuridão	-1.5
escuro	-1.5
escárnio	-1.5
escândalo	-1.5
escândalos	-1.5
escória	-1.5
esfaquear	-1.5
esforçando	1.5
esforço	-1.5
esfriar	-1.5
esgotado	-1.5
esgotar	-1.5
esmagado	-1.5
esmagador	-1.5
esmagamento	-1.5
esmagar	-1.5
esmero	1.5
esnobe	-1.5
espada	-1.5
espalhar	-1.5
espancamento	-1.5
espanto	1.5
espantoso	1.5
espaço	1.5
espaçoso	1.5
especialmente	-1.5
esperto	1.5
espessa	-1.5
espetacular	1.5
espinhoso	-1.5
espiritual	1.5
espirituoso	1.5
esplendor	1.5
espontâneo	1.5
esporádico	-1.5
espreita	-1.5
espumante	1.5
esquecido	-1.5
esqueleto	-1.5
esqueletos	-1.5
esquentar	1.5
esquisito	-1.5
essencial	1.5
estabilidade	1.5
estabilizar	1.5
estagnado	-1.5
estagnação	-1.5
estalo	-1.5
estar	-1.5
estelar	1.5
estereotipada	-1.5
estereótipo	-1.5
esticado	-1.5
esticar	-1.5
estigma	-1.5
estilizado	1.5
estilo	-1.5
estimar	1.5
estimula	1.5
estimulando	1.5
estimulante	-1.5
estimular	1.5
estola	-1.5
estonteante	1.5
estragado	-1.5
estragar	-1.5
estrago	-1.5
estrangeiro	-1.5
estrangulamento	-1.5
estrangular	-1.5
estranhamente	-1.5
estranhar	1.5
estranho	-1.5
estratagema	-1.5
estreito	-1.5
estressante	-1.5
estresse	-1.5
estridente	-1.5
estritamente	-1.5
estrito	-1.5
estupidez	-1.5
estuprar	-1.5
estupro	-1.5
estábulo	1.5
estábulos	-1.5
estático	-1.5
estável	1.5
estéril	-1.5
estúpido	-1.5
eterna	1.5
eternas	1.5
eternidade	1.5
eterno	1.5
eternos	1.5
euforia	1.5
evadir	-1.5
evasão	-1.5
evil	-1.5
evitado	-1.5
evitar	-1.5
evocativo	1.5
exagerada	-1.5
exagerar	-1.5
exagero	-1.5
exaltação	1.5
exatamente	1.5
exato	1.5
exausto	-1.5
exaustão	-1.5
excede	1.5
excedente	-1.5
exceder	1.5
excedido	1.5
excelente	1.5
excelência	1.5
excentricidade	-1.5
excepcional	1.5
excepcionalmente	1.5
excessivamente	-1.5
excesso	-1.5
excitada	1.5
excitado	1.5
excitar	1.5
excitação	1.5
excluir	-1.5
exclusão	-1.5
excêntrica	-1.5
excêntricas	-1.5
excêntrico	-1.5
excêntricos	-1.5
exemplar	1.5
exigente	-1.5
exilado	-1.5
exilar	-1.5
exorbitante	-1.5
expansivo	1.5
expelir	-1.5
experiente	1.5
experimental	-1.5
expirado	-1.5
expirar	-1.5
explode	-1.5
explodir	-1.5
explorar	-1.5
exploração	-1.5
explosivo	-1.5
explosão	-1.5
explosões	-1.5
expropriação	-1.5
expulsar	-1.5
exterior	-1.5
exterminar	-1.5
extinguir	-1.5
extinto	-1.5
extorquir	-1.5
extorsão	-1.5
extraordinariamente	1.5
extraordinário	1.5
extravagância	-1.5
extremismo	-1.5
extremista	-1.5
extremistas	-1.5
exuberante	1.5
exuberância	1.5
exílio	-1.5
fabricar	-1.5
fabricação	-1.5
fabulosa	1.5
fabuloso	1.5
faca	-1.5
facada	-1.5
facilidade	1.5
facilita	1.5
facilitado	1.5
facilitar	1.5
facilmente	1.5
fadiga	-1.5
fair	1.5
faith	1.5
fake	-1.5
falecer	-1.5
falha	-1.5
falhar	-1.5
falhas	-1.5
falho	-1.5
falido	-1.5
falir	-1.5
fall	-1.5
falsamente	-1.5
false	-1.5
falsidade	-1.5
falsificado	-1.5
falsificar	-1.5
falsificação	-1.5
falso	-1.5
falta	-1.5
faltar	-1.5
faltava	-1.5
falácia	-1.5
falácias	-1.5
fama	1.5
faminto	-1.5
famoso	1.5
fanatismo	-1.5
fanfarra	1.5
fans	1.5
fantasia	1.5
fantasioso	-1.5
fantoche	-1.5
fantoches	-1.5
fantástico	1.5
fanática	-1.5
fanático	-1.5
fanáticos	-1.5
fardo	-1.5
faro	-1.5
farsa	-1.5
farto	1.5
fascinante	1.5
fascinação	1.5
fascismo	-1.5
fascista	-1.5
fast	1.5
fatal	-1.5
fatalmente	-1.5
fatídico	-1.5
favela	-1.5
favor	1.5
favorecer	1.5
favorecido	1.5
favorita	1.5
favorito	1.5
favorável	1.5
feat	1.5
febre	-1.5
febres	-1.5
febril	-1.5
feia	-1.5
feio	-1.5
feira	1.5
feito	1.5
felicidade	1.5
feliz	1.5
felizmente	1.5
fenda	-1.5
fendas	-1.5
fenomenal	1.5
ferida	-1.5
feridas	-1.5
ferimento	-1.5
ferir	-1.5
ferocidade	-1.5
feroz	-1.5
ferrugem	-1.5
ferver	-1.5
fervor	1.5
fervura	-1.5
festivo	1.5
fezes	-1.5
fiança	1.5
fiasco	-1.5
fiction	-1.5
fictício	-1.5
ficção	-1.5
fidelidade	1.5
fiel	1.5
fielmente	1.5
filete	-1.5
fim	-1.5
finamente	1.5
fine	1.5
fingir	-1.5
fino	1.5
firmar	1.5
firme	1.5
firmemente	1.5
fiscalização	-1.5
fissura	-1.5
fissuras	-1.5
fivela	-1.5
fiável	1.5
flagelo	-1.5
flagrante	-1.5
flertar	-1.5
flerte	-1.5
flexibilidade	1.5
flexível	1.5
flor	1.5
floração	1.5
florescente	1.5
florescer	1.5
fluente	1.5
flutuante	1.5
fluxo	-1.5
fobia	-1.5
fofo	1.5
fofoca	-1.5
foge	-1.5
folga	1.5
fome	-1.5
fonte	1.5
foragido	-1.5
forasteiro	-1.5
forjado	-1.5
formidável	1.5
formigueiro	-1.5
forte	1.5
fortuito	1.5
fortuna	1.5
fosco	-1.5
fracassado	-1.5
fracassar	-1.5
fracasso	-1.5
fraco	-1.5
fragmentado	-1.5
fragmento	-1.5
franco	1.5
fraqueza	-1.5
fraquezas	-1.5
fraternal	1.5
fratura	-1.5
fraudar	-1.5
fraude	-1.5
fraudes	-1.5
fraudulento	-1.5
free	1.5
frenesi	-1.5
freneticamente	-1.5
frenético	-1.5
freqüente	-1.5
fresca	1.5
fresco	1.5
friamente	-1.5
fricção	-1.5
frito	-1.5
fronteiriço	-1.5
frouxo	-1.5
frustrado	-1.5
frustrante	-1.5
frustrar	-1.5
frustração	-1.5
frustrações	-1.5
frutífero	1.5
frágil	-1.5
fuck	-1.5
fuga	-1.5
fugaz	-1.5
fugindo	-1.5
fugir	-1.5
fugitivo	-1.5
fumar	-1.5
fumaça	-1.5
fumble	-1.5
fumo	-1.5
fun	1.5
funcionar	1.5
fundamentado	1.5
fundamentalismo	-1.5
fundir	-1.5
fundição	-1.5
funky	-1.5
furado	-1.5
furar	-1.5
furiosamente	-1.5
furioso	-1.5
furor	-1.5
furos	-1.5
furtar	-1.5
furto	-1.5
furão	-1.5
fusão	-1.5
futilidade	-1.5
futurista	1.5
fácil	1.5
fãs	1.5
fé	1.5
fértil	1.5
fúria	-1.5
fútil	-1.5
gagueira	-1.5
galinha	-1.5
galo	-1.5
galã	1.5
ganancioso	-1.5
gangster	-1.5
ganha	1.5
ganhador	1.5
ganhando	1.5
ganhar	1.5
ganho	1.5
ganhos	1.5
ganhou	1.5
ganância	-1.5
garantia	1.5
garantias	1.5
garantir	1.5
garra	-1.5
gasto	-1.5
geada	-1.5
gelado	-1.5
geléia	-1.5
gema	1.5
gemas	1.5
generosa	1.5
generosamente	1.5
generosidade	1.5
generoso	1.5
genial	1.5
genocídio	-1.5
gentil	1.5
gentileza	1.5
genuíno	1.5
gimmick	-1.5
glorificar	1.5
glorioso	1.5
glória	1.5
gold	1.5
golden	1.5
golpe	-1.5
golpear	-1.5
good	1.5
gordo	-1.5
gordura	-1.5
gorduroso	-1.5
gosma	-1.5
gosta	1.5
gostar	1.5
gostei	1.5
gosto	1.5
gostosa	1.5
goza	1.5
gozar	1.5
gozo	1.5
graciosamente	1.5
gracioso	1.5
grade	-1.5
grampo	-1.5
grand	1.5
grande	1.5
grandeza	1.5
grandioso	1.5
granizo	1.5
granulado	-1.5
gratidão	1.5
gratificante	1.5
gratificação	1.5
grato	1.5
gratuitamente	1.5
gratuito	1.5
grave	-1.5
gravemente	-1.5
gravidade	-1.5
graxa	-1.5
graça	1.5
great	1.5
greatest	1.5
grelha	-1.5
greve	-1.5
gripe	-1.5
gritar	-1.5
grito	-1.5
grosseira	-1.5
grosseiramente	-1.5
grosseiro	-1.5
grosso	-1.5
grotesco	-1.5
gráfico	-1.5
grátis	1.5
guerreiro	1.5
gueto	-1.5
guiar	1.5
guincho	-1.5
gângster	-1.5
gênio	1.5
habilidade	1.5
habilidoso	1.5
habilmente	1.5
hack	-1.5
happy	1.5
hard	-1.5
harmonia	1.5
harmoniosamente	1.5
harmonioso	1.5
harmonizar	1.5
haste	-1.5
hediondo	-1.5
hedonista	-1.5
hegemonia	-1.5
hell	-1.5
hemorragia	-1.5
herege	-1.5
heresia	-1.5
hero	1.5
heroicamente	1.5
heroína	1.5
herético	-1.5
herói	1.5
heróica	1.5
heróico	1.5
hesitante	-1.5
heterodoxo	-1.5
hilário	1.5
hipocrisia	-1.5
hipócrita	-1.5
histeria	-1.5
hoax	-1.5
homenageado	1.5
homenagem	1.5
homicida	-1.5
homicídio	-1.5
honesta	1.5
honestidade	1.5
honesto	1.5
honor	1.5
honra	1.5
honrado	1.5
honrando	1.5
honrar	1.5
honroso	1.5
horda	-1.5
horrorizado	-1.5
horrível	-1.5
hospitaleiro	1.5
hostil	-1.5
hostilidade	-1.5
hostilidades	-1.5
hot	1.5
hum	-1.5
humano	1.5
humildade	1.5
humildemente	-1.5
humilhante	-1.5
humilhação	-1.5
humor	1.5
hábil	1.5
húmido	-1.5
ideal	1.5
idealmente	1.5
idiota	-1.5
idiotas	-1.5
ignorante	-1.5
ignorar	-1.5
ignore	-1.5
ignorância	-1.5
ilegal	-1.5
ilegalidade	-1.5
ilegalmente	-1.5
ilegítimo	-1.5
ilegível	-1.5
ilimitado	1.5
iludir	-1.5
iluminar	1.5
iluminação	1.5
ilustre	1.5
ilusão	-1.5
ilusório	-1.5
ilusões	-1.5
ilícito	-1.5
imaginativo	1.5
imaginário	-1.5
imaterial	-1.5
imaturo	-1.5
imbecil	-1.5
imediatamente	1.5
imediato	1.5
imenso	1.5
iminente	-1.5
imitar	-1.5
imitação	-1.5
imobilizado	-1.5
imobilizar	-1.5
imoral	-1.5
imoralidade	-1.5
impaciente	-1.5
impaciência	-1.5
imparcial	1.5
imparcialidade	1.5
impasse	-1.5
impecável	1.5
impede	-1.5
impedimento	-1.5
impedir	-1.5
impedância	-1.5
impensável	-1.5
imperfeito	-1.5
imperfeição	-1.5
imperfeições	-1.5
imperialista	-1.5
impessoal	-1.5
impetuoso	-1.5
impiedosamente	-1.5
impiedoso	-1.5
implacavelmente	-1.5
implacável	-1.5
implicar	-1.5
implicação	-1.5
implorando	-1.5
implorar	-1.5
implícito	-1.5
impopular	-1.5
impor	-1.5
important	1.5
importante	1.5
imposição	-1.5
impossível	-1.5
impostor	-1.5
impotente	-1.5
impraticável	-1.5
impreciso	-1.5
imprecisão	-1.5
imprecisões	-1.5
impressiona	1.5
impressionado	1.5
impressionante	1.5
impressionar	1.5
impressão	1.5
imprevisto	-1.5
imprevisível	-1.5
imprimir	1.5
impropriamente	-1.5
improvisado	-1.5
improvável	-1.5
imprudência	-1.5
impróprio	-1.5
impugnar	-1.5
impulsionar	1.5
impulsivo	-1.5
impulso	1.5
impunidade	-1.5
impureza	-1.5
impuro	-1.5
imóvel	-1.5
inacabado	-1.5
inaceitável	-1.5
inacessível	-1.5
inadequadamente	-1.5
inadequado	-1.5
inadequação	-1.5
inanição	-1.5
inapropriado	-1.5
inativo	-1.5
incapacidade	-1.5
incapacitar	-1.5
incapaz	-1.5
incendiário	-1.5
incenso	-1.5
incentivar	1.5
incerteza	-1.5
incerto	-1.5
incessante	-1.5
incessantemente	-1.5
inchado	-1.5
inchaço	-1.5
incisivo	1.5
inclinar	1.5
incoerente	-1.5
incomoda	-1.5
incomodado	-1.5
incomodando	-1.5
incomodar	-1.5
incomparável	1.5
incompatibilidade	-1.5
incompatível	-1.5
incompetente	-1.5
incompetência	-1.5
incompleto	-1.5
incompreensível	-1.5
incomum	-1.5
inconcebível	-1.5
incondicional	1.5
inconsciente	-1.5
inconsistente	-1.5
inconsistência	-1.5
inconsistências	-1.5
inconstante	-1.5
inconstitucional	-1.5
incontestável	1.5
inconveniente	-1.5
incorretamente	-1.5
incorreto	-1.5
incrivelmente	1.5
incrível	1.5
incómodo	-1.5
incômodo	-1.5
indecente	-1.5
indeciso	-1.5
indecisão	-1.5
indefeso	-1.5
indefinido	-1.5
indesejável	-1.5
indeterminado	-1.5
indevido	-1.5
indiferente	-1.5
indiferença	-1.5
indignado	-1.5
indignação	-1.5
indigno	-1.5
indisciplinado	-1.5
indiscriminadamente	-1.5
indiscriminado	-1.5
indiscutível	1.5
indisponível	-1.5
indisposição	-1.5
indistinguível	-1.5
individualizado	1.5
indolor	1.5
indubitavelmente	1.5
indulgência	1.5
ineficaz	-1.5
ineficiente	-1.5
ineficiência	-1.5
ineficácia	-1.5
inelegível	-1.5
inequivocamente	1.5
inequívoco	1.5
inescrupuloso	-1.5
inesperadamente	-1.5
inesperado	-1.5
inesquecível	1.5
inestimável	1.5
inevitavelmente	-1.5
inevitável	-1.5
inexistente	-1.5
inexoravelmente	-1.5
inexorável	-1.5
inexperiente	-1.5
inexperiência	-1.5
inexplicável	-1.5
infalibilidade	1.5
infalível	1.5
infame	-1.5
infantil	-1.5
infectado	-1.5
infectar	-1.5
infecção	-1.5
infecções	-1.5
infelicidade	-1.5
infeliz	-1.5
infelizmente	-1.5
inferior	-1.5
inferioridade	-1.5
infernal	-1.5
inferno	-1.5
infestada	-1.5
infestado	-1.5
infiel	-1.5
infiltrados	-1.5
infiéis	-1.5
inflacionário	-1.5
inflamado	-1.5
inflamar	-1.5
inflamatório	-1.5
inflamação	-1.5
inflamável	1.5
inflexível	-1.5
infligir	-1.5
influenciar	-1.5
influente	1.5
influência	1.5
informado	1.5
infortúnio	-1.5
infrator	-1.5
infração	-1.5
infringir	-1.5
infundado	-1.5
infusão	-1.5
infâmia	-1.5
infértil	-1.5
ingénuo	-1.5
ingênuo	-1.5
inibir	-1.5
inibição	-1.5
inigualável	1.5
inimaginável	-1.5
inimigo	-1.5
inimigos	-1.5
inimizade	-1.5
injustamente	-1.5
injustificada	-1.5
injustiça	-1.5
injustiças	-1.5
injúria	-1.5
inocente	1.5
inofensivo	1.5
inovador	1.5
inovação	1.5
inoxidável	1.5
inquestionável	1.5
inquietante	-1.5
inquietação	-1.5
inquieto	-1.5
insaciável	-1.5
insalubre	-1.5
insanidade	-1.5
insano	-1.5
insatisfeito	-1.5
insegurança	-1.5
inseguro	-1.5
insensibilidade	-1.5
insensível	-1.5
insignificante	-1.5
insignificância	-1.5
insinuar	1.5
insinuação	-1.5
inspiradora	1.5
inspirar	1.5
inspiração	1.5
instabilidade	-1.5
instigador	-1.5
instigar	-1.5
instrumental	1.5
instruído	1.5
instável	-1.5
insubstituível	1.5
insuficiente	-1.5
insuficientemente	-1.5
insuficiência	-1.5
insular	-1.5
insultado	-1.5
insultando	-1.5
insultar	-1.5
insulto	-1.5
insultos	-1.5
insuperável	-1.5
insuportável	-1.5
insurreição	-1.5
insustentável	-1.5
integrado	1.5
integral	1.5
integrante	1.5
inteligente	1.5
inteligência	1.5
inteligível	1.5
intelligence	1.5
intelligent	1.5
intencional	1.5
intenso	-1.5
interessado	-1.5
interessante	1.5
interessar	-1.5
interesses	1.5
interfere	-1.5
interferir	-1.5
interferência	-1.5
intermitente	-1.5
interromper	-1.5
interrupção	-1.5
interrupções	-1.5
intimação	-1.5
intimidade	1.5
intimidar	-1.5
intimidação	-1.5
intolerável	-1.5
intolerância	-1.5
intransigente	-1.5
intransponível	-1.5
intriga	1.5
intrigado	-1.5
intrincado	1.5
introduzir	-1.5
intruso	-1.5
intrusão	-1.5
intuitivo	1.5
inundado	-1.5
inundados	-1.5
inundar	-1.5
invadir	-1.5
invalidar	-1.5
invasivo	-1.5
invasor	-1.5
invasão	-1.5
invejável	1.5
invencibilidade	1.5
invencível	1.5
inventar	-1.5
inventivo	1.5
invenção	-1.5
investida	-1.5
invisível	-1.5
involuntariamente	-1.5
involuntário	-1.5
invulnerável	1.5
inválido	-1.5
inóspito	-1.5
inútil	-1.5
ira	-1.5
ironia	-1.5
ironicamente	-1.5
irracional	-1.5
irracionalidade	-1.5
irreal	1.5
irregularidade	-1.5
irrelevante	-1.5
irreparável	-1.5
irresistível	1.5
irresponsável	-1.5
irrestrito	1.5
irreversível	-1.5
irrita	-1.5
irritada	-1.5
irritante	-1.5
irritar	-1.5
irritação	-1.5
irônico	-1.5
isca	-1.5
isolado	-1.5
isolamento	-1.5
isolar	-1.5
isolação	-1.5
isqueiro	1.5
issue	-1.5
issues	-1.5
jam	-1.5
jejum	1.5
jovem	1.5
jovial	1.5
junco	-1.5
justamente	1.5
justiça	1.5
justo	1.5
já	1.5
jóia	1.5
kill	-1.5
killed	-1.5
killer	-1.5
lacunas	-1.5
ladra	-1.5
ladrão	-1.5
lag	-1.5
lama	-1.5
lamentar	-1.5
lamentavelmente	-1.5
lamento	-1.5
lamentou	-1.5
lamentável	-1.5
lança	1.5
lapso	-1.5
largo	-1.5
latente	-1.5
latência	-1.5
laço	-1.5
lead	1.5
leading	1.5
leal	1.5
lealdade	1.5
led	1.5
legal	1.5
legalmente	1.5
legitimamente	1.5
legítimo	1.5
legível	1.5
lendário	1.5
lentamente	-1.5
lento	-1.5
lesma	-1.5
lesão	-1.5
letal	-1.5
letargia	-1.5
leva	1.5
levado	-1.5
levar	1.5
leve	1.5
levou	1.5
liberar	-1.5
liberdade	1.5
liberdades	1.5
libertado	1.5
libertar	1.5
libertação	1.5
libertinagem	-1.5
licor	1.5
liderança	1.5
liderar	1.5
ligeiro	1.5
like	1.5
limit	-1.5
limitado	-1.5
limitar	-1.5
limitação	-1.5
limitações	-1.5
limites	-1.5
limpa	1.5
limpador	1.5
limpar	1.5
limpeza	1.5
limpo	1.5
limão	-1.5
lindo	1.5
lisa	1.5
lisas	1.5
liso	1.5
lisos	1.5
literatura	-1.5
livrar	1.5
livre	1.5
lixeira	-1.5
lixo	-1.5
loba	-1.5
lodo	-1.5
longo	-1.5
loss	-1.5
lost	-1.5
lotado	-1.5
loucamente	-1.5
louco	-1.5
loucura	-1.5
louvando	1.5
louvar	1.5
louvor	1.5
louvável	1.5
love	1.5
lucrativo	1.5
luminoso	1.5
lunático	-1.5
lustre	1.5
luta	-1.5
lutado	-1.5
lutando	-1.5
lutar	-1.5
luto	-1.5
luxo	1.5
luxuoso	1.5
luxuriante	1.5
lírico	1.5
lógico	1.5
lúcido	1.5
macabro	-1.5
machado	-1.5
machucado	-1.5
machucando	-1.5
machucar	-1.5
macio	1.5
maconha	-1.5
macular	-1.5
madrugada	1.5
maduro	1.5
magia	1.5
magic	1.5
magistral	1.5
magnificamente	1.5
magnificência	1.5
magnífico	1.5
magoado	-1.5
magoar	-1.5
maior	1.5
majestade	1.5
majestoso	1.5
mal	-1.5
maldade	-1.5
maldita	-1.5
maldito	-1.5
maldição	-1.5
maldições	-1.5
males	-1.5
malicioso	-1.5
maligno	-1.5
maluco	-1.5
malucos	-1.5
malvado	-1.5
maléfica	-1.5
maléfico	-1.5
malévolo	-1.5
malícia	-1.5
mancha	-1.5
manchada	-1.5
manchar	-1.5
manchas	-1.5
mania	-1.5
manipuladora	-1.5
manipular	-1.5
manipulação	-1.5
mantida	1.5
maníaco	-1.5
mar	-1.5
maravilha	1.5
maravilhado	1.5
maravilhas	1.5
maravilhosa	1.5
maravilhosamente	1.5
maravilhoso	1.5
marca	1.5
marcante	1.5
marcar	-1.5
marcas	1.5
marginal	-1.5
marginalmente	-1.5
marionete	-1.5
marra	-1.5
martírio	-1.5
masmorra	-1.5
massacrar	-1.5
massacre	-1.5
massacres	-1.5
master	1.5
masters	1.5
mata	-1.5
matador	-1.5
matadouro	-1.5
matança	-1.5
matar	-1.5
materialista	1.5
matriz	-1.5
maturidade	1.5
mau	-1.5
maçante	-1.5
mediocridade	-1.5
medo	-1.5
medos	-1.5
medíocre	-1.5
melancolia	-1.5
melancólico	-1.5
melhor	1.5
melhora	1.5
melhorado	1.5
melhoramento	1.5
melhorar	1.5
melhoria	1.5
melhorias	1.5
memorável	1.5
mendigo	-1.5
menosprezar	-1.5
menstruação	-1.5
mentir	-1.5
mentira	-1.5
mentiras	-1.5
mentirosa	-1.5
mentiroso	-1.5
mentirosos	-1.5
mentiu	-1.5
mercenário	-1.5
merda	-1.5
merecer	1.5
merecimento	1.5
mestre	1.5
mestria	1.5
meter	-1.5
meticulosa	1.5
meticulosamente	1.5
meticuloso	1.5
mexer	-1.5
mico	-1.5
milagre	1.5
milagres	1.5
milagrosamente	1.5
milagroso	1.5
minar	-1.5
misericordioso	1.5
misericórdia	1.5
miserável	-1.5
miss	-1.5
misses	-1.5
misteriosa	-1.5
misteriosamente	-1.5
misterioso	-1.5
misturar	-1.5
mistério	-1.5
miséria	-1.5
mito	-1.5
moagem	-1.5
moda	1.5
modern	1.5
moderno	1.5
modesto	1.5
modéstia	1.5
moedas	-1.5
moer	-1.5
molde	-1.5
monotonia	-1.5
monstro	-1.5
monstruoso	-1.5
montar	-1.5
monumental	1.5
monótono	-1.5
mora	-1.5
moralidade	1.5
moribundo	-1.5
morno	-1.5
morre	-1.5
morrendo	-1.5
morrer	-1.5
morreu	-1.5
mortal	-1.5
mortalha	-1.5
mortalmente	-1.5
morte	-1.5
mortificação	-1.5
morto	-1.5
mortos	-1.5
mortífero	-1.5
motivados	1.5
motivar	1.5
mudo	-1.5
muito	1.5
mulherengo	-1.5
mundano	-1.5
mutilado	-1.5
má	-1.5
mácula	-1.5
mágica	1.5
mágico	1.5
mágoa	-1.5
ménage	-1.5
mérito	1.5
místico	1.5
mórbido	-1.5
música	1.5
namorada	1.5
nascer	1.5
naufrágio	-1.5
navegável	1.5
neblina	-1.5
nebuloso	-1.5
necessitado	-1.5
nefasto	-1.5
nega	-1.5
negado	-1.5
negar	-1.5
negativo	-1.5
negativos	-1.5
negação	-1.5
negligenciadas	-1.5
negligenciar	-1.5
negligente	-1.5
negligência	-1.5
negociar	1.5
negócio	1.5
nepotismo	-1.5
nervosismo	-1.5
nervoso	-1.5
neurótico	-1.5
nice	1.5
ninhada	-1.5
nitidamente	-1.5
nobre	1.5
nocivo	-1.5
noise	-1.5
nonsense	-1.5
notavelmente	1.5
notoriamente	-1.5
notoriedade	-1.5
notável	1.5
notório	-1.5
novidade	1.5
nublado	-1.5
nutrir	1.5
nutrição	1.5
nuvem	-1.5
nádegas	-1.5
né	1.5
névoa	-1.5
nítida	1.5
obeso	-1.5
object	-1.5
objetivo	-1.5
objeto	-1.5
objeção	-1.5
objeções	-1.5
oblíquo	-1.5
obra	1.5
obras	1.5
obrigação	-1.5
obscenidade	-1.5
obsceno	-1.5
obscurecida	-1.5
obscuridade	-1.5
obscuro	-1.5
obsessive	-1.5
obsessivo	-1.5
obsessão	1.5
obsessões	1.5
obsoleta	-1.5
obsoleto	-1.5
obstinado	-1.5
obstruir	-1.5
obstrução	-1.5
obstáculo	-1.5
ocioso	-1.5
oco	-1.5
odeia	-1.5
odiar	-1.5
odor	-1.5
ofender	-1.5
ofendido	-1.5
ofensa	-1.5
ofensiva	-1.5
ofensivo	-1.5
oferecida	-1.5
oficial	1.5
olfato	-1.5
omissão	-1.5
omitir	-1.5
onerosa	-1.5
oneroso	-1.5
oponente	-1.5
opor	-1.5
oportunista	-1.5
oportuno	1.5
oposição	-1.5
oposições	-1.5
oposto	-1.5
opressivo	-1.5
opressor	-1.5
opressores	-1.5
opressão	-1.5
oprimido	-1.5
ordenado	1.5
ordenança	1.5
ordinário	-1.5
orgulho	1.5
orgulhoso	1.5
orientação	1.5
originalidade	1.5
oscilar	-1.5
oscilação	-1.5
otimismo	1.5
otimista	1.5
ouro	1.5
ousadia	1.5
ousado	1.5
ovação	1.5
oversight	-1.5
oxidado	-1.5
oxidar	-1.5
oásis	1.5
paciente	1.5
pacientemente	1.5
pacificamente	1.5
paciência	1.5
pacto	1.5
pacífico	1.5
pagão	-1.5
pain	-1.5
paixão	1.5
palha	-1.5
palhaçada	-1.5
palhaço	-1.5
pan	-1.5
panela	-1.5
panelinha	-1.5
panorâmico	1.5
parabenizar	1.5
parabéns	1.5
parada	-1.5
parado	-1.5
paradoxal	-1.5
paradoxalmente	-1.5
paralisada	-1.5
paralisar	-1.5
paralisação	-1.5
paranoia	-1.5
paranóia	-1.5
parar	-1.5
parasita	-1.5
paraíso	1.5
parcialidade	-1.5
parecer	-1.5
parecido	1.5
particular	-1.5
partidário	-1.5
partir	-1.5
partisans	-1.5
paródia	-1.5
passe	-1.5
passeio	-1.5
passiva	-1.5
passivo	-1.5
passível	-1.5
patriota	1.5
patriótico	1.5
patrão	1.5
patético	-1.5
pau	-1.5
pavimentado	-1.5
pavor	-1.5
paz	1.5
peace	1.5
pecado	-1.5
pecar	-1.5
peculiar	-1.5
pedante	-1.5
pedágio	-1.5
pegajoso	-1.5
pegar	-1.5
pelúcia	1.5
pena	-1.5
penalidade	-1.5
pendurar	-1.5
pendurou	-1.5
penetrar	-1.5
penhor	1.5
pensamento	1.5
penúria	-1.5
pequeno	-1.5
perceber	-1.5
perda	-1.5
perdas	-1.5
perde	-1.5
perdedor	-1.5
perdedores	-1.5
perder	-1.5
perdeu	-1.5
perdido	-1.5
perdiz	-1.5
perdição	-1.5
perecer	-1.5
perfeitamente	1.5
perfeito	1.5
perfeição	1.5
perfurar	-1.5
perfuração	-1.5
periculosidade	-1.5
periférico	-1.5
perigo	-1.5
perigoso	-1.5
perito	1.5
perpendicular	1.5
perplexo	-1.5
perseguir	-1.5
perseguição	-1.5
perseverança	1.5
personagem	1.5
personagens	1.5
personalizado	1.5
personalizar	1.5
perspicaz	1.5
perspicácia	1.5
perturba	-1.5
perturbado	-1.5
perturbador	-1.5
perturbando	-1.5
perturbar	-1.5
perturbação	-1.5
perverso	-1.5
perversão	-1.5
pervertido	-1.5
pesadelo	-1.5
pesado	-1.5
pesar	-1.5
pessimismo	-1.5
pessimista	-1.5
petrificada	-1.5
pia	-1.5
piada	-1.5
pica	-1.5
picada	-1.5
picadas	-1.5
picar	-1.5
picareta	-1.5
pilhagem	-1.5
pilhar	-1.5
pinto	-1.5
pináculo	1.5
pior	-1.5
piorar	-1.5
piquetes	-1.5
piranha	-1.5
pitada	-1.5
pitoresco	1.5
platéia	-1.5
plebeu	-1.5
pleito	-1.5
pobre	-1.5
pobremente	-1.5
pobres	-1.5
pobreza	-1.5
poderosamente	1.5
poderoso	1.5
podre	-1.5
podridão	-1.5
poeira	-1.5
polarização	-1.5
polido	1.5
poluir	-1.5
polémico	-1.5
pomposo	-1.5
ponderar	1.5
pontiagudo	1.5
popa	-1.5
porcaria	-1.5
porco	-1.5
porcos	-1.5
portagem	-1.5
porto	-1.5
portos	-1.5
portátil	1.5
portável	1.5
posar	-1.5
positivamente	1.5
positive	1.5
positivo	1.5
positivos	1.5
possibilidade	-1.5
possível	1.5
poste	-1.5
posterior	-1.5
postura	-1.5
potente	1.5
poupança	1.5
poço	1.5
poético	1.5
praga	-1.5
prazer	1.5
precioso	1.5
precipitar	-1.5
precipitação	-1.5
precisa	1.5
precisamente	1.5
precise	1.5
preciso	1.5
preconceito	-1.5
preconceitos	-1.5
precário	-1.5
predileto	1.5
prefere	1.5
preferencialmente	1.5
preferida	1.5
preferido	1.5
preferindo	1.5
preferir	1.5
preferível	1.5
preguiça	-1.5
preguiçoso	-1.5
prejudicada	-1.5
prejudicar	-1.5
prejudicial	-1.5
prejuízo	-1.5
prematuramente	-1.5
premiado	1.5
premier	1.5
prender	-1.5
preocupado	-1.5
preocupante	-1.5
preocupar	-1.5
preocupação	-1.5
preocupações	-1.5
preparado	1.5
preparar	1.5
prescrito	-1.5
prescrição	-1.5
pressa	-1.5
pressentimento	-1.5
pressionar	-1.5
prestigioso	1.5
prestígio	1.5
presunção	-1.5
pretensão	-1.5
preventivo	-1.5
previdência	1.5
primitiva	-1.5
primitivo	-1.5
principal	1.5
prisioneiro	-1.5
prisão	-1.5
privado	-1.5
privar	-1.5
privilegiado	1.5
privilegiar	1.5
privilégio	1.5
problem	-1.5
problema	-1.5
problemas	-1.5
problems	-1.5
problemático	-1.5
processar	-1.5
processou	-1.5
prodigioso	1.5
produtivo	1.5
prodígio	1.5
proeminente	1.5
proeminência	1.5
profanação	-1.5
profano	-1.5
profundamente	1.5
profundo	1.5
profusão	1.5
progredir	1.5
progress	1.5
progressista	1.5
progressive	1.5
progressivo	1.5
progresso	1.5
proibido	-1.5
proibir	-1.5
prole	-1.5
prolongado	-1.5
prolífico	1.5
promessa	1.5
promete	1.5
prometer	1.5
prometido	1.5
promissor	1.5
promotor	1.5
prompt	1.5
promíscuo	-1.5
pronta	1.5
prontamente	1.5
pronto	1.5
propaganda	-1.5
proposta	1.5
propôr	-1.5
pros	1.5
proscrito	-1.5
prosperando	1.5
prosperar	1.5
prosperidade	1.5
prostituta	-1.5
protecção	1.5
proteger	1.5
protestando	-1.5
protestar	-1.5
protesto	-1.5
protestos	-1.5
protestou	-1.5
protetor	1.5
proteção	1.5
protuberância	-1.5
prova	1.5
provado	1.5
provando	1.5
provar	1.5
provação	-1.5
prover	1.5
providência	1.5
provocante	-1.5
provocação	-1.5
provocações	-1.5
prudente	1.5
prudência	1.5
prático	1.5
prémio	1.5
prêmio	1.5
prêmios	1.5
pró	1.5
pródigo	1.5
próspero	1.5
pulso	-1.5
punho	-1.5
punitivo	-1.5
punk	-1.5
punível	-1.5
puppet	-1.5
puppets	-1.5
purificar	1.5
puro	1.5
puta	-1.5
putrefação	-1.5
pá	-1.5
pálida	-1.5
pálido	-1.5
pânico	-1.5
péssimo	-1.5
pênalti	-1.5
pênis	-1.5
pêssego	1.5
pó	-1.5
qualificado	1.5
qualificar	1.5
quebra	-1.5
quebrado	-1.5
quebrar	-1.5
queda	-1.5
quedas	-1.5
queer	-1.5
queimada	-1.5
queimado	-1.5
queimadura	-1.5
queimaduras	-1.5
queimar	-1.5
queixa	-1.5
queixando	-1.5
queixar	-1.5
queixaram	-1.5
queixas	-1.5
quente	1.5
querela	-1.5
querelas	-1.5
querida	1.5
querido	1.5
questionável	-1.5
questão	-1.5
questões	-1.5
quieto	1.5
quietude	1.5
racha	-1.5
rachadura	-1.5
rachaduras	-1.5
rachar	-1.5
racional	1.5
racismo	-1.5
racista	-1.5
racistas	-1.5
radiante	1.5
radical	-1.5
radicalização	-1.5
radicalmente	-1.5
rail	-1.5
raiva	-1.5
raivoso	-1.5
ralo	-1.5
rancor	-1.5
ranger	-1.5
rapidamente	1.5
raro	-1.5
rasa	-1.5
rasgado	-1.5
rasgar	-1.5
rasgo	-1.5
raso	-1.5
raspar	-1.5
razoavelmente	1.5
razoável	1.5
reacionário	-1.5
ready	1.5
reafirmar	1.5
reafirmação	1.5
real	1.5
realce	-1.5
realista	1.5
realizado	1.5
realizar	1.5
realização	1.5
realizações	1.5
rebaixamento	-1.5
rebaixar	-1.5
rebelde	-1.5
recair	-1.5
recaída	-1.5
receio	-1.5
receoso	-1.5
receptivo	1.5
recessão	-1.5
reclama	-1.5
reclamação	-1.5
reclamações	-1.5
recomenda	1.5
recomendar	1.5
recomendação	1.5
recomendações	1.5
recompensa	1.5
recompensar	1.5
reconciliar	1.5
reconciliação	1.5
recuar	-1.5
recuo	-1.5
recuou	-1.5
recuperar	1.5
recuperação	1.5
recurso	1.5
recusa	-1.5
recusando	-1.5
recusar	-1.5
redenção	1.5
redimir	1.5
redundante	-1.5
redundância	-1.5
reduzir	-1.5
reestruturado	1.5
reestruturar	1.5
reestruturação	1.5
refinado	1.5
refinar	1.5
refino	1.5
reforma	1.5
reformado	1.5
reformar	1.5
reformas	1.5
refrescante	1.5
refrescar	1.5
refuta	-1.5
refutado	-1.5
refutando	-1.5
refutar	-1.5
refutação	-1.5
refém	-1.5
regozijo	1.5
regredir	-1.5
regressivo	-1.5
regresso	-1.5
regressão	-1.5
rejeita	-1.5
rejeitado	-1.5
rejeitando	-1.5
rejeitar	-1.5
rejeição	-1.5
relaxar	-1.5
relevo	1.5
relutante	-1.5
relutantemente	-1.5
relutância	-1.5
remediar	1.5
remissão	1.5
remorso	-1.5
remorsos	-1.5
remédio	1.5
renascimento	1.5
renegar	-1.5
renome	1.5
renovada	1.5
renovar	1.5
renunciar	-1.5
renúncia	-1.5
repartir	-1.5
repelido	-1.5
repelir	-1.5
repetitivo	-1.5
repetição	-1.5
repreendeu	-1.5
repreensão	-1.5
repressivo	-1.5
repressão	-1.5
reprimir	-1.5
repudiar	-1.5
repugnante	-1.5
repugnância	-1.5
repulsa	-1.5
reputação	1.5
repúdio	-1.5
requintado	1.5
requinte	1.5
reserva	-1.5
reservado	-1.5
resfriado	-1.5
resgatar	1.5
resignado	-1.5
resistente	1.5
resistência	-1.5
respeitar	1.5
respeito	1.5
respeitosamente	1.5
respeitoso	1.5
respeitável	1.5
responsabilidade	-1.5
responsável	-1.5
resseguro	1.5
ressentido	-1.5
ressentimento	-1.5
restaurado	1.5
restaurar	1.5
restituição	1.5
restos	-1.5
restringido	-1.5
restringir	-1.5
restritivo	-1.5
restrição	-1.5
resultado	-1.5
retalho	-1.5
retaliar	-1.5
retardado	-1.5
retardar	-1.5
reter	-1.5
reticente	-1.5
retificação	1.5
retiro	-1.5
reto	1.5
retorno	-1.5
retroceder	-1.5
retrátil	1.5
retrógrado	-1.5
retumbante	1.5
retórica	-1.5
retórico	-1.5
revelação	1.5
reverter	-1.5
reverência	1.5
reviravolta	-1.5
revitalizar	1.5
revival	1.5
revive	1.5
reviver	1.5
revogar	-1.5
revolta	-1.5
revoltar	-1.5
revolucionar	1.5
revolucionaram	1.5
revolucionário	1.5
revés	-1.5
rica	1.5
ricamente	1.5
rico	1.5
ridiculariza	-1.5
ridicularizar	-1.5
ridículo	-1.5
right	1.5
rigidez	-1.5
rigoroso	-1.5
riqueza	1.5
riscado	-1.5
riscar	-1.5
risco	-1.5
riscos	-1.5
risk	-1.5
rival	-1.5
rivalidade	-1.5
rivalizar	-1.5
robusto	1.5
rochoso	-1.5
roer	-1.5
rola	-1.5
romanticamente	1.5
romper	-1.5
rompimento	-1.5
romântico	1.5
ronco	-1.5
rosado	1.5
rotina	-1.5
rotineiro	-1.5
rouba	-1.5
roubado	-1.5
roubar	-1.5
roubo	-1.5
rude	-1.5
rudeza	-1.5
rue	-1.5
rugas	-1.5
ruidoso	-1.5
ruim	-1.5
ruins	-1.5
ruir	-1.5
ruivo	-1.5
rumor	-1.5
rumores	-1.5
ruptura	-1.5
ruído	-1.5
ruídos	-1.5
ruína	-1.5
ruínas	-1.5
rápido	1.5
régio	1.5
rígida	-1.5
rígido	-1.5
sabedoria	1.5
saber	1.5
sabiamente	1.5
saborear	1.5
saboroso	1.5
sabotagem	-1.5
sabotar	-1.5
saca	-1.5
saciar	-1.5
saco	-1.5
sacou	1.5
sacrificado	-1.5
sacrificar	-1.5
sacudir	-1.5
sadia	1.5
safe	1.5
sagacidade	1.5
sagrado	1.5
sair	1.5
salienta	-1.5
salientar	-1.5
saliente	1.5
salvador	1.5
sanar	1.5
sangramento	-1.5
sangrar	-1.5
sangrento	-1.5
sanguinário	-1.5
santa	1.5
santificado	1.5
santo	1.5
santuário	1.5
saque	-1.5
saquear	-1.5
sarcasmo	-1.5
sarcástico	-1.5
satirizar	-1.5
satisfatoriamente	1.5
satisfatório	1.5
satisfaz	1.5
satisfazendo	1.5
satisfazer	1.5
satisfeito	1.5
satírico	-1.5
saudade	-1.5
saudar	1.5
saudação	1.5
saudável	1.5
seca	-1.5
secar	-1.5
secreto	-1.5
sede	-1.5
sedentário	-1.5
sedutor	1.5
seduzido	1.5
seduzir	1.5
seguramente	1.5
segurança	1.5
seguro	1.5
seiva	-1.5
seletivo	1.5
selvagem	-1.5
selvagens	-1.5
selvageria	-1.5
sem	-1.5
semelhante	1.5
senhor	1.5
senhora	-1.5
senhorita	-1.5
sensacional	1.5
sensato	1.5
sensação	1.5
sensações	1.5
sensual	1.5
sensível	1.5
separar	-1.5
ser	1.5
serenidade	1.5
sereno	1.5
seriamente	1.5
seriedade	-1.5
sermão	-1.5
servidão	-1.5
servil	-1.5
severamente	-1.5
severo	-1.5
sexy	1.5
shock	-1.5
significativo	1.5
silenciar	1.5
silencioso	1.5
silvestre	-1.5
silêncio	1.5
simplesmente	1.5
simplifica	1.5
simplificada	1.5
simplificando	1.5
simplificar	1.5
simplista	-1.5
simpático	1.5
simulado	-1.5
simular	-1.5
simulação	-1.5
sin	-1.5
sina	1.5
sinalização	-1.5
sincera	1.5
sinceramente	1.5
sinceridade	1.5
sincero	1.5
singular	1.5
sinistro	-1.5
sintoma	-1.5
sintomas	-1.5
sitiar	-1.5
skill	1.5
slow	-1.5
smart	1.5
soberba	1.5
soberbo	1.5
sobrecarregado	-1.5
sobrecarregar	-1.5
sobrepujar	1.5
sobressair	1.5
sobrevivente	1.5
sobrevivência	1.5
sociável	1.5
soco	-1.5
sofisticado	1.5
sofre	-1.5
sofrendo	-1.5
sofrer	-1.5
sofreu	-1.5
sofrimento	-1.5
soft	1.5
solene	-1.5
solid	1.5
solidariedade	1.5
solidez	1.5
solidão	-1.5
solitário	-1.5
solteira	-1.5
solteirona	-1.5
solto	-1.5
sombrio	-1.5
soprar	-1.5
sorridente	1.5
sorrir	1.5
sorriso	1.5
sorrisos	1.5
sorry	-1.5
sorte	1.5
speedy	1.5
spiritual	1.5
split	-1.5
squash	-1.5
stable	1.5
static	-1.5
stress	-1.5
strike	-1.5
strong	1.5
suave	1.5
suavizar	1.5
subalterno	-1.5
subestimar	-1.5
subir	-1.5
subjugado	-1.5
subjugar	-1.5
subjugação	-1.5
sublevação	-1.5
sublime	1.5
submerso	-1.5
submeter	-1.5
submetido	-1.5
submisso	-1.5
subordinada	-1.5
subordinado	-1.5
subordinados	-1.5
subordinar	-1.5
suborno	-1.5
subserviente	-1.5
subsidiar	1.5
substancial	1.5
substantivo	1.5
subtrair	-1.5
subversivo	-1.5
subversão	-1.5
subverter	-1.5
sucata	-1.5
success	1.5
sucedendo	1.5
suceder	1.5
sucedeu	1.5
sucesso	1.5
sucessos	1.5
sucinto	1.5
sucumbir	-1.5
sudário	-1.5
sue	-1.5
suficiente	1.5
suficientemente	1.5
sufocante	-1.5
sufocar	-1.5
suga	-1.5
sugado	-1.5
sugar	-1.5
sugestão	-1.5
suicida	-1.5
suicídio	-1.5
suja	-1.5
sujar	-1.5
sujeira	-1.5
sujeitar	-1.5
sujeição	-1.5
sujo	-1.5
suntuoso	1.5
super	1.5
superar	1.5
superficial	-1.5
superficialmente	-1.5
superior	1.5
superioridade	1.5
superou	1.5
supersticioso	-1.5
superstição	-1.5
suplementar	1.5
suportado	1.5
suportar	1.5
suporte	1.5
support	1.5
suprema	1.5
supremacia	1.5
supremo	1.5
supressão	-1.5
suprimir	-1.5
supérfluo	-1.5
surdo	-1.5
surpreendente	1.5
surpreendentemente	1.5
surpreender	1.5
surpreendido	1.5
surreal	1.5
surto	-1.5
survival	1.5
suscetível	-1.5
suspeita	-1.5
suspeitar	-1.5
suspeitas	-1.5
suspeito	-1.5
suspiro	-1.5
sustentabilidade	1.5
sustentável	1.5
susto	-1.5
sutilmente	1.5
suíno	-1.5
syndrome	-1.5
sábio	1.5
sã	1.5
são	1.5
síndrome	-1.5
sítio	-1.5
só	-1.5
sóbrio	-1.5
sólida	1.5
sólido	1.5
súplicas	-1.5
tabu	-1.5
talent	1.5
talento	1.5
talentos	1.5
talentoso	1.5
tank	-1.5
tanks	-1.5
tanque	-1.5
tanques	-1.5
tapa	-1.5
tardio	-1.5
tarefa	-1.5
tease	-1.5
teimosia	-1.5
temer	-1.5
temeroso	-1.5
temerário	-1.5
temperado	1.5
temperamento	-1.5
tempestade	-1.5
tempestuoso	-1.5
tempo	-1.5
temível	-1.5
tenacidade	1.5
tenaz	1.5
tenda	-1.5
tendenciosa	-1.5
tender	1.5
tenso	-1.5
tensão	-1.5
tentação	-1.5
terminar	-1.5
terno	1.5
ternura	-1.5
terra	-1.5
terrivelmente	-1.5
terror	-1.5
terrorismo	-1.5
terrível	-1.5
tesouro	1.5
teólogo	1.5
thrash	-1.5
threat	-1.5
tipo	1.5
tiragem	-1.5
tirania	-1.5
tirano	-1.5
tirar	-1.5
tirânico	-1.5
toco	-1.5
tocos	-1.5
tolerante	1.5
tolerável	1.5
tolerância	1.5
tolice	-1.5
tombado	-1.5
tombar	-1.5
tombo	-1.5
tonto	-1.5
top	1.5
topo	1.5
topos	1.5
tops	1.5
torcer	-1.5
torcido	-1.5
tormento	-1.5
torrent	-1.5
torrente	-1.5
torto	-1.5
tortuoso	-1.5
tortura	-1.5
torturada	-1.5
torturando	-1.5
torturar	-1.5
torturas	-1.5
torção	-1.5
torções	-1.5
tosco	-1.5
total	-1.5
totalitário	-1.5
tout	-1.5
trabalhador	1.5
trabalhar	1.5
trabalho	1.5
trabalhou	1.5
tragicamente	-1.5
tragédia	-1.5
trai	-1.5
traidor	-1.5
traindo	-1.5
trair	-1.5
traiçoeiro	-1.5
traição	-1.5
trama	-1.5
tranquilo	1.5
tranqüilidade	1.5
tranqüilo	1.5
transe	1.5
transgressão	-1.5
transparente	1.5
transtorno	-1.5
trapaça	-1.5
traseiro	-1.5
trash	-1.5
trastes	-1.5
trauma	-1.5
traumatismo	-1.5
traumatizado	-1.5
traumático	-1.5
trava	-1.5
travesso	-1.5
traçar	-1.5
tração	1.5
tremendamente	1.5
tremer	-1.5
treta	-1.5
trevas	-1.5
tributação	-1.5
trick	-1.5
trilho	-1.5
trindade	-1.5
trio	-1.5
triste	-1.5
tristemente	-1.5
tristeza	-1.5
triunfal	1.5
triunfante	1.5
triunfar	1.5
triunfo	1.5
trivial	-1.5
troco	-1.5
troféu	1.5
trombeta	1.5
trompete	1.5
trompetista	1.5
tropeçar	-1.5
trunfo	1.5
truque	-1.5
trust	1.5
trágico	-1.5
tubarão	-1.5
tumor	-1.5
tumulto	-1.5
turbulento	-1.5
turva	-1.5
tédio	-1.5
ténue	-1.5
término	-1.5
tímido	-1.5
tóxico	-1.5
ulterior	-1.5
ultimato	-1.5
ultraje	-1.5
ultrapassar	1.5
ultrapassou	1.5
undefined	-1.5
unexpected	-1.5
unidade	1.5
uniformemente	1.5
urgente	-1.5
urgência	-1.5
usado	-1.5
usurpador	-1.5
usurpar	-1.5
utilizável	1.5
vaca	-1.5
vagabundo	-1.5
vago	-1.5
vague	-1.5
vaidade	-1.5
vaidoso	-1.5
valente	1.5
valentões	-1.5
valioso	1.5
valor	1.5
vantagem	1.5
vantagens	1.5
vantajoso	1.5
vara	-1.5
variado	-1.5
variedade	1.5
varredura	1.5
vasto	1.5
vazamento	-1.5
vazamentos	-1.5
vazar	-1.5
vazio	-1.5
veemente	-1.5
veementemente	-1.5
velho	-1.5
veloz	1.5
vencedor	1.5
vencedores	1.5
vencido	-1.5
vencimento	1.5
veneno	-1.5
venenoso	-1.5
venerar	1.5
ventilador	1.5
ventosa	-1.5
veracidade	1.5
verdadeiro	1.5
verga	-1.5
vergonha	-1.5
vergonhoso	-1.5
verificável	1.5
verossímil	1.5
versatilidade	1.5
versátil	1.5
vertiginoso	-1.5
vestido	-1.5
vestígio	-1.5
vestígios	-1.5
vibrante	1.5
vibrar	-1.5
vibração	-1.5
vice	-1.5
viciado	-1.5
viciados	-1.5
vicioso	-1.5
vigilante	1.5
vigilância	1.5
vigoroso	-1.5
vil	-1.5
vilão	-1.5
vilões	-1.5
vingança	-1.5
vingar	-1.5
vingativo	-1.5
violar	-1.5
violação	-1.5
violentamente	-1.5
violento	-1.5
violentos	-1.5
virado	-1.5
virar	-1.5
virtude	1.5
virtuoso	1.5
virulência	-1.5
virus	-1.5
visionário	1.5
visível	1.5
vital	1.5
vitorioso	1.5
vitória	1.5
vivamente	1.5
vivaz	1.5
vivo	1.5
viável	1.5
viés	-1.5
volatilidade	-1.5
volumoso	-1.5
voluntariamente	1.5
volátil	-1.5
vomitar	-1.5
vulgar	-1.5
vulnerável	-1.5
válido	1.5
vão	-1.5
víbora	-1.5
vício	-1.5
vírus	-1.5
vômito	-1.5
vômitos	-1.5
warning	-1.5
well	1.5
wild	-1.5
win	1.5
wins	1.5
won	1.5
wonder	1.5
work	1.5
works	1.5
wrong	-1.5
xadrez	-1.5
xingar	-1.5
zelo	1.5
zeloso	-1.5
zero	1.5
zomba	-1.5
zombando	-1.5
zombar	-1.5
zombaria	-1.5
zumbi	-1.5
zumbido	-1.5
zênite	1.5
ágil	1.5
árduo	-1.5
áspero	-1.5
áurea	1.5
áureo	1.5
ávido	1.5
âmbito	-1.5
ânsia	1.5
ânus	-1.5
ético	1.5
êxtase	1.5
ícone	1.5
ídolo	1.5
ímpar	-1.5
íngreme	-1.5
íntimo	1.5
ódio	-1.5
óptimo	1.5
órfã	-1.5
órfão	-1.5
ótimo	1.5
úmido	-1.5
útil	1.5
