Acuzațiile	-1.5
Breakthrough	1.5
Câștigătorii	1.5
Dezavantajul	-1.5
Diverse	-1.5
Dungeons	-1.5
Felicitări	1.5
Flak	-1.5
Harms	-1.5
Hustler	-1.5
Masters	1.5
Motivele	-1.5
Premii	1.5
Pro	1.5
Regal	1.5
abandonat	-1.5
abandonului	-1.5
abate	-1.5
abatere	-1.5
abator	-1.5
abces	-1.5
abia	-1.5
abil	1.5
abilitate	1.5
abrupt	-1.5
absent	-1.5
absență	-1.5
absolvi	1.5
absurd	-1.5
absurditate	-1.5
abundent	1.5
abundență	1.5
abundă	1.5
aburi	-1.5
abuz	-1.5
abuzat	-1.5
abuziv	-1.5
abuzuri	-1.5
abătut	-1.5
acalmie	-1.5
acces	-1.5
accesibil	1.5
accident	-1.5
accidental	-1.5
accidentală	-1.5
accidentat	-1.5
accidente	-1.5
aclamat	1.5
acoperi	1.5
acorda	1.5
acordare	1.5
acordate	1.5
acri	-1.5
acru	-1.5
acustic	1.5
acuza	-1.5
acuzare	-1.5
acuzație	-1.5
acuzațiile	-1.5
adaptive	1.5
adecvat	1.5
adevărat	1.5
admira	1.5
admirabil	1.5
admirator	1.5
admirație	1.5
admire	1.5
admis	1.5
admite	-1.5
adora	1.5
adorare	1.5
adorat	1.5
adore	1.5
adormi	-1.5
advers	-1.5
adversar	-1.5
adverse	-1.5
adâncitură	-1.5
adăposti	-1.5
afacere	1.5
afectată	-1.5
afectuos	1.5
afecțiune	1.5
afemeiat	-1.5
afinitate	1.5
afirma	1.5
afirmare	1.5
afirmativ	1.5
afluent	1.5
afront	-1.5
ager	1.5
agil	1.5
agilitate	1.5
agitat	-1.5
agitație	-1.5
aglomerat	-1.5
agonie	-1.5
agrava	-1.5
agravarea	-1.5
agreabil	1.5
agreat	1.5
agrement	1.5
agresiune	-1.5
agresiv	-1.5
agresivitate	-1.5
agresor	-1.5
agăța	-1.5
ajunge	1.5
ajuta	1.5
ajutor	1.5
alarma	-1.5
alarmat	-1.5
alarmă	-1.5
alba	1.5
albi	1.5
alcoolic	-1.5
aleatoriu	-1.5
alerga	-1.5
alergic	-1.5
alergie	-1.5
alergii	-1.5
alienare	-1.5
alimentație	1.5
alina	1.5
alinare	1.5
altera	-1.5
alterat	-1.5
altercație	-1.5
altruist	1.5
alunecare	-1.5
alunga	-1.5
amabil	1.5
amabilitate	1.5
amant	1.5
amantă	-1.5
ambiguitate	-1.5
ambiguu	-1.5
ambivalent	-1.5
ambițios	1.5
ambuscadă	-1.5
ameliora	1.5
amenda	1.5
amendă	1.5
amenința	-1.5
amenințare	-1.5
amenințări	-1.5
amenințător	-1.5
amesteca	-1.5
amestecat	-1.5
amețit	-1.5
amical	1.5
amicală	1.5
amor	1.5
amortizare	-1.5
ample	1.5
amplu	1.5
amuza	1.5
amuzament	1.5
amâna	-1.5
amărăciune	-1.5
analfabet	-1.5
anarhie	-1.5
anarhism	-1.5
anarhist	-1.5
anevoios	-1.5
angajament	1.5
angajarea	1.5
anihila	-1.5
anihilare	-1.5
anomalie	-1.5
anormal	-1.5
antagonism	-1.5
antagonist	-1.5
antipatie	-1.5
anula	-1.5
anxietate	-1.5
apatie	-1.5
apel	1.5
apela	1.5
aplauze	1.5
apocaliptic	-1.5
apologet	-1.5
appropriate	1.5
aprecia	1.5
apreciabil	1.5
apreciat	1.5
apreciază	1.5
aprindere	-1.5
aprins	1.5
aproba	1.5
aprobare	1.5
aprobat	1.5
apărător	1.5
arbitrar	-1.5
arde	-1.5
ardere	-1.5
ardoare	1.5
arest	-1.5
aresta	-1.5
arestare	-1.5
argument	-1.5
arhaic	-1.5
arid	-1.5
aristocrat	1.5
armonie	1.5
armonios	1.5
armoniza	1.5
arogant	-1.5
aroganță	-1.5
aromat	1.5
ars	-1.5
arsuri	-1.5
arsură	-1.5
articulat	1.5
articulate	1.5
artificial	-1.5
artificii	-1.5
arzând	1.5
asalt	-1.5
asasin	-1.5
asasina	-1.5
asasinat	-1.5
ascultător	1.5
ascunde	-1.5
ascuns	-1.5
ascunse	-1.5
ascuțit	1.5
asediu	-1.5
asemenea	1.5
asemănător	1.5
asigura	1.5
asigurare	1.5
asigurarea	1.5
asigurări	1.5
aspira	1.5
aspirație	1.5
aspirațiile	1.5
asprime	-1.5
aspru	-1.5
aspră	-1.5
atac	-1.5
ataca	-1.5
atacurile	-1.5
atent	1.5
atenua	-1.5
atingere	-1.5
atitudine	-1.5
atractiv	1.5
atracție	1.5
atrage	1.5
atragere	1.5
atroce	-1.5
atrocități	-1.5
atrăgător	1.5
attack	-1.5
atu	1.5
atârna	-1.5
atârnă	-1.5
aur	1.5
auriu	1.5
auroră	1.5
auster	-1.5
autentic	1.5
autocratic	-1.5
autonom	1.5
autonomă	1.5
autostrada	1.5
available	1.5
avalanșă	-1.5
avansa	1.5
avansat	1.5
avantaj	1.5
avantajele	1.5
avantajos	1.5
avarie	-1.5
avarii	-1.5
aventuros	1.5
avere	1.5
averse	-1.5
aversiune	-1.5
avertiza	-1.5
avertizare	-1.5
avocat	1.5
avocați	1.5
avânt	1.5
award	1.5
ax	-1.5
așezat	-1.5
bad	-1.5
banal	-1.5
banc	-1.5
barbar	-1.5
bash	-1.5
bastard	-1.5
batjocorit	-1.5
batjocură	-1.5
beat	-1.5
beautiful	1.5
beg	-1.5
beligerant	-1.5
benefice	1.5
beneficia	1.5
beneficiar	1.5
beneficii	1.5
beneficiile	1.5
beneficiu	1.5
best	1.5
better	1.5
beznă	-1.5
bețiv	-1.5
bici	-1.5
biet	-1.5
bijuterie	1.5
bilă	-1.5
bine	1.5
binecuvântare	1.5
binefăcător	1.5
binevenit	1.5
binevenită	1.5
binevoitor	1.5
bizar	-1.5
bla	-1.5
bland	-1.5
blasfemie	-1.5
blestem	-1.5
blestemat	-1.5
blesteme	-1.5
bloca	-1.5
blocaj	-1.5
blocat	-1.5
boală	-1.5
bocet	1.5
bogat	1.5
bogăție	1.5
boicot	-1.5
bolnav	-1.5
bolnăvicios	-1.5
bombarda	-1.5
bombardament	-1.5
bombă	-1.5
bonus	1.5
bonusuri	1.5
boom	1.5
bravură	1.5
break	-1.5
breaking	-1.5
breaks	-1.5
breșă	-1.5
brichetă	1.5
briliant	1.5
broken	-1.5
brusc	-1.5
brut	-1.5
brutal	-1.5
brutalitate	-1.5
brutală	-1.5
brute	-1.5
brută	-1.5
bucura	1.5
bucurie	1.5
bucuros	1.5
bufon	-1.5
bug	-1.5
bun	1.5
bună	1.5
bunăstare	1.5
bunătate	1.5
bunăvoință	1.5
buruiană	-1.5
bust	-1.5
busturi	-1.5
băga	-1.5
bănui	-1.5
bănuit	-1.5
bătăuș	-1.5
băut	-1.5
ca	1.5
cadavru	-1.5
calamitate	-1.5
calamități	-1.5
cald	1.5
califica	1.5
calificare	1.5
calificat	1.5
calm	1.5
calma	1.5
calmant	1.5
calomnie	-1.5
campioană	1.5
campion	1.5
canalizare	-1.5
cancer	-1.5
capabil	1.5
capabilitate	1.5
capacitate	1.5
capcană	-1.5
capodopere	1.5
capodoperă	1.5
capricios	-1.5
captivant	1.5
captivat	1.5
caracter	-1.5
caraghios	-1.5
caricatură	-1.5
carismatic	1.5
caritabil	1.5
cascadă	-1.5
cast	1.5
castitate	1.5
cataclism	-1.5
catastrofal	-1.5
catastrofe	-1.5
catastrofică	-1.5
catastrofă	-1.5
categoric	-1.5
caustic	-1.5
cauza	-1.5
cavaler	1.5
cavaleresc	1.5
cavaleri	1.5
cavalerie	1.5
cavernă	-1.5
cavitate	-1.5
ceartă	-1.5
ceață	-1.5
ceda	-1.5
celebrare	1.5
celebrate	1.5
celebritate	1.5
celebru	1.5
cenușiu	-1.5
cer	1.5
cere	-1.5
ceresc	1.5
certa	-1.5
certat	-1.5
certurile	-1.5
cerșetor	-1.5
chill	-1.5
chin	-1.5
chinui	-1.5
chinuit	-1.5
chip	1.5
chipeș	1.5
cicatrice	-1.5
cicatrici	-1.5
cinic	-1.5
cinism	-1.5
cinste	1.5
cinstit	1.5
ciocni	-1.5
ciocnire	-1.5
ciot	-1.5
cisternă	-1.5
ciudat	-1.5
ciudă	-1.5
ciudățenii	-1.5
ciumă	-1.5
clar	1.5
claritate	1.5
clasic	1.5
classic	1.5
clean	1.5
clear	1.5
clișeu	-1.5
cloud	-1.5
coace	1.5
coarda	-1.5
cochetă	-1.5
coerent	1.5
coerență	1.5
coeziune	1.5
colaps	-1.5
colibri	-1.5
collapse	-1.5
colorat	1.5
colosal	-1.5
combativ	-1.5
comic	-1.5
comoară	1.5
comod	1.5
comoditate	1.5
compact	1.5
compatibil	1.5
competent	1.5
competitiv	1.5
competitive	1.5
complement	1.5
complementar	1.5
complet	-1.5
completa	1.5
completate	1.5
completează	1.5
complex	-1.5
complicate	-1.5
complicație	-1.5
complicații	-1.5
complice	-1.5
complot	-1.5
compromis	-1.5
compromite	-1.5
comun	-1.5
concepție	-1.5
concern	-1.5
concesii	-1.5
concesiune	-1.5
concis	1.5
concise	1.5
condamna	-1.5
condamnare	-1.5
condamnat	-1.5
condamnă	-1.5
conduce	1.5
conducere	1.5
conductă	-1.5
confesiune	-1.5
confesiuni	-1.5
confident	1.5
conflict	-1.5
conflictelor	-1.5
conform	1.5
conforme	1.5
confort	1.5
confortabil	1.5
confrunta	-1.5
confruntare	-1.5
confunda	-1.5
confundă	-1.5
confuz	-1.5
confuzie	-1.5
confuzii	-1.5
congelate	-1.5
congestie	-1.5
consecvent	1.5
conservative	-1.5
conservatoare	-1.5
conservator	-1.5
considera	1.5
considerabil	1.5
considerate	1.5
consistent	1.5
consola	1.5
consolare	1.5
conspirativ	-1.5
conspirație	-1.5
conspirații	-1.5
constant	1.5
consternare	-1.5
constructiv	1.5
constructive	1.5
constrânge	-1.5
constrângere	-1.5
contaminare	-1.5
contaminate	-1.5
contesta	-1.5
continuitate	1.5
continuu	1.5
contra	-1.5
contracara	-1.5
contradictorie	-1.5
contradictoriu	-1.5
contradicție	-1.5
contrar	-1.5
contrazice	-1.5
contribuție	1.5
controla	1.5
controversat	-1.5
controversă	-1.5
convenabil	1.5
convingător	1.5
conștient	1.5
conștiincios	1.5
cool	1.5
cooperare	1.5
cooperative	1.5
cooperativă	1.5
copil	-1.5
copleșit	-1.5
copleșitor	-1.5
corect	1.5
corecta	1.5
corecteze	1.5
coroziune	-1.5
correct	1.5
corupt	-1.5
corupție	-1.5
costisitor	-1.5
coșmar	-1.5
crai	-1.5
crap	-1.5
crash	-1.5
creativ	1.5
creative	1.5
creativă	1.5
creator	1.5
creație	1.5
credibil	1.5
credibile	1.5
credincios	1.5
credință	1.5
credit	1.5
crenelat	-1.5
crestat	-1.5
crezare	1.5
crime	-1.5
criminal	-1.5
crimă	-1.5
critic	-1.5
critica	-1.5
critical	-1.5
critici	-1.5
criticii	-1.5
criticism	-1.5
criticând	-1.5
critică	-1.5
criza	-1.5
criză	-1.5
cronic	-1.5
crud	-1.5
crude	-1.5
crunt	-1.5
cruzime	-1.5
cruzimea	-1.5
crăpat	-1.5
crăpătură	-1.5
culca	1.5
culme	1.5
culpă	-1.5
cultivarea	1.5
cumplit	-1.5
cuprinzător	1.5
curaj	1.5
curajos	1.5
curat	1.5
cure	1.5
curent	1.5
curse	-1.5
cursă	-1.5
curăța	1.5
curățenie	1.5
cusur	-1.5
cute	1.5
cuveni	1.5
cuviință	1.5
cuțit	-1.5
cârlig	-1.5
câștig	1.5
câștiga	1.5
câștiguri	1.5
câștigă	1.5
câștigătoare	1.5
câștigător	1.5
cădea	-1.5
călduros	1.5
căldură	1.5
căzut	-1.5
dansa	-1.5
dark	-1.5
dator	1.5
datorie	-1.5
datorii	-1.5
daune	-1.5
dead	-1.5
death	-1.5
decadent	-1.5
decadență	-1.5
decedat	-1.5
decent	1.5
decepție	-1.5
deces	-1.5
decisiv	1.5
decisive	1.5
declin	-1.5
declinare	-1.5
decădere	-1.5
decăzut	-1.5
dedat	-1.5
dedica	1.5
dedicat	1.5
defect	-1.5
defecte	-1.5
defectuos	-1.5
defensiv	-1.5
defensive	-1.5
defensivă	-1.5
deficiențe	-1.5
deficiență	-1.5
deficit	-1.5
defileu	-1.5
deforma	-1.5
deformat	-1.5
defunct	-1.5
defăimare	-1.5
degenera	-1.5
degenerare	-1.5
degenerat	-1.5
degenerate	-1.5
degrada	-1.5
degradare	-1.5
degradat	-1.5
delicat	1.5
delicate	1.5
delicatețe	1.5
delicios	1.5
delict	-1.5
delir	-1.5
demență	-1.5
demisie	-1.5
demisionat	-1.5
demn	1.5
demnitate	1.5
demola	-1.5
demon	-1.5
demonic	-1.5
dens	-1.5
dense	-1.5
denunța	-1.5
deosebire	1.5
deosebit	-1.5
departe	-1.5
dependent	-1.5
dependenți	-1.5
deplasa	-1.5
deplin	-1.5
depozit	-1.5
depresiune	-1.5
depresiuni	-1.5
deprimat	-1.5
depășește	1.5
depăși	1.5
depășire	1.5
depășit	1.5
deranja	-1.5
deranjat	-1.5
deranjează	-1.5
dereglare	-1.5
derutant	-1.5
derâdere	-1.5
deschidere	-1.5
deschis	1.5
descompune	-1.5
descompunere	-1.5
descoperi	-1.5
descoperiri	1.5
descuraja	-1.5
descurajat	-1.5
descărca	-1.5
descărcat	-1.5
desert	-1.5
desface	1.5
desființa	-1.5
desfăcut	-1.5
despicat	-1.5
despot	-1.5
despotic	-1.5
despărți	-1.5
destin	1.5
destul	1.5
desăvârșit	1.5
deteriora	-1.5
deteriorare	-1.5
deteriorarea	-1.5
deteriorat	-1.5
deteriorate	-1.5
determina	1.5
detesta	-1.5
detestă	-1.5
devasta	-1.5
devastat	-1.5
devastate	-1.5
devastator	-1.5
devia	-1.5
deviate	-1.5
devora	-1.5
devoțiune	1.5
devreme	-1.5
dezacord	-1.5
dezamăgire	-1.5
dezamăgiri	-1.5
dezamăgit	-1.5
dezamăgitor	-1.5
dezaprobare	-1.5
dezastru	-1.5
dezastruoasă	-1.5
dezastruos	-1.5
dezavantaj	-1.5
dezavantaje	-1.5
dezechilibru	-1.5
dezertare	-1.5
dezgust	-1.5
dezgustat	-1.5
deziluzionat	-1.5
dezintegra	-1.5
dezintegrare	-1.5
dezintegrat	-1.5
dezintegrează	-1.5
dezinteresat	-1.5
dezlega	-1.5
deznodământ	-1.5
dezolant	-1.5
dezordine	-1.5
dezordonat	-1.5
dezorganizat	-1.5
dezorientat	-1.5
deșert	-1.5
deșeuri	-1.5
deștept	1.5
diabolic	-1.5
diametral	-1.5
diavol	-1.5
dicta	-1.5
dictator	-1.5
dictatori	-1.5
dictatorial	-1.5
die	-1.5
died	-1.5
dies	-1.5
diez	1.5
diferențiere	-1.5
diferență	1.5
dificil	-1.5
dificultate	-1.5
dificultăți	-1.5
dilemă	-1.5
dim	-1.5
diminuat	-1.5
din	-1.5
dinamic	1.5
diplomatic	1.5
disabled	-1.5
disconfort	-1.5
discontinuitate	-1.5
discontinuu	-1.5
discredita	-1.5
discret	-1.5
discriminare	-1.5
discriminatorii	-1.5
discutabil	-1.5
discuție	-1.5
disident	-1.5
disidență	-1.5
dislocat	-1.5
disperare	-1.5
disperat	-1.5
disperată	-1.5
displace	-1.5
displăcea	-1.5
disponibil	1.5
dispoziție	-1.5
dispreț	-1.5
disprețuit	-1.5
disproporționat	-1.5
dispus	1.5
dispute	-1.5
dispută	-1.5
dispărea	-1.5
distinctiv	1.5
distinctive	1.5
distincție	1.5
distinge	-1.5
distinguished	1.5
distins	1.5
distorsionat	-1.5
distra	1.5
distractiv	1.5
distrează	1.5
distructiv	-1.5
distruge	-1.5
distrugere	-1.5
distrugător	-1.5
distrus	-1.5
divergență	-1.5
divers	-1.5
diversificat	1.5
divertisment	1.5
divin	1.5
divine	1.5
diviza	-1.5
divizare	-1.5
dizgrația	-1.5
dizgrație	-1.5
dizidenți	-1.5
dizolvare	-1.5
doare	-1.5
doborî	-1.5
docil	-1.5
dogmatic	-1.5
doliu	-1.5
domina	1.5
dominate	1.5
dominată	1.5
domină	1.5
domoli	1.5
donație	1.5
donjon	-1.5
doom	-1.5
dor	-1.5
dori	1.5
dorind	1.5
dorință	-1.5
dornic	1.5
dovedi	1.5
dovedind	1.5
dovedit	1.5
draconice	-1.5
dracului	-1.5
drag	1.5
dragon	-1.5
dragoste	1.5
drastic	-1.5
dreapta	1.5
dreaptă	1.5
drenaj	-1.5
drept	1.5
dreptate	1.5
dric	1.5
drog	-1.5
drone	-1.5
drăguț	1.5
drăguță	1.5
dubios	-1.5
dubiu	-1.5
duce	1.5
dud	-1.5
dulce	1.5
dulceață	1.5
dumnezeiesc	1.5
dur	-1.5
durabil	1.5
durabilitatea	1.5
durabilă	1.5
durere	-1.5
dureri	-1.5
dureros	-1.5
dură	-1.5
dușman	-1.5
dușmani	-1.5
dușmănie	-1.5
dușmănos	-1.5
dărâma	-1.5
dăuna	-1.5
dăunător	-1.5
echilibra	1.5
echilibrat	1.5
echitabil	1.5
echivoc	-1.5
economic	1.5
economie	1.5
educat	1.5
efectiv	1.5
efective	1.5
efemer	-1.5
eficace	1.5
eficacitate	1.5
eficient	1.5
eficiente	1.5
eficiență	1.5
efigie	-1.5
efort	1.5
egal	1.5
egoism	-1.5
egoist	-1.5
elastic	1.5
elegant	1.5
eleganță	1.5
elevate	1.5
elibera	1.5
eliberare	1.5
eliberat	1.5
eliminare	-1.5
eliminat	1.5
elite	1.5
elită	1.5
elocvent	1.5
elogiu	1.5
eminent	1.5
emisiune	-1.5
emite	-1.5
emoție	1.5
emoții	1.5
emoționant	-1.5
emoționat	1.5
empatie	1.5
energetic	1.5
energic	1.5
enervant	-1.5
enough	1.5
entuziasmat	1.5
entuziast	1.5
epavă	-1.5
epidemie	-1.5
epuiza	-1.5
epuizare	-1.5
epuizat	-1.5
eretic	-1.5
erezie	-1.5
eroare	-1.5
eroic	1.5
eroină	1.5
eronat	-1.5
eronate	-1.5
erori	-1.5
erorile	-1.5
erou	1.5
eroziune	-1.5
error	-1.5
errors	-1.5
erudit	1.5
erupții	-1.5
escroc	-1.5
escrocherie	-1.5
escroci	-1.5
estompează	-1.5
etern	1.5
etic	1.5
euforie	1.5
evacuare	-1.5
evada	-1.5
evaluare	1.5
evaziune	-1.5
evaziv	-1.5
evita	-1.5
evitat	-1.5
evlavie	1.5
evocatoare	1.5
exact	1.5
exagerare	-1.5
exaltare	1.5
exasperat	-1.5
excela	1.5
excelat	1.5
excelează	1.5
excelent	1.5
excelență	1.5
excentric	-1.5
excentricitate	-1.5
excepțional	1.5
excepțională	1.5
excesiv	-1.5
excitare	1.5
excitație	1.5
excludere	-1.5
exemplar	1.5
exil	-1.5
exilat	-1.5
experimental	-1.5
expert	1.5
expira	-1.5
expirat	-1.5
expire	-1.5
expirării	-1.5
exploata	-1.5
exploatare	-1.5
exploda	-1.5
exploziv	-1.5
expresie	-1.5
expropriere	-1.5
extaz	1.5
exterminare	-1.5
extra	1.5
extraordinar	1.5
extravagant	-1.5
extrem	1.5
extremism	-1.5
extremist	-1.5
extremiști	-1.5
exuberant	1.5
ezitant	-1.5
ezitare	-1.5
eșec	-1.5
eșecuri	-1.5
eșua	-1.5
eșuat	-1.5
fabrica	-1.5
fabricare	-1.5
fabricate	-1.5
fabrică	1.5
fabulos	1.5
face	1.5
facilita	1.5
facilitarea	1.5
facilitat	1.5
facilitate	1.5
failed	-1.5
failure	-1.5
faimoasa	1.5
faimos	1.5
faimă	1.5
fair	1.5
faith	1.5
falii	-1.5
fall	-1.5
falls	-1.5
falnic	-1.5
fals	-1.5
false	-1.5
famous	1.5
fanatic	-1.5
fanatici	-1.5
fanatism	-1.5
fanfare	1.5
fanfară	1.5
fantastic	1.5
fantezie	1.5
fantezist	-1.5
farmec	1.5
farsă	-1.5
fascinant	1.5
fascinație	1.5
fascism	-1.5
fascist	-1.5
fast	1.5
fatal	-1.5
fault	-1.5
favoare	1.5
favorabil	1.5
favorabilă	1.5
favorit	1.5
favorite	1.5
favoriza	1.5
favorizat	1.5
favorizeze	1.5
feat	1.5
febra	-1.5
febră	-1.5
fel	1.5
felicita	1.5
felie	-1.5
fenomenal	1.5
feri	-1.5
fericire	1.5
fericit	1.5
fericita	1.5
fermecat	1.5
fermecător	1.5
fermă	1.5
feroce	-1.5
ferocitate	-1.5
fertil	1.5
fertile	1.5
fervent	1.5
fervoare	1.5
festiv	1.5
festive	1.5
festivitate	1.5
fezabil	1.5
fiabil	1.5
fiabilitate	-1.5
fiasco	-1.5
fiction	-1.5
fictiv	-1.5
ficțiune	-1.5
fidel	1.5
fidelitate	1.5
fierbe	-1.5
fierbere	-1.5
fierbinte	1.5
figură	-1.5
fin	1.5
fine	1.5
finețe	1.5
fină	1.5
fior	1.5
fioros	-1.5
fire	-1.5
fisuri	-1.5
fisură	-1.5
flagel	-1.5
flagrant	-1.5
flexibil	1.5
flexibilitate	1.5
flirt	-1.5
floare	1.5
fluent	1.5
fluierat	-1.5
foame	-1.5
foamete	-1.5
foarte	1.5
fobie	-1.5
foi	-1.5
folosi	1.5
folositor	1.5
fond	1.5
foraj	-1.5
forțat	-1.5
fost	-1.5
fractura	-1.5
fractură	-1.5
fragil	-1.5
fragile	-1.5
fragmentat	-1.5
frauda	-1.5
fraudarea	-1.5
fraudulos	-1.5
fraudă	-1.5
frecare	-1.5
frecvent	-1.5
free	1.5
frenetic	-1.5
frenezie	-1.5
fresh	1.5
fricos	-1.5
frică	-1.5
friendly	1.5
frig	-1.5
frumoasă	1.5
frumos	1.5
frumusețe	1.5
frustrare	-1.5
frustrat	-1.5
frânt	-1.5
frământă	-1.5
fuck	-1.5
fugar	-1.5
fuge	-1.5
fugi	-1.5
fugind	-1.5
fugă	-1.5
fum	-1.5
fuma	-1.5
fun	1.5
funcționa	1.5
fundaș	1.5
funky	-1.5
fura	-1.5
furat	-1.5
furie	-1.5
furios	-1.5
furt	-1.5
furtunos	-1.5
furtună	-1.5
fură	-1.5
futuristic	1.5
fuzzy	-1.5
fără	1.5
gafă	-1.5
galant	1.5
gală	-1.5
gangster	-1.5
garant	1.5
garanta	1.5
garanție	1.5
gata	1.5
gelos	-1.5
gelozie	-1.5
gemă	1.5
generos	1.5
generozitate	1.5
genial	1.5
geniu	1.5
genocid	-1.5
ger	-1.5
ghetou	-1.5
ghici	1.5
ghinion	-1.5
gifted	1.5
gigantic	1.5
gimmick	-1.5
giulgiu	-1.5
glorie	1.5
glorifica	1.5
glorios	1.5
glumă	-1.5
gol	-1.5
gold	1.5
golit	-1.5
good	1.5
grabă	-1.5
grajd	1.5
grajduri	-1.5
grand	1.5
grandios	1.5
grandoare	1.5
graniță	-1.5
granular	-1.5
gras	-1.5
gratis	1.5
gratuit	1.5
grav	-1.5
grație	1.5
grațios	1.5
great	1.5
greatest	1.5
greață	-1.5
greoaie	-1.5
greoi	-1.5
greutate	-1.5
greutăți	-1.5
grevă	-1.5
greșeală	-1.5
greșeli	-1.5
greși	-1.5
greșit	-1.5
greșită	-1.5
grijile	-1.5
grijuliu	1.5
grijă	-1.5
grind	-1.5
grindina	1.5
grindină	1.5
gripă	-1.5
groaznic	-1.5
groază	-1.5
gros	-1.5
grosieră	-1.5
grosolan	-1.5
grotesc	-1.5
grotescul	-1.5
grotă	-1.5
grozav	1.5
grăsime	-1.5
grătar	-1.5
gunoi	-1.5
gust	1.5
gusturi	1.5
gândac	-1.5
gândi	1.5
gălăgie	-1.5
hack	-1.5
haiduc	-1.5
halucinație	-1.5
handicap	-1.5
handicapat	-1.5
haos	-1.5
haotic	-1.5
happy	1.5
har	1.5
hard	-1.5
harnic	1.5
hate	-1.5
hazard	-1.5
hegemonie	-1.5
hibrid	-1.5
hibrizi	-1.5
hoardă	-1.5
homosexual	-1.5
honor	1.5
hot	1.5
hrană	1.5
hrăni	1.5
hărnicie	1.5
hărțuit	-1.5
iad	-1.5
iarbă	-1.5
ideal	1.5
idee	-1.5
idilic	1.5
idiot	-1.5
idol	1.5
ierta	1.5
iertare	1.5
ignora	-1.5
ignorant	-1.5
ignoranță	-1.5
ignore	-1.5
ilegal	-1.5
ilicit	-1.5
iluminare	1.5
ilustru	1.5
iluzie	-1.5
iluzii	-1.5
iluzoriu	-1.5
imaginar	-1.5
imaginative	1.5
imaterial	-1.5
imatur	-1.5
imediat	1.5
imens	1.5
iminent	-1.5
imobil	-1.5
imobilizat	-1.5
imoral	-1.5
imoralitate	-1.5
impar	-1.5
imparțial	1.5
impas	-1.5
impecabil	1.5
impediment	-1.5
imperfect	-1.5
imperialist	-1.5
impersonal	-1.5
impetuos	-1.5
implacabil	-1.5
implica	-1.5
implicare	-1.5
implicat	-1.5
implicate	-1.5
important	1.5
imposibil	-1.5
impozant	-1.5
impozitare	-1.5
imprecise	-1.5
impresie	1.5
impresiona	1.5
impresionant	1.5
impresionat	1.5
imprevizibil	-1.5
improbabil	-1.5
impropriu	-1.5
impulsiv	-1.5
impune	-1.5
impunere	-1.5
impur	-1.5
inacceptabil	-1.5
inaccesibil	-1.5
inactiv	-1.5
inactive	-1.5
inadecvat	-1.5
inadecvată	-1.5
inamic	-1.5
inapt	-1.5
incandescent	1.5
incandescentă	1.5
incandescență	1.5
incapabil	-1.5
incapacitate	-1.5
incendiar	-1.5
incert	-1.5
incita	-1.5
incitare	-1.5
incite	-1.5
incoerent	-1.5
incomod	-1.5
incomparabil	1.5
incompatibil	-1.5
incompatibilitate	-1.5
incompetent	-1.5
incompetență	-1.5
incomplet	-1.5
incomplete	-1.5
inconvenient	-1.5
incorect	-1.5
inculpat	-1.5
indecent	-1.5
indecis	-1.5
independent	1.5
indiferent	-1.5
indiferență	-1.5
indignare	-1.5
indignat	-1.5
indisponibil	-1.5
individualizate	1.5
indulgență	1.5
ineficace	-1.5
inegal	-1.5
inegalitate	-1.5
inegalitățile	-1.5
inevitabil	-1.5
inexact	-1.5
inexistent	-1.5
inexistente	-1.5
inexorabil	-1.5
inexplicabilă	-1.5
infailibil	1.5
infecta	-1.5
infectare	-1.5
infectate	-1.5
infecție	-1.5
infecțiile	-1.5
inferior	-1.5
inferioritate	-1.5
infern	-1.5
infernal	-1.5
infestate	-1.5
infidel	-1.5
infirm	-1.5
infirma	-1.5
inflamator	-1.5
inflamație	-1.5
influent	1.5
informat	1.5
infractor	-1.5
infracțiune	-1.5
infracțiuni	-1.5
ingenios	1.5
ingeniozitate	1.5
inhiba	-1.5
inofensiv	1.5
inovatoare	1.5
inovator	1.5
inovație	1.5
inox	1.5
inspirație	1.5
inspire	1.5
instabil	-1.5
instabili	-1.5
instabilitate	-1.5
instant	1.5
instructiv	1.5
instrumental	1.5
insuficient	-1.5
insuficiență	-1.5
insular	-1.5
insulta	-1.5
insultat	-1.5
insulte	-1.5
insultă	-1.5
insuportabil	-1.5
insurecție	-1.5
intact	1.5
integra	1.5
integral	1.5
integrală	1.5
integrat	1.5
integrate	1.5
inteligent	1.5
inteligență	1.5
inteligibil	1.5
intens	-1.5
intense	-1.5
intenționat	1.5
interes	1.5
interesant	1.5
interese	1.5
interfera	-1.5
intermitent	-1.5
interval	-1.5
intervine	-1.5
interzice	-1.5
interzicere	-1.5
interzis	-1.5
intim	1.5
intimida	-1.5
intimidare	-1.5
intimitate	1.5
intoleranță	-1.5
intransigent	-1.5
intrigant	1.5
intuitiv	1.5
intuitive	1.5
inuman	-1.5
inundat	-1.5
inundate	-1.5
inutil	-1.5
inutile	-1.5
invalid	-1.5
invazive	-1.5
inventiv	1.5
inventivitate	1.5
invidia	1.5
invidie	1.5
invincibil	1.5
invizibil	-1.5
involuntar	-1.5
ipocrit	-1.5
ipocrizie	-1.5
iradiere	1.5
irațional	-1.5
irelevant	-1.5
iresponsabil	-1.5
ireversibil	-1.5
irezistibil	1.5
irita	-1.5
iritant	-1.5
iritat	-1.5
ironic	-1.5
ironie	-1.5
iscusit	1.5
issue	-1.5
issues	-1.5
isterie	-1.5
iubeste	1.5
iubi	1.5
iubire	1.5
iubit	1.5
iubitor	1.5
iubită	1.5
iute	1.5
iz	-1.5
izbitor	1.5
izbucni	-1.5
izbucnire	-1.5
izbucniri	-1.5
izola	-1.5
izolare	-1.5
izolat	-1.5
jaf	-1.5
jalnic	-1.5
jam	-1.5
jefui	-1.5
jenant	-1.5
jenă	-1.5
jgheab	-1.5
jignire	-1.5
jignitor	-1.5
josnic	-1.5
juca	-1.5
jucător	1.5
jucăuș	1.5
judecată	1.5
jupân	1.5
justițiar	1.5
kill	-1.5
knock	-1.5
laborios	1.5
lacom	-1.5
laconic	-1.5
lacune	-1.5
lame	-1.5
lamentabil	-1.5
latență	-1.5
laudă	1.5
laș	-1.5
lead	1.5
leading	1.5
led	1.5
legal	1.5
legendar	1.5
legendară	1.5
legendă	-1.5
legitim	1.5
legământ	1.5
lene	-1.5
leneș	-1.5
lent	-1.5
letal	-1.5
letargie	-1.5
leziune	-1.5
libertate	1.5
libertățile	1.5
lie	-1.5
lied	-1.5
like	1.5
limit	-1.5
limita	-1.5
limitare	-1.5
limitat	-1.5
limited	-1.5
limitele	-1.5
limită	-1.5
limitări	-1.5
limpede	1.5
lin	1.5
liniște	1.5
liniști	1.5
liniștit	1.5
lipi	-1.5
lipicios	-1.5
lipsește	-1.5
lipsi	-1.5
lipsit	-1.5
lipsuri	-1.5
lipsă	-1.5
liric	1.5
litigiu	-1.5
lizibil	1.5
logic	1.5
loial	1.5
loialitate	1.5
lopată	-1.5
lost	-1.5
love	1.5
lovi	-1.5
lovitură	-1.5
lucid	1.5
lucios	1.5
luciu	1.5
lucra	1.5
lucrare	1.5
lucrat	-1.5
lucrativ	1.5
lucrător	1.5
lumina	1.5
luminos	1.5
lumină	-1.5
lung	-1.5
lupoaică	-1.5
lupta	-1.5
luptat	-1.5
lustruit	1.5
lux	1.5
luxos	1.5
lăcomie	-1.5
lămuri	1.5
lămâi	-1.5
lămâie	-1.5
lăuda	1.5
lăudând	1.5
macabre	-1.5
macabru	-1.5
maestru	1.5
magic	1.5
magică	1.5
magie	1.5
magnific	1.5
maiestuos	1.5
maladie	-1.5
malign	-1.5
maligne	-1.5
mania	-1.5
manie	-1.5
manifesta	1.5
manipula	-1.5
manipulare	-1.5
manipulate	-1.5
manipuleze	-1.5
mar	-1.5
marca	1.5
marcă	1.5
mare	1.5
marginal	-1.5
margine	-1.5
marionete	-1.5
marionetă	-1.5
martiriu	-1.5
masacre	-1.5
masacru	-1.5
masiv	1.5
master	1.5
masters	1.5
masă	-1.5
mat	-1.5
matur	1.5
mature	1.5
maturitate	1.5
maximum	1.5
mecanism	-1.5
mediocre	-1.5
mediocru	-1.5
mediocră	-1.5
medita	-1.5
melancolic	-1.5
melancolie	-1.5
melc	-1.5
memorabil	1.5
merge	1.5
merit	1.5
merita	1.5
merită	1.5
meticulos	1.5
mic	-1.5
microfon	-1.5
milostiv	1.5
mincinoasă	-1.5
mincinos	-1.5
minciună	-1.5
minunat	1.5
minune	1.5
minuni	1.5
minți	-1.5
mira	1.5
miracol	1.5
miracole	1.5
miraculos	1.5
mirare	1.5
mire	-1.5
miroase	-1.5
miros	-1.5
miss	-1.5
mister	-1.5
misterios	-1.5
mit	-1.5
mitic	1.5
mită	-1.5
mizerabil	-1.5
mizerie	-1.5
moare	-1.5
moarte	-1.5
moartea	-1.5
modern	1.5
modernizate	1.5
modest	1.5
modestie	1.5
modă	1.5
molipsitor	-1.5
momeală	-1.5
monoton	-1.5
monstru	-1.5
monstruos	-1.5
monumental	1.5
moralitate	1.5
mort	-1.5
mortal	-1.5
motiva	1.5
motivată	1.5
motivați	1.5
motivul	-1.5
multilateral	1.5
mulțumi	1.5
mulțumire	1.5
mulțumit	1.5
muncă	1.5
murdar	-1.5
murder	-1.5
murdărie	-1.5
muri	-1.5
muribund	-1.5
mustrare	-1.5
mustrări	-1.5
muta	-1.5
mutilat	-1.5
mâncărime	-1.5
mânia	-1.5
mânie	-1.5
mânios	-1.5
măcel	-1.5
măcelar	-1.5
măiestrie	1.5
măreț	-1.5
măreție	1.5
mărginit	-1.5
mărime	1.5
mărire	1.5
mărturisi	-1.5
mărturisire	-1.5
mărunt	-1.5
mătura	1.5
naiba	-1.5
naiv	-1.5
naive	-1.5
naivitate	-1.5
naufragiu	-1.5
navigabil	1.5
neacceptat	-1.5
neadecvat	-1.5
neagă	-1.5
neajuns	-1.5
neajunsuri	-1.5
neam	-1.5
neatenție	-1.5
neatins	-1.5
neavizat	-1.5
neașteptat	-1.5
nebun	-1.5
nebunește	-1.5
nebuni	-1.5
nebunie	-1.5
nebună	-1.5
necalificat	-1.5
necaz	-1.5
necinstit	-1.5
neclar	-1.5
neclare	-1.5
neclară	-1.5
neclintit	1.5
neconceput	-1.5
necondiționat	1.5
neconfirmate	-1.5
neconstituțional	-1.5
necontestat	1.5
necontrolat	-1.5
necontrolate	-1.5
neconvențional	-1.5
necorespunzător	-1.5
necredincios	-1.5
necunoscut	-1.5
necunoscută	-1.5
necurat	-1.5
nedecis	-1.5
nedefinit	-1.5
nedeterminat	-1.5
nedorit	-1.5
nedrept	-1.5
nedreptate	-1.5
nedreptățile	-1.5
nedumerit	-1.5
nefavorabil	-1.5
nefavorabilă	-1.5
nefericire	-1.5
nefericirea	-1.5
nefericit	-1.5
nega	-1.5
negare	-1.5
negate	-1.5
negativ	-1.5
negative	-1.5
negație	-1.5
neglija	-1.5
neglijent	-1.5
neglijență	-1.5
negocia	1.5
nehotărât	-1.5
nejustificat	-1.5
nelegitim	-1.5
nelimitat	1.5
nelimitată	1.5
neliniște	-1.5
neliniștit	-1.5
nemaipomenit	-1.5
nemilos	-1.5
nemișcat	-1.5
nemulțumire	-1.5
nemulțumirile	-1.5
nemulțumit	-1.5
nemuritor	1.5
nenorocire	-1.5
nenorocit	-1.5
neobosit	-1.5
neobservat	-1.5
neorganizat	-1.5
neplăcut	-1.5
nepoliticos	-1.5
nepopular	-1.5
nepotism	-1.5
nepotrivit	-1.5
neprevăzut	-1.5
neprețuit	1.5
neproductiv	-1.5
neputincios	-1.5
neputință	-1.5
nepăsare	-1.5
nepăsător	-1.5
neregulat	-1.5
nereușit	-1.5
nerezolvat	-1.5
nerezolvate	-1.5
nervos	-1.5
nervozitate	-1.5
nerăbdător	-1.5
nesatisfăcător	-1.5
nesemnificativ	-1.5
nesigur	-1.5
nesiguranță	-1.5
nesupunere	-1.5
nesănătoase	-1.5
nesănătoasă	-1.5
neted	1.5
neterminat	-1.5
netezi	1.5
neverosimil	-1.5
nevinovat	1.5
nevoit	-1.5
neîncetat	-1.5
neîncredere	-1.5
neîndemânatic	-1.5
neînduplecat	-1.5
neînfricat	1.5
neînțelegere	-1.5
neînțelegeri	-1.5
neînțeles	-1.5
nice	1.5
nimerit	1.5
nimici	-1.5
nimicitor	-1.5
nisipos	-1.5
nobil	1.5
noblețe	1.5
nociv	-1.5
nonsens	-1.5
nor	-1.5
normal	1.5
noroc	1.5
norocos	1.5
noroi	-1.5
notorietate	-1.5
notoriu	-1.5
noutate	1.5
nu	-1.5
nulitate	-1.5
născocit	-1.5
oază	1.5
obiect	-1.5
obiecție	-1.5
obiecții	-1.5
obișnuit	-1.5
object	-1.5
oblic	-1.5
obliga	-1.5
oboseală	-1.5
obosit	-1.5
obositor	-1.5
obraznic	-1.5
obscen	-1.5
obscene	-1.5
obscur	-1.5
obscure	-1.5
obscuritate	-1.5
observabil	1.5
obsesie	1.5
obsesii	1.5
obsesiv	-1.5
obstacol	-1.5
obstacole	-1.5
ocoli	-1.5
ocolit	-1.5
ocroti	1.5
ocrotire	1.5
ocupație	1.5
odihnit	1.5
ofensa	-1.5
ofensivă	-1.5
ofertă	1.5
omagiu	1.5
omisiune	-1.5
omit	-1.5
omite	-1.5
omorî	-1.5
onest	1.5
onestitate	1.5
onoare	1.5
onora	1.5
onorabil	1.5
onorat	1.5
opera	1.5
operă	1.5
opinie	-1.5
oponent	-1.5
oportun	1.5
opoziție	-1.5
opoziții	-1.5
opri	1.5
oprire	-1.5
optimism	1.5
optimist	1.5
optimă	1.5
opune	-1.5
opus	-1.5
orb	-1.5
orbire	-1.5
ordinar	-1.5
ordonat	1.5
orfan	-1.5
orfană	-1.5
orgoliu	1.5
orgoliul	-1.5
oribil	-1.5
orificiu	-1.5
original	1.5
originalitate	1.5
originalitatea	1.5
ostatic	-1.5
ostatică	-1.5
ostentativ	-1.5
ostil	-1.5
ostilitate	-1.5
ostilităților	-1.5
osândit	-1.5
otravă	-1.5
otrăvitor	-1.5
pace	1.5
pacient	1.5
pagube	-1.5
pagubă	-1.5
pain	-1.5
pal	-1.5
pale	-1.5
palid	-1.5
palmă	-1.5
pan	-1.5
panicat	-1.5
panică	-1.5
panoramic	1.5
pantă	-1.5
pană	-1.5
papagal	-1.5
paradis	1.5
paradoxal	-1.5
paralizat	-1.5
paranoia	-1.5
parazit	-1.5
paria	-1.5
parodia	-1.5
parodie	-1.5
partizan	-1.5
partizani	-1.5
pasionat	1.5
pasiune	1.5
pasiv	-1.5
pat	-1.5
patetic	-1.5
patriot	1.5
patriotic	1.5
patron	1.5
pată	-1.5
pauze	-1.5
pauză	-1.5
pavaj	-1.5
pașnic	1.5
peace	1.5
pedeapsă	-1.5
pedepsește	-1.5
pedepsi	-1.5
peiorativ	-1.5
penal	-1.5
penalizare	-1.5
penalti	-1.5
penalty	-1.5
penis	-1.5
perceptibil	1.5
perfect	1.5
perfecta	1.5
perfecțiune	1.5
periclita	-1.5
pericol	-1.5
periculos	-1.5
permite	1.5
perpetuu	1.5
persecuta	-1.5
persecute	-1.5
persecuție	-1.5
perseverent	-1.5
perseverență	1.5
persistent	-1.5
personaj	1.5
personaje	1.5
personalizat	1.5
perturba	-1.5
perturbare	-1.5
perturbate	-1.5
perturbând	-1.5
pervers	-1.5
perversiune	-1.5
pesimism	-1.5
pesimist	-1.5
pestriț	-1.5
pestă	-1.5
pete	-1.5
petrecere	1.5
peșteră	-1.5
pichet	-1.5
pică	-1.5
piedică	-1.5
pierde	-1.5
pierdere	-1.5
pierderi	-1.5
pierdut	-1.5
pieri	-1.5
pietate	1.5
pietre	1.5
pistoane	-1.5
pitic	-1.5
pitoresc	1.5
plac	1.5
place	1.5
plagă	-1.5
plat	-1.5
plauzibil	1.5
pleavă	-1.5
pledat	1.5
plictiseală	-1.5
plictisit	-1.5
plictisitor	-1.5
plumb	1.5
plutitor	1.5
pluș	1.5
plâng	-1.5
plânge	-1.5
plângere	-1.5
plângeri	-1.5
plâns	-1.5
plăcere	1.5
plăcut	1.5
podea	-1.5
poetic	1.5
pofida	-1.5
polarizare	-1.5
politețe	1.5
politico	1.5
politicos	1.5
pompos	-1.5
poor	-1.5
popular	1.5
populară	1.5
porc	-1.5
porci	-1.5
port	-1.5
portabil	1.5
portiță	-1.5
porturi	-1.5
posibil	1.5
posterior	-1.5
potoli	1.5
potop	-1.5
potrivit	1.5
potrivnic	-1.5
povară	-1.5
pozitiv	1.5
pozitive	1.5
practic	1.5
prada	-1.5
pradă	-1.5
praf	-1.5
prag	1.5
precar	-1.5
precipitat	-1.5
precis	1.5
precise	1.5
preda	-1.5
predare	-1.5
preface	-1.5
prefer	1.5
prefera	1.5
preferabil	1.5
preferat	1.5
preferință	1.5
preferând	1.5
preferă	1.5
prejudecată	-1.5
prejudecăți	-1.5
prejudiciu	-1.5
premier	1.5
premii	1.5
premiu	1.5
preocupa	-1.5
preocupare	-1.5
preocupări	-1.5
preot	1.5
prestigiu	1.5
pretenție	-1.5
pretențios	-1.5
pretinde	-1.5
prevedere	1.5
prevestire	-1.5
prevestitor	-1.5
previziune	1.5
prețios	1.5
prețuit	1.5
pricepe	1.5
pricepere	1.5
pride	1.5
prietenie	1.5
prietenoasă	1.5
prietenos	1.5
prim	1.5
primejdie	-1.5
primejdios	-1.5
primitiv	-1.5
primitive	-1.5
primitor	1.5
primordial	1.5
primă	1.5
principal	1.5
principial	1.5
prins	-1.5
prisos	-1.5
priva	-1.5
privat	-1.5
privilegiat	1.5
privilegiu	1.5
privire	1.5
prize	1.5
prizonier	-1.5
priză	-1.5
proaspăt	1.5
problem	-1.5
problematic	-1.5
probleme	-1.5
problems	-1.5
problemă	-1.5
produce	1.5
productiv	1.5
productive	1.5
proeminent	1.5
proeminență	1.5
profan	-1.5
profane	-1.5
profitabil	1.5
profund	1.5
progres	1.5
progresist	1.5
progresistă	1.5
progresiv	1.5
progressive	1.5
prolific	1.5
promise	1.5
promisiune	1.5
promite	1.5
promițător	1.5
promotor	1.5
prompt	1.5
propaganda	-1.5
propagandă	-1.5
propice	1.5
proprietar	1.5
proprietate	-1.5
propriu	1.5
propune	1.5
proscris	-1.5
prosper	1.5
prospera	1.5
prosperitate	1.5
prost	-1.5
prostesc	-1.5
prostie	-1.5
prostii	-1.5
prostituată	-1.5
protect	1.5
protection	1.5
protecție	1.5
proteja	1.5
protejare	1.5
protest	-1.5
protesta	-1.5
protestat	-1.5
protestele	-1.5
protestând	-1.5
provizoriu	-1.5
provoca	-1.5
provocare	-1.5
provocatoare	-1.5
provocator	-1.5
prudent	1.5
prăbuși	-1.5
prăbușire	-1.5
prăbușit	-1.5
prăjit	-1.5
prăpastie	-1.5
pufos	-1.5
pula	-1.5
pulbere	-1.5
pumn	-1.5
punctată	-1.5
punctual	1.5
punitive	-1.5
punk	-1.5
pupa	-1.5
pur	1.5
pure	1.5
purifica	1.5
puritate	1.5
purtat	-1.5
pustii	-1.5
pustiu	-1.5
putere	-1.5
puternic	1.5
puternică	1.5
putred	-1.5
pușcărie	-1.5
pârghie	1.5
păcat	-1.5
păcălit	-1.5
păcătos	-1.5
păgân	-1.5
păpușă	-1.5
păr	-1.5
părere	-1.5
părtinire	-1.5
părtinitoare	-1.5
părăsi	-1.5
părăsit	-1.5
pătimaș	1.5
queer	-1.5
rade	-1.5
radical	-1.5
radicalii	-1.5
rafinament	1.5
rafinare	1.5
rafinat	1.5
rahat	-1.5
rai	1.5
ranchiună	-1.5
rană	-1.5
rapid	1.5
raport	1.5
rar	-1.5
raritate	-1.5
rash	-1.5
rasism	-1.5
rasist	-1.5
rasiste	-1.5
rasistă	-1.5
ratat	-1.5
rațional	1.5
reacționar	-1.5
ready	1.5
reafirma	1.5
realist	1.5
realistic	1.5
realiza	1.5
realizabil	1.5
realizare	1.5
realizat	1.5
realizări	1.5
rebel	-1.5
receptiv	1.5
recesiune	-1.5
rechin	-1.5
reclamație	-1.5
recomanda	1.5
recomandabil	1.5
recomandare	1.5
recomandat	1.5
recomandări	1.5
reconcilia	1.5
reconciliere	1.5
reconfortare	1.5
rectificare	1.5
recul	-1.5
recunoaștere	-1.5
recunoscut	-1.5
recunoscător	1.5
recunoștință	1.5
recupera	1.5
recuperare	1.5
recurs	1.5
redundant	-1.5
redundanță	-1.5
reformat	1.5
reformator	1.5
reformele	1.5
reformă	1.5
refractar	-1.5
refresh	1.5
refuz	-1.5
refuza	-1.5
refuzul	-1.5
refuză	-1.5
regal	1.5
regală	1.5
reglabil	1.5
regres	-1.5
regret	-1.5
regreta	-1.5
regretabil	-1.5
regretat	-1.5
regrete	-1.5
regula	-1.5
regulat	1.5
relaxare	1.5
relaxat	1.5
rele	-1.5
relief	1.5
remarcabil	1.5
remedia	1.5
remediu	1.5
renaștere	1.5
renume	1.5
renumit	1.5
renunța	-1.5
renunțare	-1.5
renăscută	-1.5
repaus	1.5
repede	1.5
repetitive	-1.5
represiune	-1.5
represiv	-1.5
reprima	-1.5
reproș	-1.5
reproșa	-1.5
repulsie	-1.5
reputație	1.5
resentiment	-1.5
respect	1.5
respecta	1.5
respectabil	1.5
respectuos	1.5
respinge	-1.5
respingere	-1.5
respingerea	-1.5
respins	-1.5
rest	-1.5
restabili	1.5
restaurat	1.5
restituire	1.5
restrictiv	-1.5
restrictive	-1.5
restricție	-1.5
restructurarea	1.5
restrânge	-1.5
resturi	-1.5
retard	-1.5
reticent	-1.5
retoric	-1.5
retorică	-1.5
retractabil	1.5
retrage	-1.5
retragere	-1.5
retras	-1.5
retrimis	-1.5
retrogradare	-1.5
reuniune	1.5
reusind	1.5
reușește	1.5
reuși	1.5
reușit	1.5
revelație	1.5
revendica	1.5
reveni	-1.5
revenire	-1.5
reverență	1.5
revert	-1.5
revoca	-1.5
revolta	-1.5
revoltat	-1.5
revoltă	-1.5
revoluționar	1.5
revoluționat	1.5
rezervoare	-1.5
rezervor	-1.5
rezervă	1.5
rezistent	1.5
rezistență	-1.5
rezonabil	1.5
reînnoi	1.5
reînnoită	1.5
reînvia	1.5
reînvie	1.5
reține	-1.5
rich	1.5
ridica	1.5
ridicare	1.5
ridicol	-1.5
ridiculizează	-1.5
rift	-1.5
right	1.5
rigid	-1.5
rigiditate	-1.5
riguros	-1.5
risc	-1.5
risca	-1.5
riscant	-1.5
riscurile	-1.5
risipi	-1.5
risipă	-1.5
rival	-1.5
rivalitate	-1.5
rivaliza	-1.5
roade	-1.5
rob	-1.5
robi	-1.5
robie	-1.5
robust	1.5
robustă	1.5
roditor	1.5
romantic	1.5
ros	-1.5
rostogolire	-1.5
rot	-1.5
roz	1.5
roșcat	-1.5
rude	-1.5
rue	-1.5
ruga	-1.5
rugină	-1.5
ruina	-1.5
ruinarea	-1.5
ruinat	-1.5
ruine	-1.5
ruină	-1.5
rupe	-1.5
rupere	-1.5
rupt	-1.5
ruptură	-1.5
rută	-1.5
rușinat	-1.5
rușine	-1.5
rușinos	-1.5
râvnă	1.5
răbdare	1.5
răbdător	1.5
răceală	-1.5
răcoare	1.5
rădăcină	-1.5
răgaz	1.5
rămășițe	-1.5
răni	-1.5
rănit	-1.5
răpi	-1.5
răpirea	1.5
răscoală	-1.5
răscumpăra	1.5
răscumpărare	1.5
răsfățat	1.5
răsplăti	1.5
răspundere	-1.5
răspunzător	-1.5
răsturna	-1.5
răsturnare	-1.5
răsucire	-1.5
răsunet	-1.5
răsunător	1.5
rătăcitor	-1.5
rău	-1.5
răutate	-1.5
răutăcios	-1.5
răvășit	-1.5
războinic	-1.5
răzbuna	-1.5
răzbunare	-1.5
răzbunător	-1.5
sabotaj	-1.5
sac	-1.5
sacadat	-1.5
sacrifica	-1.5
sacrificat	-1.5
sacrificate	-1.5
salbatic	-1.5
salut	1.5
saluta	1.5
salute	1.5
salvator	1.5
sarcasm	-1.5
sarcastic	-1.5
sarcină	-1.5
satiric	-1.5
satisface	1.5
satisfacere	1.5
satisfacție	1.5
satisfăcut	1.5
satisfăcător	1.5
saturare	-1.5
scade	-1.5
scandal	-1.5
scandalos	-1.5
scandalurile	-1.5
scazut	-1.5
scenic	1.5
sceptic	-1.5
scepticism	-1.5
schelet	-1.5
schelete	-1.5
sclav	-1.5
sclavi	-1.5
sclavă	-1.5
sclipitoare	1.5
scufunda	-1.5
scufundare	-1.5
scufundarea	-1.5
scufundat	-1.5
scuipă	-1.5
scund	-1.5
scurge	-1.5
scurgere	-1.5
scurgeri	-1.5
scuza	-1.5
scuze	-1.5
scuză	-1.5
scânteie	1.5
scârbă	-1.5
scădea	-1.5
scădere	-1.5
scăpa	-1.5
secetă	-1.5
secure	1.5
secătuit	-1.5
sedentar	-1.5
seducător	1.5
seif	1.5
selectiv	1.5
selective	1.5
semnificant	1.5
semnificativ	1.5
senin	1.5
seninătate	1.5
sensibil	1.5
sensibilitate	-1.5
sensitive	1.5
sentimental	1.5
senzație	1.5
senzații	1.5
senzațional	1.5
separa	-1.5
serbare	1.5
serios	1.5
serviciu	1.5
servitor	-1.5
servitute	-1.5
sete	-1.5
sever	-1.5
severe	-1.5
severitate	-1.5
sexy	1.5
sfidare	-1.5
sfințit	1.5
sfânt	1.5
sfântă	1.5
significant	1.5
sigur	1.5
siguranță	1.5
silă	-1.5
simpatic	1.5
simpatie	1.5
simplifica	1.5
simplificate	1.5
simplifică	1.5
simplist	-1.5
simplu	1.5
simptom	-1.5
simptomele	-1.5
simula	-1.5
simulat	-1.5
simți	1.5
simțitor	1.5
sin	-1.5
sincer	1.5
sincere	1.5
sinceritate	1.5
sindromul	-1.5
singur	-1.5
singuratic	-1.5
singurătate	-1.5
sinistru	-1.5
sinucidere	-1.5
sinucigaș	-1.5
sinucigașă	-1.5
sinuos	-1.5
situează	-1.5
skill	1.5
slab	-1.5
slave	-1.5
slavă	1.5
slobozi	-1.5
slow	-1.5
slăbi	-1.5
slăbiciune	-1.5
slăbire	-1.5
slăbit	-1.5
slăbiți	-1.5
smart	1.5
smerenie	1.5
smulge	-1.5
soartă	1.5
sobru	-1.5
sociabil	1.5
sofisticat	1.5
soft	1.5
solemn	-1.5
solid	1.5
solidaritate	1.5
somptuos	1.5
sonată	-1.5
sorry	-1.5
sort	1.5
sortiment	1.5
spade	-1.5
spaimă	-1.5
sparge	-1.5
spargere	-1.5
spart	-1.5
spațios	1.5
special	1.5
spectaculos	1.5
spectatori	-1.5
speedy	1.5
speranță	1.5
speria	-1.5
speriat	-1.5
spinos	-1.5
spiritual	1.5
splendid	1.5
splendoare	1.5
split	-1.5
spontan	1.5
sporadic	-1.5
spori	1.5
sporire	1.5
sportiv	1.5
sprijin	1.5
sprijini	1.5
sprijinire	1.5
sprijinite	1.5
sprijină	1.5
spumos	1.5
spumă	-1.5
spânzurat	-1.5
spărtură	-1.5
stabil	1.5
stabilitate	1.5
stabiliza	1.5
stable	1.5
stagnare	-1.5
stand	-1.5
stare	-1.5
static	-1.5
statornic	1.5
stelar	1.5
stereotip	-1.5
sterp	-1.5
sters	-1.5
stilizate	1.5
stima	1.5
stimula	1.5
stimulare	1.5
stimulate	1.5
stimulator	1.5
stimulează	1.5
sting	-1.5
stinge	-1.5
stoarce	-1.5
strange	-1.5
straniu	-1.5
strecura	-1.5
strecurat	-1.5
stres	-1.5
stress	-1.5
strica	-1.5
stricat	-1.5
stricată	-1.5
strict	-1.5
strident	-1.5
striga	-1.5
strigăt	-1.5
strong	1.5
strâmb	-1.5
străin	-1.5
străluci	1.5
strălucire	1.5
strălucit	1.5
strălucitoare	1.5
strălucitor	1.5
strămutate	-1.5
străpunge	-1.5
stupid	-1.5
stupoare	-1.5
stâlp	-1.5
stâncos	-1.5
stângaci	-1.5
stânjeni	-1.5
stăpân	1.5
stăpâni	1.5
subiect	-1.5
subjugate	-1.5
sublim	1.5
sublinia	-1.5
subliniază	-1.5
submina	-1.5
subminare	-1.5
subminarea	-1.5
subminat	-1.5
subminează	-1.5
subordona	-1.5
subordonat	-1.5
subordoneze	-1.5
substantiv	1.5
substantive	1.5
subvenționate	1.5
subversiv	-1.5
subversive	-1.5
succeda	1.5
succede	1.5
succes	1.5
succese	1.5
succesele	1.5
success	1.5
suferi	-1.5
suferind	-1.5
suferinzi	-1.5
suferință	-1.5
suferă	-1.5
suficient	1.5
sufla	-1.5
suflare	-1.5
sufletesc	1.5
suge	-1.5
sugera	1.5
sumar	-1.5
sumbru	-1.5
sunet	-1.5
super	1.5
superb	1.5
superbă	1.5
superficial	-1.5
superior	1.5
superioritate	1.5
superstiție	-1.5
suplu	1.5
suport	1.5
suporter	1.5
suporturi	1.5
support	1.5
supported	1.5
supraveghere	-1.5
supraviețuire	1.5
supraviețuitor	1.5
suprem	1.5
supremație	1.5
supreme	1.5
suprima	-1.5
suprimarea	-1.5
supt	-1.5
supunere	-1.5
supuși	-1.5
supăra	-1.5
supărare	-1.5
supărat	-1.5
supără	-1.5
supărător	-1.5
surd	-1.5
surpare	-1.5
surprindere	1.5
surprinzător	1.5
surâs	1.5
suspect	-1.5
suspecta	-1.5
suspicios	-1.5
suspiciune	-1.5
suspiciuni	-1.5
sustrage	-1.5
susține	1.5
susținător	1.5
sweet	1.5
sângerare	-1.5
sângeros	-1.5
sângerări	-1.5
sânt	1.5
sălbatic	-1.5
sălbatici	-1.5
sălbăticie	-1.5
sănătos	1.5
săpa	-1.5
sărac	-1.5
sărbătoare	1.5
sărbători	1.5
sărbătorire	1.5
sărbătorit	1.5
sărăcie	-1.5
sărăcit	-1.5
sărăcăcios	-1.5
tabu	-1.5
talent	1.5
talentat	1.5
talentele	1.5
talisman	1.5
tanc	-1.5
tandrețe	-1.5
tank	-1.5
tardiv	-1.5
tare	-1.5
taur	1.5
taxa	-1.5
taxă	-1.5
teamă	-1.5
teme	-1.5
temeinic	1.5
temeri	-1.5
temniță	-1.5
tempera	-1.5
temperament	-1.5
temperatură	-1.5
temut	-1.5
tenace	1.5
tenacitate	1.5
tensiune	-1.5
tenta	1.5
tentative	-1.5
tentativă	-1.5
teroare	-1.5
terorism	-1.5
terorist	-1.5
tezaur	-1.5
thrash	-1.5
ticălos	-1.5
timid	-1.5
timp	-1.5
tineresc	1.5
tiran	-1.5
tiranic	-1.5
tiranie	-1.5
toi	-1.5
top	1.5
topi	-1.5
topor	-1.5
topuri	1.5
torent	-1.5
tortura	-1.5
torturarea	-1.5
torturat	-1.5
torturi	-1.5
torturii	-1.5
tortură	-1.5
total	-1.5
totalitar	-1.5
tout	-1.5
toxic	-1.5
tracțiune	1.5
trage	-1.5
tragedie	-1.5
tragic	-1.5
trainic	1.5
transparent	1.5
transă	1.5
trap	-1.5
tratament	1.5
trauma	-1.5
traumatic	-1.5
traumatizat	-1.5
treabă	1.5
trick	-1.5
trist	-1.5
tristețe	-1.5
tristă	-1.5
triumf	1.5
triumfal	1.5
triumfător	1.5
trofeu	1.5
trompetă	1.5
truc	-1.5
trudă	-1.5
trust	1.5
trăda	-1.5
trădare	-1.5
trădează	-1.5
trădător	-1.5
tulbura	-1.5
tulburare	-1.5
tulburat	-1.5
tulbure	-1.5
turbulent	-1.5
târg	1.5
târât	-1.5
tăcut	1.5
tăios	-1.5
tămâie	-1.5
ucide	-1.5
ucidere	-1.5
ucigaș	-1.5
ucis	-1.5
uimire	1.5
uimit	1.5
uimitoare	-1.5
uimitor	1.5
uitat	-1.5
uitând	-1.5
ulterior	-1.5
ultimatum	-1.5
ultraj	-1.5
uluit	1.5
uluitor	1.5
uman	1.5
umbrit	-1.5
umed	-1.5
umedă	-1.5
umflat	-1.5
umilință	1.5
umilire	-1.5
umilitor	-1.5
umor	1.5
umple	-1.5
undefined	-1.5
uneltire	1.5
unge	-1.5
unire	1.5
unitate	1.5
universal	-1.5
unknown	-1.5
ura	1.5
urcare	-1.5
urgent	-1.5
urgență	-1.5
uriaș	1.5
urla	-1.5
urzeală	-1.5
urzica	-1.5
urât	-1.5
ură	-1.5
urăște	-1.5
useful	1.5
usurp	-1.5
util	1.5
utilizabil	1.5
uvertură	1.5
uzurpare	-1.5
uzurpator	-1.5
ușor	1.5
ușura	1.5
ușurare	1.5
ușurința	1.5
vad	-1.5
vag	-1.5
vagabond	-1.5
vai	-1.5
valid	1.5
valoare	1.5
valoros	1.5
van	-1.5
variabil	-1.5
varietate	1.5
variety	1.5
vast	1.5
vechi	-1.5
vehement	-1.5
venera	1.5
venerare	1.5
venerate	1.5
venerație	1.5
venin	-1.5
veninos	-1.5
ventilatoare	1.5
ventilator	1.5
veridic	1.5
veridicitate	1.5
veritabil	1.5
versatil	1.5
vervă	1.5
vesel	1.5
veselie	1.5
vestigii	-1.5
vestigiu	-1.5
vezicule	-1.5
veșnic	1.5
vibrant	1.5
vibrație	-1.5
vice	-1.5
vicios	-1.5
viciu	-1.5
viclean	-1.5
victimă	-1.5
victorie	1.5
victorios	1.5
vierme	1.5
vigilent	1.5
vigilență	1.5
vigoare	1.5
viguros	-1.5
vile	-1.5
vindeca	1.5
vindecare	1.5
vinovat	-1.5
vinovăție	-1.5
vină	-1.5
vioi	1.5
viol	-1.5
viola	-1.5
violare	-1.5
violat	-1.5
violate	-1.5
violent	-1.5
viperă	-1.5
virtuos	1.5
virtute	1.5
virulent	-1.5
virulență	-1.5
virus	-1.5
visător	1.5
viteaz	1.5
vitejește	1.5
vitejie	1.5
viu	1.5
vivace	1.5
vizibil	-1.5
vizibile	1.5
vizionar	1.5
voinic	-1.5
voios	1.5
volatil	-1.5
volatile	-1.5
voluminos	-1.5
vraci	-1.5
vrajă	1.5
vrednic	1.5
vrăji	1.5
vrăjit	1.5
vulgar	-1.5
vulnerabil	-1.5
vârf	1.5
vădit	1.5
vărsa	-1.5
vărsături	-1.5
vătămate	-1.5
warning	-1.5
welcome	1.5
well	1.5
won	1.5
work	1.5
worked	1.5
works	1.5
wrong	-1.5
zadar	-1.5
zadarnic	-1.5
zar	-1.5
zbate	-1.5
zbuciumat	-1.5
zdrobi	-1.5
zdrobit	-1.5
zdrobitoare	1.5
zelos	-1.5
zenit	1.5
zero	-1.5
zgomot	-1.5
zgomote	-1.5
zgomotos	-1.5
zguduit	-1.5
zgâriat	-1.5
zgârieturi	-1.5
zombi	-1.5
zombie	-1.5
zvon	-1.5
zvonuri	-1.5
zâmbet	1.5
zăbrele	-1.5
zăcea	-1.5
îmbogăți	1.5
îmbogățire	1.5
îmbrățișa	1.5
îmbunătățește	1.5
îmbunătăți	1.5
îmbunătățire	1.5
îmbunătățirea	1.5
îmbunătățiri	1.5
îmbunătățit	1.5
îmbunătățită	1.5
împiedica	-1.5
împiedicat	-1.5
împinge	-1.5
împlinire	1.5
împodobi	1.5
împotrivire	-1.5
împuternicire	1.5
împăca	1.5
împăcare	1.5
împărți	-1.5
înaintat	1.5
înapoi	-1.5
înapoiat	-1.5
înapoiere	-1.5
înarmați	-1.5
încarcerare	-1.5
încercare	1.5
încet	-1.5
încetini	-1.5
încetinit	-1.5
închide	-1.5
închis	-1.5
închisoare	-1.5
înclinare	-1.5
înconjura	-1.5
încontinuu	-1.5
încordare	-1.5
încovoiere	-1.5
încredere	1.5
încredința	1.5
încrezător	1.5
încuraja	1.5
încurajare	1.5
încurca	-1.5
încurcat	-1.5
încurcătură	-1.5
încântare	1.5
încântat	1.5
încăierare	-1.5
încălca	-1.5
încălcare	-1.5
încălcări	-1.5
încălzi	1.5
încăpățânare	-1.5
încăpățânat	-1.5
încărcată	-1.5
îndatorat	1.5
îndeletnicire	1.5
îndemna	-1.5
îndemânare	1.5
îndeplinire	1.5
îndepărta	-1.5
îndepărtare	-1.5
îndoctrinare	-1.5
îndoi	-1.5
îndoială	-1.5
îndoieli	-1.5
îndoielnic	-1.5
îndoit	-1.5
îndrepta	1.5
îndrumare	1.5
îndurare	1.5
înec	-1.5
înfiorător	-1.5
înflori	1.5
înflorire	1.5
înfloritor	1.5
înflăcărat	1.5
înfricoșător	-1.5
înfrumuseța	1.5
înfrânge	1.5
înfrângere	1.5
înfrângerea	1.5
înfundat	-1.5
înfuriat	-1.5
înger	1.5
îngheață	-1.5
înghesuit	-1.5
îngheț	-1.5
îngheța	-1.5
înghețat	-1.5
îngreunată	-1.5
îngrijit	1.5
îngrijorare	-1.5
îngrijorat	-1.5
îngrijorătoare	-1.5
îngrozit	-1.5
îngrozitor	-1.5
îngust	-1.5
înnebunit	-1.5
înspăimântat	-1.5
înstrăinare	-1.5
înstrăinat	-1.5
însuflețit	1.5
întins	-1.5
întreba	1.5
întrece	1.5
întreprindere	-1.5
întreprinzător	1.5
întrerupe	-1.5
întrerupere	-1.5
întreruperi	-1.5
întrerupt	-1.5
întristat	-1.5
întunecat	-1.5
întunecos	-1.5
întuneric	-1.5
întâmpina	1.5
întâmplare	-1.5
întâmplător	-1.5
întârzia	-1.5
întârziat	-1.5
întârziere	-1.5
întârzierea	-1.5
întârzieri	-1.5
întări	-1.5
învechit	-1.5
învinge	1.5
învins	1.5
învinși	-1.5
învăluită	-1.5
înzestrare	1.5
înăbuși	-1.5
înălța	1.5
înălțare	1.5
înălțătoare	1.5
înșela	-1.5
înșelăciune	-1.5
înșelătoare	-1.5
înșelător	-1.5
înșelătorie	-1.5
înțelegere	-1.5
înțelepciune	1.5
înțelept	1.5
șansă	1.5
șantaj	-1.5
șanț	-1.5
șină	-1.5
șiretlic	-1.5
șoc	-1.5
șocant	-1.5
șocat	-1.5
șomer	-1.5
șterge	1.5
șterse	-1.5
ține	1.5
țipăt	-1.5
