Fanúšikovia	1.5
Miloval	1.5
Nemesis	-1.5
Nevýhodou	-1.5
Super	1.5
Víťazi	1.5
abnormálne	-1.5
absencia	-1.5
absurdné	-1.5
absurdný	-1.5
advokát	1.5
aerodynamický	1.5
agility	1.5
agresie	-1.5
agresivita	-1.5
agresívne	-1.5
agresívny	-1.5
ako	1.5
akoby	1.5
aktívny	1.5
aký	1.5
ambiciózny	1.5
anarchia	-1.5
anarchista	-1.5
anarchizmus	-1.5
angažovaný	-1.5
anjel	1.5
anomálie	-1.5
apatia	-1.5
archaický	-1.5
arogancia	-1.5
arogantný	-1.5
asociatívne	1.5
atrakcie	1.5
atraktívne	1.5
atraktívny	1.5
autentický	1.5
autonómna	1.5
autonómny	1.5
autoritatívne	1.5
autoritatívny	1.5
available	1.5
ax	-1.5
bane	-1.5
baviť	1.5
baví	1.5
beg	-1.5
beletrie	-1.5
best	1.5
bezchybne	1.5
bezchybný	1.5
bezmocnosť	-1.5
beznádejne	-1.5
bezpečne	1.5
bezpečný	1.5
bezplatný	1.5
bezpochyby	1.5
bezvýznamný	-1.5
bežný	-1.5
bieda	-1.5
biedne	-1.5
bitka	-1.5
bizarné	-1.5
bič	-1.5
biť	-1.5
blaho	1.5
blahobyt	1.5
blato	-1.5
blaženosť	1.5
blokáda	-1.5
bludy	-1.5
bláznivý	-1.5
blázon	-1.5
bohato	1.5
bohatosť	1.5
bohatstvo	1.5
bohatý	1.5
bohatší	1.5
bohužiaľ	-1.5
boj	-1.5
bojkot	-1.5
bojoval	-1.5
bojovať	-1.5
bojovný	-1.5
bojuje	-1.5
bolesti	-1.5
bolí	-1.5
bomba	-1.5
bombardovanie	-1.5
bombardovať	-1.5
bonus	1.5
bonusy	1.5
boom	1.5
božský	1.5
boží	1.5
brat	-1.5
break	-1.5
breaks	-1.5
bremeno	-1.5
brnenie	-1.5
brutality	-1.5
brutálne	-1.5
brutálny	-1.5
bráni	-1.5
brániť	-1.5
brúsenie	-1.5
bug	-1.5
bum	-1.5
busty	-1.5
bystrý	1.5
bábka	-1.5
bábkový	-1.5
bábky	-1.5
bájny	1.5
búriť	-1.5
búrka	-1.5
búrlivý	-1.5
celkom	1.5
celočíselný	1.5
cena	1.5
cenný	1.5
chaos	-1.5
chaotický	-1.5
charakteristický	1.5
charitatívne	1.5
chcieť	1.5
chlad	-1.5
chladne	-1.5
chobot	-1.5
choroba	-1.5
chorobný	-1.5
chorý	-1.5
chorľavý	-1.5
chrbtica	1.5
chrbticu	1.5
chronický	-1.5
chrániť	1.5
chudoba	-1.5
chudobnejší	-1.5
chudobný	-1.5
chuť	1.5
chváliť	1.5
chyba	-1.5
chybne	-1.5
chybný	-1.5
chyby	-1.5
chátrať	-1.5
chýbať	-1.5
chýry	-1.5
cieľový	-1.5
citeľný	1.5
citlivosť	-1.5
citlivý	1.5
citový	1.5
clear	1.5
cnosť	1.5
collapse	-1.5
cons	-1.5
cool	1.5
correct	1.5
crash	-1.5
cudzie	-1.5
cudzinec	-1.5
cítiť	-1.5
dark	-1.5
darí	1.5
death	-1.5
defenzívny	-1.5
deformovaný	-1.5
degenerácia	-1.5
degradácie	-1.5
delený	-1.5
depresia	-1.5
depresívne	-1.5
despota	-1.5
deviate	-1.5
deštruktívne	-1.5
diabol	-1.5
diamant	-1.5
die	-1.5
diktátor	-1.5
diplomatický	1.5
disabled	-1.5
disident	-1.5
diskriminácia	-1.5
diskriminácie	-1.5
diskutabilné	-1.5
diskutabilný	-1.5
div	1.5
divoko	-1.5
divoká	1.5
divoký	-1.5
divý	-1.5
dlh	-1.5
dlhy	-1.5
dobre	1.5
dobro	1.5
dobrodružný	1.5
dobrovoľne	1.5
dobrý	1.5
dohľad	-1.5
dojem	1.5
dokonale	1.5
dokonalosť	1.5
dokonalý	1.5
dokázať	1.5
dominuje	1.5
donútiť	-1.5
doom	-1.5
doplnené	1.5
doplnkový	1.5
doplnok	1.5
dopĺňa	1.5
dosiahnuteľné	1.5
dosiahnuteľný	1.5
dosiahnutie	1.5
dosiahnutý	1.5
dosiahnuť	1.5
dostatok	1.5
dostatočne	1.5
dostatočný	1.5
dostupné	1.5
dostupný	1.5
dosť	1.5
dozadu	-1.5
drahokamy	1.5
drasticky	-1.5
dravý	-1.5
drobný	-1.5
droga	-1.5
drsný	-1.5
družstvo	1.5
držať	-1.5
duchovný	1.5
dutina	-1.5
dutý	-1.5
dych	1.5
dym	-1.5
dynamický	1.5
démon	-1.5
dôkladne	1.5
dôkladný	1.5
dôležitosť	1.5
dôležitý	1.5
dôrazne	-1.5
dôsledne	1.5
dôsledok	-1.5
dôstojnosť	1.5
dôstojný	1.5
dôvera	1.5
dôverovať	1.5
dôveryhodnosti	1.5
dôveryhodný	1.5
easy	1.5
efektívne	1.5
ekonomický	1.5
elegantne	1.5
elegantný	1.5
eliminácia	-1.5
elita	1.5
elite	1.5
energický	1.5
epidémia	-1.5
epidémie	-1.5
error	-1.5
erupcie	-1.5
erózia	-1.5
etický	1.5
exil	-1.5
exile	-1.5
explodovať	-1.5
extáza	1.5
extázy	1.5
fair	1.5
fajčiť	-1.5
falošný	-1.5
false	-1.5
fantázie	1.5
fast	1.5
favorit	1.5
fašistický	-1.5
fašizmus	-1.5
feat	1.5
fiction	-1.5
fiktívne	-1.5
fiktívny	-1.5
flexibilita	1.5
flexibility	1.5
fond	1.5
free	1.5
frustrácie	-1.5
funky	-1.5
fuzzy	-1.5
gangster	-1.5
geniálny	1.5
genocída	-1.5
geto	-1.5
good	1.5
grand	1.5
guláš	-1.5
génius	1.5
halucinácie	-1.5
hanlivý	-1.5
happy	1.5
hard	-1.5
harmonicky	1.5
harmonický	1.5
harmónia	1.5
hate	-1.5
havaroval	-1.5
hlad	-1.5
hladko	1.5
hladký	1.5
hladomor	-1.5
hlasné	1.5
hlavný	1.5
hlboko	1.5
hlboký	1.5
hliadka	-1.5
hliadky	-1.5
hluk	-1.5
hlupák	-1.5
hlučný	-1.5
hlúposť	-1.5
hlúpy	-1.5
hmla	-1.5
hmlistý	-1.5
hmly	-1.5
hmyz	-1.5
hnev	-1.5
hodnota	1.5
hodnotný	1.5
hodný	1.5
hojnosť	1.5
hojný	1.5
homosexuál	-1.5
horiace	-1.5
horiaci	-1.5
horieť	-1.5
horlivo	-1.5
horlivý	1.5
horný	1.5
horúci	1.5
horúčka	-1.5
horúčky	-1.5
horšie	-1.5
horší	-1.5
hot	1.5
hotovosť	1.5
hravo	1.5
hravý	1.5
hrdina	1.5
hrdinka	1.5
hrdinsky	1.5
hrdinský	1.5
hrdosť	1.5
hrdý	1.5
hriech	-1.5
hromadiť	-1.5
hrozba	-1.5
hrozby	-1.5
hroziace	-1.5
hroziť	-1.5
hrozne	-1.5
hrozný	-1.5
hrubo	-1.5
hrubý	-1.5
humor	1.5
hustý	-1.5
hviezdny	1.5
hádka	-1.5
hádky	-1.5
háčik	-1.5
ideál	1.5
ideálne	1.5
ideálny	1.5
idol	1.5
ignorovať	-1.5
ihneď	1.5
ilegálne	-1.5
ilúzia	-1.5
ilúzie	-1.5
impedancia	-1.5
important	1.5
individuálne	1.5
infekcia	-1.5
infekcie	-1.5
inferior	-1.5
informovaný	1.5
informovať	1.5
inovačné	1.5
inovácie	1.5
integrovaný	1.5
integrál	1.5
integrálne	1.5
inteligencia	1.5
inteligencie	1.5
inteligentný	1.5
intuitívne	1.5
intímne	1.5
intímny	1.5
invalid	-1.5
invalidný	-1.5
invázne	-1.5
inšpirovať	1.5
inšpirácia	1.5
inštrumentálne	1.5
iracionálne	-1.5
irelevantné	-1.5
ironicky	-1.5
ironický	-1.5
irónia	-1.5
irónie	-1.5
izolovaný	-1.5
izolovať	-1.5
izolácia	-1.5
jaskyne	-1.5
jaskynný	-1.5
jaskyňa	-1.5
jasne	1.5
jasnejšie	1.5
jasnosť	1.5
jasný	1.5
jazva	-1.5
jazvy	-1.5
jed	-1.5
jedinečný	1.5
jednoduchosť	1.5
jednoduchý	1.5
jednoduchšie	1.5
jednota	1.5
jednoznačne	1.5
jednoznačný	1.5
jedovatý	-1.5
jemne	1.5
jemnejšie	1.5
jemný	1.5
kacírstva	-1.5
kanalizácie	-1.5
kapitulovať	-1.5
kapitulácia	-1.5
katastrofa	-1.5
katastrofy	-1.5
katastrofálne	-1.5
kaz	-1.5
kladný	1.5
klam	-1.5
klamal	-1.5
klame	-1.5
klamstvo	-1.5
klasický	1.5
klebety	-1.5
klenot	1.5
klesajúci	-1.5
klesanie	-1.5
klesať	-1.5
klesnúť	-1.5
klesol	-1.5
klesá	-1.5
kliatba	-1.5
klin	-1.5
klišé	-1.5
kocka	-1.5
kolaps	-1.5
komfort	1.5
kompaktné	1.5
kompaktný	1.5
kompatibilný	1.5
komplementárne	1.5
komplex	-1.5
komplexné	-1.5
komplexný	-1.5
komplikácie	-1.5
koncesie	-1.5
konflikt	-1.5
konflikty	-1.5
konfrontácia	-1.5
konfrontácie	-1.5
konkurenčné	1.5
konkurenčný	-1.5
kontaminácie	-1.5
kontinuita	1.5
kontraproduktívne	-1.5
kontroverzia	-1.5
kontroverzné	-1.5
konzervatívny	-1.5
konštruktívne	1.5
korenie	1.5
korisť	-1.5
korupcia	-1.5
kostra	-1.5
kostry	-1.5
koše	-1.5
kože	-1.5
krach	-1.5
kradne	-1.5
krava	1.5
krehký	-1.5
krik	-1.5
kriminalita	-1.5
kriminálnej	-1.5
kriminálny	-1.5
kritici	-1.5
kritický	-1.5
kritik	-1.5
kritika	-1.5
kritiky	-1.5
kritizoval	-1.5
kritizovať	-1.5
kričať	-1.5
kruto	-1.5
krutosť	-1.5
krutý	-1.5
krvavý	-1.5
krvácanie	-1.5
krádež	-1.5
krása	1.5
krásne	1.5
krásny	1.5
kráľovský	1.5
krídlo	1.5
kríza	-1.5
krížik	1.5
kultivovaný	1.5
kvalifikovaný	1.5
kvalifikovať	1.5
kvet	1.5
kvitnúce	1.5
kyslý	-1.5
kódovanie	-1.5
kôl	-1.5
kôš	-1.5
kút	-1.5
kúzlo	1.5
lacnejšie	1.5
lacno	-1.5
lacný	1.5
lavína	-1.5
lazy	-1.5
lead	1.5
legendárny	1.5
legitímne	1.5
legitímny	1.5
legálny	1.5
lenivosť	-1.5
lepšia	1.5
lepšie	1.5
lepší	1.5
lesk	1.5
lesklá	1.5
lesklý	1.5
lesť	-1.5
ležať	-1.5
ležiace	-1.5
liek	1.5
liečiť	1.5
like	1.5
limit	-1.5
limity	-1.5
listy	1.5
logický	1.5
lone	-1.5
love	1.5
lož	-1.5
lupič	-1.5
luxus	1.5
luxusné	1.5
luxusný	1.5
lyrický	1.5
láska	1.5
láskavo	1.5
láskavosť	1.5
láskavý	1.5
lôžko	-1.5
magický	1.5
majster	1.5
majstri	1.5
majstrovský	1.5
majstrovstvá	1.5
maličký	-1.5
manipulovať	-1.5
manipulácia	-1.5
mar	-1.5
masaker	-1.5
master	1.5
mastný	-1.5
mat	-1.5
mate	-1.5
matný	-1.5
maturity	1.5
medzery	-1.5
melanchólia	-1.5
mier	1.5
mierny	1.5
milenec	1.5
milosrdenstvo	1.5
milosť	1.5
milovaný	1.5
milovať	1.5
milovník	1.5
miluje	1.5
milujúci	1.5
miláčik	1.5
mimoriadne	1.5
miss	-1.5
mladistvý	1.5
mláďatá	-1.5
modern	1.5
moderné	1.5
monumentálne	1.5
monumentálny	1.5
mor	-1.5
morálka	1.5
motivované	1.5
motivovať	1.5
mrak	-1.5
mriežka	-1.5
mráz	-1.5
muky	-1.5
mučenie	-1.5
mučený	-1.5
mylne	-1.5
mylný	-1.5
má	1.5
mágia	1.5
mánia	-1.5
márne	-1.5
mäkký	1.5
mäkšie	1.5
mäsiar	-1.5
mätúce	-1.5
míny	-1.5
móda	-1.5
módne	1.5
módny	1.5
múdro	1.5
múdrosť	1.5
múdry	1.5
mýto	-1.5
mýtus	-1.5
mŕtvy	-1.5
nadaný	1.5
nadmerne	-1.5
nadmerný	-1.5
nadradenosť	1.5
nadvláda	1.5
nadšene	1.5
nadšenec	1.5
nadšenie	1.5
nadšený	1.5
nahlas	-1.5
nahnevaný	-1.5
nahrubo	-1.5
naivný	-1.5
najchudobnejšie	-1.5
najhoršie	-1.5
najhorší	-1.5
najjasnejšie	1.5
najjednoduchšie	1.5
najkrajší	1.5
najlacnejšie	1.5
najlepšie	1.5
najlepší	1.5
najmä	1.5
najprv	1.5
najrýchlejší	1.5
najsilnejší	1.5
najvyššie	1.5
najvyšší	1.5
najväčšie	1.5
najťažšie	1.5
nakazený	-1.5
namáhanie	-1.5
nanešťastie	-1.5
napadnutie	-1.5
napadnúť	-1.5
napraviť	1.5
naprieč	-1.5
napádať	-1.5
napätie	-1.5
narastajúci	-1.5
narazil	-1.5
naraziť	-1.5
narušenie	-1.5
narušená	-1.5
narušený	-1.5
narušiť	-1.5
narážka	-1.5
narúša	-1.5
nasledovať	1.5
naslepo	-1.5
navedenie	-1.5
našťastie	1.5
neaktívne	-1.5
neaktívny	-1.5
neba	1.5
nebeský	1.5
nebezpečenstvo	-1.5
nebezpečný	-1.5
nebo	1.5
nechtiac	-1.5
nechuť	-1.5
nedobrovoľne	-1.5
nedokonalosti	-1.5
nedokonalosť	-1.5
nedokončený	-1.5
nedorozumenia	-1.5
nedorozumenie	-1.5
nedostatky	-1.5
nedostatok	-1.5
nedostatočne	-1.5
nedostatočnosť	-1.5
nedostatočný	-1.5
nedotýka	-1.5
nedôvera	-1.5
nedôverčivý	-1.5
neefektívne	-1.5
neexistujúce	-1.5
nefunkčné	-1.5
nefunkčný	-1.5
negatív	-1.5
negatívny	-1.5
negácia	-1.5
nehmotný	-1.5
nehoda	-1.5
neistota	-1.5
neistý	-1.5
nejasný	-1.5
nejednotnosť	-1.5
nejednoznačný	-1.5
nekompromisný	-1.5
nekonečný	1.5
nekvalitný	-1.5
nelegálne	-1.5
nemilosrdne	-1.5
nemoc	-1.5
nemožný	-1.5
nemý	-1.5
nenávidel	-1.5
nenávisť	-1.5
neobmedzený	1.5
neobvykle	-1.5
neobvyklý	-1.5
neobyčajne	1.5
neobyčajný	1.5
neochota	-1.5
neochotne	-1.5
neoddeliteľne	-1.5
neoprávnene	-1.5
neoprávnené	-1.5
neočakávaný	-1.5
nepatrný	-1.5
neplatný	-1.5
nepochybne	1.5
nepokoj	-1.5
nepopulárny	-1.5
neporiadok	-1.5
neposlušnosť	-1.5
nepotrebné	-1.5
nepotvrdené	-1.5
nepoužiteľný	-1.5
nepoškodený	1.5
nepravdivý	-1.5
nepravidelný	-1.5
nepredvídateľné	-1.5
nepresne	-1.5
nepresnosti	-1.5
nepresnosť	-1.5
nepresný	-1.5
nepriatelia	-1.5
nepriateľ	-1.5
nepriateľský	-1.5
nepriateľstvo	-1.5
nepriaznivý	-1.5
neprijateľný	-1.5
neprimerane	-1.5
nepríjemný	-1.5
neprístupný	-1.5
neprítomnosť	-1.5
nepárny	-1.5
nepáči	-1.5
nereálne	-1.5
nerovnosti	-1.5
nerovnosť	-1.5
nerozhodnosť	-1.5
nerozhodný	-1.5
nervový	-1.5
neschopnosť	-1.5
neschopný	-1.5
neskorší	-1.5
neslávne	-1.5
nesmierne	1.5
nespokojnosť	-1.5
nespokojný	-1.5
nesporne	1.5
nesporný	1.5
nespoľahlivosť	-1.5
nespoľahlivý	-1.5
nespravodlivo	-1.5
nespravodlivosti	-1.5
nespravodlivosť	-1.5
nesprávne	-1.5
nesprávny	-1.5
nestabilita	-1.5
nestabilné	-1.5
nestabilný	-1.5
nestranný	1.5
nestály	-1.5
nesúhlas	-1.5
nesúhlasu	-1.5
nesúhlasí	-1.5
nesúlad	-1.5
netreba	-1.5
netvor	-1.5
neurčitý	-1.5
neustále	-1.5
neustály	-1.5
nevedomosť	-1.5
nevhodne	-1.5
nevhodný	-1.5
neviditeľný	-1.5
nevinný	1.5
nevoľnosť	-1.5
nevyhnutne	-1.5
nevyhnutný	-1.5
nevyhovujúce	-1.5
nevýhoda	-1.5
nevýhody	-1.5
nezamestnaný	-1.5
nezlučiteľné	-1.5
nezmysel	-1.5
neznalosť	-1.5
neznesiteľné	-1.5
neznámo	-1.5
neznámy	-1.5
nezrovnalosti	-1.5
nezrozumiteľný	-1.5
nezvyčajný	-1.5
nezáujem	-1.5
neúmerne	-1.5
neúplný	-1.5
neúprosne	-1.5
neúspešne	-1.5
neúspešný	-1.5
nečakane	-1.5
nečinnosť	-1.5
neškodný	1.5
nešpecifikované	-1.5
nešťastie	-1.5
nešťastne	-1.5
nešťastný	-1.5
nežiaduce	-1.5
nežiadúci	-1.5
ničivý	-1.5
ničí	-1.5
nižšia	-1.5
nižší	-1.5
no	1.5
noise	-1.5
nosenie	-1.5
nosiť	-1.5
nosnosť	-1.5
notoricky	-1.5
novinka	1.5
nudný	-1.5
nádejný	1.5
nádherný	1.5
nádrž	-1.5
nádrže	-1.5
náhle	-1.5
náhly	-1.5
náhoda	-1.5
náhodne	-1.5
náhrada	1.5
nákladný	-1.5
náklonnosť	1.5
nálada	-1.5
námahy	1.5
námietky	-1.5
nápadne	1.5
nápadný	1.5
nápor	-1.5
náprava	1.5
náročný	-1.5
násilne	-1.5
násilný	-1.5
nôž	-1.5
núdza	-1.5
núdzový	-1.5
nútený	-1.5
obavy	-1.5
obchod	1.5
obdiv	1.5
obdivovateľ	1.5
obdivovať	1.5
obetovali	-1.5
obetovať	-1.5
obeť	-1.5
obhajca	1.5
obhajoval	1.5
objavy	1.5
object	-1.5
objekt	-1.5
oblak	-1.5
obliehania	-1.5
obliehanie	-1.5
obliehať	-1.5
obmedzenia	-1.5
obmedzenie	-1.5
obmedzený	-1.5
obmedziť	-1.5
obmedzovať	-1.5
obmedzujúce	-1.5
obmedzujúci	-1.5
obnovenie	1.5
obnovená	1.5
obnovený	1.5
obnoviť	1.5
obohatenie	1.5
obohatiť	1.5
oboznámený	1.5
obrana	-1.5
obranný	-1.5
obratnosť	1.5
obratný	1.5
obroda	1.5
obrodenie	1.5
obrovský	1.5
obsadiť	-1.5
obsiahly	1.5
obvinenia	-1.5
obvinenie	-1.5
obviňovať	-1.5
obviňuje	-1.5
obyčajne	1.5
obľúbený	1.5
obštrukcie	-1.5
obžalovaný	-1.5
ocenenie	1.5
ocenil	1.5
oceniť	1.5
oceňuje	1.5
ochota	1.5
ochotne	1.5
ochotný	1.5
ochrana	1.5
ochranný	1.5
odborne	1.5
odchýlka	-1.5
odcudzenie	-1.5
odd	-1.5
oddeliť	-1.5
oddych	1.5
odhalenie	1.5
odklad	1.5
odkúpenie	1.5
odložiť	1.5
odlákať	1.5
odmena	1.5
odmenený	1.5
odmieta	-1.5
odmietavý	-1.5
odmietnutie	-1.5
odmietnuť	-1.5
odmietol	-1.5
odolnosť	-1.5
odolný	1.5
odovzdať	-1.5
odpad	-1.5
odpadky	-1.5
odpor	-1.5
odporca	-1.5
odporovať	-1.5
odporučený	1.5
odporúčania	1.5
odporúčanie	1.5
odporúčané	1.5
odpustenie	1.5
odpustiť	1.5
odradiť	-1.5
odrazenie	-1.5
odraziť	-1.5
odroda	1.5
odstúpenie	-1.5
odstúpil	-1.5
odsudzuje	-1.5
odsúdenie	-1.5
odsúdený	-1.5
odsúdiť	-1.5
odtlačok	1.5
odtok	-1.5
odvaha	1.5
odvetný	-1.5
odvolať	-1.5
odvážne	1.5
odvážny	1.5
odzbrojiť	-1.5
odôvodnené	1.5
odčítať	-1.5
odškodné	-1.5
ohnivý	1.5
ohnutý	-1.5
ohováranie	-1.5
ohromený	-1.5
ohrozenia	-1.5
ohroziť	-1.5
ohrozovať	-1.5
ohrozujúce	-1.5
ohybný	1.5
ohľad	1.5
okamih	-1.5
okamžite	1.5
okamžitý	1.5
oklamať	-1.5
okrajovo	-1.5
olovo	1.5
omyl	-1.5
omylom	-1.5
omylov	-1.5
oneskorenie	-1.5
oneskorený	-1.5
opakovaný	-1.5
opatrný	-1.5
opitý	-1.5
oplýva	1.5
opora	-1.5
opozícia	-1.5
opraviť	1.5
oprieť	1.5
oprávnene	1.5
oprávnený	1.5
optimistický	1.5
optimizmus	1.5
optimálne	1.5
optimálny	1.5
opuch	-1.5
opustený	-1.5
opustiť	-1.5
orientačné	-1.5
originality	1.5
originálne	1.5
osamelý	-1.5
oslabenie	-1.5
oslabiť	-1.5
oslava	1.5
oslavovať	1.5
oslepiť	-1.5
oslobodenie	1.5
oslobodení	1.5
oslobodiť	1.5
osnova	-1.5
osobnosti	1.5
osobnosť	1.5
osobné	1.5
ospravedlnenie	-1.5
ostražitý	1.5
ostrejšie	1.5
ostrovné	-1.5
ostrovný	-1.5
ostrý	1.5
osvetliť	1.5
osvietenie	1.5
osvietenstvo	1.5
otočiť	-1.5
otras	-1.5
otrasy	-1.5
otroci	-1.5
otroctva	-1.5
otroctvo	-1.5
otrok	-1.5
otráviť	-1.5
otvor	-1.5
otvorene	1.5
otvorenosť	1.5
otvory	-1.5
otázka	-1.5
otázky	-1.5
ovládanie	1.5
ovládateľný	1.5
ovládať	1.5
ovplyvniť	-1.5
ozdobný	1.5
ozvučnica	-1.5
očistiť	1.5
ošípaná	-1.5
ošípané	-1.5
oživenie	1.5
oživiť	1.5
ožíva	1.5
pacient	1.5
padajúce	-1.5
padať	-1.5
padnúť	-1.5
palácový	1.5
pamätný	1.5
pan	-1.5
pani	-1.5
panika	-1.5
panoramatický	1.5
panva	-1.5
paradoxne	-1.5
paradoxné	-1.5
parazit	-1.5
partizán	-1.5
partizáni	-1.5
paródia	-1.5
pasca	-1.5
pasce	-1.5
pasívne	-1.5
pasívny	-1.5
patentovaný	-1.5
peklo	-1.5
pekne	1.5
pekný	1.5
pena	-1.5
penalty	-1.5
perfektné	1.5
pesimizmus	-1.5
pestrý	-1.5
pevnosť	-1.5
pevný	1.5
pijavice	-1.5
plachý	-1.5
plakať	-1.5
platiť	1.5
plač	-1.5
plienenie	-1.5
plnenie	1.5
plná	-1.5
plný	-1.5
plodný	1.5
plot	-1.5
plynulý	1.5
plynúť	-1.5
plytký	-1.5
plášť	-1.5
pobúrenie	-1.5
pochváliť	1.5
pochybnosti	-1.5
pochybnosť	-1.5
pochybný	-1.5
pochybovať	-1.5
pochybujem	-1.5
pocit	1.5
pocity	1.5
pocta	1.5
poctivý	1.5
pocty	1.5
podarilo	1.5
podiel	-1.5
podlahou	-1.5
podmaniť	-1.5
podobizeň	-1.5
podobný	1.5
podozrenie	-1.5
podozrivý	-1.5
podpora	1.5
podporná	1.5
podporovateľ	1.5
podporovať	1.5
podporuje	1.5
podporujúce	1.5
podporujúci	1.5
podriadenosť	-1.5
podriadení	-1.5
podriadený	-1.5
podriadiť	-1.5
podrobenie	-1.5
podrobený	-1.5
podrobiť	-1.5
podráždenie	-1.5
podstatný	1.5
podvod	-1.5
podvody	-1.5
poetický	1.5
pohltiť	-1.5
pohodlie	1.5
pohodlne	1.5
pohodlný	1.5
pohotovo	1.5
pohroma	-1.5
pohŕdanie	-1.5
pokles	-1.5
pokoj	1.5
pokojne	1.5
pokojný	1.5
pokrok	1.5
pokročilý	1.5
pokrytectvo	-1.5
pokus	-1.5
pokúšať	1.5
polarizácia	-1.5
položený	-1.5
pomaly	-1.5
pomalý	-1.5
pomalší	-1.5
pomohol	1.5
pompézne	-1.5
pomsta	-1.5
pomstiť	-1.5
pomáha	1.5
pomôcť	1.5
ponuka	1.5
ponúkal	-1.5
popiera	-1.5
poplach	-1.5
popravený	-1.5
popredný	1.5
poprel	-1.5
popretie	-1.5
poprieť	-1.5
populárne	1.5
populárny	1.5
popáleniny	-1.5
poradenstvo	1.5
porazených	-1.5
poraziť	1.5
porucha	-1.5
poruchy	-1.5
porušenie	-1.5
porušený	-1.5
porušiť	-1.5
porušovať	-1.5
porážka	1.5
porážky	1.5
posadnutosť	1.5
posadnutý	-1.5
posilnenie	1.5
posilniť	1.5
poskytnúť	1.5
posmech	-1.5
posmešne	-1.5
postihnuté	-1.5
postihnutý	-1.5
postup	1.5
posunutý	-1.5
posvätný	-1.5
potešenie	1.5
potlačenie	-1.5
potlačiť	-1.5
potopa	-1.5
potopenie	-1.5
potopená	-1.5
potopený	-1.5
potopiť	-1.5
potrestať	-1.5
potvrdil	1.5
potvrdiť	1.5
použiteľný	1.5
považovať	1.5
povesti	-1.5
povodeň	-1.5
povrchne	-1.5
povrchné	-1.5
povrchový	-1.5
povstanie	-1.5
povzbudenie	1.5
povzbudiť	1.5
povznesenie	1.5
povzniesť	1.5
povýšenie	1.5
povýšený	-1.5
povýšiť	1.5
pozdrav	1.5
pozitívny	1.5
pozorný	1.5
pozoruhodne	1.5
pozoruhodný	1.5
pozostatky	-1.5
pozostatok	-1.5
pozícia	1.5
poďakovať	1.5
poškodenie	-1.5
poškodené	-1.5
poškodený	-1.5
poškodiť	-1.5
poškodzuje	-1.5
poťah	1.5
požehnanie	1.5
prach	-1.5
pracoval	1.5
pracovať	1.5
pracovitosť	1.5
pracovitý	1.5
praktický	1.5
prasa	-1.5
pravdivo	1.5
pravdivosť	1.5
pravdivý	1.5
pravý	1.5
prebehnúť	-1.5
prebiť	1.5
predbehnúť	1.5
predbehol	1.5
predbežný	-1.5
predbiehanie	1.5
predložiť	-1.5
predmet	-1.5
prednostne	1.5
prednosť	1.5
predné	1.5
predohra	1.5
predstierať	-1.5
predsudky	-1.5
predčasne	-1.5
predčasný	-1.5
preferuje	1.5
prehliadať	-1.5
prehliadnuť	-1.5
prehrať	-1.5
prekliatie	-1.5
prekonala	1.5
prekonať	1.5
prekročenie	-1.5
prekročení	1.5
prekročiť	1.5
prekročí	1.5
prekvapenie	1.5
prekvapujúce	-1.5
prekáža	-1.5
prekážka	-1.5
prekážky	-1.5
prelomiť	-1.5
premiestniť	-1.5
premiér	1.5
premôcť	-1.5
premýšľať	-1.5
prenasledovanie	-1.5
prenasledovať	-1.5
prenikaniu	-1.5
prenikavý	-1.5
prenikať	-1.5
prenosný	1.5
prepracovaný	-1.5
prerušenie	-1.5
prerušené	-1.5
prerušiť	-1.5
preslávený	1.5
presne	1.5
presný	1.5
prestávka	-1.5
prestávky	-1.5
prestíž	1.5
prestížne	1.5
prestížny	1.5
presvedčený	1.5
presvedčivo	1.5
presvedčivý	1.5
preukázanie	1.5
prevaha	1.5
prevedenie	1.5
prevrat	-1.5
preťaženie	-1.5
prežitie	1.5
priamočiary	1.5
priateľsky	1.5
priateľský	1.5
priaznivý	1.5
pride	1.5
priehľadný	1.5
priekopnícky	1.5
prielom	1.5
priemerný	-1.5
priepasť	-1.5
priestranný	1.5
priestupok	-1.5
priečny	-1.5
prijateľný	1.5
primeraný	1.5
primitívne	-1.5
primitívny	-1.5
prinútiť	-1.5
pripravený	1.5
pripustiť	-1.5
pripútaný	-1.5
prirodzený	1.5
prispôsobivý	1.5
privilégium	1.5
privítanie	1.5
priznanie	-1.5
priznaný	-1.5
problem	-1.5
problematický	-1.5
problém	-1.5
problémy	-1.5
produktívne	1.5
produktívny	1.5
profesionáli	1.5
progressive	1.5
progresívne	1.5
progresívny	1.5
propaganda	-1.5
propagovať	-1.5
propaguje	-1.5
propagátor	1.5
prosiť	-1.5
prospech	1.5
prosperita	1.5
prosperity	1.5
prosperovať	1.5
prosperujúce	1.5
protection	1.5
protest	-1.5
protestoval	-1.5
protestovať	-1.5
protesty	-1.5
protivník	-1.5
provokatívne	-1.5
prudko	-1.5
pružný	1.5
práca	1.5
právo	1.5
právom	1.5
prázdnota	-1.5
prémia	1.5
príjemcu	1.5
príjemne	1.5
príjemný	1.5
prísne	-1.5
prísnosť	-1.5
prísny	-1.5
príspevok	1.5
prístav	-1.5
prístavy	-1.5
prístupný	1.5
prívrženec	-1.5
príznaky	-1.5
príšera	-1.5
príťažlivosť	1.5
punk	-1.5
pyšný	1.5
páchateľ	-1.5
pád	-1.5
pády	-1.5
páliť	-1.5
páči	1.5
päsť	-1.5
pôsobivo	1.5
pôsobivý	1.5
pôst	1.5
pôvodný	1.5
pôžitok	1.5
púšť	-1.5
pýcha	1.5
racionálne	1.5
racionálny	1.5
radiant	1.5
radikál	-1.5
radikálne	-1.5
radikálnej	-1.5
radikálny	-1.5
radikály	-1.5
radosť	1.5
rail	-1.5
raj	1.5
rak	-1.5
rakovina	-1.5
rana	-1.5
rany	-1.5
rasizmus	-1.5
ready	1.5
reagovať	-1.5
reakčné	-1.5
realistický	1.5
reforma	1.5
reformovanej	1.5
reformovať	1.5
reformy	1.5
renesancie	1.5
renomé	1.5
reorganizácia	1.5
represie	-1.5
revert	-1.5
revival	1.5
revolucionár	1.5
revolučný	1.5
revolúciu	1.5
rezervovaný	-1.5
rešpekt	1.5
rešpektovať	1.5
reštaurované	1.5
reštrukturalizáciu	1.5
riadne	1.5
riadny	1.5
rift	-1.5
right	1.5
riskantné	-1.5
riskantný	-1.5
riskovať	-1.5
rival	-1.5
rivalita	-1.5
riziko	-1.5
riziká	-1.5
robiť	1.5
robota	1.5
robustný	1.5
romanticky	1.5
romantický	1.5
rovnako	1.5
rovno	-1.5
rovnomerne	1.5
rozbiť	-1.5
rozdelenie	-1.5
rozdelená	-1.5
rozdeliť	-1.5
rozdiel	1.5
rozdielny	-1.5
rozdrviť	-1.5
rozhodný	1.5
rozkol	-1.5
rozlišovať	-1.5
rozlúštiť	-1.5
rozmach	1.5
rozpad	-1.5
rozpadá	-1.5
rozpis	-1.5
rozpor	-1.5
rozptýlenie	-1.5
rozptýliť	-1.5
rozpustenie	-1.5
rozruch	-1.5
rozsiahly	1.5
roztrhol	-1.5
rozum	1.5
rozumieť	1.5
rozumne	1.5
rozumný	1.5
rozšírené	1.5
rozšírený	1.5
rude	-1.5
rue	-1.5
ruje	-1.5
rukojemník	-1.5
rukojemníkov	-1.5
rušenie	-1.5
rušivé	-1.5
rušiť	-1.5
ružový	1.5
rytiersky	1.5
rád	1.5
rána	-1.5
ráz	-1.5
rétorika	-1.5
rôzny	-1.5
rúrka	1.5
rýchlejší	1.5
rýchlo	1.5
rýchly	1.5
sabotáž	-1.5
sad	-1.5
samotár	-1.5
samotársky	-1.5
samovražda	-1.5
samovražedný	-1.5
sane	1.5
satirický	-1.5
schopnosť	1.5
schopný	1.5
schválenie	1.5
schválila	1.5
schváliť	1.5
sekera	-1.5
selektívne	1.5
seriózne	1.5
seriózny	-1.5
sever	-1.5
severe	-1.5
silný	1.5
sin	-1.5
sirota	-1.5
skalnatý	-1.5
skepticizmus	-1.5
skeptický	-1.5
sklamanie	-1.5
sklamaním	-1.5
sklamaný	-1.5
sklon	-1.5
sklonený	-1.5
skládky	-1.5
skreslenie	-1.5
skreslený	-1.5
skromnosť	1.5
skromný	1.5
skrytý	-1.5
skrývať	-1.5
skutočný	1.5
skvele	1.5
skvelý	1.5
skúsený	1.5
skúška	-1.5
slabne	-1.5
slabý	-1.5
slabšie	-1.5
sladký	1.5
slasť	1.5
slepý	-1.5
slečna	-1.5
slimák	-1.5
sloboda	1.5
slobodný	1.5
slobody	1.5
sluha	-1.5
slušnosť	1.5
slušný	1.5
služobník	-1.5
sláva	1.5
slávne	1.5
slávnostné	1.5
slávny	1.5
smelý	-1.5
smiešne	-1.5
smrteľne	-1.5
smrteľný	-1.5
smrť	-1.5
smutne	-1.5
smutný	-1.5
smäd	-1.5
smútok	-1.5
soft	1.5
solid	1.5
solidarity	1.5
sotva	-1.5
splatiť	1.5
splavný	1.5
spleť	-1.5
split	-1.5
splnenie	1.5
splniť	1.5
spokojnosť	1.5
spoločenský	1.5
spomalenie	-1.5
spomalil	-1.5
spomaliť	-1.5
spontánna	1.5
spontánny	1.5
spor	-1.5
sporné	-1.5
sporný	-1.5
spoveď	-1.5
spočíva	-1.5
spoľahlivo	1.5
spoľahlivosť	1.5
spoľahlivý	1.5
spravodlivo	1.5
spravodlivosť	1.5
spravodlivý	1.5
sprisahania	-1.5
sprisahanie	-1.5
správne	1.5
správny	1.5
spustošený	-1.5
spáliť	-1.5
spätný	-1.5
spôsobil	-1.5
spôsobilosť	1.5
spôsobiť	-1.5
spúšť	-1.5
spĺňa	1.5
spĺňať	1.5
srdečne	1.5
srdečný	1.5
srsť	-1.5
stabilita	1.5
stability	1.5
stabilizovať	1.5
stabilný	1.5
stagnácia	-1.5
stajne	-1.5
stajňa	1.5
stale	-1.5
starosti	-1.5
starostlivo	1.5
starostlivosť	1.5
starosť	-1.5
statický	-1.5
statočne	1.5
statočnosť	1.5
statočný	1.5
stačiť	1.5
stačí	1.5
steady	1.5
stimulovať	1.5
stimuluje	1.5
stole	-1.5
strach	-1.5
strata	-1.5
stratený	-1.5
stratiť	-1.5
straty	-1.5
strašne	-1.5
strašný	-1.5
stres	-1.5
stretol	-1.5
strhnúť	-1.5
striedavý	-1.5
striktne	-1.5
strmo	-1.5
strmý	-1.5
strohý	-1.5
stručný	1.5
stráca	-1.5
studený	-1.5
studňa	1.5
stuha	-1.5
státie	-1.5
stúpenec	1.5
sucho	-1.5
suka	-1.5
super	1.5
superior	1.5
support	1.5
surovo	-1.5
surový	-1.5
suverénny	1.5
svah	-1.5
svetelný	1.5
svetlý	1.5
svetský	-1.5
sviňa	-1.5
svätý	1.5
sympatický	1.5
syndróm	-1.5
súcit	1.5
súdny	1.5
súdržnosť	1.5
súhlasiť	1.5
súlad	1.5
súper	-1.5
súperiť	-1.5
súvislý	1.5
súťažný	1.5
sľub	1.5
sľubuje	1.5
sľúbil	1.5
sľúbiť	1.5
sťažnosti	-1.5
sťažnosť	-1.5
sťažovali	-1.5
sťažovať	-1.5
sťažuje	-1.5
tabu	-1.5
tajomný	-1.5
tajomstvo	-1.5
talent	1.5
talentovaný	1.5
talenty	1.5
tank	-1.5
tavenie	-1.5
telegram	-1.5
temný	-1.5
temperamentný	1.5
teplo	1.5
teplý	1.5
teror	-1.5
terorizmus	-1.5
tetrov	-1.5
tešiť	1.5
teší	1.5
thrash	-1.5
tichý	1.5
tienisté	-1.5
tiesňava	-1.5
tlmič	-1.5
tma	-1.5
tmavý	-1.5
tmavšie	-1.5
top	1.5
torpédoborec	-1.5
totalitnej	-1.5
totalitný	-1.5
toxický	-1.5
tragicky	-1.5
tragický	-1.5
tragédia	-1.5
trakcie	1.5
transparent	1.5
trap	-1.5
trauma	-1.5
trendy	1.5
trenie	-1.5
tresk	-1.5
trest	-1.5
trestať	-1.5
trestný	-1.5
trhlina	-1.5
trhliny	-1.5
trik	-1.5
triky	-1.5
triumf	1.5
trofej	1.5
trojica	-1.5
trojka	-1.5
trosky	-1.5
trpaslík	-1.5
trpel	-1.5
trpezlivosť	1.5
trpezlivý	1.5
trpia	-1.5
trpieť	-1.5
trápenie	-1.5
trápi	-1.5
trúbka	1.5
tuhosť	-1.5
tuk	-1.5
tulák	-1.5
tupý	-1.5
tučniak	-1.5
tučný	-1.5
tušenie	-1.5
tušiť	1.5
tvorivé	1.5
tvorivý	1.5
tvrdiť	-1.5
tvrdo	-1.5
tvrdohlavý	-1.5
tvrdosť	-1.5
tvrdšie	1.5
tyran	-1.5
tyranie	-1.5
túžba	-1.5
týranie	-1.5
ublížiť	-1.5
uctievať	1.5
udanie	-1.5
udelená	1.5
udeliť	1.5
udrel	-1.5
udrieť	-1.5
udržateľného	1.5
udržateľný	1.5
udržať	1.5
uhasiť	-1.5
ujsť	-1.5
ukradnutý	-1.5
ukradnúť	-1.5
ukradol	-1.5
uloženie	-1.5
uložiť	-1.5
ultimátum	-1.5
umrieť	-1.5
unavený	-1.5
unikať	-1.5
univerzálna	1.5
univerzálny	1.5
upgrade	1.5
uplifting	1.5
upokojenie	1.5
upokojiť	1.5
upozornenie	-1.5
upozorniť	-1.5
upraviť	1.5
uprednostniť	1.5
uprednostňovať	1.5
uprostred	-1.5
urazený	-1.5
uraziť	-1.5
urážka	-1.5
urážky	-1.5
určite	1.5
usilovnosť	1.5
usilovný	1.5
uspokojenie	1.5
uspokojivo	1.5
uspokojiť	1.5
usporiadaný	1.5
ustúpil	-1.5
uteká	-1.5
utiecť	-1.5
utiekli	-1.5
utrpenie	-1.5
uvoľnená	1.5
uvoľnený	1.5
uvoľniť	-1.5
uväznenie	-1.5
uväznený	-1.5
uväzniť	-1.5
uznávaný	1.5
učený	1.5
uľahčiť	1.5
uľahčuje	1.5
ušľachtilý	1.5
užitočný	1.5
užší	-1.5
vadí	-1.5
var	-1.5
variety	1.5
variť	-1.5
varoval	-1.5
varovanie	-1.5
vdova	-1.5
vedenie	1.5
vedený	1.5
vedie	1.5
vedúci	1.5
vehementne	-1.5
venovaná	1.5
venovaný	1.5
venovať	-1.5
ventilátor	1.5
veriť	1.5
verne	1.5
vernosť	1.5
verný	1.5
veselý	1.5
večný	1.5
veľa	1.5
veľkolepo	1.5
veľkolepý	1.5
veľkoryso	1.5
veľkorysý	1.5
veľkosť	1.5
veľký	1.5
veľtrh	1.5
vhodnejšie	1.5
vhodnejší	1.5
vhodný	1.5
viazané	-1.5
vice	-1.5
viditeľne	-1.5
viditeľný	1.5
viedol	1.5
viera	1.5
viesť	1.5
vile	-1.5
vina	-1.5
visí	-1.5
vizionár	1.5
vkus	1.5
vlastenec	1.5
vleky	-1.5
vlhký	-1.5
vládnuť	-1.5
vnímavý	1.5
vodopád	-1.5
volať	-1.5
vonkajší	-1.5
votrelec	-1.5
vplyv	1.5
vplyvný	1.5
vpravo	1.5
vracanie	-1.5
vracať	-1.5
vrah	-1.5
vrak	-1.5
vražda	-1.5
vrchol	1.5
vrcholy	1.5
vrece	-1.5
vred	-1.5
vretenica	-1.5
vrt	-1.5
vrátená	1.5
vtip	-1.5
vták	-1.5
vychovávať	1.5
vydieranie	-1.5
vydržať	-1.5
vydávanie	-1.5
vydávať	-1.5
vyhladenie	-1.5
vyhlásenie	1.5
vyhnanstva	-1.5
vyhnať	-1.5
vyhnutie	-1.5
vyhodiť	-1.5
vyhorela	-1.5
vyhovujúci	1.5
vyhral	1.5
vyhrať	1.5
vyhráva	1.5
vyhýbal	-1.5
vykorisťovania	-1.5
vykúpenie	1.5
vykúpiť	1.5
vylepšenie	1.5
vylepšiť	1.5
vyliečiť	1.5
vylúčenie	-1.5
vymazať	1.5
vymaže	1.5
vymyslený	-1.5
vymyslieť	-1.5
vynechanie	-1.5
vynechať	-1.5
vynikajúca	1.5
vynikajúci	1.5
vynikajúco	1.5
vynikal	1.5
vyniká	1.5
vyplatenie	1.5
vypnúť	-1.5
vypovedanie	-1.5
vypovedať	-1.5
vypršala	-1.5
vypuknutia	-1.5
vypuknutie	-1.5
vypustiť	-1.5
vypálenie	-1.5
vypísať	-1.5
vypúšťanie	-1.5
vyradiť	-1.5
vyrovnať	1.5
vyrábať	-1.5
vysmieva	-1.5
vysoký	1.5
vytrvalosť	1.5
vytrvalý	1.5
vytvorený	-1.5
využitie	-1.5
využiť	-1.5
vyvolať	-1.5
vyvracia	-1.5
vyvrátená	-1.5
vyvrátiť	-1.5
vyvážený	1.5
vyznamenanie	1.5
vyčerpanie	-1.5
vyčerpaný	-1.5
vyčistiť	1.5
vyčítať	-1.5
vzbudzovať	1.5
vzbura	-1.5
vzdať	-1.5
vzdelaný	1.5
vzdor	-1.5
vznešenosť	1.5
vznešený	1.5
vzor	1.5
vzplanutie	-1.5
vzrušenie	1.5
vzťah	1.5
vášeň	1.5
vášnivo	1.5
vášnivý	1.5
vážne	1.5
vážnosť	-1.5
vážny	1.5
väzenia	-1.5
väzenie	-1.5
väzeň	-1.5
vírus	-1.5
vítaný	1.5
víťaz	1.5
víťazne	1.5
víťazný	1.5
víťazstvo	1.5
vôňa	-1.5
výberový	1.5
výborne	1.5
výbuch	-1.5
výbuchy	-1.5
výbušnina	-1.5
výbušný	-1.5
výfukový	-1.5
výhoda	1.5
výhodne	1.5
výhodný	1.5
výhody	1.5
výhra	1.5
výhľad	-1.5
výkon	1.5
výkrik	-1.5
výmysel	-1.5
výnimočne	1.5
výnimočnosť	1.5
výnimočný	1.5
výpad	-1.5
výpadky	-1.5
výpadok	-1.5
výpary	-1.5
výpovede	-1.5
výrazný	1.5
výroba	-1.5
výrobné	1.5
výsada	1.5
výsmech	-1.5
výstižný	1.5
výstrednosť	-1.5
výtok	1.5
významný	1.5
význačný	1.5
výčitky	-1.5
výživa	1.5
včasný	1.5
vďačný	1.5
vľúdne	1.5
vŕtať	-1.5
well	1.5
win	1.5
work	1.5
zabezpečenie	1.5
zabezpečiť	1.5
zabijak	-1.5
zabije	-1.5
zabil	-1.5
zabitie	-1.5
zabiť	-1.5
zablokovanie	-1.5
zablokovaný	-1.5
zabrániť	-1.5
zabíjanie	-1.5
zachovať	1.5
zachytenie	-1.5
zachytiť	-1.5
zadarmo	1.5
zadok	-1.5
zahalené	-1.5
zahrnúť	1.5
zakrpatený	-1.5
zakryté	-1.5
zakrýva	-1.5
zakázaný	-1.5
zakázať	-1.5
zamilovaný	1.5
zamrznutý	-1.5
zanietený	1.5
zaniknutý	-1.5
zaniká	-1.5
zaostalosť	-1.5
zaostalý	-1.5
zaostáva	-1.5
zapaľovač	1.5
zaplavená	-1.5
zapojenie	1.5
zapojiť	1.5
zarobiť	-1.5
zaručiť	1.5
zasahovať	-1.5
zasiahnutý	-1.5
zaslúži	1.5
zaslúžilý	1.5
zastarané	-1.5
zastaraný	-1.5
zastavenie	-1.5
zastrašiť	-1.5
zatiahnuť	-1.5
zaujatosť	-1.5
zaujatý	-1.5
zaujímavý	1.5
zavesiť	-1.5
zaviazaný	1.5
zavraždiť	-1.5
zavádzajúce	-1.5
zaútočiť	-1.5
zbavený	-1.5
zbaviť	-1.5
zbožnosť	1.5
zbožný	1.5
zbytočne	-1.5
zbytočná	-1.5
zbytočný	-1.5
zdesenie	-1.5
zdokonaliť	1.5
zdravý	1.5
zdrvujúcu	-1.5
zdvih	1.5
zdôrazniť	-1.5
zdĺhavý	-1.5
zenit	1.5
zhodný	1.5
zhoršenie	-1.5
zhubný	-1.5
zima	-1.5
zisk	1.5
zisky	1.5
zjavenie	1.5
zjazd	-1.5
zjednodušenie	1.5
zjednodušiť	1.5
zjednodušuje	1.5
zla	-1.5
zlato	1.5
zlatý	1.5
zle	-1.5
zlepšenie	1.5
zlepšila	1.5
zlepšiť	1.5
zlepšuje	1.5
zlo	-1.5
zlom	-1.5
zlomený	-1.5
zlomil	-1.5
zlomiť	-1.5
zlosť	-1.5
zločin	-1.5
zločinec	-1.5
zlyhanie	-1.5
zlyhá	-1.5
zlá	-1.5
zlé	-1.5
zlúčiť	1.5
zlý	-1.5
zmierenia	1.5
zmierenie	1.5
zmieriť	1.5
zmiernil	1.5
zmierniť	1.5
zmiešaný	-1.5
zmiznúť	-1.5
zmluva	1.5
zmocniť	1.5
zmätený	-1.5
zmätky	-1.5
zmätok	-1.5
znak	1.5
značný	1.5
znechutený	-1.5
znepokojenie	-1.5
znepokojený	-1.5
zneužitie	-1.5
zneužiť	-1.5
zneužívanie	-1.5
znečistenie	-1.5
znieť	-1.5
zničenie	-1.5
zničený	-1.5
zničiť	-1.5
známosť	1.5
známy	-1.5
znásilnenie	-1.5
znásilnil	-1.5
zníženej	-1.5
zobraziť	1.5
zodpovedajúce	1.5
zodpovedne	1.5
zodpovednosť	-1.5
zodpovedný	-1.5
zombie	-1.5
zomrel	-1.5
zomrie	-1.5
zomrieť	-1.5
zotavenie	1.5
zrada	-1.5
zradca	-1.5
zradil	-1.5
zranenia	-1.5
zranenie	-1.5
zranený	-1.5
zraniteľný	-1.5
zraniť	-1.5
zrejmý	-1.5
zrelý	1.5
zreteľ	1.5
zrnitý	-1.5
zrozumiteľný	1.5
zručnosť	1.5
zručný	1.5
zrušené	1.5
zrušiť	-1.5
zrážka	-1.5
zrúcanina	-1.5
zrútenie	-1.5
zvar	-1.5
zveriť	1.5
zvládnuť	1.5
zvláštne	-1.5
zvláštnosti	-1.5
zvláštnosť	-1.5
zvláštny	-1.5
zvracanie	-1.5
zvraty	-1.5
zvrchovanosť	1.5
zvrhnutie	-1.5
zvrhnúť	-1.5
zvukový	1.5
zvuky	-1.5
zvyšovať	-1.5
zvyšuje	1.5
zvádzať	-1.5
zväčšila	-1.5
zvýšenie	1.5
zvýšiť	1.5
zábava	1.5
zábavný	1.5
zábradlia	-1.5
záchranca	1.5
záhada	-1.5
záhadne	-1.5
záhadný	-1.5
zákonný	1.5
záloha	1.5
zámienka	-1.5
zánik	-1.5
zápach	-1.5
zápas	-1.5
zápasiť	-1.5
zápletka	-1.5
zárez	-1.5
zárobok	1.5
záruky	1.5
zásah	-1.5
zásluha	1.5
zásoba	-1.5
zástanca	1.5
zástava	-1.5
záujem	1.5
záujmy	1.5
závady	-1.5
závažnosť	-1.5
závislý	-1.5
závisť	1.5
závod	1.5
záväzok	1.5
zázrak	1.5
zázraky	1.5
zázračne	1.5
zázračný	1.5
záľuba	1.5
získal	1.5
získavanie	1.5
získať	1.5
zúfalo	-1.5
zúfalstva	-1.5
zúfalstvo	-1.5
zúfalý	-1.5
zúrivý	-1.5
úcta	1.5
úder	-1.5
údiv	1.5
úmrtia	-1.5
únava	-1.5
únik	-1.5
úpadok	-1.5
úplatok	-1.5
úplne	-1.5
úprimne	1.5
úprimnosť	1.5
úprimný	1.5
úsilie	1.5
úsmev	1.5
úspech	1.5
úspechy	1.5
úspešne	1.5
úspešný	1.5
úspory	1.5
ústup	-1.5
úsvit	1.5
útek	-1.5
úteku	-1.5
útlak	-1.5
útok	-1.5
útoky	-1.5
útočný	-1.5
úzkostlivo	-1.5
úzkosť	-1.5
úzky	-1.5
účinne	1.5
účinnosť	1.5
účinný	1.5
úžasný	1.5
čarovný	1.5
čas	-1.5
čeliť	-1.5
čerstvý	1.5
čert	-1.5
čestne	1.5
čestný	1.5
česť	1.5
čistiť	1.5
čisto	1.5
čistota	1.5
čistý	1.5
čitateľný	1.5
čulý	1.5
ľahko	1.5
ľahkosť	1.5
ľahký	1.5
ľahostajnosť	-1.5
ľahostajný	-1.5
ľahší	1.5
ľubovoľný	-1.5
ľúbostný	1.5
ľútosť	-1.5
šampión	1.5
šetrenie	1.5
šialenstvo	-1.5
šialený	-1.5
šikmý	-1.5
šikovne	1.5
šikovný	1.5
škandál	-1.5
škandály	-1.5
škoda	-1.5
škodlivý	-1.5
škvrna	-1.5
škvrny	-1.5
škára	-1.5
šok	-1.5
šoku	-1.5
šperk	1.5
šplhať	-1.5
športové	1.5
štedro	1.5
štedrosť	1.5
štedrý	1.5
štrajk	-1.5
štrbina	-1.5
štylizovaný	1.5
šum	-1.5
šéf	1.5
šľachtic	1.5
šťastie	1.5
šťastne	1.5
šťastný	1.5
šťava	-1.5
ťah	1.5
ťahal	-1.5
ťahať	-1.5
ťažko	-1.5
ťažkosti	-1.5
ťažký	-1.5
žart	-1.5
železnica	-1.5
žiadosť	-1.5
žiaduce	1.5
žiara	1.5
žiarenie	1.5
žiarivosť	1.5
žiarivý	1.5
žiarič	1.5
žiarlivosť	-1.5
žiaľ	-1.5
živiť	1.5
živý	1.5
žlč	-1.5
žobrák	-1.5
žralok	-1.5
