Acclaim	1.5
Assassin	-1.5
DIN	-1.5
Djävulen	-1.5
Doom	-1.5
Grand	1.5
Grattis	1.5
Hälsingland	-1.5
Landhöjningen	1.5
Marvel	1.5
Masters	1.5
Merry	1.5
Midget	-1.5
Moody	-1.5
OK	1.5
Oasis	1.5
Pest	-1.5
Petty	-1.5
Premier	1.5
SAP	-1.5
Sanning	1.5
Satan	-1.5
Savage	-1.5
Sly	-1.5
Stern	-1.5
Tempest	-1.5
Wise	1.5
abort	-1.5
abrupt	-1.5
absurd	-1.5
absurt	-1.5
acceptabel	1.5
adaptiv	1.5
adekvat	1.5
adelsdam	1.5
adelsman	1.5
advokat	1.5
affekt	1.5
affinitet	1.5
agg	-1.5
aggression	-1.5
aggressiv	-1.5
aggressivitet	-1.5
agility	1.5
akta	-1.5
akter	-1.5
aktiv	-1.5
aktning	1.5
alienation	-1.5
alkoholist	1.5
allergi	-1.5
allergier	-1.5
allergisk	-1.5
allvaret	-1.5
allvarligt	-1.5
altruistiska	1.5
ambitioner	1.5
ambitiös	1.5
amulett	1.5
analfabeter	-1.5
anarki	-1.5
anarkism	-1.5
anarkist	-1.5
anbud	1.5
andlig	1.5
anfall	-1.5
anfalla	-1.5
angenäm	1.5
anger	-1.5
angrepp	-1.5
angripa	-1.5
angripare	-1.5
angripen	-1.5
anhängare	1.5
anklaga	-1.5
anklagar	-1.5
anklagelse	-1.5
anklagelser	-1.5
anmäla	-1.5
anmärkningar	-1.5
anmärkningsvärd	1.5
anmärkningsvärt	1.5
anrikning	1.5
ansedd	1.5
ansedda	1.5
anseende	1.5
anspråkslös	-1.5
anstränga	-1.5
ansträngande	-1.5
ansträngda	-1.5
ansträngning	1.5
anständigt	1.5
ansvar	-1.5
ansvarig	-1.5
antagonist	-1.5
antyda	1.5
anus	-1.5
användbar	1.5
apati	-1.5
apatiska	-1.5
arbeta	1.5
arbetade	1.5
arbete	1.5
arbetslös	-1.5
arbetslösa	-1.5
arg	-1.5
arga	-1.5
argbigga	-1.5
arkaisk	-1.5
arkaiska	-1.5
arrogans	-1.5
arrogant	-1.5
artig	1.5
artighet	1.5
artigt	1.5
askgrå	-1.5
attack	-1.5
attacker	-1.5
attackera	-1.5
attacks	-1.5
attraktion	1.5
attraktiv	1.5
auktoritär	-1.5
autentisk	1.5
autentiska	1.5
autonom	1.5
available	1.5
avbildning	-1.5
avbrott	-1.5
avbruten	-1.5
avbryta	-1.5
avbrytas	-1.5
avfall	-1.5
avfärda	-1.5
avföring	-1.5
avgaser	-1.5
avgick	-1.5
avgränsad	-1.5
avgång	-1.5
avgörande	1.5
avhjälpa	1.5
avhopp	-1.5
avleda	-1.5
avlida	-1.5
avliden	-1.5
avliva	-1.5
avlopp	-1.5
avsaknad	-1.5
avseende	1.5
avskaffa	-1.5
avsked	-1.5
avskeda	-1.5
avskild	-1.5
avskräcka	-1.5
avskräckande	-1.5
avsky	-1.5
avskyr	-1.5
avslag	-1.5
avslappnad	1.5
avslå	-1.5
avslöjande	1.5
avsmak	-1.5
avstå	-1.5
avståndstagande	-1.5
avta	-1.5
avtagande	-1.5
avtal	1.5
avtala	1.5
avträda	-1.5
avund	1.5
avverkning	-1.5
avvika	-1.5
avvikande	-1.5
avvikelse	-1.5
avvisa	-1.5
avvisade	-1.5
avvisande	-1.5
avvisar	-1.5
avväpna	-1.5
award	1.5
awards	1.5
ax	-1.5
back	1.5
bad	-1.5
bak	-1.5
bakhåll	-1.5
bakom	-1.5
bakomliggande	-1.5
bakre	-1.5
baksida	-1.5
bakslag	-1.5
bakåt	-1.5
balans	1.5
balansera	1.5
balanserad	1.5
banbrytande	1.5
band	-1.5
bandit	-1.5
bane	-1.5
bankrutt	-1.5
bar	-1.5
barbariska	-1.5
barmhärtig	1.5
barmhärtighet	1.5
barnslig	-1.5
bearbeta	1.5
bearbetad	-1.5
beautiful	1.5
bedragare	-1.5
bedrägeri	-1.5
bedrägerier	-1.5
bedrövligt	-1.5
bedövning	1.5
befordra	1.5
befria	1.5
befriat	1.5
befrielse	1.5
begriplig	1.5
begränsa	-1.5
begränsad	-1.5
begränsning	-1.5
begränsningar	-1.5
begå	-1.5
begåvad	1.5
begåvade	1.5
behag	1.5
behaga	1.5
behagar	1.5
behaglig	1.5
behövande	-1.5
beklagade	-1.5
beklagar	-1.5
bekräfta	1.5
bekräftar	1.5
bekräftelse	1.5
bekväm	1.5
bekvämlighet	1.5
bekvämt	1.5
bekymmer	-1.5
bekymrad	-1.5
bekänna	-1.5
bekännelse	-1.5
bekännelser	-1.5
belagt	-1.5
belasta	-1.5
belastad	-1.5
belastning	-1.5
belysa	1.5
belägenhet	-1.5
belägra	-1.5
belägring	-1.5
belåtenhet	1.5
belöna	1.5
belöning	1.5
bemästra	1.5
beprövad	1.5
beredd	1.5
berika	1.5
berusad	-1.5
beröm	1.5
berömd	1.5
berömda	1.5
berömmelse	1.5
berörda	-1.5
beröva	-1.5
besatthet	1.5
besegra	1.5
besegrade	1.5
beskatta	-1.5
beslutsam	1.5
besläktad	1.5
besparingar	1.5
bestraffa	-1.5
bestörtning	-1.5
besvikelse	-1.5
besviken	-1.5
besvär	-1.5
besvärande	-1.5
besvärlig	-1.5
besvärliga	-1.5
besätta	-1.5
beta	-1.5
bete	-1.5
betona	-1.5
betonar	-1.5
betoning	-1.5
betrakta	1.5
betrodd	1.5
bett	-1.5
better	1.5
betungande	-1.5
betydelsefull	1.5
betydelsefulla	1.5
betydelsefullt	1.5
betänkligheter	-1.5
beundra	1.5
beundran	1.5
beundrare	1.5
bevilja	-1.5
bevisa	1.5
bevisar	1.5
bias	-1.5
bidrag	1.5
bikt	-1.5
bildad	1.5
billig	1.5
billigare	1.5
billigaste	1.5
billigt	-1.5
bindande	-1.5
bisarr	-1.5
bisarra	-1.5
bita	-1.5
bitande	-1.5
bitter	-1.5
bitterhet	-1.5
bittert	-1.5
bla	-1.5
bland	-1.5
blanda	-1.5
blandad	-1.5
blanka	1.5
blek	-1.5
bli	-1.5
blind	-1.5
blinda	-1.5
blockera	-1.5
blockerad	-1.5
blockering	-1.5
blodbad	-1.5
blodig	-1.5
blom	1.5
blomma	1.5
blommar	1.5
blomning	1.5
blomstra	1.5
blomstrande	1.5
blond	1.5
bluff	-1.5
bly	1.5
blyg	-1.5
blygsam	1.5
blåmärken	-1.5
blåsa	-1.5
blöda	-1.5
blödning	-1.5
blödningar	-1.5
bo	-1.5
bojkott	-1.5
bojkotta	-1.5
bomb	-1.5
bomba	-1.5
bombardemang	-1.5
bombardera	-1.5
bondage	-1.5
bonus	1.5
bonusar	1.5
boom	1.5
borgar	1.5
borra	-1.5
borrning	-1.5
borst	-1.5
borta	-1.5
bortavaro	-1.5
bortse	-1.5
bortskämd	-1.5
borttaget	-1.5
bot	1.5
bota	1.5
botemedel	1.5
botten	-1.5
bra	1.5
brann	-1.5
brant	-1.5
break	-1.5
breaking	-1.5
briljant	1.5
brinna	-1.5
brinnande	1.5
brist	-1.5
brista	-1.5
bristande	-1.5
brister	-1.5
bristfällig	-1.5
broken	-1.5
brokig	-1.5
brott	-1.5
brottas	-1.5
brottning	-1.5
brottslig	-1.5
brottslighet	-1.5
brottsligt	-1.5
brottsling	-1.5
brunn	1.5
brus	-1.5
brutal	-1.5
brutalitet	-1.5
brutalt	-1.5
bruten	-1.5
brutto	-1.5
bry	-1.5
bryta	-1.5
brytas	-1.5
bryter	-1.5
brytning	-1.5
brytt	-1.5
bräcklig	-1.5
bränna	-1.5
bränning	-1.5
brännskador	-1.5
bränt	-1.5
brådskande	-1.5
bråk	-1.5
bråka	-1.5
bröt	-1.5
bug	-1.5
buggar	-1.5
buller	-1.5
bus	-1.5
busig	-1.5
byst	-1.5
byster	-1.5
byte	-1.5
bytet	-1.5
bärbar	1.5
bäst	1.5
bästa	1.5
bäste	1.5
bättre	1.5
bål	-1.5
bås	-1.5
böjd	-1.5
böjelse	-1.5
börda	-1.5
bördig	1.5
böter	1.5
cancer	-1.5
champion	1.5
charm	1.5
charmig	1.5
chips	1.5
chock	-1.5
chockad	-1.5
chockerande	-1.5
citron	-1.5
classic	1.5
clean	1.5
clear	1.5
cold	-1.5
collapse	-1.5
complex	-1.5
concern	-1.5
conflict	-1.5
cool	1.5
correct	1.5
crack	-1.5
creative	1.5
crime	-1.5
critical	-1.5
cynisk	-1.5
damage	-1.5
damm	-1.5
dark	-1.5
dead	-1.5
death	-1.5
dedikerad	1.5
defekt	-1.5
defekter	-1.5
defensiv	-1.5
deformerade	-1.5
degenererad	-1.5
degenererade	-1.5
degradering	-1.5
dekadens	-1.5
dela	-1.5
delad	-1.5
delaktig	-1.5
delikatess	1.5
delirium	-1.5
delning	-1.5
demon	-1.5
depression	-1.5
deprimerad	-1.5
desperat	-1.5
desperation	-1.5
despot	-1.5
dessvärre	-1.5
destruktiv	-1.5
destruktiva	-1.5
diarré	-1.5
die	-1.5
died	-1.5
dies	-1.5
diktator	-1.5
diktatoriska	-1.5
dilemma	-1.5
dimma	-1.5
din	-1.5
ding	-1.5
diplomatisk	1.5
dis	-1.5
diskriminerande	-1.5
diskriminering	-1.5
disorder	-1.5
dispyt	-1.5
dissident	-1.5
dissidenter	-1.5
dissonans	-1.5
distorsion	-1.5
distrahera	-1.5
divergerande	-1.5
diverse	-1.5
djup	1.5
djupgående	1.5
djupt	1.5
djärv	-1.5
djävul	-1.5
djävulen	-1.5
dockor	-1.5
doftande	1.5
dog	-1.5
dogmatisk	-1.5
dolk	-1.5
domedagen	-1.5
dominera	1.5
dominerade	1.5
dominerar	1.5
doom	-1.5
doppa	-1.5
dra	-1.5
drabbade	-1.5
drag	-1.5
dragen	-1.5
dragkraft	1.5
dragon	-1.5
drastisk	-1.5
drastiskt	-1.5
driva	1.5
druckit	-1.5
drunkna	-1.5
drunkning	-1.5
dränera	-1.5
dräpa	-1.5
dubbning	1.5
duktig	1.5
dum	-1.5
dumhet	-1.5
dumpa	-1.5
dumpade	-1.5
dumpar	-1.5
dunkel	-1.5
dunkla	-1.5
dust	-1.5
dvala	-1.5
dvärg	-1.5
dygd	1.5
dynamik	1.5
dynamisk	1.5
dyr	-1.5
dyra	-1.5
dyrbar	1.5
dyster	-1.5
dystra	-1.5
dämpa	-1.5
dämpad	-1.5
dålig	-1.5
dåligt	-1.5
dö	-1.5
död	-1.5
döda	-1.5
dödade	-1.5
dödande	-1.5
dödar	-1.5
dödlig	-1.5
dödligt	-1.5
dödläge	-1.5
dödsdömd	-1.5
döende	-1.5
döma	-1.5
dömd	-1.5
dör	-1.5
döv	-1.5
döva	-1.5
easy	1.5
effektiv	1.5
effektivisera	1.5
effektivitet	1.5
effektivt	1.5
efterföljande	1.5
efterkommande	1.5
efterlevande	1.5
eftersatt	-1.5
eftertryck	-1.5
efterträder	1.5
egen	1.5
egendomligt	-1.5
egennamn	1.5
egensinnig	-1.5
egensinniga	-1.5
egentlig	1.5
egoistisk	-1.5
ekonomisk	1.5
elak	-1.5
elakartad	-1.5
elastisk	1.5
elegans	1.5
elegant	1.5
eliminering	-1.5
elit	1.5
elände	-1.5
eländiga	-1.5
empati	1.5
enastående	1.5
energisk	1.5
engagera	1.5
engagerande	1.5
enhet	1.5
enhetlig	1.5
enkel	1.5
enkelt	1.5
enklare	1.5
enklaste	1.5
enorm	1.5
enorma	1.5
enough	1.5
ensam	-1.5
ensamhet	-1.5
entusiasm	1.5
entusiastisk	1.5
entusiastiskt	1.5
entydig	1.5
envisa	-1.5
envist	-1.5
enväldig	-1.5
epidemi	-1.5
erbjuda	1.5
erfaren	1.5
erhållas	1.5
erkänna	-1.5
erkännande	-1.5
erosion	-1.5
error	-1.5
etisk	1.5
eufori	1.5
evighet	1.5
evigt	1.5
evil	-1.5
exakt	1.5
exakthet	1.5
excentricitet	-1.5
excentrisk	-1.5
exceptionell	1.5
exceptionellt	1.5
exemplar	1.5
exil	-1.5
expansiv	1.5
expansiva	1.5
exploatera	-1.5
explodera	-1.5
explosiv	-1.5
expropriation	-1.5
extas	1.5
extra	1.5
extraordinär	1.5
extraordinära	1.5
extravaganta	-1.5
extremism	-1.5
extremister	-1.5
fabrik	1.5
failure	-1.5
fair	1.5
faith	1.5
fall	-1.5
falla	-1.5
fallande	-1.5
fallen	-1.5
faller	-1.5
fallit	-1.5
false	-1.5
falsk	-1.5
falska	-1.5
falskeligen	-1.5
falskt	-1.5
fame	1.5
famous	1.5
fanatiker	-1.5
fanatisk	-1.5
fanatism	-1.5
fans	1.5
fantastisk	1.5
fantastiska	1.5
fantastiskt	1.5
fara	-1.5
farbar	1.5
farbara	1.5
farhågor	-1.5
farlig	-1.5
farligt	-1.5
fars	-1.5
fart	1.5
fasa	-1.5
fasansfulla	-1.5
fascination	1.5
fascinerande	1.5
fascism	-1.5
fascismen	-1.5
fascist	-1.5
fascistisk	-1.5
fascistiska	-1.5
fashionabla	1.5
fast	1.5
fasta	1.5
fastare	1.5
faster	1.5
fasthet	1.5
fastna	-1.5
fastnat	-1.5
fat	-1.5
fattas	-1.5
fattig	-1.5
fattigaste	-1.5
fattigdom	-1.5
favorit	1.5
fear	-1.5
feat	1.5
feber	-1.5
feg	-1.5
fejd	-1.5
fel	-1.5
felaktig	-1.5
felaktiga	-1.5
felaktigheter	-1.5
felaktigt	-1.5
felande	-1.5
felfri	1.5
felfritt	1.5
felslut	-1.5
fertil	1.5
fest	1.5
fet	-1.5
fett	-1.5
fiasko	-1.5
fiction	-1.5
fiende	-1.5
fiendens	-1.5
fiender	-1.5
fiendskap	-1.5
fientlig	-1.5
fientlighet	-1.5
fientligheter	-1.5
fiktion	-1.5
fiktiv	-1.5
fiktiva	-1.5
fin	1.5
fina	1.5
finare	1.5
finaste	1.5
fine	1.5
finish	1.5
finkornig	1.5
fint	1.5
firande	1.5
firas	1.5
fjädrande	1.5
fjäll	-1.5
flaggning	-1.5
flak	-1.5
flamma	-1.5
flexibel	1.5
flexibilitet	1.5
flit	1.5
flitig	1.5
flitigt	1.5
flock	1.5
flott	1.5
fluga	-1.5
fly	-1.5
flygel	1.5
flyktig	-1.5
flyktiga	-1.5
flykting	-1.5
flyr	-1.5
flyta	-1.5
flytande	1.5
flyttblock	-1.5
fläck	-1.5
fläckar	-1.5
fläckig	-1.5
fläktar	1.5
fobi	-1.5
folkmord	-1.5
fond	1.5
fordringar	-1.5
fors	1.5
fort	1.5
foul	-1.5
fragmenterad	-1.5
fraktur	-1.5
framfart	-1.5
framgång	1.5
framgångar	1.5
framgångsrik	1.5
framgångsrikt	1.5
framsteg	1.5
framstående	1.5
framträdande	1.5
framtvinga	-1.5
fred	1.5
fredlig	1.5
fredligt	1.5
fredlös	-1.5
free	1.5
freedom	1.5
frenetiskt	-1.5
frestelse	-1.5
frestelsen	-1.5
fri	1.5
fria	1.5
friare	1.5
frid	1.5
frigöra	1.5
frigörelse	1.5
frihet	1.5
friheter	1.5
frikostigt	1.5
friktion	-1.5
frisk	1.5
friska	1.5
frita	1.5
fritt	1.5
frodas	1.5
frodig	1.5
frodiga	1.5
from	1.5
fromhet	1.5
frost	-1.5
frukta	-1.5
fruktad	-1.5
fruktansvärd	-1.5
fruktansvärda	-1.5
fruktansvärt	-1.5
fruktlösa	-1.5
frusen	-1.5
frustration	-1.5
frustrerade	-1.5
frustrerande	-1.5
frysa	-1.5
fryser	-1.5
frysning	-1.5
fryst	-1.5
frälsa	1.5
frälsare	1.5
frälsning	1.5
främjare	1.5
främling	-1.5
främmande	-1.5
främst	1.5
främsta	1.5
frän	1.5
fräsch	1.5
frätande	-1.5
fråga	-1.5
frågor	-1.5
frånfälle	-1.5
frånvarande	-1.5
frånvaro	-1.5
fröjd	1.5
fröken	-1.5
frös	-1.5
fuck	-1.5
fuktig	-1.5
ful	-1.5
full	-1.5
fullborda	1.5
fullkomlig	1.5
fullsatt	-1.5
fullständigt	-1.5
fullt	1.5
fulländad	1.5
fulländning	1.5
fult	-1.5
fun	1.5
fundamentalism	-1.5
fungera	1.5
fungerande	1.5
fungerar	1.5
fusk	-1.5
fuska	-1.5
futuristiska	1.5
fyllig	1.5
fälla	-1.5
fällning	-1.5
fängelse	-1.5
fängslande	1.5
färdighet	1.5
färglös	-1.5
färsk	1.5
fäst	1.5
få	1.5
fåfäng	-1.5
fåfänga	-1.5
fånga	-1.5
fånge	-1.5
föll	-1.5
föra	1.5
förakt	-1.5
föraktade	-1.5
föraktar	-1.5
föranleda	1.5
förbannad	-1.5
förbannade	-1.5
förbannelse	-1.5
förbindelse	1.5
förbittrad	-1.5
förbittring	-1.5
förbjuda	-1.5
förbjuden	-1.5
förbjuder	-1.5
förbjudet	-1.5
förbränning	-1.5
förbund	1.5
förbättra	1.5
förbättrad	1.5
förbättrar	1.5
förbättrat	1.5
förbättring	1.5
förbättringar	1.5
fördel	1.5
fördelaktig	1.5
fördelar	1.5
fördjupningar	-1.5
fördom	-1.5
fördomar	-1.5
fördröja	-1.5
fördröjning	-1.5
fördöma	-1.5
fördömande	-1.5
fördömde	-1.5
fördömer	-1.5
före	1.5
förebyggande	1.5
föredra	1.5
föredrar	1.5
föremål	-1.5
förena	1.5
förenat	-1.5
förenkla	1.5
förenklar	1.5
förenklas	1.5
förespråka	1.5
förespråkar	1.5
förespråkare	1.5
förespråkas	1.5
förestående	-1.5
företrädesvis	1.5
förevändning	-1.5
förfall	-1.5
förfalla	-1.5
förfallen	-1.5
förfalska	-1.5
förfalskning	-1.5
förfina	1.5
förfining	1.5
förflytta	-1.5
förfölja	-1.5
förföljelse	-1.5
förgifta	-1.5
förgrundsgestalt	-1.5
förgäves	-1.5
förhand	1.5
förhandla	1.5
förinta	-1.5
förintelse	-1.5
förkasta	-1.5
förkastande	-1.5
förkrossad	-1.5
förkrossande	-1.5
förkrympta	-1.5
förkylning	-1.5
förkärlek	1.5
förlamad	-1.5
förlegad	-1.5
förlora	-1.5
förlorad	-1.5
förlorande	-1.5
förlorar	-1.5
förlorare	-1.5
förlorat	-1.5
förluster	-1.5
förlusterna	1.5
förlåta	1.5
förlåtelse	1.5
förminskas	-1.5
förmå	1.5
förmåga	1.5
förmån	1.5
förmåner	1.5
förmögen	1.5
förmögenhet	1.5
förnedrande	-1.5
förnedring	-1.5
förneka	-1.5
förnekande	-1.5
förnekar	-1.5
förnimmelser	1.5
förnuftig	1.5
förnyad	1.5
förnyas	1.5
förolämpa	-1.5
förolämpade	-1.5
förolämpning	-1.5
förolämpningar	-1.5
förorenade	-1.5
förorenat	-1.5
förorening	-1.5
förruttnelse	-1.5
förrädare	-1.5
förräderi	-1.5
förrädiska	-1.5
förråd	-1.5
förråda	-1.5
förråder	-1.5
försenad	-1.5
försening	-1.5
förseningar	-1.5
försiktig	1.5
försiktighet	1.5
förskjuta	-1.5
förskjutna	-1.5
försköna	1.5
försoning	1.5
först	1.5
förstenade	-1.5
förstklassig	-1.5
förstärkning	1.5
förstå	1.5
förståeligt	1.5
förstör	-1.5
förstöra	-1.5
förstörd	-1.5
förstörelse	-1.5
förstört	-1.5
försummade	-1.5
försummelse	-1.5
försvaga	-1.5
försvagning	-1.5
försvar	-1.5
försvarare	1.5
försvåra	-1.5
försvårande	-1.5
försäkra	1.5
försäkran	1.5
försäkringar	1.5
försämra	-1.5
försämrad	-1.5
försämrade	-1.5
försämras	-1.5
försämring	-1.5
förtal	-1.5
förtjust	1.5
förtjäna	1.5
förtjänar	1.5
förtjänst	1.5
förtjänstfull	1.5
förtjänstfulla	1.5
förtjänta	1.5
förtret	-1.5
förtroende	1.5
förtrollad	1.5
förtryck	-1.5
förtrycka	-1.5
förtryckande	-1.5
förtröstan	1.5
förtvivlad	-1.5
förtvivlan	-1.5
förtäckt	-1.5
förundran	1.5
förutsäga	1.5
förvirra	-1.5
förvirrad	-1.5
förvirrade	-1.5
förvirrande	-1.5
förvirring	-1.5
förvisning	-1.5
förvrängd	-1.5
förvrängning	-1.5
förvärra	-1.5
förvärras	-1.5
förväxla	-1.5
förvånad	1.5
förvånande	1.5
förvånansvärt	1.5
förvåning	1.5
föräldralös	-1.5
förälskelse	-1.5
föränderlig	1.5
föråldrad	-1.5
föråldrade	-1.5
förödande	-1.5
förödelse	-1.5
förödmjuka	-1.5
förödmjukande	-1.5
förövare	-1.5
gaffel	-1.5
gagna	1.5
galen	-1.5
galenskap	-1.5
galjonsfigur	-1.5
galla	-1.5
galler	-1.5
galning	-1.5
gammal	-1.5
gammaldags	-1.5
gammalmodig	-1.5
gangster	-1.5
ganska	1.5
garantera	1.5
garanti	1.5
gedigen	1.5
gemen	-1.5
gemenskap	1.5
genera	-1.5
generositet	1.5
generös	1.5
generöst	1.5
gengångare	-1.5
geni	1.5
genial	1.5
genialitet	1.5
genius	1.5
genom	1.5
genombrott	1.5
genomförbart	1.5
genomgripande	-1.5
genomskinlig	1.5
genomträngande	-1.5
genuin	1.5
getto	-1.5
gift	-1.5
giftig	-1.5
giftiga	-1.5
gilla	1.5
gillade	1.5
gillar	1.5
gimmick	-1.5
girig	-1.5
girighet	-1.5
gissel	-1.5
gisslan	-1.5
givande	1.5
glad	1.5
glans	1.5
glapp	-1.5
glatt	1.5
glimt	-1.5
glitter	1.5
glittrande	1.5
glädja	1.5
glädje	1.5
glänsande	1.5
glöd	1.5
glödande	1.5
gnistan	1.5
god	1.5
godhet	1.5
godis	1.5
godkändes	1.5
godkänna	1.5
godkännande	1.5
godo	1.5
godtas	1.5
godtycklig	-1.5
gold	1.5
golden	1.5
golv	-1.5
good	1.5
gott	1.5
gottgöra	1.5
grace	1.5
grand	1.5
granskning	-1.5
gratis	1.5
gratulera	1.5
great	1.5
greatest	1.5
grind	-1.5
grip	-1.5
gripande	1.5
gripandet	-1.5
gris	-1.5
grisar	-1.5
grop	-1.5
grotta	-1.5
grov	-1.5
grovt	-1.5
growl	-1.5
grund	-1.5
grunden	-1.5
grunder	-1.5
grundlösa	-1.5
grundstötning	-1.5
grunt	-1.5
grym	-1.5
grymhet	-1.5
grymheter	-1.5
grymt	-1.5
gryning	1.5
gryta	-1.5
gräl	-1.5
gräla	-1.5
gräns	-1.5
gränser	-1.5
gränsvärde	-1.5
gräs	-1.5
gräva	-1.5
gråt	-1.5
gråta	-1.5
grönskande	1.5
gudomlig	1.5
gudomligt	1.5
gulaktigt	-1.5
guld	1.5
guldfärgad	1.5
guldmedalj	1.5
guldmynt	1.5
gyllene	1.5
gynna	1.5
gynnade	1.5
gynnsam	1.5
gynnsamma	1.5
gynnsamt	1.5
gälla	-1.5
gärna	1.5
gärningsman	-1.5
gärningsmannen	-1.5
gå	1.5
göra	1.5
ha	-1.5
hack	-1.5
hacka	-1.5
haft	1.5
hagel	1.5
haj	-1.5
hake	-1.5
hal	1.5
hamn	-1.5
hamnar	-1.5
hamstrar	-1.5
handikappad	-1.5
handikappade	-1.5
handling	-1.5
happy	1.5
hard	-1.5
harm	-1.5
harmoni	1.5
harmonisera	1.5
harmonisk	1.5
harmoniskt	1.5
hastigt	-1.5
hat	-1.5
hata	-1.5
hatade	-1.5
hatar	-1.5
heaven	1.5
hed	-1.5
hednisk	-1.5
hedra	1.5
hedrad	1.5
hedrade	1.5
hegemoni	-1.5
hektiska	-1.5
hel	1.5
helgat	1.5
helgedom	1.5
helgon	1.5
helhjärtat	1.5
helig	1.5
helige	1.5
heltal	1.5
helvete	-1.5
hemlig	-1.5
hemsk	-1.5
heroiska	1.5
het	1.5
hetaste	1.5
himlen	1.5
himmel	1.5
himmelsk	1.5
himmelska	1.5
hinder	-1.5
hindra	-1.5
hindrar	-1.5
hinna	1.5
hiss	-1.5
hjälp	1.5
hjälpa	1.5
hjälpande	1.5
hjälpsam	1.5
hjälpte	1.5
hjälte	1.5
hjältinna	1.5
hjärtligt	1.5
ho	-1.5
hoax	-1.5
honor	1.5
hopplös	-1.5
hopplöst	-1.5
hora	-1.5
hot	-1.5
hota	-1.5
hotelser	-1.5
hotet	-1.5
hotfull	-1.5
hotfulla	-1.5
hugg	-1.5
hugga	-1.5
huggorm	-1.5
human	1.5
humant	1.5
humor	1.5
humoristisk	1.5
humör	1.5
hungersnöd	-1.5
husmor	-1.5
huvudvärk	-1.5
hyckleri	-1.5
hyfsad	1.5
hylla	1.5
hyllade	1.5
hyllning	1.5
hysa	-1.5
hysteri	-1.5
hysterisk	-1.5
häck	-1.5
hädelse	-1.5
hälsningar	1.5
hälsosam	1.5
hälsosamma	1.5
hämma	-1.5
hämmande	-1.5
hämmas	-1.5
hämnas	-1.5
hämnd	-1.5
hämning	-1.5
hänförelse	1.5
hänga	-1.5
hängde	-1.5
hänger	-1.5
hängiven	1.5
hänsynslös	-1.5
hänsynslösa	-1.5
hänsynslöshet	-1.5
hänsynslöst	-1.5
häpnad	1.5
häpnadsväckande	1.5
härdig	1.5
härdsmälta	-1.5
härja	-1.5
härlig	1.5
härlighet	1.5
härligt	1.5
härma	-1.5
härva	-1.5
hätsk	-1.5
hävdar	-1.5
hållbar	1.5
hållbarhet	1.5
hån	-1.5
håna	-1.5
hård	-1.5
hårdare	1.5
hårdaste	1.5
hårdhet	-1.5
hårt	-1.5
hög	-1.5
höger	1.5
högern	1.5
högkonjunktur	1.5
högljudd	-1.5
högre	-1.5
högsta	1.5
högtidlig	-1.5
höja	1.5
höjdpunkt	1.5
hölje	-1.5
hörnsten	1.5
ideal	1.5
idealisk	1.5
idealiskt	1.5
idiot	-1.5
idioter	-1.5
idol	1.5
idyllisk	1.5
ignorera	-1.5
ihjälslagen	-1.5
ihärdig	1.5
ihålig	-1.5
il	-1.5
illa	-1.5
illaluktande	-1.5
illdåd	-1.5
illegal	-1.5
illegalt	-1.5
illegitim	-1.5
illusion	-1.5
illusioner	-1.5
illvilliga	-1.5
ilska	-1.5
ilsken	-1.5
imaginära	-1.5
imitation	-1.5
imitera	-1.5
impedans	-1.5
imperfekt	-1.5
imperialistiska	-1.5
implikation	-1.5
imponera	1.5
imponerande	1.5
imponerar	1.5
impopulär	-1.5
important	1.5
improviserad	-1.5
inaktiv	-1.5
inaktuella	-1.5
inblandning	-1.5
indirekt	-1.5
indragen	-1.5
ineffektiv	-1.5
ineffektiva	-1.5
infall	1.5
infekterade	-1.5
infektion	-1.5
infektioner	-1.5
inferior	-1.5
inflammation	-1.5
inflammatorisk	-1.5
inflytande	1.5
inflytelserik	1.5
inflytelserika	1.5
informativ	1.5
införandet	-1.5
inkompetens	-1.5
inkompetent	-1.5
inkonsekvent	-1.5
inkorrekt	-1.5
inkräktare	-1.5
inlösen	1.5
inne	1.5
innerlig	1.5
innerligt	1.5
innovation	1.5
innovativ	1.5
innovativa	1.5
inspektion	-1.5
inspiration	1.5
inspirera	1.5
inspirerande	1.5
instabil	-1.5
instabilitet	-1.5
instrumental	1.5
instrumentella	1.5
instängd	-1.5
intagande	1.5
integral	1.5
integrera	1.5
integrerad	1.5
intelligence	1.5
intelligens	1.5
intelligent	1.5
intelligenta	1.5
intensiv	-1.5
interferens	-1.5
intern	-1.5
intetsägande	-1.5
intim	1.5
intolerans	-1.5
intressant	1.5
intressen	1.5
intrig	1.5
intriger	1.5
intrång	-1.5
intuitiv	1.5
invalid	-1.5
invasiv	-1.5
invända	-1.5
invändning	-1.5
invändningar	-1.5
ironi	-1.5
ironisk	-1.5
ironiskt	-1.5
irrelevant	-1.5
irritation	-1.5
irritera	-1.5
irriterad	-1.5
irriterande	-1.5
isolation	-1.5
isolera	-1.5
isolerad	-1.5
isolerade	-1.5
isolering	-1.5
issue	-1.5
issues	-1.5
iver	1.5
ivriga	1.5
ivrigt	1.5
iögonenfallande	-1.5
iögonfallande	-1.5
jagare	-1.5
jam	-1.5
jobb	1.5
jobba	1.5
jobbig	-1.5
joker	-1.5
jord	-1.5
jordskred	-1.5
jublande	1.5
justerbar	1.5
juvel	1.5
jämn	1.5
jämna	1.5
jämnt	1.5
järnväg	-1.5
jättebra	1.5
jävla	-1.5
kal	-1.5
kall	-1.5
kamp	-1.5
kaos	-1.5
kaotisk	-1.5
kapa	-1.5
kapabel	1.5
kapacitet	1.5
kapitulera	-1.5
karakteristisk	-1.5
karg	-1.5
karga	-1.5
karikatyr	-1.5
karisma	1.5
karismatisk	1.5
karp	-1.5
kassaskåp	1.5
kasta	-1.5
katastrof	-1.5
katastrofal	-1.5
katastrofalt	-1.5
katastrofer	-1.5
kil	-1.5
kill	-1.5
killed	-1.5
killer	-1.5
killing	-1.5
klaga	-1.5
klagade	-1.5
klagan	-1.5
klagar	-1.5
klagomål	-1.5
klander	-1.5
klappa	1.5
klar	1.5
klara	1.5
klarare	1.5
klargöra	1.5
klarhet	1.5
klart	1.5
klassiker	1.5
klassisk	1.5
klick	-1.5
klippig	-1.5
klok	1.5
klokt	1.5
klumpig	-1.5
kluven	-1.5
klyva	-1.5
klämma	-1.5
klåda	-1.5
knacka	-1.5
knapp	-1.5
knappa	-1.5
knappast	-1.5
knappt	-1.5
knark	-1.5
knep	-1.5
knepigt	-1.5
knipa	-1.5
kniv	-1.5
knock	-1.5
knäcka	-1.5
knäckt	-1.5
koka	-1.5
kokning	-1.5
kollaps	-1.5
kollapsa	-1.5
kollidera	-1.5
komfort	1.5
komisk	-1.5
kompakt	1.5
kompakta	1.5
kompatibel	1.5
komplement	1.5
komplementär	1.5
kompletterande	1.5
kompletterar	1.5
kompletteras	1.5
komplex	-1.5
komplicerad	-1.5
komplicerat	-1.5
komplikation	-1.5
komplott	-1.5
kompromisslös	-1.5
koncession	-1.5
konflikt	-1.5
konflikter	-1.5
konfrontation	-1.5
konfrontera	-1.5
konkurrenskraftig	1.5
konkurrenskraftiga	-1.5
konkurs	-1.5
konsekvent	1.5
konservativ	-1.5
konspiration	-1.5
konspirationer	-1.5
konspirera	-1.5
konstgjord	-1.5
konstig	-1.5
konstigt	-1.5
konstruktiv	1.5
kontinuitet	1.5
kontrovers	-1.5
kontroversiell	-1.5
kooperativ	1.5
kopia	-1.5
korg	-1.5
korkad	-1.5
korrekt	1.5
korrigera	1.5
korrosion	-1.5
korrupt	-1.5
korruption	-1.5
kortfattad	1.5
kostnadsfri	1.5
kostsam	-1.5
kraftfull	1.5
kraftfullt	1.5
kraftig	1.5
krasch	-1.5
krascha	-1.5
kraschade	-1.5
kraschar	-1.5
kreativ	1.5
krenelerad	-1.5
krigförande	-1.5
krigisk	-1.5
kriminell	-1.5
kringflackande	-1.5
kringgå	-1.5
kris	-1.5
kritik	-1.5
kritiker	-1.5
kritisera	-1.5
kritiserade	-1.5
kritisk	-1.5
krok	-1.5
krokig	-1.5
krokiga	-1.5
kronisk	-1.5
kropp	1.5
krossa	-1.5
krossad	-1.5
krossade	-1.5
krossas	-1.5
krydda	1.5
kryddat	1.5
krympande	-1.5
krypa	-1.5
krypande	-1.5
kräkning	-1.5
kräkningar	-1.5
kräm	-1.5
kränka	-1.5
kränkande	-1.5
kränkning	-1.5
krävande	-1.5
kröp	-1.5
kul	1.5
kull	-1.5
kunglig	1.5
kunnig	1.5
kunniga	1.5
kur	1.5
kval	-1.5
kvalificera	1.5
kvalificerad	1.5
kvick	1.5
kvickt	1.5
kväva	-1.5
kyla	-1.5
kyliga	-1.5
källa	1.5
kämpa	-1.5
kämpade	-1.5
kämpar	-1.5
känd	1.5
kändisskap	1.5
kännemärke	1.5
kännetecken	1.5
känsla	1.5
känslig	1.5
känsligt	-1.5
käresta	1.5
kärlek	1.5
kärleksfull	1.5
kärv	-1.5
kättare	-1.5
kätteri	-1.5
köld	-1.5
lack	-1.5
lag	-1.5
laglig	1.5
lagligen	1.5
lags	-1.5
lam	-1.5
landsförrädare	-1.5
larm	-1.5
last	-1.5
lat	-1.5
lavin	-1.5
le	1.5
lead	1.5
led	1.5
leda	1.5
ledande	1.5
ledde	1.5
leder	1.5
ledig	1.5
ledning	1.5
ledsen	-1.5
leende	1.5
legendarisk	1.5
leka	-1.5
lekfull	1.5
lekfullt	1.5
len	1.5
ler	1.5
lerig	-1.5
levande	1.5
lida	-1.5
lidande	-1.5
lider	-1.5
lidit	-1.5
lie	-1.5
ligga	-1.5
liggande	-1.5
ligger	-1.5
like	1.5
likgiltig	-1.5
likgiltighet	-1.5
liknande	1.5
liksom	1.5
limit	-1.5
limited	-1.5
lindra	1.5
lindring	1.5
listig	-1.5
lita	1.5
livlig	1.5
livligt	1.5
livlös	-1.5
ljud	-1.5
ljuga	-1.5
ljummet	-1.5
ljus	1.5
ljusare	1.5
ljusaste	1.5
ljust	1.5
ljuvlig	1.5
lock	1.5
locka	1.5
lockande	1.5
lockas	1.5
lod	1.5
logisk	1.5
lojal	1.5
lojala	1.5
lojalitet	1.5
lopp	-1.5
loss	-1.5
lost	-1.5
lova	1.5
lovad	1.5
lovande	1.5
lovar	1.5
love	1.5
luffare	-1.5
luftmotstånd	-1.5
luftvärn	-1.5
lugn	1.5
lugna	1.5
lugnande	1.5
lugnare	-1.5
lugnt	1.5
lukt	-1.5
lukta	-1.5
luktar	-1.5
lumpen	-1.5
lura	-1.5
lurade	-1.5
lurar	-1.5
luras	-1.5
lust	1.5
lustiga	1.5
luta	1.5
lutande	-1.5
lutning	-1.5
lycka	1.5
lyckad	1.5
lyckas	1.5
lyckat	1.5
lyckats	1.5
lycklig	1.5
lyckligare	1.5
lyckligt	1.5
lyckligtvis	1.5
lyckosam	1.5
lyft	1.5
lyfta	1.5
lyrisk	1.5
lysa	1.5
lysande	1.5
lyster	1.5
lyx	1.5
lyxig	1.5
lyxiga	1.5
läcka	-1.5
läckage	-1.5
läckande	-1.5
läcker	1.5
läka	1.5
läkemedel	1.5
lämna	-1.5
lämplig	1.5
lämpligt	1.5
längtan	-1.5
läns	1.5
lärd	1.5
läsbar	1.5
lätt	1.5
lätta	1.5
lättade	1.5
lättare	1.5
lätthet	1.5
lättnad	1.5
lättsam	1.5
lättsamma	1.5
lågkonjunktur	-1.5
lågtryck	-1.5
lång	-1.5
långsam	-1.5
långsammare	-1.5
långsamt	-1.5
långvarig	-1.5
låta	-1.5
låtsas	-1.5
löfte	1.5
lögn	-1.5
löjlig	-1.5
löjligt	-1.5
lönnmördare	-1.5
löpa	-1.5
lösdrivare	-1.5
lösen	1.5
mad	-1.5
magi	1.5
magisk	1.5
magiska	1.5
magnifik	1.5
magnifika	1.5
magnifikt	1.5
magra	-1.5
majestät	1.5
maktlös	-1.5
mala	-1.5
mani	-1.5
manipulation	-1.5
manipulera	-1.5
mar	-1.5
mardröm	-1.5
marginal	-1.5
marginell	-1.5
marginellt	-1.5
marionett	-1.5
markis	-1.5
marknad	1.5
marmelad	-1.5
martyrium	-1.5
martyrskap	-1.5
massaker	-1.5
massakrer	-1.5
massiv	1.5
master	1.5
materiella	1.5
matris	-1.5
matt	-1.5
matta	-1.5
matte	-1.5
max	1.5
medelmåttig	-1.5
medgav	-1.5
medge	-1.5
medgivande	-1.5
medkänsla	1.5
melankoli	-1.5
melankolisk	-1.5
melodisk	1.5
meningsfull	1.5
meningslös	-1.5
meningslösa	-1.5
meningslöst	-1.5
menstruation	-1.5
merit	1.5
mes	-1.5
mild	1.5
mildra	-1.5
minnesvärd	1.5
minska	-1.5
minskande	-1.5
minskas	-1.5
mirakel	1.5
mirakulöst	1.5
miss	-1.5
missa	-1.5
missade	-1.5
missar	-1.5
missbruk	-1.5
missbruka	-1.5
missbrukar	-1.5
missbrukare	-1.5
missbrukas	-1.5
missfall	-1.5
missförstånd	-1.5
missgynnade	-1.5
misshandel	-1.5
misshandla	-1.5
misskreditera	-1.5
misslyckad	-1.5
misslyckades	-1.5
misslyckande	-1.5
misslyckanden	-1.5
misslyckas	-1.5
missnöjd	-1.5
missnöjda	-1.5
missnöje	-1.5
misstag	-1.5
misstankar	-1.5
misstanke	-1.5
misstas	-1.5
misstro	-1.5
misstroendevotum	-1.5
misstänka	-1.5
misstänker	-1.5
misstänkt	-1.5
misstänkta	-1.5
missuppfattning	-1.5
missuppfattningar	-1.5
missvisande	-1.5
mist	-1.5
mista	-1.5
misär	-1.5
mjuk	1.5
mjukare	1.5
mjukt	1.5
mobbare	-1.5
mobbning	-1.5
mod	1.5
modern	1.5
moderna	1.5
modig	1.5
modigt	1.5
mogen	1.5
mogna	1.5
mognad	1.5
moln	-1.5
monoton	-1.5
monotona	-1.5
monster	-1.5
monumental	1.5
monumentala	1.5
moral	1.5
mord	-1.5
motargument	-1.5
motbevisa	-1.5
motbjudande	-1.5
motgång	-1.5
motivera	1.5
motiverade	1.5
motsats	-1.5
motsatser	-1.5
motsatt	-1.5
motstridiga	-1.5
motstånd	-1.5
motståndare	-1.5
motståndsrörelse	-1.5
motsägelse	-1.5
motsägelsefull	-1.5
motsägelsefulla	-1.5
motsätta	-1.5
mottaglig	1.5
motverka	-1.5
motvilja	-1.5
motvillig	-1.5
motvilligt	-1.5
motåtgärder	-1.5
mousserande	1.5
mulen	-1.5
munter	1.5
murder	-1.5
mutbrott	-1.5
mutor	-1.5
mycket	1.5
myndig	1.5
myr	-1.5
mysterium	-1.5
mystisk	-1.5
mystiskt	-1.5
myt	-1.5
mäktig	1.5
mängd	1.5
märkbar	1.5
märklig	-1.5
märkligaste	-1.5
mässa	-1.5
mästare	1.5
mästerlig	1.5
mästerverk	1.5
mätta	-1.5
målmedveten	1.5
mångsidig	1.5
mångsidighet	1.5
möda	-1.5
möjlig	1.5
mönster	1.5
mörda	-1.5
mördare	-1.5
mörk	-1.5
mörkare	-1.5
mörker	-1.5
mötesplats	-1.5
nackdel	-1.5
nackdelar	-1.5
nackdelen	-1.5
naiv	-1.5
naivt	-1.5
naken	-1.5
narr	-1.5
natursköna	1.5
nedbrytning	-1.5
nederlag	1.5
nedfall	-1.5
nedgång	-1.5
nedgångar	-1.5
nedgången	-1.5
nedlåtande	-1.5
nedsatt	-1.5
nedslagen	-1.5
nedsänkt	-1.5
nedsättande	-1.5
nedvärderande	-1.5
nedåtgående	-1.5
negation	-1.5
negativ	-1.5
negativt	-1.5
neka	-1.5
nekas	-1.5
nepotism	-1.5
nervositet	-1.5
nervös	-1.5
nervöst	-1.5
nit	1.5
nitisk	-1.5
nitiskt	-1.5
njuta	1.5
njuter	1.5
njutning	1.5
nog	1.5
noggrann	1.5
noise	-1.5
noll	1.5
nolla	-1.5
nonsens	-1.5
nutida	1.5
nyhet	1.5
nykomling	-1.5
nykter	-1.5
nypa	-1.5
nyskapande	1.5
nyttig	1.5
näring	1.5
nätt	1.5
nå	1.5
nåd	1.5
nöd	-1.5
nödsituation	-1.5
nödställda	-1.5
nöjd	1.5
nöje	1.5
oacceptabelt	-1.5
oaktsamhet	-1.5
oanvändbar	-1.5
oanvändbara	-1.5
oas	1.5
oavbruten	-1.5
oavbrutet	-1.5
oavsiktlig	-1.5
oavslutade	-1.5
obalans	-1.5
obefintlig	-1.5
obegriplig	-1.5
obegripligt	-1.5
obegränsad	1.5
obegränsat	1.5
obehag	-1.5
obehaglig	-1.5
obehagligt	-1.5
obekant	-1.5
obekräftad	-1.5
obekräftade	-1.5
obekväm	-1.5
obekväma	-1.5
obemärkt	-1.5
oberörd	-1.5
obestridd	1.5
obestämd	-1.5
obestämt	-1.5
obetydlig	-1.5
object	-1.5
objekt	-1.5
obunden	1.5
odjur	-1.5
oduglig	-1.5
oegentligheter	-1.5
oeniga	-1.5
oenighet	-1.5
oense	-1.5
oerfaren	-1.5
oerhört	1.5
ofarlig	1.5
ofarliga	1.5
ofelbarhet	1.5
offensiv	-1.5
offensivt	-1.5
offra	-1.5
offras	-1.5
ofredande	-1.5
ofrivillig	-1.5
ofrivilligt	-1.5
ofullständig	-1.5
ofullständigt	-1.5
oförenlig	-1.5
oförenligt	-1.5
oförmåga	-1.5
oförmögen	-1.5
oförutsedda	-1.5
ogilla	-1.5
ogillade	-1.5
ogillande	-1.5
ogillar	-1.5
ogiltig	-1.5
ogiltigförklara	-1.5
ogräs	-1.5
ogynnsam	-1.5
ogärna	-1.5
ogästvänliga	-1.5
ohyggliga	-1.5
ohälsosamma	-1.5
ohållbar	-1.5
ointresse	-1.5
ointresserad	-1.5
ojämlikhet	-1.5
ojämn	-1.5
ok	1.5
okej	1.5
oklar	-1.5
okontrollerad	-1.5
okunnig	-1.5
okunniga	-1.5
okunnighet	-1.5
okänd	-1.5
okänslig	-1.5
okänt	-1.5
olaglig	-1.5
olagligt	-1.5
olika	-1.5
olikhet	-1.5
oliktänkande	-1.5
oljud	-1.5
olycka	-1.5
olyckan	-1.5
olycklig	-1.5
olyckliga	-1.5
olyckligt	-1.5
olyckligtvis	-1.5
olyckor	-1.5
olycksfall	-1.5
olydnad	-1.5
olägenhet	-1.5
olämplig	-1.5
olämpliga	-1.5
olämpligt	-1.5
olönsam	-1.5
olöst	-1.5
omedelbart	1.5
omedvetna	-1.5
omfattande	1.5
omgående	1.5
omkörd	1.5
omkörning	1.5
omodern	-1.5
omogen	-1.5
omoralisk	-1.5
omoraliskt	-1.5
omsorgsfull	1.5
omstridd	-1.5
omstrukturering	1.5
omstörtande	-1.5
omtvistad	-1.5
omtvistade	-1.5
omtänksam	1.5
omvälvning	-1.5
omänskliga	-1.5
omöjlig	-1.5
omöjligen	-1.5
omöjligt	-1.5
onaturlig	-1.5
ond	-1.5
onda	-1.5
ondska	-1.5
ondskefull	-1.5
onormal	-1.5
ont	-1.5
onåd	-1.5
onödan	-1.5
onödig	-1.5
onödiga	-1.5
onödigt	-1.5
oordning	-1.5
oortodoxa	-1.5
opartisk	1.5
opartiskhet	1.5
opassande	-1.5
opponent	-1.5
opposition	-1.5
opraktiskt	-1.5
optimal	1.5
optimism	1.5
optimistisk	1.5
opålitlig	-1.5
opålitliga	-1.5
opåverkad	1.5
ordentlig	1.5
ordentligt	1.5
ordinär	-1.5
ordnad	1.5
oreda	-1.5
oren	-1.5
orena	-1.5
original	-1.5
originalitet	1.5
orimlig	-1.5
orimliga	-1.5
orimligt	-1.5
oro	-1.5
oroa	-1.5
oroad	-1.5
oroande	-1.5
orolig	-1.5
oroliga	-1.5
oroligt	-1.5
oroväckande	-1.5
orädd	1.5
orätt	-1.5
orättvis	-1.5
orättvisa	-1.5
orättvisor	-1.5
orättvist	-1.5
orörd	-1.5
orörlig	-1.5
osammanhängande	-1.5
osannolik	-1.5
osannolikt	-1.5
oskyldig	1.5
osynlig	-1.5
osäker	-1.5
osäkerhet	-1.5
osäkert	-1.5
osäkra	-1.5
otillbörlig	-1.5
otillbörligt	-1.5
otillfredsställande	-1.5
otillgänglig	-1.5
otillräcklig	-1.5
otillräckligt	-1.5
otrogen	-1.5
otrogna	-1.5
otur	-1.5
otvetydigt	1.5
otvivelaktigt	1.5
otänkbart	-1.5
otålig	-1.5
oundviklig	-1.5
oundvikliga	-1.5
oundvikligen	-1.5
oupphörligt	-1.5
outsider	-1.5
ovan	-1.5
ovana	-1.5
ovanlig	-1.5
ovanligt	-1.5
ovetande	-1.5
ovidkommande	-1.5
ovilja	-1.5
ovillig	-1.5
ovillkorlig	1.5
ovän	-1.5
oväntad	-1.5
oväntade	1.5
oväntat	-1.5
ovärderlig	1.5
ovärderliga	1.5
ovärdig	-1.5
oväsen	-1.5
oäkta	-1.5
oönskad	-1.5
oönskade	-1.5
oöverträffad	1.5
packad	-1.5
pain	-1.5
pakt	1.5
pan	-1.5
panik	-1.5
panna	-1.5
pannkaka	-1.5
panorama	1.5
paradis	1.5
paradoxalt	-1.5
paranoia	-1.5
paranoid	-1.5
parasit	-1.5
parkett	-1.5
parodi	-1.5
partisaner	-1.5
partisk	-1.5
partiskhet	-1.5
passande	1.5
passerade	1.5
passion	1.5
passionerad	1.5
passionerat	1.5
passiv	-1.5
passivitet	-1.5
patient	1.5
patienten	1.5
patriot	1.5
patriotisk	1.5
paus	-1.5
peace	1.5
perfect	1.5
perfekt	1.5
perfektion	1.5
persika	1.5
personlighet	1.5
personligheter	1.5
pessimism	-1.5
pessimistisk	-1.5
pest	-1.5
pigg	1.5
pinsam	-1.5
pinsamt	-1.5
pip	-1.5
pipa	-1.5
piska	-1.5
pittoresk	1.5
pittoreska	1.5
plattare	1.5
plikt	-1.5
plog	-1.5
plot	-1.5
plundra	-1.5
plundring	-1.5
plåga	-1.5
plågade	-1.5
plågsamma	-1.5
poetisk	1.5
poetiska	1.5
polarisation	-1.5
polarisering	-1.5
polerad	1.5
popular	1.5
populär	1.5
portabel	1.5
portion	1.5
positiv	1.5
positiva	1.5
positive	1.5
positivt	1.5
prakt	1.5
praktfull	1.5
praktisk	1.5
praktiskt	1.5
prat	-1.5
precis	1.5
precisera	1.5
preliminär	-1.5
preliminärt	-1.5
premier	1.5
premiärminister	1.5
prestation	1.5
prestationer	1.5
prestige	1.5
prestigefylld	1.5
prestigefyllda	1.5
prick	-1.5
prickig	-1.5
primitiv	-1.5
pris	1.5
prisade	1.5
prison	-1.5
privilegierad	1.5
privilegium	1.5
problem	-1.5
problematisk	-1.5
problematiskt	-1.5
problems	-1.5
produktiv	1.5
produktivt	1.5
profan	-1.5
profana	-1.5
proffs	1.5
progress	1.5
progressiv	1.5
progressive	1.5
prominent	1.5
promotor	1.5
propaganda	-1.5
protection	1.5
protest	-1.5
protester	-1.5
protestera	-1.5
protesterade	-1.5
protesterar	-1.5
proven	1.5
provocera	-1.5
provocerande	-1.5
provokation	-1.5
pryda	1.5
prydligt	1.5
prägel	1.5
prövning	-1.5
pulserande	1.5
punk	-1.5
punkare	-1.5
putsa	1.5
pärla	1.5
pärlor	1.5
påfallande	1.5
påfrestning	-1.5
påkostad	1.5
påkostade	1.5
påle	-1.5
pålitlig	1.5
påstå	-1.5
påstående	-1.5
påträngande	-1.5
queer	-1.5
radera	-1.5
radikal	-1.5
radikaler	-1.5
radikalisering	-1.5
radikalt	-1.5
raffinerad	1.5
rail	-1.5
rak	1.5
rakade	-1.5
rall	-1.5
ramlade	-1.5
rapport	1.5
rapportera	-1.5
ras	-1.5
rasa	-1.5
rasande	-1.5
rasar	-1.5
raseri	-1.5
rasism	-1.5
rasist	-1.5
rasister	-1.5
rasistisk	-1.5
rasistiska	-1.5
rask	1.5
rast	-1.5
raster	-1.5
rastlös	-1.5
rastlöshet	-1.5
rational	1.5
rationell	1.5
ready	1.5
reaktionär	-1.5
reaktionära	-1.5
realistisk	1.5
realistiskt	1.5
recession	-1.5
redo	1.5
redundans	-1.5
reflektera	1.5
reform	1.5
reformer	1.5
reformera	1.5
reformerad	1.5
reformerade	1.5
reformering	1.5
regelbrott	-1.5
regression	-1.5
rejäl	-1.5
rekommendation	1.5
rekommendationer	1.5
rekommendera	1.5
rekommenderad	1.5
rekommenderar	1.5
rekommenderas	1.5
rekyl	-1.5
relief	1.5
ren	1.5
rena	1.5
renare	1.5
renaste	1.5
rengöringsmedel	1.5
renhet	1.5
rensar	1.5
rensas	1.5
rent	1.5
renässans	1.5
repa	-1.5
repetitiva	-1.5
repor	-1.5
repression	-1.5
reserverad	-1.5
resistans	-1.5
resonera	1.5
respekt	1.5
respektabel	1.5
respektera	1.5
restriktiv	-1.5
retar	-1.5
retas	-1.5
retirera	-1.5
retirerade	-1.5
retorik	-1.5
retorisk	-1.5
retoriska	-1.5
reträtt	-1.5
rev	-1.5
revision	-1.5
revival	1.5
revolt	-1.5
revolutionerade	1.5
revolutionerande	1.5
revolutionär	1.5
right	1.5
rik	1.5
rika	1.5
rikare	1.5
rikedom	1.5
riklig	1.5
rikligt	1.5
rikt	1.5
riktig	1.5
riktigt	1.5
rimlig	1.5
rimligen	1.5
ringa	-1.5
risk	-1.5
riskabelt	-1.5
risker	-1.5
riskera	-1.5
riskfylld	-1.5
riva	-1.5
rival	-1.5
rivaliserande	-1.5
rivalitet	-1.5
ro	1.5
roa	1.5
robust	1.5
rolig	1.5
roligt	1.5
romantisk	1.5
romantiska	1.5
romantiskt	1.5
rop	-1.5
ropa	-1.5
rost	-1.5
rostfritt	1.5
rot	-1.5
rubba	-1.5
rubbning	-1.5
rudimentär	-1.5
rue	-1.5
ruin	-1.5
ruiner	-1.5
rutten	-1.5
ruttna	-1.5
ruva	-1.5
ryck	-1.5
rycka	-1.5
ryggrad	1.5
ryktbar	1.5
rykten	-1.5
rymlig	1.5
rymliga	1.5
räcka	1.5
räcke	-1.5
räcker	1.5
rädd	-1.5
rädsla	-1.5
räkna	1.5
räl	-1.5
räls	-1.5
ränna	-1.5
rät	1.5
räta	1.5
rätt	1.5
rätta	1.5
rättelse	1.5
rättfärdig	1.5
rättfärdiga	1.5
rättfärdighet	1.5
rättighet	1.5
rättmätig	1.5
rättmätiga	1.5
rättvis	1.5
rättvisa	1.5
rättvist	1.5
rätvinklig	1.5
rå	-1.5
råd	1.5
rådgivning	1.5
rått	-1.5
rök	-1.5
röka	-1.5
rökelse	-1.5
röra	-1.5
rörigt	-1.5
rörlighet	1.5
röta	-1.5
sabotage	-1.5
sabotera	-1.5
saint	1.5
sakna	-1.5
saknade	-1.5
saknar	-1.5
saknas	-1.5
sakta	-1.5
salighet	1.5
sammanbrott	-1.5
sammanhängande	1.5
sammanhållning	1.5
sammankomst	1.5
sammansvärjning	-1.5
samstämmighet	1.5
samverkan	-1.5
samverkande	1.5
sarkasm	-1.5
sarkastisk	-1.5
sarkastiskt	-1.5
satirisk	-1.5
satiriska	-1.5
sav	-1.5
scenisk	1.5
secure	1.5
seg	1.5
seger	1.5
segrande	1.5
sekret	-1.5
selektiv	1.5
sengångare	-1.5
sensation	1.5
sensationell	1.5
sensationella	1.5
sexig	1.5
sick	-1.5
signera	1.5
signifikant	1.5
simpel	-1.5
simpla	-1.5
simulera	-1.5
sin	-1.5
sinnessjuk	-1.5
sinnessjukdom	-1.5
sjuk	-1.5
sjuka	-1.5
sjukdom	-1.5
sjuke	-1.5
sjuklig	-1.5
sjukliga	-1.5
sjukligt	-1.5
sjukt	1.5
sjunka	-1.5
sjunkande	-1.5
sjunkit	-1.5
sjunkna	-1.5
självisk	-1.5
självlysande	1.5
självmord	-1.5
skada	-1.5
skadad	-1.5
skadade	-1.5
skadas	-1.5
skadedjur	-1.5
skadestånd	-1.5
skadlig	-1.5
skadliga	-1.5
skadligt	-1.5
skador	-1.5
skaka	-1.5
skala	1.5
skam	-1.5
skandal	-1.5
skandaler	-1.5
skarp	1.5
skarpa	1.5
skarpare	1.5
skarpaste	1.5
skarpsinne	1.5
skarpsinnig	1.5
skatt	1.5
skatta	1.5
skelett	-1.5
sken	1.5
skena	-1.5
skenande	-1.5
skeppsbrott	-1.5
skepsis	-1.5
skepticism	-1.5
skeptiker	-1.5
skeptisk	-1.5
skev	-1.5
skicklig	1.5
skickliga	1.5
skicklighet	1.5
skickligt	1.5
skiljas	-1.5
skimrande	1.5
skinande	1.5
skit	-1.5
skoj	1.5
skojare	-1.5
skoningslös	-1.5
skoningslöst	-1.5
skred	-1.5
skrik	-1.5
skrika	-1.5
skrot	-1.5
skrota	-1.5
skrotade	-1.5
skruvad	-1.5
skruvas	-1.5
skrymmande	-1.5
skräck	-1.5
skräckinjagande	-1.5
skrämma	-1.5
skrämmande	-1.5
skräp	-1.5
skuggiga	-1.5
skuld	-1.5
skulder	-1.5
skuldsatt	1.5
skuldsatta	1.5
skumma	-1.5
skurk	-1.5
skurkar	-1.5
skvaller	-1.5
skydd	1.5
skydda	1.5
skyddande	1.5
skygg	-1.5
skyldig	-1.5
skyldige	-1.5
skylla	-1.5
skymmer	-1.5
skälig	1.5
skälla	-1.5
skällde	-1.5
skäms	-1.5
skämt	-1.5
skära	-1.5
skärande	-1.5
skärpa	-1.5
skål	-1.5
skön	1.5
skönhet	1.5
skönlitterär	-1.5
slag	-1.5
slagkraft	1.5
slagna	-1.5
slakt	-1.5
slakta	-1.5
slaktade	-1.5
slaktare	-1.5
slapp	-1.5
slarv	-1.5
slav	-1.5
slavar	-1.5
slaveri	-1.5
slem	-1.5
slet	-1.5
slingrande	-1.5
slipa	-1.5
slit	-1.5
slita	-1.5
sliter	-1.5
slitet	-1.5
slog	-1.5
slow	-1.5
slug	-1.5
sluka	-1.5
slump	-1.5
slumpmässig	-1.5
slumpmässigt	-1.5
slumpvis	-1.5
slut	-1.5
sluten	-1.5
sluttande	-1.5
sluttning	-1.5
sly	-1.5
släcka	-1.5
slägga	-1.5
slänga	-1.5
släpa	-1.5
släpar	-1.5
släppt	1.5
slät	1.5
släta	1.5
slå	-1.5
slående	1.5
slöseri	-1.5
smak	1.5
smal	1.5
smalare	-1.5
smart	1.5
smarta	1.5
smartare	1.5
smartaste	1.5
smash	-1.5
smickrande	1.5
smidda	-1.5
smidig	1.5
smidighet	1.5
smidigt	1.5
smita	-1.5
smittad	-1.5
smittsam	-1.5
smuts	-1.5
smutsig	-1.5
smutsigt	-1.5
smyga	-1.5
smygande	-1.5
smälta	-1.5
smärtor	-1.5
smärtsam	-1.5
smärtsamt	-1.5
snabb	1.5
snabbare	1.5
snabbaste	1.5
snabbt	1.5
snar	1.5
snara	-1.5
sned	-1.5
snedstreck	-1.5
sno	-1.5
snubblar	-1.5
snurra	1.5
snygg	1.5
snyggt	1.5
sofistikerad	1.5
soft	1.5
solid	1.5
solidaritet	1.5
soluppgång	1.5
som	1.5
soptipp	-1.5
sorg	-1.5
sorglig	-1.5
sorgligt	-1.5
sorgsen	-1.5
sort	1.5
spade	-1.5
spader	-1.5
sparbank	1.5
sparken	-1.5
sparsam	1.5
sparsamhet	1.5
speciell	-1.5
spektakulär	1.5
spektakulära	1.5
spektakulärt	1.5
spill	-1.5
spillror	-1.5
split	-1.5
splittra	-1.5
splittras	-1.5
spontan	1.5
sporadisk	-1.5
sportig	1.5
spratt	-1.5
spricka	-1.5
sprickor	-1.5
springa	-1.5
spränga	-1.5
sprängämne	-1.5
spröd	-1.5
spy	-1.5
späd	1.5
spänd	-1.5
spänna	-1.5
spännande	1.5
spänne	-1.5
spänningen	1.5
spår	-1.5
squash	-1.5
stab	-1.5
stabil	1.5
stabilisera	1.5
stabilitet	1.5
stackars	-1.5
stadig	1.5
stadigt	1.5
stag	-1.5
stagnation	-1.5
stain	-1.5
stal	-1.5
stam	-1.5
stamma	-1.5
stans	-1.5
stark	1.5
starkare	1.5
starkaste	1.5
starkt	1.5
static	-1.5
statisk	-1.5
stekt	-1.5
stel	-1.5
stelhet	-1.5
stenhård	-1.5
stereotyp	-1.5
stereotypa	-1.5
stick	-1.5
sticka	-1.5
stickande	-1.5
stift	1.5
stiga	1.5
stilig	1.5
stiliserade	1.5
stilla	1.5
stillasittande	-1.5
stillastående	-1.5
stillhet	1.5
stimulera	1.5
stimulerar	1.5
stjäl	-1.5
stjäla	-1.5
stjärn	1.5
stolen	-1.5
stolpe	-1.5
stolt	1.5
stolta	1.5
stolthet	1.5
stoppa	-1.5
stor	1.5
storartad	1.5
storhet	1.5
storm	-1.5
stormande	-1.5
stormig	-1.5
storslagen	1.5
straff	-1.5
straffa	-1.5
straffspark	-1.5
stram	-1.5
strama	-1.5
strange	-1.5
strejk	-1.5
stress	-1.5
strida	-1.5
stridigheter	-1.5
stridsvagn	-1.5
strike	-1.5
strikt	-1.5
strong	1.5
strut	-1.5
stryka	-1.5
strypa	-1.5
sträckt	-1.5
sträng	-1.5
stränga	-1.5
sträva	1.5
strävan	1.5
strålande	1.5
ström	-1.5
strömlinjeformad	1.5
stubbar	-1.5
stubbe	-1.5
stuck	-1.5
stulit	-1.5
stulna	-1.5
stum	1.5
stumfilm	1.5
stump	-1.5
stunt	-1.5
stycka	-1.5
styv	-1.5
styvhet	-1.5
städa	1.5
stämd	-1.5
stämma	-1.5
stämmer	-1.5
stämning	-1.5
stämningar	-1.5
stånd	-1.5
ståtlig	1.5
stöd	1.5
stöder	1.5
stödja	1.5
stödjande	1.5
stöds	1.5
stöld	-1.5
stör	-1.5
störa	-1.5
störande	-1.5
störd	-1.5
störning	-1.5
störningar	-1.5
störst	1.5
störta	-1.5
störtande	-1.5
störtlopp	-1.5
stöt	-1.5
stöta	-1.5
stötande	-1.5
stött	-1.5
stötte	-1.5
stöttepelare	1.5
sublima	1.5
substantiv	1.5
success	1.5
succé	1.5
suck	-1.5
suddig	-1.5
sug	-1.5
suga	-1.5
suger	-1.5
suggestiva	1.5
suicide	-1.5
super	1.5
superior	1.5
support	1.5
supporter	1.5
sur	-1.5
sura	-1.5
surrande	-1.5
surrealistisk	1.5
survival	1.5
svacka	-1.5
svag	-1.5
svagare	-1.5
svaghet	-1.5
svagheter	-1.5
svagt	-1.5
sval	1.5
svalna	1.5
svarar	-1.5
svartsjuka	-1.5
svek	-1.5
svepa	-1.5
svepande	1.5
svidande	-1.5
svika	-1.5
sviker	-1.5
svin	-1.5
svit	-1.5
svordomar	-1.5
svullnad	-1.5
svälla	-1.5
svält	-1.5
svälta	-1.5
svära	-1.5
svävande	-1.5
svår	-1.5
svårighet	-1.5
svårigheter	-1.5
svårighetsgrad	-1.5
svårt	-1.5
svårtillgänglig	-1.5
sweet	1.5
sylt	-1.5
sympatisk	1.5
symptom	-1.5
symtom	-1.5
synd	-1.5
syndabock	-1.5
syndrom	-1.5
syndrome	-1.5
systematiskt	1.5
säck	-1.5
säker	1.5
säkerställa	1.5
säkert	1.5
säkra	1.5
säkring	-1.5
sällskaplig	1.5
sämre	-1.5
sämst	-1.5
sänka	-1.5
sänkning	-1.5
säregna	-1.5
särskiljande	1.5
särskilt	1.5
sättning	-1.5
sår	-1.5
såra	-1.5
sårad	-1.5
sårbar	-1.5
sög	-1.5
sönder	-1.5
sönderdelas	-1.5
sönderfall	-1.5
sönderfaller	-1.5
sörja	-1.5
sörjande	-1.5
söt	1.5
sötma	1.5
sött	1.5
ta	-1.5
tabu	-1.5
tack	1.5
tacka	1.5
tacksam	1.5
tacksamhet	1.5
tacksamt	1.5
taggig	-1.5
taggiga	-1.5
talande	1.5
talang	1.5
talanger	1.5
tampas	-1.5
tank	-1.5
tankar	-1.5
tappa	-1.5
tapperhet	1.5
tavla	-1.5
tempus	-1.5
terror	-1.5
terrorism	-1.5
thrash	-1.5
tidlös	1.5
tiggare	-1.5
tik	-1.5
tillbakadragen	-1.5
tillbakagång	-1.5
tilldela	1.5
tilldelas	1.5
tilldelning	1.5
tillflöde	1.5
tillfoga	-1.5
tillfredsställa	1.5
tillfredsställande	1.5
tillfredsställelse	1.5
tillförlitlig	1.5
tillförlitlighet	1.5
tillförlitligt	1.5
tillgiven	1.5
tillgivenhet	1.5
tillgänglig	1.5
tillgängliga	1.5
tillhåll	-1.5
tillintetgöra	-1.5
tillit	1.5
tillmötesgående	1.5
tillräcklig	1.5
tillräckligt	1.5
tillskansa	-1.5
tillsyn	-1.5
tilltalande	1.5
tilltro	1.5
tillverka	-1.5
tillverkning	-1.5
tillämplig	1.5
tillåta	-1.5
tillåten	1.5
tippa	-1.5
tjock	-1.5
tjockare	-1.5
tomhet	-1.5
tomt	-1.5
top	1.5
topp	1.5
toppar	1.5
torka	-1.5
tornseglare	1.5
torsk	-1.5
tortera	-1.5
torterade	-1.5
tortyr	-1.5
totalitär	-1.5
tragedi	-1.5
tragisk	-1.5
tragiska	-1.5
tragiskt	-1.5
trakassera	-1.5
trakasserier	-1.5
trampa	-1.5
transparent	1.5
trasig	-1.5
trassel	-1.5
trauma	-1.5
traumatisk	-1.5
trevande	-1.5
trevlig	1.5
trevligt	1.5
trick	-1.5
trio	-1.5
trist	-1.5
triumf	1.5
trivial	-1.5
tro	1.5
trofast	1.5
trofé	1.5
trogen	1.5
troget	1.5
trohet	1.5
trolig	1.5
trolldom	1.5
trots	-1.5
trovärdig	1.5
trovärdighet	1.5
trovärdigt	1.5
trubbel	-1.5
trubbig	-1.5
trubbiga	-1.5
trumpet	1.5
trust	1.5
tryck	-1.5
tryckt	1.5
trygg	1.5
träffande	1.5
träffpunkt	-1.5
träl	-1.5
träldom	-1.5
trängsel	-1.5
träningsmatch	1.5
tråkig	-1.5
tråkiga	-1.5
trång	-1.5
trånga	-1.5
trångt	-1.5
trög	-1.5
tröst	1.5
trösta	1.5
trött	-1.5
trötta	-1.5
trötthet	-1.5
tröttna	-1.5
tuff	1.5
tugga	1.5
tunn	-1.5
tunnare	1.5
tur	1.5
turbulensen	-1.5
turbulent	-1.5
turen	1.5
tusende	-1.5
tvekan	-1.5
tveksam	-1.5
tveksamt	-1.5
tvetydig	-1.5
tvetydighet	-1.5
tvinga	-1.5
tvist	-1.5
tvisten	-1.5
tvivel	-1.5
tvivelaktig	-1.5
tvivla	-1.5
tvivlar	-1.5
tvärt	-1.5
tvätta	1.5
tvång	-1.5
tvångsmässigt	-1.5
tycke	1.5
tydlig	1.5
tydligare	1.5
tydligt	1.5
typ	1.5
tyrann	-1.5
tyranni	-1.5
tyst	1.5
tysta	1.5
tystare	1.5
tystlåten	1.5
tystnad	1.5
tyvärr	-1.5
täppa	-1.5
tärning	-1.5
tät	-1.5
tålamod	1.5
tålig	1.5
tömma	-1.5
törst	-1.5
udda	-1.5
ultimatum	-1.5
umbäranden	-1.5
under	1.5
underbar	1.5
underbarn	1.5
underbart	1.5
undergräva	-1.5
undergång	-1.5
underhuggare	-1.5
underhålla	1.5
underhållande	1.5
underhåller	1.5
underkastelse	-1.5
underkuva	-1.5
underlig	-1.5
underliggande	-1.5
underligt	-1.5
underlydande	-1.5
underlätta	1.5
underlåtenhet	-1.5
underminera	-1.5
undermålig	-1.5
undermåliga	-1.5
underordna	-1.5
underordnad	-1.5
undertrycka	-1.5
undertryckande	-1.5
underverk	1.5
undgå	-1.5
undra	1.5
undrar	1.5
undvika	-1.5
undvikande	-1.5
ungdomlig	1.5
uppblåst	-1.5
uppdelning	-1.5
uppehålla	-1.5
uppenbarelse	1.5
uppenbart	-1.5
uppfattning	-1.5
uppfinningsrikedom	1.5
uppfylla	1.5
uppfyllelse	1.5
uppfyller	1.5
uppgraderade	1.5
upphetsad	1.5
upphängd	-1.5
upphöja	1.5
upphöjd	1.5
upphöjelse	1.5
upphöra	-1.5
upphörande	-1.5
upplysa	1.5
upplysning	1.5
upplösas	-1.5
upplösning	-1.5
uppmuntra	1.5
uppmuntran	1.5
uppmuntrande	1.5
uppmärksam	1.5
uppmärksamhet	1.5
uppretad	-1.5
uppriktig	1.5
uppriktigt	1.5
uppror	-1.5
upprorisk	-1.5
upproriska	-1.5
upprätthålla	1.5
upprörd	-1.5
upprörda	-1.5
upprördhet	-1.5
uppskatta	1.5
uppskattar	1.5
uppskattat	1.5
uppståndelse	-1.5
uppsägning	-1.5
upptempo	1.5
uppvakta	1.5
uppvigling	-1.5
uppåt	1.5
urin	-1.5
ursinnig	-1.5
ursäkt	-1.5
usel	-1.5
utbildad	1.5
utbildade	1.5
utblottad	-1.5
utbredd	-1.5
utbrott	-1.5
utdragen	-1.5
utelämna	-1.5
uteslutning	-1.5
utestående	1.5
utfattig	-1.5
utfärda	-1.5
utför	-1.5
utföra	1.5
uthållighet	1.5
utlopp	-1.5
utlovade	1.5
utlösa	-1.5
utlösning	1.5
utmanande	-1.5
utmaning	-1.5
utmattad	-1.5
utmattning	-1.5
utmärkande	1.5
utmärkelser	1.5
utmärker	1.5
utmärkt	1.5
utmärkte	1.5
utnyttja	-1.5
utnyttjande	-1.5
utomordentligt	1.5
utomstående	-1.5
utomäktenskaplig	-1.5
utplåna	-1.5
utplånade	-1.5
utpressning	-1.5
utrota	-1.5
utrotning	-1.5
uträtta	1.5
utsiktsplats	-1.5
utslag	-1.5
utslagen	-1.5
utslagning	-1.5
utstrålning	1.5
utstött	-1.5
utsvävande	-1.5
utsvävningar	-1.5
utsätta	-1.5
utsätts	-1.5
utsökt	1.5
uttråkad	-1.5
utvecklad	1.5
utvisa	-1.5
utvisning	-1.5
va	1.5
vacker	1.5
vackert	1.5
vacklande	-1.5
vag	-1.5
vaksam	1.5
vaksamhet	1.5
valen	-1.5
vandrande	-1.5
vanföreställningar	-1.5
vanlig	-1.5
vanligt	-1.5
vansinne	-1.5
vansinnig	-1.5
vant	-1.5
vardagliga	-1.5
varm	1.5
varmare	1.5
varmt	1.5
varnade	-1.5
varning	-1.5
varp	-1.5
vass	1.5
vattenfall	-1.5
ve	-1.5
vedergällning	-1.5
vederlägga	-1.5
verk	1.5
verklig	1.5
verkligt	1.5
vett	1.5
vibration	-1.5
vibrera	-1.5
vice	-1.5
victory	1.5
vidmakthålla	1.5
vidskepelse	-1.5
vidunder	1.5
viktig	1.5
vild	-1.5
vildar	-1.5
vilde	-1.5
viljestark	-1.5
villig	1.5
villigt	1.5
vilse	-1.5
vilseleda	-1.5
vilseledande	-1.5
vilt	-1.5
vinkelrät	1.5
vinna	1.5
vinnande	1.5
vinnare	1.5
vinner	1.5
vinning	1.5
vinst	1.5
vinster	1.5
virus	-1.5
vis	1.5
visdom	1.5
visionär	1.5
vissna	-1.5
vits	-1.5
vrak	-1.5
vrede	-1.5
vrida	-1.5
vriden	-1.5
vridning	-1.5
vulgär	-1.5
vulnerable	-1.5
vunnits	1.5
väcka	1.5
väckelse	1.5
vädja	1.5
vägledning	1.5
vägra	-1.5
vägrade	-1.5
vägran	-1.5
vägrar	-1.5
väl	1.5
välbefinnande	1.5
välbehag	1.5
väldig	1.5
väldigt	1.5
väldoftande	1.5
välgörande	1.5
välgörare	1.5
välgörenhet	1.5
välkommen	1.5
välkomna	1.5
välkomnande	1.5
välmående	1.5
välsigna	1.5
välsignelse	1.5
välstånd	1.5
välta	-1.5
vältalig	1.5
vältalighet	1.5
välvilja	1.5
välvillig	1.5
vän	-1.5
vändningar	-1.5
vänlig	1.5
vänlighet	1.5
vänligt	1.5
vänskaplig	1.5
vänskapsmatch	1.5
vänstra	-1.5
värd	1.5
värde	1.5
värdefull	1.5
värdelös	-1.5
värdig	1.5
värdighet	1.5
värdigt	1.5
värk	-1.5
världslig	-1.5
värma	1.5
värme	1.5
värmeisolering	-1.5
värre	-1.5
värst	-1.5
värsta	-1.5
värt	1.5
väsen	-1.5
väsentlig	1.5
våg	-1.5
vågad	1.5
våldsam	-1.5
våldsamt	-1.5
våldta	-1.5
våldtagen	-1.5
våldtäkt	-1.5
vårda	1.5
vårdslös	-1.5
vårdslöshet	-1.5
vördnad	1.5
well	1.5
wild	-1.5
win	1.5
wins	1.5
won	1.5
wonder	1.5
work	1.5
works	1.5
wrong	-1.5
yr	-1.5
ytlig	-1.5
ytliga	-1.5
ytligt	-1.5
ytterst	1.5
yttre	-1.5
yxa	-1.5
zenit	1.5
zombie	-1.5
ädel	1.5
ädelsten	1.5
ädla	1.5
ädling	1.5
ägnad	1.5
äkta	1.5
älska	1.5
älskad	1.5
älskade	1.5
älskande	1.5
älskar	1.5
älskare	1.5
älskling	1.5
älskvärd	1.5
ängel	1.5
ära	1.5
ärekränkning	-1.5
ärlig	1.5
ärlighet	1.5
ärr	-1.5
äventyra	-1.5
äventyrlig	1.5
åkomma	-1.5
ålderdomlig	-1.5
ånga	-1.5
ånger	-1.5
ångest	-1.5
ångra	-1.5
ångrade	-1.5
åstadkomma	1.5
åstadkommit	1.5
åtagande	1.5
åtala	-1.5
återbetala	1.5
återbetalning	1.5
återfall	-1.5
återgå	-1.5
återgång	-1.5
återhämta	1.5
återhämtning	1.5
återkalla	-1.5
återkommande	-1.5
återställa	1.5
återställd	1.5
återta	1.5
återuppliva	1.5
återvinna	1.5
återvinning	1.5
återvändsgränd	-1.5
åtnjuta	1.5
åtnjuter	1.5
åtskillnad	1.5
ödelägga	-1.5
ödeläggelse	-1.5
ödemark	-1.5
ödesdigra	-1.5
ödmjukhet	1.5
öka	1.5
öken	-1.5
ökänd	-1.5
ökända	-1.5
ökänt	1.5
öm	1.5
ömhet	-1.5
önska	1.5
önskar	1.5
önskvärd	1.5
önskvärt	1.5
öppenhet	1.5
öppet	1.5
överdel	1.5
överdrift	-1.5
överdriva	-1.5
överdriven	-1.5
överdrivet	-1.5
överenskommelse	1.5
överfall	-1.5
överflöd	1.5
överflödig	-1.5
överge	-1.5
övergiven	-1.5
övergrepp	-1.5
överhöghet	1.5
överklaga	1.5
överklagande	1.5
överkänslighet	-1.5
överlevande	1.5
överlevnad	1.5
överlycklig	1.5
överlägsen	1.5
överlägsenhet	1.5
överlämna	-1.5
överlämnade	-1.5
överlämnande	-1.5
överlåta	-1.5
övermanna	-1.5
övermod	-1.5
övernaturlig	1.5
överordnad	1.5
överraskning	-1.5
överseende	1.5
överskott	-1.5
överskrids	1.5
överstiga	1.5
överstiger	1.5
översvämmas	-1.5
överträdelse	-1.5
överträdelser	-1.5
överträffa	1.5
överträffade	1.5
övertygande	1.5
övervakning	-1.5
övervikt	-1.5
överviktig	-1.5
övervinna	1.5
överväldigande	-1.5
