Kesilen	-1.5
Kutlama	1.5
abartı	-1.5
abartılmış	-1.5
abuse	-1.5
acayip	-1.5
acele	-1.5
aceleci	-1.5
acil	-1.5
acilen	1.5
aciz	-1.5
acı	-1.5
acıklı	-1.5
acıma	-1.5
acımasız	-1.5
acımasızca	-1.5
ada	-1.5
adalet	1.5
adaletle	1.5
adaletli	1.5
adaletsizlik	-1.5
adaptif	1.5
adi	-1.5
adil	1.5
advanced	1.5
aerodinamik	1.5
af	1.5
afet	-1.5
agresif	-1.5
ahenk	1.5
ahlak	1.5
ahlaksız	-1.5
ahlâk	1.5
ajan	-1.5
aksak	-1.5
aksayan	-1.5
akıcı	1.5
akıllı	1.5
akıllıca	1.5
alakasız	-1.5
alarm	-1.5
alay	-1.5
alaycı	-1.5
alayla	-1.5
alaylı	-1.5
aldatan	-1.5
aldatma	-1.5
aldatmaca	-1.5
aldatmak	-1.5
aldatıcı	-1.5
alelacele	-1.5
alelade	-1.5
alerji	-1.5
alerjik	-1.5
aletli	1.5
alkış	1.5
almak	-1.5
alt	-1.5
altın	1.5
alçak	-1.5
alışılmadık	-1.5
alışılmamış	-1.5
am	-1.5
ama	-1.5
amansız	-1.5
amaçlı	1.5
ana	1.5
anarşi	-1.5
anarşist	-1.5
anarşizm	-1.5
andıran	1.5
ani	-1.5
aniden	-1.5
anlam	-1.5
anlamak	1.5
anlamlı	1.5
anlamsız	-1.5
anlayış	1.5
anlayışlı	1.5
anlaşmak	1.5
anlaşmazlık	-1.5
anlaşılabilir	1.5
anlaşılmaz	-1.5
anlaşılır	1.5
anomali	-1.5
anormal	-1.5
ansızın	-1.5
antagonist	-1.5
antik	-1.5
antika	1.5
antlaşma	1.5
anında	1.5
anıtsal	1.5
appropriate	1.5
aptal	-1.5
aptalca	-1.5
aralıklı	-1.5
arkadaki	-1.5
arkaik	-1.5
armoni	1.5
arsa	-1.5
artırma	1.5
artırmak	1.5
artırır	1.5
artış	1.5
arındırmak	1.5
arıtma	1.5
arıza	-1.5
arızalı	-1.5
asi	-1.5
asil	1.5
asitli	-1.5
asli	1.5
asmak	-1.5
ast	-1.5
asılsız	-1.5
asılı	-1.5
ateş	-1.5
ateşli	1.5
atik	1.5
atlamak	-1.5
attack	-1.5
atık	-1.5
atıl	-1.5
available	1.5
avans	1.5
avantaj	1.5
avantajları	1.5
avantajlı	1.5
avukat	1.5
award	1.5
ax	-1.5
ayaklanma	-1.5
ayarlanabilir	1.5
aydınlatma	1.5
aydınlatmak	1.5
aydınlatıcı	1.5
aydınlık	1.5
aykırı	-1.5
ayrıcalık	1.5
ayrıcalıklı	1.5
ayrık	-1.5
ayrılmaz	-1.5
ayrım	1.5
ayrımcı	-1.5
ayrımcılık	-1.5
ayıp	-1.5
ayırmak	1.5
az	-1.5
azalan	-1.5
azaltmak	-1.5
azalttı	1.5
azam	1.5
azami	1.5
azap	-1.5
azar	-1.5
azgın	-1.5
azim	1.5
azimli	1.5
aziz	1.5
açgözlü	-1.5
açlık	-1.5
açtı	1.5
açık	1.5
açıklık	1.5
açıkça	1.5
açığa	-1.5
ağa	1.5
ağlama	-1.5
ağrıları	-1.5
ağrısız	1.5
ağı	-1.5
ağır	-1.5
ağırbaşlı	1.5
ağıt	-1.5
aşağı	-1.5
aşağılama	-1.5
aşağılamak	-1.5
aşağılayıcı	-1.5
aşağılık	-1.5
aşk	1.5
aşma	-1.5
aşmak	1.5
aşı	-1.5
aşındırıcı	-1.5
aşırı	-1.5
bad	-1.5
bahane	-1.5
bahar	1.5
bak	1.5
balta	-1.5
balçık	-1.5
barbar	-1.5
barikat	-1.5
barikatlar	-1.5
bariz	-1.5
barındıran	-1.5
barış	1.5
basit	1.5
basitleştirilmiş	1.5
baskıcı	-1.5
baskın	-1.5
basmakalıp	-1.5
bastırma	-1.5
bastırmak	-1.5
bastırılmış	-1.5
batan	-1.5
batma	-1.5
batmaz	1.5
batık	-1.5
bayan	-1.5
bayat	-1.5
bayağı	-1.5
bayılma	-1.5
bayındır	1.5
bağlı	1.5
bağlılık	1.5
bağnaz	-1.5
bağımlı	-1.5
bağımlılık	-1.5
başarmak	1.5
başarı	1.5
başarılar	1.5
başarıları	1.5
başarılı	1.5
başarısız	-1.5
başarısızlık	-1.5
başağrısı	-1.5
başbakan	1.5
başkahraman	1.5
başta	1.5
başvurmak	1.5
başyapıtlarından	1.5
beceri	1.5
becerikli	1.5
beceriksiz	-1.5
bedava	1.5
beg	-1.5
beklenmedik	-1.5
bel	-1.5
belirgin	1.5
belirleyici	1.5
belirsiz	-1.5
belirsizlik	-1.5
belirti	-1.5
belirtilmemiş	-1.5
belirtmiş	-1.5
bencil	-1.5
bencillik	-1.5
bent	-1.5
benzer	1.5
benzersiz	1.5
berbat	-1.5
bereketli	1.5
berrak	1.5
beslemek	1.5
beslenme	1.5
besleyici	1.5
best	1.5
better	1.5
beygir	-1.5
beylik	-1.5
beğeni	1.5
bias	-1.5
bilge	1.5
bilgelik	1.5
bilgilendirmek	1.5
bilgili	1.5
bilgisiz	-1.5
bilinmeyen	-1.5
birlik	1.5
bitkin	-1.5
bitmemiş	-1.5
bodur	-1.5
bok	-1.5
bol	1.5
bolca	1.5
bolluk	1.5
bomba	-1.5
bombardıman	-1.5
bonus	1.5
borç	-1.5
borçları	-1.5
borçlu	1.5
boyamak	-1.5
boykot	-1.5
bozan	-1.5
bozgun	-1.5
bozma	-1.5
bozmak	-1.5
bozuk	-1.5
bozulan	-1.5
bozulma	-1.5
boğaz	-1.5
boğucu	-1.5
boğulma	-1.5
boşa	-1.5
boşaltma	-1.5
boşaltmak	-1.5
boşluklar	-1.5
boşta	-1.5
boşuna	-1.5
break	-1.5
brutal	-1.5
brüt	-1.5
budak	-1.5
bug	-1.5
bulantı	-1.5
bulanık	-1.5
bulanıklık	-1.5
bulaşma	-1.5
bulaşıcı	-1.5
bulunabilir	1.5
bulut	-1.5
bulutlu	-1.5
bulutsu	-1.5
buluş	1.5
bunalımlı	-1.5
böcek	-1.5
bölen	-1.5
bölme	-1.5
bölmek	-1.5
bölünme	-1.5
bükülme	-1.5
bükülmüş	-1.5
büst	-1.5
büstleri	-1.5
bütün	-1.5
büyü	1.5
büyük	1.5
büyüklük	1.5
büyüleyici	1.5
büyülü	1.5
büyümek	1.5
bırakmak	-1.5
bıçak	-1.5
cahil	-1.5
canavar	-1.5
canlandırmak	1.5
canlanma	1.5
canlı	1.5
cansız	-1.5
canım	1.5
caydırıcı	-1.5
cazibe	1.5
cazip	1.5
cebir	-1.5
cehalet	-1.5
cehennem	-1.5
cennet	1.5
cesaret	1.5
ceset	-1.5
cesur	1.5
cesurca	1.5
cevapsız	-1.5
ceza	-1.5
cezalandırmak	-1.5
cilalı	1.5
cinayet	-1.5
cinnet	-1.5
ciro	1.5
cisim	-1.5
clean	1.5
clear	1.5
cloud	-1.5
collapse	-1.5
compact	1.5
complex	-1.5
cool	1.5
correct	1.5
coşku	1.5
coşkulu	1.5
coşkun	1.5
critical	-1.5
cömert	1.5
cömertlik	1.5
cüce	-1.5
cılız	-1.5
dahi	1.5
dalgalı	-1.5
damage	-1.5
damlama	-1.5
damızlık	-1.5
dar	-1.5
darbe	-1.5
dark	-1.5
dava	-1.5
davetsiz	-1.5
dayak	-1.5
dayanmak	1.5
dayanıklı	1.5
dayanışma	1.5
dağılan	-1.5
dağılır	-1.5
dağınık	-1.5
dead	-1.5
death	-1.5
dedicated	1.5
dedikodu	-1.5
defile	-1.5
dehşete	-1.5
dejenerasyon	-1.5
dejenere	-1.5
deli	-1.5
delice	-1.5
delik	-1.5
delikler	-1.5
delilik	-1.5
delme	-1.5
demir	-1.5
demiryolu	-1.5
demode	-1.5
deneme	-1.5
denenmemiş	-1.5
deneyimsiz	-1.5
dengelemek	1.5
dengeli	1.5
dengesiz	-1.5
dengesizlik	-1.5
denk	-1.5
dense	-1.5
depresyon	-1.5
derece	-1.5
derhal	1.5
derin	1.5
derinden	1.5
dert	-1.5
despot	-1.5
destek	1.5
destekleme	1.5
desteklemek	1.5
destekler	1.5
destekleyen	1.5
destekleyici	1.5
destekli	1.5
destroyer	-1.5
devamlılık	1.5
devamsızlık	-1.5
devirmek	-1.5
devrim	1.5
devrimci	1.5
devrimler	1.5
dezavantaj	-1.5
dezavantajları	-1.5
dezavantajlı	-1.5
dezavantajı	-1.5
değer	1.5
değerlendiren	1.5
değerli	1.5
değersiz	-1.5
değişken	1.5
değişmez	1.5
değiştirilebilir	1.5
die	-1.5
died	-1.5
dikenli	-1.5
dikey	1.5
dikkat	-1.5
dikkatli	-1.5
dikkatsiz	-1.5
dikmek	-1.5
diktatör	-1.5
dilenci	-1.5
din	-1.5
dinamik	1.5
dindar	1.5
dinsiz	-1.5
diplomatik	1.5
direnç	-1.5
dirençli	1.5
disabled	-1.5
diyez	1.5
diz	-1.5
dişli	-1.5
dogmatik	-1.5
dolambaçlı	-1.5
dolandırıcı	-1.5
dolandırıcılık	-1.5
doldurmak	-1.5
doludur	1.5
domuz	-1.5
don	-1.5
dondurma	-1.5
dondurulmuş	-1.5
donma	-1.5
donuk	-1.5
doom	-1.5
doping	-1.5
doruk	1.5
dostane	1.5
dostluk	1.5
dostça	1.5
doyumsuz	-1.5
doyurmak	1.5
doğal	1.5
doğru	1.5
doğrulamak	1.5
doğrulanabilir	1.5
doğruluk	1.5
doğurgan	1.5
drag	-1.5
duman	-1.5
durgun	-1.5
durgunluk	-1.5
durma	-1.5
durumu	-1.5
duruş	1.5
duyarlı	1.5
duyarsız	-1.5
duygulu	1.5
duygusuz	-1.5
duyu	1.5
duyulabilir	1.5
döker	-1.5
dökmek	-1.5
döküntü	-1.5
dönmek	-1.5
dövme	-1.5
dünyasal	-1.5
dünyevi	-1.5
dürüst	1.5
dürüstlük	1.5
düz	1.5
düzeltme	1.5
düzeltmek	1.5
düzenbaz	-1.5
düzenli	1.5
düzensiz	-1.5
düzensizlik	-1.5
düzgün	1.5
düşen	-1.5
düşkün	1.5
düşman	-1.5
düşmanca	-1.5
düşmanlık	-1.5
düşme	-1.5
düşmek	-1.5
düşmüş	-1.5
düştü	-1.5
düşünceli	1.5
düşündürücü	1.5
düşünmeden	-1.5
düşünmek	1.5
düşünülemez	-1.5
düşürme	-1.5
düşüş	-1.5
düşüşler	-1.5
dışkı	-1.5
dışlanan	-1.5
easy	1.5
ebedi	1.5
efendi	1.5
efendim	-1.5
efsane	-1.5
efsanevi	1.5
egzoz	-1.5
ekonomik	1.5
eksantrik	-1.5
eksik	-1.5
eksiklik	-1.5
eksiklikleri	-1.5
eksiksiz	1.5
ekşi	-1.5
elastik	1.5
elbette	1.5
eleştirdi	-1.5
eleştiri	-1.5
eleştiriler	-1.5
eleştirme	-1.5
eleştirmek	-1.5
eleştirmen	-1.5
eleştirmenler	-1.5
eliminasyon	-1.5
elverişli	1.5
elverişsiz	-1.5
emek	1.5
emin	1.5
emmek	-1.5
emniyetli	1.5
empati	1.5
empedans	-1.5
emperyalist	-1.5
emsal	-1.5
en	1.5
endişe	-1.5
endişeleri	-1.5
endişeli	-1.5
enerji	1.5
enerjik	1.5
enfeksiyon	-1.5
enfeksiyonları	-1.5
enfekte	-1.5
enflasyon	-1.5
engel	-1.5
engelleme	-1.5
engellemek	-1.5
engelleyici	-1.5
engelli	-1.5
engerek	-1.5
enkaz	-1.5
enough	1.5
enstrümantal	1.5
enstrümental	1.5
entegre	1.5
enteresan	1.5
entrika	1.5
erdem	1.5
erdemli	1.5
ergin	1.5
erime	-1.5
eritmek	-1.5
erişkin	1.5
erozyon	-1.5
error	-1.5
errors	-1.5
esaret	-1.5
eser	1.5
eserler	1.5
esinti	1.5
esir	-1.5
eski	-1.5
eskimiş	-1.5
esnek	1.5
esneklik	1.5
esneme	-1.5
esprili	1.5
esrar	-1.5
etik	1.5
etki	1.5
etkilemek	1.5
etkileyici	1.5
etkili	1.5
etkisiz	-1.5
etmek	-1.5
evil	-1.5
ezici	-1.5
ezilmiş	-1.5
eziyet	-1.5
ezme	-1.5
ezmek	-1.5
eğik	-1.5
eğilme	1.5
eğitim	1.5
eğlence	1.5
eğlenceli	1.5
eğlendirmek	1.5
eğrilik	-1.5
eş	-1.5
eşcinsel	-1.5
eşitlikçi	1.5
eşitsizlik	-1.5
eşkıya	-1.5
fahişe	-1.5
fail	-1.5
failed	-1.5
fair	1.5
fakir	-1.5
fakirlik	-1.5
falan	-1.5
fall	-1.5
falls	-1.5
false	-1.5
fan	1.5
fanatik	-1.5
fanlar	1.5
fantastik	1.5
fantezi	1.5
farklı	-1.5
fast	1.5
faul	-1.5
favori	1.5
fayda	1.5
faydaları	1.5
faydalı	1.5
fazla	-1.5
fazlalık	-1.5
fazlasıyla	1.5
faşist	-1.5
faşizm	-1.5
feat	1.5
feci	-1.5
felaket	-1.5
felaketler	-1.5
felçli	-1.5
feshedilmiş	-1.5
festival	1.5
fevkalade	1.5
filan	-1.5
firar	-1.5
fiyasko	-1.5
fişekleri	-1.5
flare	-1.5
flört	-1.5
fobi	-1.5
fracture	-1.5
free	1.5
freedom	1.5
fuar	1.5
fuhuş	-1.5
fıkra	-1.5
fırsatçı	-1.5
fırtına	-1.5
fırtınalı	-1.5
gaddar	-1.5
galibiyet	1.5
galip	1.5
gam	-1.5
gangster	-1.5
garanti	1.5
garip	-1.5
gasp	-1.5
gayret	1.5
gayretli	-1.5
gecikme	-1.5
gecikmeler	-1.5
gecikmeli	-1.5
gecikmiş	-1.5
gelişen	1.5
gelişigüzel	-1.5
gelişme	1.5
gelişmeler	1.5
gelişmiş	1.5
geliştirici	1.5
geliştirir	1.5
geliştirme	1.5
geliştirmek	1.5
geniş	1.5
genocide	-1.5
genç	1.5
gereksiz	-1.5
gerekçeli	1.5
gergin	-1.5
gerginlik	-1.5
geri	-1.5
gerici	-1.5
gerileme	-1.5
gerileyen	-1.5
gerilim	-1.5
gerçek	1.5
gerçekçi	1.5
gerçeküstü	1.5
getto	-1.5
gevrek	1.5
geyik	-1.5
geçersiz	-1.5
geçici	-1.5
geçti	1.5
gibi	1.5
girişim	-1.5
girişimci	1.5
gizem	-1.5
gizemli	-1.5
gizlemek	-1.5
gizlenmiş	-1.5
gizler	-1.5
gizli	-1.5
gizlice	-1.5
gizlilik	-1.5
glee	1.5
gold	1.5
golden	1.5
good	1.5
grand	1.5
great	1.5
greatest	1.5
grev	-1.5
grotesk	-1.5
gurur	1.5
gururlu	1.5
göksel	1.5
gökyüzü	1.5
gölgeli	-1.5
gömülmek	-1.5
gönderme	-1.5
gönülden	1.5
gönüllülük	1.5
görev	-1.5
görgü	1.5
görkemli	1.5
görmez	-1.5
görünmez	-1.5
görüntülenebilir	1.5
gösterişli	1.5
gözdağı	-1.5
göze	1.5
gözetim	-1.5
göçmek	-1.5
göçük	-1.5
gülme	1.5
gülümseme	1.5
gülümseyen	1.5
gülünç	-1.5
günah	-1.5
güncel	1.5
güreş	-1.5
gürültü	-1.5
gürültülü	-1.5
güven	1.5
güvence	1.5
güvenen	1.5
güvenilir	1.5
güvenilirlik	1.5
güvenilmez	-1.5
güvenle	1.5
güvenli	1.5
güvensiz	-1.5
güvensizlik	-1.5
güveç	-1.5
güzel	1.5
güzelce	1.5
güzellik	1.5
güç	-1.5
güçlendirilmesi	1.5
güçlendirmek	1.5
güçlü	1.5
güçlük	-1.5
güçsüz	-1.5
gıpta	1.5
haberci	-1.5
habersiz	-1.5
habis	-1.5
hack	-1.5
hadım	-1.5
hafif	-1.5
hain	-1.5
hak	1.5
hakaret	-1.5
hakarete	-1.5
hakim	1.5
haklı	1.5
haksız	-1.5
haksızlık	-1.5
halüsinasyon	-1.5
ham	-1.5
hantal	-1.5
hapis	-1.5
harabe	-1.5
harap	-1.5
hararetle	1.5
harcamak	-1.5
hard	-1.5
hareketli	1.5
hareketsiz	-1.5
harika	1.5
harikulade	1.5
hasar	-1.5
hasarlı	-1.5
hasret	-1.5
hasta	-1.5
hastalık	-1.5
hastalıklı	-1.5
hata	-1.5
hatalar	-1.5
hataları	-1.5
hatalı	-1.5
hayal	-1.5
hayali	-1.5
hayalperest	1.5
hayalî	-1.5
haydut	-1.5
hayran	1.5
hayranlık	1.5
hayret	1.5
hayrete	1.5
hayvan	-1.5
hayır	1.5
hayırlı	1.5
hayırsever	1.5
haz	1.5
hazine	1.5
hazır	1.5
hazırlanıyor	1.5
hazırlıksız	-1.5
haşin	-1.5
hemen	1.5
heves	1.5
hevesle	1.5
hevesli	1.5
heybetli	-1.5
heyecan	1.5
heyecanla	1.5
heyelan	-1.5
hiciv	-1.5
hile	-1.5
hileli	-1.5
histeri	-1.5
hizmetçi	-1.5
hoca	1.5
hollow	-1.5
honor	1.5
hor	-1.5
hot	1.5
hoş	1.5
hoşgeldin	1.5
hoşgeldiniz	1.5
hoşgörü	1.5
hoşgörülü	1.5
hoşnutsuz	-1.5
hoşnutsuzluk	-1.5
hudut	-1.5
hum	-1.5
hurda	-1.5
huysuz	-1.5
huzur	1.5
huzurlu	1.5
huzursuz	-1.5
huzursuzluk	-1.5
hücum	-1.5
hüküm	-1.5
hükümlü	-1.5
hürmet	1.5
hürriyet	1.5
hüzün	-1.5
hüzünlü	-1.5
hırs	1.5
hırslı	1.5
hırsızlık	-1.5
hırçın	-1.5
hızla	1.5
hızlı	1.5
iade	1.5
iblis	-1.5
iddia	-1.5
iddiaları	-1.5
iddialı	-1.5
ideal	1.5
idol	1.5
iflas	-1.5
iftira	-1.5
ihanet	-1.5
ihbar	-1.5
ihlal	-1.5
ihlali	-1.5
ihlaller	-1.5
ihlalleri	-1.5
ihmal	-1.5
ihraç	-1.5
ihtilaf	-1.5
ihtilaflı	-1.5
ihtiyat	1.5
ihtiyatlı	1.5
ikilem	-1.5
ikna	1.5
ikramiye	1.5
ilahi	1.5
ilerici	1.5
ilerleme	1.5
ilerlemek	1.5
ilgi	1.5
ilgili	-1.5
ilginç	1.5
ilgisiz	-1.5
ilgisizlik	-1.5
ilham	1.5
ilk	1.5
ilkel	-1.5
illegal	-1.5
iltifat	1.5
iltihap	-1.5
ima	-1.5
imha	-1.5
imkansız	-1.5
imkânsız	-1.5
important	1.5
imzalamak	1.5
inandırıcı	1.5
inanmaz	-1.5
inanç	1.5
inançla	1.5
inanılır	1.5
inat	-1.5
inatçı	-1.5
ince	1.5
incelik	1.5
incelikle	1.5
indirgemek	-1.5
indirimli	-1.5
inferior	-1.5
inişli	-1.5
inkar	-1.5
inkâr	-1.5
insancıl	1.5
integral	1.5
intihar	-1.5
intikam	-1.5
iri	-1.5
ironi	-1.5
ironik	-1.5
irrasyonel	-1.5
is	-1.5
isabetli	1.5
isim	1.5
iskelet	-1.5
iskeletler	-1.5
ispatlamak	-1.5
israf	-1.5
issue	-1.5
issues	-1.5
istekli	1.5
isteksiz	-1.5
isteksizce	-1.5
istemeyerek	-1.5
istemi	1.5
istemsiz	-1.5
istenmeyen	-1.5
isteyen	1.5
isteyerek	1.5
istifa	-1.5
istihbarat	1.5
istikrar	1.5
istikrarlı	1.5
istikrarsız	-1.5
istismar	-1.5
isyan	-1.5
itaat	-1.5
itaatsizlik	-1.5
itham	-1.5
itibar	1.5
itici	-1.5
itimat	1.5
itiraf	-1.5
itiraz	-1.5
itirazlar	-1.5
itme	-1.5
iyi	1.5
iyice	1.5
iyileşme	1.5
iyileştirme	1.5
iyileştirmek	1.5
iyilik	1.5
iyimser	1.5
iz	1.5
izleri	-1.5
izlerini	-1.5
izolasyon	-1.5
içeriksiz	-1.5
içmek	-1.5
içten	1.5
içtenlikle	1.5
iğne	-1.5
iğneleyici	-1.5
iğrenç	-1.5
iş	1.5
işbirliği	1.5
işkence	-1.5
işlenmiş	1.5
işler	1.5
işsiz	-1.5
işveren	1.5
joker	-1.5
kaba	-1.5
kabaca	-1.5
kabadayılık	-1.5
kabak	-1.5
kabarcık	-1.5
kabiliyet	1.5
kabiliyetli	1.5
kabul	1.5
kabullenmek	-1.5
kader	1.5
kafir	-1.5
kahin	1.5
kahraman	1.5
kahramanca	1.5
kahramanlık	1.5
kalabalık	-1.5
kalitesiz	-1.5
kalmış	-1.5
kalpten	1.5
kalın	-1.5
kalıntı	-1.5
kalıntılar	-1.5
kalıp	-1.5
kalıyor	-1.5
kama	-1.5
kamil	1.5
kamulaştırma	-1.5
kamçı	-1.5
kanal	-1.5
kanama	-1.5
kanamaları	-1.5
kanca	-1.5
kandırmak	-1.5
kanlı	-1.5
kanser	-1.5
kanserli	-1.5
kanunsuz	-1.5
kanıtlama	1.5
kanıtlanmış	1.5
kanıtlıyor	1.5
kaos	-1.5
kapasitede	1.5
kapasiteli	1.5
kapsamlı	1.5
kaptan	1.5
kapıcı	1.5
kara	-1.5
karakterimiz	1.5
karamsar	-1.5
karanlık	-1.5
kararlı	1.5
kararsız	-1.5
kararsızlık	-1.5
kardeşçe	1.5
kargaşa	-1.5
karikatür	-1.5
karikatürize	-1.5
karizmatik	1.5
karmakarışık	-1.5
karmaşık	-1.5
karıştırmak	-1.5
karıştırıcı	-1.5
karıştırılmış	-1.5
karıştırır	-1.5
karışıklık	-1.5
karışıklıklar	-1.5
karşı	-1.5
karşılama	1.5
karşılamak	1.5
karşılar	1.5
karşılaştırmak	-1.5
karşıt	-1.5
karşıtlık	-1.5
kasa	1.5
kasap	-1.5
kasvetli	-1.5
kasıtlı	-1.5
katil	-1.5
katkı	1.5
katlanmak	-1.5
katlanmış	-1.5
katliam	-1.5
katliamlar	-1.5
katlı	-1.5
katılmıyorum	-1.5
kavga	-1.5
kavgacı	-1.5
kavgalar	-1.5
kavramak	1.5
kavurucu	-1.5
kayalık	-1.5
kaybedenler	-1.5
kaybeder	-1.5
kaybetme	-1.5
kaybetmek	-1.5
kaygan	1.5
kaygı	-1.5
kaygıları	-1.5
kaymak	-1.5
kaynama	-1.5
kaynayan	-1.5
kayıp	-1.5
kayıpları	-1.5
kayıtsız	-1.5
kaza	-1.5
kazanan	1.5
kazananlar	1.5
kazandı	1.5
kazanma	1.5
kazanmak	1.5
kazanç	1.5
kazançlı	1.5
kazanır	1.5
kazara	1.5
kazık	-1.5
kaçak	-1.5
kaçamak	-1.5
kaçan	-1.5
kaçar	-1.5
kaçmak	-1.5
kaçınmak	-1.5
kaçınılması	-1.5
kaçınılmaz	-1.5
kaçırma	-1.5
kaçırmak	-1.5
kaşıntı	-1.5
keder	-1.5
kederli	-1.5
kefil	1.5
kendiliğinden	1.5
kesilmek	-1.5
kesim	-1.5
kesinlikle	-1.5
kesinti	-1.5
kesintiler	-1.5
kesintili	-1.5
kesintisiz	1.5
keskin	1.5
kesmek	-1.5
keyfi	-1.5
keyif	1.5
keyifli	1.5
kibar	1.5
kibir	-1.5
kibirli	-1.5
kill	-1.5
killed	-1.5
kilolu	-1.5
kimsesiz	-1.5
kin	-1.5
kir	-1.5
kirlenmiş	-1.5
kirli	-1.5
kirlilik	-1.5
klasik	1.5
klik	-1.5
klişe	-1.5
kobra	-1.5
kokan	-1.5
koku	-1.5
kokulu	1.5
kolay	1.5
kolayca	1.5
kolaylaştırmak	1.5
kolaylaştırır	1.5
kolaylık	1.5
kompakt	1.5
kompleks	-1.5
komplikasyon	-1.5
komplo	-1.5
komplolar	-1.5
konfor	1.5
kontrolsüz	-1.5
konu	-1.5
kooperatif	1.5
koparmak	-1.5
kopma	-1.5
korkak	-1.5
korkan	-1.5
korkmuş	-1.5
korkulu	-1.5
korkunç	-1.5
korkutma	-1.5
korkutmak	-1.5
korkutucu	-1.5
korozyon	-1.5
koruma	1.5
korumak	1.5
koruyucu	1.5
kovmak	-1.5
koyu	-1.5
koz	1.5
koşulsuz	1.5
kriminal	-1.5
kritik	-1.5
kriz	-1.5
kronik	-1.5
kuduz	-1.5
kukla	-1.5
kuklalar	-1.5
kul	-1.5
kullanılabilir	1.5
kullanılmayan	-1.5
kullanılmaz	-1.5
kullanılır	1.5
kullanışlı	1.5
kullanışsız	-1.5
kulluk	-1.5
kum	-1.5
kuraklık	-1.5
kurban	-1.5
kurgu	-1.5
kurnazca	1.5
kurtarma	1.5
kurtarmak	1.5
kurtarıcı	1.5
kurtulan	1.5
kurtuluş	1.5
kurşun	1.5
kusma	-1.5
kusur	-1.5
kusurları	-1.5
kusurlu	-1.5
kusursuz	1.5
kutlama	1.5
kutlamak	1.5
kutsal	1.5
kuvvetle	1.5
kuvvetli	-1.5
kuyu	1.5
kuşatma	-1.5
kuşatmak	-1.5
kuşku	-1.5
kuşkucu	-1.5
kuşkulu	-1.5
kuşkusuz	1.5
kuşkuyla	-1.5
kâfir	-1.5
köhne	-1.5
kökünden	-1.5
köle	-1.5
kölelik	-1.5
köpekbalığı	-1.5
köpüklü	1.5
kör	-1.5
kötü	-1.5
kötücül	-1.5
kötülük	-1.5
kötülüklerin	-1.5
kötümser	-1.5
küfür	-1.5
küfürler	-1.5
küfürlü	-1.5
kül	-1.5
kürek	-1.5
küstah	-1.5
küt	-1.5
kütük	-1.5
kütükleri	-1.5
küçük	-1.5
küçültücü	-1.5
küçümseme	-1.5
küçümseyici	-1.5
kıl	-1.5
kılavuzluk	1.5
kınadı	-1.5
kınama	-1.5
kırağı	-1.5
kırbaç	-1.5
kırma	-1.5
kırmak	-1.5
kırıcı	-1.5
kırık	-1.5
kırılgan	-1.5
kısa	1.5
kısacık	-1.5
kısmet	1.5
kısık	-1.5
kısıtlama	-1.5
kısıtlamak	-1.5
kısıtlayıcı	-1.5
kıtlık	-1.5
kıvrık	-1.5
kıvrımlı	-1.5
kıyamet	-1.5
kıyasıya	-1.5
kızarmış	-1.5
kızdırdı	-1.5
kızgınlık	-1.5
kıç	-1.5
kışkırtmak	-1.5
kışkırtıcı	-1.5
lanet	-1.5
lanetli	-1.5
lanse	-1.5
layık	1.5
lead	1.5
leading	1.5
led	1.5
lehine	1.5
leke	-1.5
lekeler	-1.5
lekeleri	-1.5
lezzet	1.5
lezzetli	1.5
like	1.5
liman	-1.5
limanlar	-1.5
limit	-1.5
limited	-1.5
limon	-1.5
loss	-1.5
lost	-1.5
love	1.5
lüks	1.5
lütfen	1.5
lütuf	1.5
maalesef	-1.5
maceraperest	1.5
magic	1.5
mahkum	-1.5
mahrum	-1.5
makul	1.5
malign	-1.5
manevi	1.5
mani	-1.5
mantıklı	1.5
mantıksal	1.5
mantıksız	-1.5
manyak	-1.5
manzaralı	1.5
marjinal	-1.5
master	1.5
mat	-1.5
maça	-1.5
mağara	-1.5
mağdur	-1.5
mağlubiyet	1.5
melankoli	-1.5
melankolik	-1.5
melek	1.5
melez	-1.5
memnun	1.5
memnuniyet	1.5
memnuniyetle	1.5
meraklısı	1.5
merhamet	1.5
merhametli	1.5
meslek	1.5
mevcut	1.5
meşhur	1.5
mini	-1.5
minnettar	1.5
misafirperver	1.5
misilleme	-1.5
mit	-1.5
mizah	1.5
mizahi	1.5
moda	1.5
modern	1.5
mola	-1.5
monoton	-1.5
motive	1.5
muazzam	1.5
mucize	1.5
mucizeler	1.5
mucizevi	1.5
muhakkak	1.5
muhalefet	-1.5
muhalif	-1.5
muhalifler	-1.5
muhtaç	-1.5
muhteşem	1.5
mukaddes	1.5
muntazam	1.5
musallat	-1.5
mutlak	1.5
mutlu	1.5
mutluluk	1.5
mutsuz	-1.5
muvaffak	1.5
muzaffer	1.5
muğlak	-1.5
mücadele	-1.5
mücadeleci	-1.5
mücevher	1.5
müdahale	-1.5
mühim	1.5
mükellef	1.5
mükemmel	1.5
mükemmellik	1.5
mümkün	1.5
münasip	1.5
münazara	-1.5
müsait	-1.5
müstehcen	-1.5
müstehcenlik	-1.5
mütevazi	1.5
müthiş	1.5
nam	1.5
namuslu	1.5
narin	-1.5
nazik	1.5
nazikçe	1.5
nefis	1.5
nefret	-1.5
negatif	-1.5
nemli	-1.5
nesne	-1.5
nezaket	1.5
neşe	1.5
neşeli	1.5
nice	1.5
nitelemek	1.5
nitelikli	1.5
noise	-1.5
numara	-1.5
obje	-1.5
object	-1.5
obsesif	-1.5
okunabilir	1.5
olan	1.5
olanaksız	-1.5
olanlar	-1.5
olaylı	1.5
olaysız	-1.5
olağan	-1.5
olağandışı	-1.5
olağanüstü	1.5
oldukça	1.5
olgun	1.5
olgunlaşmamış	-1.5
olgunluk	1.5
olmamak	-1.5
olmazsa	-1.5
oluk	-1.5
olumlu	1.5
olumsuz	-1.5
olumsuzluk	-1.5
omurga	1.5
onarılmış	1.5
onay	1.5
onayladı	1.5
onaylamak	1.5
onur	1.5
onurlandırmak	1.5
onurlu	1.5
optimal	1.5
optimum	1.5
ordu	-1.5
organizatör	1.5
orijinal	1.5
oruç	1.5
ot	-1.5
otantik	1.5
otokratik	-1.5
otoriter	-1.5
oymak	-1.5
oynak	1.5
oyuk	-1.5
oyun	-1.5
oyuncu	1.5
pagan	-1.5
pahalı	-1.5
pan	-1.5
panik	-1.5
panoramik	1.5
paradoksal	-1.5
paramparça	-1.5
paranoid	-1.5
paranoya	-1.5
paranoyak	-1.5
parasız	1.5
parazit	-1.5
parlak	1.5
parlaklık	1.5
parodi	-1.5
partizan	-1.5
partizanlar	-1.5
parçalamak	-1.5
parçalandı	-1.5
parçalanma	-1.5
parçalanmış	-1.5
pas	-1.5
pasif	-1.5
paslanmaz	1.5
pastoral	1.5
patlamalar	-1.5
patlamaları	-1.5
patlayıcı	-1.5
pazarlık	1.5
pembe	1.5
penis	-1.5
perde	-1.5
perişan	-1.5
pirinç	-1.5
pis	-1.5
pislik	-1.5
pişman	-1.5
pişmanlık	-1.5
planlanmış	-1.5
plot	-1.5
polarizasyon	-1.5
popular	1.5
popüler	1.5
post	-1.5
pozitif	1.5
prestij	1.5
prestijli	1.5
prison	-1.5
problem	-1.5
problems	-1.5
progressive	1.5
prompt	1.5
propaganda	-1.5
proper	1.5
protection	1.5
protest	-1.5
protesto	-1.5
pul	-1.5
pullu	-1.5
punk	-1.5
pusu	-1.5
putperest	-1.5
püre	-1.5
pürüzlü	-1.5
pürüzsüz	1.5
püskürtmek	-1.5
püskürtüldü	-1.5
pırlanta	1.5
qualified	1.5
radikal	-1.5
radikaller	-1.5
rafine	1.5
rahat	1.5
rahatlatmak	1.5
rahatlatıcı	1.5
rahatsız	-1.5
rahatsızlık	-1.5
rahim	1.5
rahip	1.5
rakip	-1.5
rakipsiz	1.5
rant	-1.5
rastgele	-1.5
rastlantısal	1.5
rasyonel	1.5
ray	-1.5
razı	1.5
recommended	1.5
reddeder	-1.5
reddederek	-1.5
reddetme	-1.5
reddetmek	-1.5
reddetti	-1.5
refah	1.5
reform	1.5
reformlar	1.5
rehberlik	1.5
rehin	-1.5
rehine	-1.5
rekabet	-1.5
rekabetçi	1.5
relief	1.5
renkli	1.5
renksiz	-1.5
restore	1.5
ret	-1.5
revert	-1.5
rezil	-1.5
reçel	-1.5
reşit	1.5
right	1.5
risk	-1.5
riskler	-1.5
riskli	-1.5
rivayet	-1.5
romantik	1.5
rue	-1.5
ruhsal	1.5
rutubetli	-1.5
rüzgâr	1.5
rüşvet	-1.5
saadet	1.5
sabit	1.5
sabotaj	-1.5
sabır	1.5
sabırla	1.5
sabırlı	1.5
sadakat	1.5
sade	-1.5
sadık	1.5
safra	-1.5
sag	-1.5
sahiptir	1.5
sahte	-1.5
sakar	-1.5
sakat	-1.5
sakatlık	-1.5
sakin	1.5
saklı	-1.5
sakınca	-1.5
sakıncaları	-1.5
sakıncalı	-1.5
sakınmak	-1.5
salak	-1.5
saldırgan	-1.5
saldırganlık	-1.5
saldırmak	-1.5
saldırı	-1.5
saldırıları	-1.5
salgın	-1.5
saman	-1.5
samimi	1.5
samimiyet	1.5
sanal	-1.5
sanki	1.5
sansasyonel	1.5
sanık	-1.5
sap	-1.5
saplantı	1.5
sapma	-1.5
sapık	-1.5
sarhoş	-1.5
sarkıntılık	-1.5
sarmak	-1.5
sarp	-1.5
sarstı	-1.5
sarsıcı	-1.5
sarsılmaz	1.5
sarsıntı	-1.5
sarılma	1.5
satirik	-1.5
savaşan	-1.5
savaşçı	-1.5
savundu	1.5
savunma	-1.5
savunmak	1.5
savunmasız	-1.5
saygı	1.5
saygılı	1.5
saygın	1.5
saygısız	-1.5
saygısızlık	-1.5
saymak	1.5
sazan	-1.5
saçma	-1.5
saçmalık	-1.5
sağ	1.5
sağduyu	1.5
sağlam	1.5
sağlamak	1.5
sağlamlık	1.5
sağlıklı	1.5
sağlıksız	-1.5
sağır	-1.5
scream	-1.5
sefahat	-1.5
sefalet	-1.5
sefil	-1.5
seksi	1.5
sel	-1.5
selam	1.5
semptom	-1.5
semptomlar	-1.5
sendrom	-1.5
sepet	-1.5
serbest	1.5
serin	1.5
serseri	-1.5
sertlik	-1.5
servet	1.5
sesler	-1.5
sessiz	1.5
sessizlik	1.5
sevecen	1.5
seven	1.5
sever	-1.5
severek	1.5
sevgi	1.5
sevgili	1.5
sevilen	1.5
sevimli	1.5
sevinç	1.5
sevinçle	1.5
seviyor	1.5
sevmediği	-1.5
sevmek	1.5
sezgisel	1.5
seçkin	1.5
seçkinler	1.5
significant	1.5
sik	-1.5
silmek	-1.5
sin	-1.5
sinir	-1.5
sinirli	-1.5
sinsi	-1.5
sis	-1.5
sitem	-1.5
sivri	1.5
skandal	-1.5
slow	-1.5
smear	-1.5
sofistike	1.5
soft	1.5
sokan	-1.5
sokma	-1.5
sokmak	-1.5
solgun	-1.5
solid	1.5
soluk	-1.5
sonbahar	-1.5
sonuçsuz	-1.5
sorumluluk	-1.5
sorun	-1.5
sorunları	-1.5
sosyal	1.5
soykırım	-1.5
soylu	1.5
soyulmuş	-1.5
soğuk	-1.5
soğukkanlı	1.5
speedy	1.5
split	-1.5
sportif	1.5
squash	-1.5
stabilize	1.5
static	-1.5
statik	-1.5
stigma	-1.5
stilize	1.5
stres	-1.5
stresli	-1.5
strong	1.5
success	1.5
suikastçı	-1.5
suistimal	-1.5
sulh	1.5
super	1.5
superior	1.5
support	1.5
supported	1.5
susuzluk	-1.5
suyolu	-1.5
suç	-1.5
suçlama	-1.5
suçlamalar	-1.5
suçlar	-1.5
suçlayan	-1.5
suçlu	-1.5
suçluluk	-1.5
suçsuz	1.5
syndrome	-1.5
sökülmüş	-1.5
söndürmek	-1.5
sönük	-1.5
söylence	-1.5
söylenti	-1.5
söylentiler	-1.5
söz	1.5
sözleşme	1.5
sülük	-1.5
süper	1.5
sürdürülebilir	1.5
sürekli	1.5
süreklilik	1.5
sürgün	-1.5
sürmek	1.5
sürtünme	-1.5
sürtüşme	-1.5
sürükledi	-1.5
sürükler	-1.5
sürükleyerek	-1.5
sürünen	-1.5
süslemek	1.5
süzme	-1.5
sıcak	1.5
sıcaklık	1.5
sıkıcı	-1.5
sıkılmış	-1.5
sıkıntı	-1.5
sıkıntılı	-1.5
sıkışmış	-1.5
sıkışık	-1.5
sınır	-1.5
sınırlama	-1.5
sınırlamak	-1.5
sınırlamaları	-1.5
sınırlanmış	-1.5
sınırları	-1.5
sınırlayıcı	-1.5
sınırlı	-1.5
sınırsız	1.5
sıradan	-1.5
sırılsıklam	-1.5
sızıntı	-1.5
sığ	-1.5
sığınmak	-1.5
sığır	1.5
taahhüt	1.5
taarruz	-1.5
tabi	-1.5
tabu	-1.5
taciz	-1.5
tahammül	1.5
tahribat	-1.5
tahrik	-1.5
tahrip	-1.5
tahriş	-1.5
takdir	1.5
takdire	1.5
takla	-1.5
taklit	-1.5
takıntılı	-1.5
talent	1.5
talihsizlik	-1.5
tam	1.5
tamamlama	1.5
tamamlamak	1.5
tamamlanmaktadır	1.5
tamamlar	1.5
tamamlayıcı	1.5
tank	-1.5
tankları	-1.5
tanrısal	1.5
tanımlanmamış	-1.5
tarafsız	1.5
tarafsızlık	1.5
tartışma	-1.5
tartışmak	-1.5
tartışmalı	-1.5
tartışmasız	1.5
tartışılabilir	-1.5
tartışılmaz	1.5
tasarruf	1.5
tatili	-1.5
tatlı	1.5
tatsız	-1.5
tava	-1.5
taviz	-1.5
tavsiye	1.5
tavsiyeler	1.5
tavuğu	-1.5
tavır	-1.5
taze	1.5
tazminat	-1.5
taş	1.5
taşkın	1.5
taşması	-1.5
taşı	1.5
taşınabilir	1.5
taşınmaz	-1.5
tebrik	1.5
tebrikler	1.5
tecavüz	-1.5
tedavi	1.5
tedirgin	-1.5
tehdit	-1.5
tehlike	-1.5
tek	-1.5
teklif	1.5
tekrarlayan	-1.5
telaş	-1.5
tembel	-1.5
teminat	1.5
temiz	1.5
temizlemek	1.5
temizlenir	1.5
temizler	1.5
temizleyici	1.5
temizlik	1.5
temyiz	1.5
tenha	-1.5
tenkit	-1.5
tepe	1.5
terbiye	1.5
tercih	1.5
tercihen	1.5
terk	-1.5
terkedilmiş	-1.5
terketmek	-1.5
ters	-1.5
tersinmez	-1.5
tertemiz	1.5
terör	-1.5
terörizm	-1.5
teselli	1.5
tesis	1.5
teslim	-1.5
tezahürat	1.5
tezat	-1.5
teşekkür	1.5
thrash	-1.5
tiran	-1.5
titiz	1.5
titizlikle	1.5
titrek	-1.5
titreme	-1.5
titreşim	-1.5
tohumlu	-1.5
tokat	-1.5
toksik	-1.5
top	1.5
topal	-1.5
toplamak	-1.5
toprak	-1.5
torpil	1.5
tortu	-1.5
totaliter	-1.5
toz	-1.5
tozlu	-1.5
trajedi	-1.5
trajik	-1.5
transparent	1.5
travma	-1.5
travmatik	-1.5
trick	-1.5
trompet	1.5
tufan	-1.5
tuhaf	-1.5
tutam	-1.5
tutarlı	1.5
tutarlılık	1.5
tutarsız	-1.5
tutarsızlık	-1.5
tutku	1.5
tutkulu	1.5
tutkuyla	1.5
tutucu	1.5
tutuklu	-1.5
tutumlu	1.5
tuzak	-1.5
twist	-1.5
tükenme	-1.5
tükenmiş	-1.5
tüketmek	-1.5
tümden	1.5
tümsek	-1.5
tütsü	-1.5
tıkanıklık	-1.5
tıp	1.5
tırmanarak	-1.5
tırmanmak	-1.5
tırmanış	-1.5
ucuz	1.5
ucuza	-1.5
ulaşılabilir	1.5
ulaşılır	1.5
ulu	1.5
umursamaz	-1.5
umutlu	1.5
umutsuz	-1.5
umutsuzca	-1.5
umutsuzluk	-1.5
undefined	-1.5
unknown	-1.5
unutarak	-1.5
unutulmaz	1.5
useful	1.5
usta	1.5
ustaca	1.5
ustaları	1.5
ustalık	1.5
ustalıkla	1.5
utanç	-1.5
uyanık	1.5
uyanıklık	1.5
uyardı	-1.5
uyarmak	1.5
uyarı	-1.5
uyarır	1.5
uydurma	-1.5
uydurmak	-1.5
uygulanabilir	1.5
uygulanamaz	-1.5
uygun	1.5
uygunsuz	-1.5
uysal	1.5
uyum	1.5
uyumlu	1.5
uyumluluk	1.5
uyumsuz	-1.5
uyumsuzluk	-1.5
uyuşmazlık	-1.5
uyuşukluk	-1.5
uzak	-1.5
uzaklaşmış	-1.5
uzlaşma	1.5
uzlaşmaz	-1.5
uzman	1.5
uzun	-1.5
uç	1.5
uçaksavar	-1.5
uçağı	-1.5
uçucu	-1.5
uçurum	-1.5
uğrak	-1.5
uğrar	-1.5
uğratmak	-1.5
uğraşmak	-1.5
uğurlu	1.5
uğursuz	-1.5
vaat	1.5
vade	1.5
vaha	1.5
vahşet	-1.5
vahşi	-1.5
vahşice	-1.5
var	1.5
variety	1.5
varlıklı	1.5
varsıl	1.5
vasat	-1.5
vasıfsız	-1.5
vatansever	1.5
vay	1.5
vazgeçme	-1.5
vazgeçmek	-1.5
veba	-1.5
vefa	1.5
vefalı	1.5
verebilir	1.5
vergi	-1.5
verilen	1.5
verimli	1.5
verimsiz	-1.5
virus	-1.5
virüs	-1.5
vurdu	-1.5
vurgu	-1.5
vurgulamak	-1.5
vurgulayarak	-1.5
vurgulu	-1.5
vurmak	-1.5
vurulmuş	1.5
vuruş	-1.5
warning	-1.5
welcome	1.5
well	1.5
wild	-1.5
win	1.5
won	1.5
work	1.5
works	1.5
wrong	-1.5
yabancı	-1.5
yabancılaşma	-1.5
yakalamak	-1.5
yakalanmış	-1.5
yakmak	-1.5
yakınlık	1.5
yakışıklı	1.5
yalan	-1.5
yalancı	-1.5
yalanladı	-1.5
yalnız	-1.5
yalnızlık	-1.5
yalın	1.5
yalıtılmış	-1.5
yaman	-1.5
yamyam	-1.5
yanan	-1.5
yandı	-1.5
yanlış	-1.5
yanlışlık	-1.5
yanlışlıkla	-1.5
yanlışlıklar	-1.5
yanık	-1.5
yanıklar	-1.5
yanılgı	-1.5
yanılsama	-1.5
yanıltma	-1.5
yanıltıcı	-1.5
yapay	-1.5
yapayalnız	-1.5
yapmacık	-1.5
yapıcı	1.5
yapılabilir	1.5
yapılmamış	-1.5
yapıt	1.5
yapışkan	1.5
yapışma	1.5
yapışık	1.5
yara	-1.5
yaralar	-1.5
yaralı	-1.5
yaramaz	-1.5
yarar	1.5
yararlanmak	1.5
yararlı	1.5
yaratıcı	1.5
yardım	1.5
yardımseverlik	1.5
yasadışı	-1.5
yasak	-1.5
yasal	1.5
yastık	1.5
yatmak	-1.5
yatıştırmak	1.5
yatıştırıcı	1.5
yavaş	-1.5
yavaşladı	-1.5
yavaşlatmak	-1.5
yavaşça	-1.5
yaygın	-1.5
yaymak	-1.5
yayılan	-1.5
yazmak	1.5
yazık	-1.5
yağ	-1.5
yağma	-1.5
yağsız	1.5
yağış	-1.5
yedek	-1.5
yel	1.5
yem	-1.5
yenerek	1.5
yeniden	1.5
yenik	1.5
yenileme	1.5
yenilenmiş	1.5
yenilgi	1.5
yenilik	1.5
yenilikçi	1.5
yenilmez	1.5
yenilmezlik	1.5
yenmek	1.5
yerinde	1.5
yerinden	-1.5
yerine	-1.5
yerleşik	-1.5
yersiz	-1.5
yetenek	1.5
yetenekli	1.5
yeteneksiz	-1.5
yeter	1.5
yeterince	1.5
yeterli	1.5
yetersiz	-1.5
yetersizlik	-1.5
yetim	-1.5
yetişkin	1.5
yetişkinlik	1.5
yetkili	1.5
yetkin	1.5
yiğit	1.5
yiğitlik	1.5
yok	-1.5
yoketmek	-1.5
yokluk	-1.5
yoksul	-1.5
yoksulluk	-1.5
yoksun	-1.5
yoksunluk	-1.5
yol	1.5
yoldan	-1.5
yolsuzluk	-1.5
yorgun	-1.5
yorgunluk	-1.5
yorucu	-1.5
yorulmak	-1.5
yozlaşmış	-1.5
yoğun	-1.5
yumru	-1.5
yumruk	-1.5
yumuşak	1.5
yurtsever	1.5
yönlendirmek	1.5
yüce	1.5
yük	-1.5
yükleme	-1.5
yüklemek	-1.5
yükseltilmiş	1.5
yükseltmek	1.5
yükümlülük	-1.5
yürekten	1.5
yüzeysel	-1.5
yıkmak	-1.5
yıkıcı	-1.5
yıkılma	-1.5
yıkım	-1.5
yıpranmış	-1.5
yırtıcı	-1.5
yırtık	-1.5
zafer	1.5
zahmet	-1.5
zahmetli	-1.5
zalim	-1.5
zalimce	-1.5
zaman	-1.5
zamansız	-1.5
zanlı	-1.5
zar	-1.5
zarar	-1.5
zararları	-1.5
zararlı	-1.5
zararsız	1.5
zarif	1.5
zavallı	-1.5
zayıf	-1.5
zayıflama	-1.5
zayıflamış	-1.5
zayıflatmak	-1.5
zayıflık	-1.5
zehir	-1.5
zehirli	-1.5
zeki	1.5
zekâ	1.5
zengin	1.5
zenginleştirme	1.5
zenginleştirmek	1.5
zenginlik	1.5
zevk	1.5
zevkli	1.5
zindan	-1.5
ziyan	-1.5
zombi	-1.5
zor	-1.5
zorba	-1.5
zorbalık	-1.5
zorlama	-1.5
zorlamak	-1.5
zorlayıcı	-1.5
zorluk	-1.5
zorluklar	-1.5
zorluklara	-1.5
zulüm	-1.5
zulümler	-1.5
çaba	-1.5
çabası	1.5
çabuk	1.5
çakmak	1.5
çakıl	-1.5
çaldı	-1.5
çalkantılı	-1.5
çalma	-1.5
çalmak	-1.5
çalınmış	-1.5
çalıntı	-1.5
çalışkan	1.5
çalışma	1.5
çalışmak	1.5
çalışmaları	1.5
çalışmıyor	-1.5
çalıştırmak	1.5
çamurlu	-1.5
çapraz	-1.5
çare	1.5
çaresiz	-1.5
çaresizce	-1.5
çaresizlik	-1.5
çarpma	-1.5
çarpıcı	1.5
çarpık	-1.5
çatlak	-1.5
çatlaklar	-1.5
çatışma	-1.5
çatışmalar	-1.5
çatıştı	-1.5
çağdaş	1.5
çekici	1.5
çekiş	1.5
çekişme	-1.5
çekişmeli	-1.5
çekmek	-1.5
çelişki	-1.5
çelişkili	-1.5
çetin	-1.5
çevik	1.5
çeviklik	1.5
çevirmek	-1.5
çeşitlilik	1.5
çile	-1.5
çileden	-1.5
çirkin	-1.5
çit	-1.5
çivi	-1.5
çizmek	-1.5
çiçek	1.5
çiçeklenme	1.5
çocukça	-1.5
çorak	-1.5
çukur	-1.5
çuval	-1.5
çökelek	-1.5
çökelti	-1.5
çökme	-1.5
çökmesini	-1.5
çökmüş	-1.5
çöktü	-1.5
çöküş	-1.5
çöl	-1.5
çöp	-1.5
çöplük	-1.5
çözelti	-1.5
çözmek	-1.5
çözüm	1.5
çözünme	-1.5
çürük	-1.5
çürüme	-1.5
çürümüş	-1.5
çıkarmak	-1.5
çıkarılabilir	1.5
çıkmaz	-1.5
çıkık	-1.5
çıkıntı	1.5
çılgın	-1.5
çılgınca	-1.5
çılgınlık	-1.5
çığ	-1.5
çığlık	-1.5
ödeme	1.5
ödemek	-1.5
ödül	1.5
ödüllendirmek	1.5
öfke	-1.5
öfkeyle	-1.5
öldürdü	-1.5
öldürme	-1.5
öldürmek	-1.5
öldürücü	-1.5
öldürür	-1.5
ölen	-1.5
ölesiye	-1.5
ölme	-1.5
ölmek	-1.5
ölmüş	-1.5
ölçülü	-1.5
ölü	-1.5
ölüm	-1.5
ölümcül	-1.5
önem	1.5
önemli	1.5
önemsiz	-1.5
önerilir	1.5
önermek	1.5
öngörü	1.5
önlemek	-1.5
önyargı	-1.5
önyargılı	-1.5
önüne	1.5
örnek	1.5
övgü	1.5
övmek	1.5
özellikle	1.5
özendirmek	1.5
özenle	1.5
özenli	1.5
özerk	1.5
özgür	1.5
özgürlük	1.5
özgürlükler	1.5
özverili	1.5
özürlü	-1.5
öğrenmek	1.5
öğretici	1.5
öğüt	-1.5
ücretsiz	1.5
ültimatom	-1.5
ümitsiz	-1.5
ün	1.5
ünlü	1.5
üretken	1.5
üretmek	-1.5
ürkek	-1.5
ürkütücü	-1.5
ürpertici	-1.5
üst	1.5
üstad	1.5
üstleri	1.5
üstün	1.5
üstünlük	1.5
üzgün	-1.5
üzgünüm	-1.5
üzücü	-1.5
üzüntü	-1.5
üçlü	-1.5
İblis	-1.5
ılık	-1.5
ırkçı	-1.5
ırkçılık	-1.5
ıssız	-1.5
ısınma	1.5
ısınmak	1.5
ısırgan	-1.5
ısıtmak	1.5
ısıtıcı	1.5
ızdırap	-1.5
ızgara	-1.5
Şeytan	-1.5
şafak	1.5
şahane	1.5
şaheser	1.5
şahsiyet	1.5
şaka	-1.5
şal	-1.5
şampiyon	1.5
şan	1.5
şanlı	1.5
şans	1.5
şanslı	1.5
şanssız	-1.5
şanssızlık	-1.5
şantaj	-1.5
şartsız	1.5
şatafatlı	-1.5
şaşkın	-1.5
şaşkınlık	1.5
şaşırtma	-1.5
şeffaf	1.5
şefkatli	1.5
şeftali	1.5
şehitlik	-1.5
şeker	1.5
şekerleme	1.5
şekerli	1.5
şeref	1.5
şerefli	1.5
şevk	1.5
şevkle	-1.5
şey	1.5
şeytan	-1.5
şeytani	-1.5
şeytanî	-1.5
şiddet	-1.5
şifreleme	-1.5
şifreli	-1.5
şiirsel	1.5
şikayet	-1.5
şikayetleri	-1.5
şikayetlerin	-1.5
şikâyet	-1.5
şiş	-1.5
şişlik	-1.5
şişman	-1.5
şişme	-1.5
şişmiş	-1.5
şok	-1.5
şöhret	1.5
şövalyelik	1.5
şükran	1.5
şükür	1.5
şüphe	-1.5
şüpheci	-1.5
şüpheleri	-1.5
şüpheli	-1.5
şüphesiz	1.5
şık	1.5
şımarık	-1.5
