Falls	-1.5
autonomous	1.5
available	1.5
award	1.5
ax	-1.5
bash	-1.5
best	1.5
better	1.5
break	-1.5
bright	1.5
bug	-1.5
clear	1.5
collapse	-1.5
complex	-1.5
crash	-1.5
dead	-1.5
death	-1.5
die	-1.5
din	-1.5
error	-1.5
errors	-1.5
fair	1.5
faith	1.5
false	-1.5
feat	1.5
free	1.5
gold	1.5
good	1.5
grand	1.5
great	1.5
hard	-1.5
important	1.5
like	1.5
love	1.5
master	1.5
modern	1.5
object	-1.5
problem	-1.5
problems	-1.5
punk	-1.5
right	1.5
rue	-1.5
saint	1.5
secure	1.5
sin	-1.5
solid	1.5
static	-1.5
super	1.5
support	1.5
survival	1.5
top	1.5
transparent	1.5
wedge	-1.5
well	1.5
work	1.5
works	1.5
Апокаліпсис	-1.5
Березень	-1.5
Дік	-1.5
Зачарована	1.5
Переможці	1.5
Примітно	1.5
абразивний	-1.5
абсолютний	-1.5
абсолютно	1.5
аварій	-1.5
аварійний	-1.5
аварія	-1.5
автономний	1.5
авторитарний	-1.5
авторитетний	1.5
агресивний	-1.5
агресивність	-1.5
агресія	-1.5
ад	-1.5
адаптації	1.5
адаптивний	1.5
адвокат	1.5
адекватний	1.5
активні	1.5
акула	-1.5
акуратно	1.5
алергія	-1.5
алергії	-1.5
аналітичний	-1.5
анархізм	-1.5
анархіст	-1.5
анархія	-1.5
ангел	1.5
аномалія	-1.5
антагонізм	-1.5
антагоніст	-1.5
анулювати	-1.5
апатія	-1.5
апокаліпсис	-1.5
ароматний	1.5
архаїчний	-1.5
атакувати	-1.5
атрофія	-1.5
багате	1.5
багатий	1.5
багато	1.5
багатозначний	1.5
багатство	1.5
багатшими	1.5
багаті	1.5
бажаний	1.5
бажати	1.5
бажаючий	1.5
байдужість	-1.5
бак	-1.5
бандит	-1.5
банкрутство	-1.5
батоги	-1.5
батіг	-1.5
безглуздий	-1.5
безглуздо	-1.5
бездоганний	1.5
бездоганно	1.5
бездіяльність	-1.5
безжально	-1.5
беззаконня	-1.5
безкоштовний	1.5
безкоштовно	1.5
безлад	-1.5
безладдя	-1.5
безладно	-1.5
безлюдний	-1.5
безмежний	1.5
безнадійно	-1.5
безодня	-1.5
безперервний	-1.5
безперервність	1.5
безперечний	1.5
безпечний	1.5
безпечно	1.5
безпорадність	-1.5
безпрецедентний	1.5
безробітний	-1.5
безробітні	-1.5
безсилий	-1.5
безстрашний	1.5
безсумнівний	1.5
безсумнівно	1.5
безумовний	1.5
безуспішно	-1.5
безцінний	1.5
битва	-1.5
битися	-1.5
благання	-1.5
благати	-1.5
благоговіння	1.5
благодать	1.5
благодійний	1.5
благодійник	1.5
благополуччя	1.5
благородний	1.5
благословення	1.5
благочестя	1.5
блаженний	1.5
блаженство	1.5
близькість	1.5
блиск	1.5
блискуче	1.5
блискучий	1.5
блокування	-1.5
блювота	-1.5
блідий	-1.5
богослов	1.5
божевілля	-1.5
божевільний	-1.5
божественний	1.5
бойкот	-1.5
бойкотувати	-1.5
бойової	-1.5
болото	-1.5
болю	-1.5
болюче	-1.5
боляче	-1.5
болісно	-1.5
бомба	-1.5
бомбардування	-1.5
бомбардувати	-1.5
бонус	1.5
бонуси	1.5
борг	-1.5
борги	-1.5
бореться	-1.5
боротися	-1.5
боязкий	-1.5
боятися	-1.5
брак	-1.5
братський	1.5
брехня	-1.5
брехун	-1.5
бруд	-1.5
брудний	-1.5
бум	1.5
бур'ян	-1.5
бурхливий	-1.5
буря	-1.5
буріння	-1.5
буфер	1.5
бюст	-1.5
бігти	-1.5
біда	-1.5
бідний	-1.5
бідняк	-1.5
бідняки	-1.5
бідні	-1.5
бідність	-1.5
біжить	-1.5
бій	-1.5
бійка	-1.5
біль	-1.5
біс	-1.5
бічний	-1.5
в'язень	-1.5
в'язниця	-1.5
вада	-1.5
важкий	-1.5
важко	-1.5
важливий	1.5
важіль	1.5
валовий	-1.5
варвар	-1.5
варення	-1.5
варити	-1.5
вартий	1.5
варто	1.5
вартість	1.5
вбивати	-1.5
вбиває	-1.5
вбивство	-1.5
вбивця	-1.5
вбити	-1.5
вбитий	-1.5
введення	-1.5
ввічливість	1.5
вгадати	1.5
вдалося	1.5
вдарити	-1.5
вдачу	-1.5
вдається	-1.5
вдосконалення	1.5
вдячний	1.5
вдячність	1.5
велетенський	-1.5
великий	1.5
велич	1.5
величний	1.5
величність	1.5
вентилятор	1.5
вентилятори	1.5
верхній	1.5
верховний	1.5
верховодка	-1.5
вершина	1.5
вершини	1.5
веселий	1.5
веселощі	1.5
вести	1.5
взаєморозуміння	1.5
вибачте	-1.5
вибух	-1.5
вибухнути	-1.5
вибуховий	-1.5
вибуховою	-1.5
вивержень	-1.5
виводок	-1.5
вигаданий	-1.5
вигадувати	-1.5
виганяти	-1.5
вигин	-1.5
вигнанець	-1.5
вигнання	-1.5
вигнати	-1.5
вигнутий	-1.5
виготовлення	-1.5
виготовляти	-1.5
виграний	1.5
виграти	1.5
виграш	1.5
вигідний	1.5
видавати	-1.5
видатний	1.5
видима	1.5
видимий	1.5
виживання	1.5
визволений	1.5
визволення	1.5
визволити	1.5
визволяти	1.5
визнання	-1.5
викидати	-1.5
викинути	-1.5
виклик	-1.5
виключення	-1.5
виключно	1.5
виконання	1.5
виконано	1.5
виконати	1.5
виконувати	1.5
використовувати	-1.5
викрадений	-1.5
викрадення	-1.5
викривлення	-1.5
викуп	1.5
викупу	1.5
вилікувати	1.5
вимагання	-1.5
вимагати	-1.5
вимерлий	-1.5
вимушений	-1.5
вина	-1.5
винахідливий	1.5
винахідливість	1.5
винищування	-1.5
винищувати	-1.5
винний	-1.5
винятковий	1.5
виняток	-1.5
випадково	-1.5
випадковість	-1.5
виправданий	1.5
виправдання	-1.5
виправити	1.5
виправлення	1.5
виправляти	1.5
випуск	-1.5
випускати	-1.5
вирвати	-1.5
вироблений	-1.5
виробництво	-1.5
виродження	-1.5
вирубувати	-1.5
вирішальний	1.5
висвітлювати	1.5
висип	-1.5
висить	-1.5
висміювання	-1.5
висміює	-1.5
виснажений	-1.5
виснаження	-1.5
височина	1.5
вистачати	1.5
вистачити	1.5
виступав	1.5
висушений	-1.5
висушування	-1.5
висів	-1.5
висіти	-1.5
витоку	-1.5
витончений	1.5
витончено	1.5
витонченість	1.5
витрачати	-1.5
витік	-1.5
витісняти	-1.5
вихваляння	1.5
виховання	1.5
виховувати	1.5
вихід	-1.5
вичерпаний	-1.5
вишуканий	1.5
вишукано	1.5
вишуканість	1.5
вища	1.5
вищий	1.5
вияв	-1.5
вкрай	-1.5
вкрасти	-1.5
вмирає	-1.5
вміло	1.5
внесок	1.5
водити	1.5
водоймище	-1.5
водоспад	-1.5
водосховище	-1.5
войовничий	-1.5
вологий	-1.5
волосся	-1.5
вона	1.5
ворог	-1.5
вороги	-1.5
ворожий	-1.5
ворожнеча	-1.5
ворожість	-1.5
воює	-1.5
впав	-1.5
впадати	-1.5
впали	-1.5
впевнений	1.5
впевненість	1.5
впертий	-1.5
впливовий	1.5
вражаюче	1.5
вражаючий	1.5
вражає	1.5
враження	1.5
вразило	1.5
всмоктування	-1.5
втекли	-1.5
втечу	-1.5
втома	-1.5
вторгнення	-1.5
вторгнутися	-1.5
втрата	-1.5
втрати	-1.5
втрачати	-1.5
втрачає	-1.5
втрачений	-1.5
втручання	-1.5
втручатися	-1.5
втягнутим	-1.5
втілювати	1.5
вузький	-1.5
вщент	-1.5
вібрація	-1.5
відбивати	-1.5
відбита	-1.5
відбитий	1.5
відвага	1.5
відважний	1.5
відважно	1.5
відверто	1.5
відвертість	1.5
відводити	-1.5
відволікання	-1.5
відволікати	-1.5
віддалення	-1.5
відданий	1.5
віддача	-1.5
відкидати	-1.5
відкидаючи	-1.5
відкидає	-1.5
відкинутий	-1.5
відкладати	1.5
відкликання	-1.5
відкликати	-1.5
відкрито	1.5
відкриття	1.5
відкритість	1.5
відмова	-1.5
відмовити	-1.5
відмовлено	-1.5
відмовляти	-1.5
відмовлятися	-1.5
відмовляється	-1.5
відмінити	-1.5
відмінний	1.5
відмінно	1.5
відмінність	1.5
відновлений	1.5
відновлення	1.5
відновлено	1.5
відновлювати	1.5
відокремлений	-1.5
відомий	1.5
відомість	1.5
відповідально	1.5
відповідальність	-1.5
відповідний	1.5
відповідь	-1.5
відпрацьований	-1.5
відраза	-1.5
відродження	1.5
відроджувати	1.5
відроджується	1.5
відставали	-1.5
відставання	-1.5
відставати	-1.5
відставка	-1.5
відсталість	-1.5
відстає	-1.5
відстоювати	1.5
відступ	-1.5
відступати	-1.5
відступили	-1.5
відсутній	-1.5
відсутність	-1.5
відсіч	-1.5
відторгнення	-1.5
відхилення	-1.5
відхилені	-1.5
відхиляти	-1.5
відхилятися	-1.5
відходи	-1.5
відчай	-1.5
відчайдушний	-1.5
відчуження	-1.5
відчуженість	-1.5
відчуття	1.5
відчуттів	1.5
відшкодування	1.5
вікно	-1.5
віл	1.5
вільний	1.5
віра	1.5
вірний	1.5
вірно	1.5
вірність	1.5
вірус	-1.5
віруючий	1.5
вітати	1.5
вітер	1.5
вітерець	1.5
вічний	1.5
гаваней	-1.5
гавань	-1.5
гадюка	-1.5
гак	-1.5
гал	-1.5
галас	1.5
галли	-1.5
гальмувати	-1.5
ганебний	-1.5
ганебно	-1.5
ганьба	-1.5
гарантувати	1.5
гарантія	1.5
гарантії	1.5
гарбуз	-1.5
гармонійний	1.5
гармонійно	1.5
гармонія	1.5
гарний	1.5
гарно	1.5
гаряче	1.5
гарячий	1.5
гарячі	1.5
гасити	-1.5
гегемонія	-1.5
геноцид	-1.5
геніальний	1.5
геній	1.5
герой	1.5
героїня	1.5
героїчний	1.5
героїчно	1.5
гетто	-1.5
геть	-1.5
гладкий	1.5
гладким	1.5
гладко	1.5
глибина	1.5
глибокий	1.5
глибоко	1.5
глузування	-1.5
глухий	-1.5
гниль	-1.5
гнобителів	-1.5
гноблення	-1.5
гнучкий	1.5
гнучкість	1.5
гнів	-1.5
годувати	1.5
головний	1.5
голод	-1.5
голодування	-1.5
голосний	-1.5
голосно	-1.5
голосніше	-1.5
гомосексуаліст	-1.5
гордий	1.5
гордість	1.5
горе	-1.5
горі	-1.5
горіння	-1.5
горіти	-1.5
гостинний	1.5
гострий	1.5
гостро	1.5
гостріше	1.5
готова	1.5
готовий	1.5
готовність	1.5
готувати	1.5
грабувати	-1.5
грабіж	-1.5
град	1.5
грандіозний	1.5
грати	-1.5
гротеск	-1.5
грубий	-1.5
грубо	-1.5
гріх	-1.5
губить	-1.5
гул	-1.5
гуляти	-1.5
гумор	1.5
гумористичний	1.5
гуркіт	-1.5
гучний	-1.5
гучно	-1.5
гідний	1.5
гідність	1.5
гіркий	-1.5
гірко	-1.5
гіркоту	-1.5
гірше	-1.5
гірший	-1.5
данину	1.5
дар	1.5
даремно	-1.5
деградація	-1.5
дезертирство	-1.5
делікатес	1.5
демон	-1.5
демонстративно	-1.5
депресій	-1.5
депресія	-1.5
детально	1.5
дефект	-1.5
дефекти	-1.5
деформація	-1.5
деформований	-1.5
дефіле	-1.5
дефіцит	-1.5
дешевий	1.5
дешево	-1.5
дешевший	1.5
джем	-1.5
дзвін	-1.5
дивина	-1.5
диво	1.5
дивовижний	1.5
дивовижно	1.5
дивуватися	1.5
дивується	-1.5
дикий	-1.5
дико	-1.5
диктатор	-1.5
диктаторський	-1.5
дилема	-1.5
дим	-1.5
динаміка	1.5
динамічний	1.5
дипломатичний	1.5
дисбаланс	-1.5
дисидент	-1.5
дисидентів	-1.5
дискомфорт	-1.5
дискредитувати	-1.5
дискримінація	-1.5
дитячий	-1.5
диявол	-1.5
доблесть	1.5
добратися	1.5
добре	1.5
добрий	1.5
добро	1.5
доброзичливий	1.5
доброзичливо	1.5
доброзичливість	1.5
доброта	1.5
доброчесність	1.5
довгий	-1.5
доведений	1.5
доведення	1.5
довершений	1.5
довести	1.5
доводить	1.5
довільний	-1.5
довіра	1.5
довіру	1.5
довіряти	1.5
догану	-1.5
доглядати	1.5
договір	1.5
додатковий	1.5
докладний	1.5
докір	-1.5
доля	1.5
домагання	-1.5
домагатися	1.5
домовленість	1.5
домінувати	1.5
домінують	1.5
домінує	1.5
домішка	-1.5
доноси	-1.5
доповнення	1.5
доповнювати	1.5
доповнюватися	1.5
доповнює	1.5
допомога	1.5
допомогли	1.5
допомогти	1.5
допустимий	1.5
допінг	-1.5
дорого	-1.5
дорогоцінний	1.5
досвідчений	1.5
досить	1.5
досконалий	1.5
досконалість	1.5
достатньо	1.5
достатній	1.5
достаток	1.5
достовірний	1.5
достоїнство	1.5
доступний	1.5
досягнення	1.5
дотепний	1.5
доходи	1.5
драгунів	-1.5
дратувала	-1.5
дратувати	-1.5
дратує	-1.5
дроблення	-1.5
дросель	-1.5
дружньо	1.5
дружній	1.5
дрібно	1.5
дупло	-1.5
дурень	-1.5
дурний	-1.5
дурість	-1.5
духовний	1.5
душевний	1.5
душити	-1.5
дякувати	1.5
діамант	1.5
діаметрально	-1.5
ділянка	-1.5
дірка	-1.5
діяльний	-1.5
егоїзм	-1.5
ейфорії	1.5
економічний	1.5
економія	1.5
експерт	1.5
експлуатація	-1.5
експлуатувати	-1.5
ексцентриситет	-1.5
ексцентричний	-1.5
еластичною	1.5
елегантність	1.5
еліта	1.5
емоційний	1.5
енергійний	1.5
ентузіазм	1.5
ентузіазмом	1.5
ентузіаст	1.5
епідемія	-1.5
ерозія	-1.5
ескізний	-1.5
есмінець	-1.5
естрадний	1.5
етичний	1.5
ефективний	1.5
ефективно	1.5
ефективність	1.5
ефектно	1.5
жага	-1.5
жадібно	1.5
жадібність	-1.5
жалкував	-1.5
жало	-1.5
жаль	-1.5
жалю	-1.5
жалюгідний	-1.5
жар	-1.5
жаркий	1.5
жарт	-1.5
жах	-1.5
жахливий	-1.5
жахливо	-1.5
жвавий	1.5
жваво	1.5
жебрак	-1.5
жертвувати	-1.5
живий	1.5
жир	-1.5
жирний	-1.5
жировий	-1.5
життєрадісний	1.5
жовч	-1.5
жолоб	-1.5
жорстким	1.5
жорсткі	1.5
жорсткість	-1.5
жорстокий	-1.5
жорстоко	-1.5
жорстокість	-1.5
з'являтися	1.5
забава	1.5
забезпечення	1.5
забивати	-1.5
забирається	1.5
заблоковано	-1.5
забобони	-1.5
заболочений	-1.5
заборонений	-1.5
забороняти	-1.5
забруднене	-1.5
забруднений	-1.5
забруднення	-1.5
забуває	-1.5
забутий	-1.5
заважати	-1.5
заважає	-1.5
завал	-1.5
завдавати	-1.5
завершувати	1.5
завзятий	-1.5
завзято	-1.5
завзятість	1.5
завод	1.5
заворушення	-1.5
загибель	-1.5
загрожувати	-1.5
загроза	-1.5
загрози	-1.5
загрозливий	-1.5
задній	-1.5
задоволений	1.5
задоволення	1.5
задовольняти	1.5
задовольняють	1.5
задовольняє	1.5
задовільний	1.5
задовільно	1.5
задушити	-1.5
зазіхання	-1.5
зайвий	-1.5
зайвим	-1.5
займати	-1.5
законний	1.5
законно	1.5
закінчений	1.5
залежними	-1.5
заливати	-1.5
залицятися	1.5
залишки	-1.5
залишок	-1.5
залучати	-1.5
залучення	1.5
залякування	-1.5
залізняк	1.5
заманив	1.5
замерзає	-1.5
заморожений	-1.5
заморожені	-1.5
заморожування	-1.5
замість	-1.5
замішання	-1.5
занедбаний	-1.5
занепад	-1.5
занепокоєний	-1.5
занепокоєння	-1.5
занурений	-1.5
занурення	-1.5
занурюватися	-1.5
заохочення	1.5
заохочувати	1.5
заощадження	1.5
запал	1.5
запалення	-1.5
запальний	-1.5
запах	-1.5
запевнення	1.5
запеклий	-1.5
заперечення	-1.5
заперечувати	-1.5
заперечує	-1.5
заплутаний	-1.5
запустіння	-1.5
заражений	-1.5
заражених	-1.5
зараження	-1.5
зараз	1.5
заробляти	1.5
зарозумілість	-1.5
заручитися	1.5
засипати	-1.5
заслання	-1.5
заслуга	1.5
заслуговують	1.5
заслужений	1.5
засмучений	-1.5
засмучує	-1.5
засмічення	-1.5
заспокоєння	1.5
заспокійливий	1.5
застава	-1.5
заставки	1.5
застарілий	-1.5
заступник	-1.5
заступництво	1.5
застій	-1.5
засуджений	-1.5
засуджувати	-1.5
засуджує	-1.5
засудити	-1.5
засуха	-1.5
засіб	1.5
затвердження	1.5
затверджувати	1.5
затвердити	1.5
затишний	1.5
затишно	1.5
затишшя	-1.5
затопити	-1.5
затриманий	-1.5
затримання	-1.5
затримати	-1.5
затримка	-1.5
затримки	-1.5
затримується	-1.5
затухання	-1.5
затяжний	-1.5
затятий	1.5
зауваження	-1.5
захват	1.5
захисний	1.5
захисник	1.5
захист	1.5
захищати	1.5
заходити	-1.5
захоплений	1.5
захоплення	1.5
захоплювати	1.5
захоплюючий	1.5
заціпеніння	-1.5
зачарований	1.5
зачарування	1.5
збагачення	1.5
збагачувати	1.5
збалансований	1.5
збирати	-1.5
збитки	-1.5
збитку	-1.5
збиток	-1.5
збуджений	1.5
збудження	1.5
збуджує	1.5
збудник	-1.5
збільшення	1.5
зв'язаний	1.5
зв'язний	1.5
звалища	-1.5
звалищі	-1.5
звинуватити	-1.5
звинувачення	-1.5
звинувачувати	-1.5
звинувачує	-1.5
звичайний	-1.5
звуковий	1.5
звільнений	1.5
звільнити	1.5
звільняти	1.5
звірства	-1.5
згасання	-1.5
згвалтування	-1.5
згубний	-1.5
згубно	-1.5
здаватися	-1.5
здатний	1.5
здача	-1.5
здивовані	1.5
здивування	1.5
здобич	-1.5
здоровий	1.5
земний	-1.5
зеніт	1.5
зернистий	-1.5
зламався	-1.5
зламаний	-1.5
зламати	-1.5
злив	-1.5
злий	-1.5
зло	-1.5
зловживання	-1.5
зловживати	-1.5
злочин	-1.5
злочинець	-1.5
злочинність	-1.5
злочинів	-1.5
злість	-1.5
зменшення	-1.5
зменшувати	-1.5
зменшуватися	-1.5
змова	-1.5
змови	-1.5
змову	-1.5
зморшки	-1.5
зміцнювати	1.5
змішаний	-1.5
змішання	-1.5
змішані	-1.5
змішувати	-1.5
зміщення	-1.5
знаменитий	1.5
значення	-1.5
значний	1.5
значущого	1.5
зневага	-1.5
зневажливе	-1.5
зневажливо	-1.5
знедолених	-1.5
зниження	-1.5
знижувати	-1.5
знижуватися	-1.5
знищення	-1.5
знищені	-1.5
знищити	-1.5
знищувати	-1.5
знищує	-1.5
знущання	-1.5
знущатися	-1.5
знущається	-1.5
зобов'язання	1.5
зображення	-1.5
зовсім	-1.5
зол	-1.5
золотий	1.5
золото	1.5
зомбі	-1.5
зоряний	1.5
зправа	1.5
зрада	-1.5
зраджувати	-1.5
зраджує	-1.5
зрадник	-1.5
зраді	-1.5
зразковий	1.5
зразок	1.5
зречення	-1.5
зрозумілий	1.5
зростаючий	1.5
зруйнований	-1.5
зруйнувати	-1.5
зручний	1.5
зручним	1.5
зручно	1.5
зручності	1.5
зручність	1.5
зрілий	1.5
зрілість	1.5
зсув	-1.5
зубчастий	-1.5
зупинка	-1.5
зусилля	-1.5
зухвалий	-1.5
зухвало	-1.5
зцілити	1.5
зігнутий	-1.5
зіпсований	-1.5
зіпсував	-1.5
зіпсувати	-1.5
зіткнення	-1.5
зґвалтування	-1.5
кавалер	1.5
камбала	-1.5
каналізацію	-1.5
капітулювати	-1.5
каральний	-1.5
карати	-1.5
карикатура	-1.5
карлик	-1.5
карликовий	-1.5
карний	-1.5
катастроф	-1.5
катастрофа	-1.5
катастрофічний	-1.5
катування	-1.5
кваліфікований	1.5
кваліфікувати	1.5
квітучий	1.5
керований	1.5
керівництво	1.5
киплячий	-1.5
кипіння	-1.5
кислий	-1.5
клад	-1.5
класика	1.5
класичний	1.5
класний	1.5
клин	-1.5
клопоти	-1.5
кліше	-1.5
кмітливість	1.5
коливання	-1.5
коливатися	-1.5
колишній	-1.5
колодязь	1.5
колоти	-1.5
колія	-1.5
компактний	1.5
компактно	1.5
комплекс	-1.5
комплексний	1.5
комфорт	1.5
конкурувати	-1.5
консервативний	-1.5
консерватор	-1.5
конструктивний	1.5
конфесій	-1.5
конфлікт	-1.5
конфлікти	-1.5
конфронтація	-1.5
конфіскований	-1.5
концерн	-1.5
конюшня	1.5
кооператив	1.5
кооперативний	1.5
копати	-1.5
корзини	-1.5
корисний	1.5
користується	1.5
користь	1.5
корма	-1.5
корми	-1.5
корозія	-1.5
короп	-1.5
короткий	1.5
корумпованих	-1.5
корупція	-1.5
косий	-1.5
косою	-1.5
кохана	1.5
коханець	1.5
коханий	1.5
коханка	-1.5
кохання	1.5
кохати	1.5
кошмар	-1.5
крадіжка	-1.5
крайовий	-1.5
краса	1.5
красивий	1.5
красиво	1.5
красномовно	1.5
красномовство	1.5
красти	-1.5
красуня	1.5
крах	-1.5
краще	1.5
кращий	1.5
кращі	1.5
кривавий	-1.5
кривий	-1.5
кривої	-1.5
криза	-1.5
крик	-1.5
кримінальний	-1.5
критик	-1.5
критика	-1.5
критики	-1.5
критикувати	-1.5
критикує	-1.5
критиці	-1.5
критичний	-1.5
крихкий	-1.5
кровопролиття	-1.5
кровотеча	-1.5
кропива	-1.5
кропиви	-1.5
круто	-1.5
кулак	-1.5
куля	-1.5
курити	-1.5
кусає	-1.5
кіл	-1.5
кіосків	-1.5
кістка	-1.5
лад	-1.5
ладан	-1.5
ладів	-1.5
лайку	-1.5
лаконічний	-1.5
ламати	-1.5
легенда	-1.5
легендарний	1.5
легкий	1.5
легко	1.5
легше	1.5
ледь	-1.5
лежати	-1.5
лежить	-1.5
лезо	-1.5
летючий	-1.5
лимон	-1.5
лихий	1.5
лихо	-1.5
лиходій	-1.5
лихоманка	-1.5
лихоманки	-1.5
лицарство	1.5
лицарський	1.5
лицемірство	-1.5
лопата	-1.5
лояльний	1.5
лояльність	1.5
люб'язно	1.5
любив	-1.5
любитель	1.5
любити	1.5
любить	1.5
любов	1.5
люк	-1.5
лютий	-1.5
люто	-1.5
лють	-1.5
лягти	-1.5
лякати	-1.5
ляльки	-1.5
ляльковий	-1.5
ліжко	-1.5
ліквідація	-1.5
лікування	1.5
лікувати	1.5
ліміт	-1.5
лінивець	-1.5
лінь	-1.5
ліричний	1.5
м'який	1.5
м'яко	1.5
м'які	1.5
м'якість	1.5
мабуть	-1.5
магічний	1.5
магія	1.5
мазок	-1.5
майбутній	-1.5
майстер	1.5
майстерно	1.5
майстерні	1.5
майстерність	1.5
майстрів	1.5
мальовничий	1.5
мандрівний	-1.5
маневрений	1.5
маніпулювати	-1.5
маніпуляція	-1.5
маніяк	-1.5
марення	-1.5
марна	-1.5
марним	-1.5
марно	-1.5
марнославство	-1.5
марність	-1.5
мерехтіння	-1.5
мертвий	-1.5
механік	1.5
милий	1.5
милосердя	1.5
мимоволі	-1.5
минуле	-1.5
минулий	-1.5
мир	1.5
мирний	1.5
мирно	1.5
миротворці	1.5
мирської	-1.5
могутній	1.5
модний	1.5
можливий	1.5
можливості	1.5
можливість	1.5
мокрий	-1.5
молодий	1.5
молоти	-1.5
монстр	-1.5
монументальний	1.5
мораль	1.5
мороз	-1.5
морок	-1.5
мотивовані	1.5
моторний	1.5
мстити	-1.5
мудрий	1.5
мудро	1.5
мудрість	1.5
мужньо	1.5
мужній	1.5
мужність	1.5
мука	-1.5
мучеництво	-1.5
мучити	-1.5
мідний	-1.5
мілководдя	-1.5
мінус	-1.5
мінуси	-1.5
мінімально	-1.5
міркувати	1.5
міс	-1.5
містифікація	-1.5
міф	-1.5
міцний	1.5
міцніше	1.5
мішаний	-1.5
мішок	-1.5
набирає	1.5
набряк	-1.5
набутий	1.5
навмання	-1.5
навчати	1.5
нагляд	-1.5
нагорода	1.5
нагороджений	1.5
нагородження	1.5
нагороджувати	1.5
нагороди	1.5
надавати	1.5
надзвичайний	1.5
надзвичайно	1.5
надихати	1.5
надлишковий	-1.5
надлишок	-1.5
надмірний	-1.5
надмірно	-1.5
надмірність	-1.5
надійний	1.5
надійно	1.5
надійність	1.5
назад	-1.5
наздогнати	1.5
найбільший	1.5
найвищий	1.5
найгостріших	1.5
найгірше	-1.5
найгірший	-1.5
найдешевший	1.5
найкраще	1.5
найкращий	1.5
найперший	1.5
найпростіший	1.5
найсильніший	1.5
найчистіших	1.5
накладати	-1.5
накладення	-1.5
наклеп	-1.5
належний	1.5
наляканий	-1.5
налякати	-1.5
наносити	-1.5
напад	-1.5
нападки	-1.5
наповнювати	-1.5
напоготові	1.5
наполегливо	-1.5
направо	1.5
напруга	-1.5
напружений	-1.5
напруження	-1.5
напруженість	-1.5
наркоманів	-1.5
насамперед	1.5
насилу	-1.5
насолоджуватися	1.5
наступ	-1.5
наступний	1.5
натиск	-1.5
наткнувся	-1.5
натрапила	-1.5
натхнення	1.5
натягнутий	-1.5
нацизм	-1.5
начальник	1.5
наївний	-1.5
наївно	-1.5
неадекватно	-1.5
неактивний	-1.5
небажаний	-1.5
небажання	-1.5
небезпека	-1.5
небезпечний	-1.5
небезпечність	-1.5
небеса	1.5
небесний	1.5
неблагонадійність	-1.5
небо	1.5
невдалий	-1.5
невдаха	-1.5
невдача	-1.5
невдачі	-1.5
невдоволений	-1.5
невдоволення	-1.5
невеликий	-1.5
невигідний	-1.5
невидимий	-1.5
невизначена	-1.5
невизначений	-1.5
невизначеність	-1.5
невміння	-1.5
невігластво	-1.5
невідоме	-1.5
невідомий	-1.5
невідповідності	-1.5
невідповідність	-1.5
невірний	-1.5
невірних	-1.5
невірно	-1.5
негайно	1.5
негативний	-1.5
негативів	-1.5
неглибокий	-1.5
недбалість	-1.5
недобре	-1.5
недовіра	-1.5
недовіру	-1.5
недолік	-1.5
недоліки	-1.5
недоречно	-1.5
недорогий	1.5
недосвідченість	-1.5
недосконалий	-1.5
недосконалість	-1.5
недостатньо	-1.5
недостатня	-1.5
недостатній	-1.5
недостатність	-1.5
недоступний	-1.5
неефективність	-1.5
незабутній	1.5
незадоволений	-1.5
незадоволення	-1.5
незадоволеність	-1.5
незадовільний	-1.5
незаконний	-1.5
незаконно	-1.5
незакінчений	-1.5
незамінний	1.5
незаперечний	1.5
незважаючи	-1.5
незвичайний	-1.5
незвичайно	1.5
незвичний	-1.5
незвично	-1.5
незгода	-1.5
незгоду	-1.5
незграбний	-1.5
нездатний	-1.5
нездатність	-1.5
нездужання	-1.5
незнайомець	-1.5
незнання	-1.5
незначний	-1.5
незрозумілий	-1.5
незручний	-1.5
незручно	-1.5
незручність	-1.5
неймовірно	1.5
некомпетентність	-1.5
неконтрольований	-1.5
немилість	-1.5
неминуче	-1.5
неминучий	-1.5
неможливе	-1.5
неможливий	-1.5
неможливо	-1.5
ненавидить	-1.5
ненавидіти	-1.5
ненависть	-1.5
ненавмисно	-1.5
ненадійність	-1.5
неначе	1.5
необмежений	1.5
неохоче	-1.5
непарний	-1.5
неперевершений	1.5
непереможний	1.5
неповагу	-1.5
неповний	-1.5
неповноцінності	-1.5
непокору	-1.5
непомітний	-1.5
непоправної	-1.5
непопулярний	-1.5
непорозуміння	-1.5
непослух	-1.5
непослідовність	-1.5
непостійний	-1.5
непотрібний	-1.5
неправильний	-1.5
неправильно	-1.5
непридатний	-1.5
неприязнь	-1.5
неприязні	-1.5
неприємний	-1.5
неприємності	-1.5
неприємність	-1.5
непрохідність	-1.5
нервовий	-1.5
нервово	-1.5
нерегулярний	-1.5
нерозривно	-1.5
нерозумно	-1.5
нерухомий	-1.5
нерівний	-1.5
нерівномірність	-1.5
нерівності	-1.5
нерівність	-1.5
нерішучість	-1.5
несамовито	-1.5
нескладних	1.5
несподіваний	-1.5
несподівано	-1.5
неспокій	-1.5
неспокійний	-1.5
неспокійно	-1.5
несправедливий	-1.5
несправедливо	-1.5
несправедливість	-1.5
несправностей	-1.5
несприятливий	-1.5
неспроможний	-1.5
неспроможність	-1.5
нестабільність	-1.5
нестаціонарних	-1.5
нестача	-1.5
нестійкий	-1.5
несумісність	-1.5
несхвалення	-1.5
нетерпимість	-1.5
неточно	-1.5
неточності	-1.5
неточність	-1.5
нехтування	-1.5
нехтувати	-1.5
нечисленність	-1.5
нещадно	-1.5
нещасний	-1.5
нещастя	-1.5
неіснуючий	-1.5
нижній	-1.5
нижчий	-1.5
низько	-1.5
нищити	-1.5
новаторський	1.5
новаторським	1.5
новачок	1.5
новий	1.5
новинка	1.5
нововведення	1.5
нормальний	1.5
носити	-1.5
нудьга	-1.5
нюх	-1.5
ніж	-1.5
ніжний	1.5
ніжно	1.5
ніжність	-1.5
німий	-1.5
оазис	1.5
об'єкт	-1.5
обговорювати	-1.5
обгрунтовано	1.5
обдарований	1.5
обдурити	1.5
обережний	-1.5
облога	-1.5
обман	-1.5
обмежений	-1.5
обмеження	-1.5
обмежувати	-1.5
оборонний	-1.5
ображати	-1.5
ображений	-1.5
образа	-1.5
образи	-1.5
образити	-1.5
образливий	-1.5
образний	1.5
обурений	-1.5
обурення	-1.5
обурені	-1.5
обігнала	1.5
обіймати	1.5
обійми	1.5
обійняти	1.5
обіцянка	1.5
обіцянку	1.5
обіцяє	1.5
огляд	-1.5
одержимо	-1.5
одинак	-1.5
одкровення	1.5
однозначно	1.5
одноманітний	-1.5
одноманітність	-1.5
одужання	1.5
ознаки	1.5
оману	-1.5
оновлений	1.5
оновленим	1.5
оновлення	1.5
оновлено	1.5
опади	-1.5
опановувати	1.5
оперативно	1.5
оподаткування	-1.5
опозиція	-1.5
опонент	-1.5
опори	1.5
оптимальний	1.5
оптимізм	1.5
оптимістичний	1.5
опускатися	-1.5
опік	-1.5
опіки	-1.5
опір	-1.5
орда	-1.5
оригінальний	1.5
оригінальність	1.5
орієнтовно	-1.5
осад	-1.5
освіта	1.5
освічений	1.5
оскарження	1.5
оскаржити	1.5
основа	1.5
основний	1.5
осторонь	-1.5
острівний	-1.5
острівної	-1.5
осуд	-1.5
осушення	-1.5
осідати	-1.5
отворів	-1.5
отвір	-1.5
отримала	1.5
отримувати	1.5
отруйний	-1.5
отрута	-1.5
отруїти	-1.5
охолодити	-1.5
охорона	1.5
охоче	1.5
охочі	1.5
оцінений	1.5
оцінили	1.5
очевидно	1.5
очистити	1.5
очищати	1.5
очищає	1.5
очищена	1.5
очищений	-1.5
очищені	-1.5
п'яниця	-1.5
падати	-1.5
падіння	-1.5
палацовий	1.5
палити	-1.5
палкий	1.5
палко	1.5
пам'ятний	1.5
панк	-1.5
панорамний	1.5
панування	1.5
паніка	-1.5
парадний	1.5
парадоксально	-1.5
паразит	-1.5
паралізований	-1.5
параноя	-1.5
пародія	-1.5
партер	-1.5
партизан	-1.5
партизани	-1.5
партизанський	-1.5
пасивний	-1.5
пастка	-1.5
пастці	-1.5
патріот	1.5
патріотичний	1.5
пахне	-1.5
пацієнт	1.5
пекло	-1.5
пекучий	-1.5
пенальті	-1.5
перебільшення	-1.5
перевага	1.5
переваги	1.5
перевагу	1.5
переважний	1.5
переважно	1.5
перевантажені	-1.5
перевернути	-1.5
перевершили	1.5
перевершити	1.5
перевершує	1.5
перевищувати	1.5
перевищує	1.5
переворот	-1.5
перегрів	-1.5
передбачення	1.5
передовий	1.5
передчуття	-1.5
перекидання	-1.5
перекидати	-1.5
перекинути	-1.5
перекинутий	-1.5
переконливий	1.5
переконливо	1.5
перекручення	-1.5
перелом	-1.5
перемагати	1.5
перемога	1.5
перемоги	1.5
перемогти	-1.5
переможений	1.5
переможець	1.5
переможний	1.5
переможно	1.5
перемігши	1.5
переміщений	-1.5
переповнений	-1.5
переполох	-1.5
перепочинок	1.5
перепрошую	-1.5
перерв	-1.5
перерва	-1.5
перерви	-1.5
перерву	-1.5
переривання	-1.5
переривати	-1.5
переслідування	-1.5
переслідуванням	-1.5
переслідувати	-1.5
переслідує	-1.5
перетворений	1.5
перетягування	-1.5
переховуються	-1.5
перешкода	-1.5
перешкоджати	-1.5
перешкоджає	-1.5
перешкоди	-1.5
перлина	1.5
персик	1.5
персонаж	1.5
персонажі	1.5
перспективний	1.5
перший	1.5
песимізм	-1.5
печаль	-1.5
печера	-1.5
пил	-1.5
пильний	1.5
пильність	1.5
писк	-1.5
питання	-1.5
пишатися	1.5
пишний	1.5
пишно	1.5
пишність	1.5
плавний	1.5
плавно	1.5
плавучий	1.5
плазуни	-1.5
плакати	-1.5
плач	-1.5
плебейський	-1.5
плекав	1.5
плекати	1.5
плутанина	-1.5
плутанини	-1.5
плутати	-1.5
пляма	-1.5
плямистий	-1.5
плідний	1.5
плітки	-1.5
пні	-1.5
побитий	-1.5
побиття	-1.5
побожний	1.5
побоювання	-1.5
побоюється	-1.5
побічний	-1.5
повага	1.5
повагу	1.5
поважати	1.5
поважний	1.5
повалення	-1.5
повернення	1.5
повертатися	-1.5
поверхневий	-1.5
поверхнево	-1.5
поверховий	-1.5
поверхово	-1.5
поверхові	-1.5
повзучий	-1.5
повороти	-1.5
повстання	-1.5
повстанський	-1.5
повстати	-1.5
повторюваних	-1.5
повчання	-1.5
повільний	-1.5
повільно	-1.5
повільніше	-1.5
повір'я	-1.5
повія	-1.5
поганий	-1.5
погано	-1.5
поглиблювати	-1.5
поглинати	-1.5
пограбувати	-1.5
погрожувати	-1.5
погіршення	-1.5
погіршуватися	-1.5
податкові	-1.5
подзвонити	-1.5
подив	1.5
подразник	-1.5
подрібнений	-1.5
подяка	1.5
подяку	1.5
подякувати	1.5
подібний	1.5
подібно	1.5
поетичний	1.5
позбавлений	-1.5
позбавлення	-1.5
позбавлені	-1.5
позбавляти	-1.5
позбутися	-1.5
позитивний	1.5
позитивно	1.5
покарати	-1.5
покидати	-1.5
покинутий	-1.5
поклоняється	1.5
покращений	1.5
покращує	1.5
полегшення	1.5
полегшили	1.5
полегшує	1.5
положення	-1.5
поляризація	-1.5
поліпшений	1.5
поліпшення	1.5
поліпшень	1.5
поліпшувати	1.5
помер	-1.5
померлий	-1.5
померти	-1.5
помилка	-1.5
помилки	-1.5
помилковий	-1.5
помилково	-1.5
помилування	1.5
помилувати	1.5
помилятися	-1.5
помста	-1.5
помірний	-1.5
попереджати	-1.5
попередження	-1.5
попередили	-1.5
попередній	-1.5
популярний	1.5
популярність	1.5
попурі	-1.5
поразка	1.5
поразок	1.5
поранення	-1.5
поранити	-1.5
порожнеча	-1.5
порожнистий	-1.5
порожній	-1.5
порок	-1.5
портативний	1.5
порушений	-1.5
порушення	-1.5
порушень	-1.5
порушник	-1.5
порушників	-1.5
порушуючи	-1.5
порядність	1.5
порівну	1.5
поріг	1.5
посередньо	1.5
посередній	-1.5
посилення	1.5
посилювати	-1.5
послаблення	-1.5
послідовний	1.5
послідовно	1.5
послідовність	1.5
посміхається	1.5
посмішка	1.5
поспішно	-1.5
поступатися	-1.5
поступився	-1.5
поступки	-1.5
посуха	-1.5
посягання	-1.5
потайний	-1.5
потерпілий	-1.5
потоп	-1.5
потужно	1.5
потік	-1.5
похвала	1.5
похилий	-1.5
похмурий	-1.5
почесний	1.5
почистити	1.5
почитати	1.5
пошкоджена	-1.5
пошкоджений	-1.5
пошкодження	-1.5
пошкоджувати	-1.5
пошкодити	-1.5
правдивий	1.5
правдиво	1.5
правдивість	1.5
правдоподібно	1.5
праведний	1.5
праведність	1.5
правий	1.5
правильний	1.5
правильно	1.5
право	1.5
правопорушення	-1.5
прагнення	1.5
прагнень	1.5
прагнути	1.5
працьовитий	1.5
працював	1.5
працювати	1.5
праця	1.5
предмет	-1.5
презирство	-1.5
прекрасний	1.5
прем'єр	1.5
престиж	1.5
престижний	1.5
прибирати	1.5
приборкання	-1.5
прибутковий	1.5
прибуток	1.5
привабливий	1.5
приваблювати	-1.5
привілей	1.5
привілейований	1.5
привітати	1.5
привітний	1.5
пригнічений	-1.5
пригнічення	-1.5
пригнічувати	-1.5
пригнічує	-1.5
приголомшений	-1.5
приголомшливий	1.5
приготування	1.5
придатний	1.5
придушення	-1.5
придушити	-1.5
придушувати	-1.5
приз	1.5
призвело	1.5
призводить	1.5
прийом	1.5
прикрасити	1.5
прикрашати	1.5
прикрий	-1.5
прикриття	1.5
прикро	-1.5
примирення	1.5
примирити	1.5
примус	-1.5
примусовий	-1.5
примушувати	-1.5
примітивний	-1.5
приниження	-1.5
принизити	-1.5
принциповий	1.5
припинений	-1.5
припиняти	-1.5
приписувати	-1.5
приречений	-1.5
приреченість	-1.5
присвячений	1.5
присвячених	1.5
прискорювати	-1.5
присмак	-1.5
пристойний	1.5
пристрасний	1.5
пристрасть	1.5
присудження	1.5
притока	1.5
притягнення	1.5
прихильник	1.5
прихильники	1.5
прихильність	1.5
прихована	-1.5
прихований	-1.5
приховування	-1.5
прищеплювати	-1.5
приємний	1.5
приємно	1.5
проба	1.5
пробачити	-1.5
пробивати	-1.5
проблема	-1.5
проблеми	-1.5
проблемних	-1.5
провал	-1.5
провидіння	1.5
провина	-1.5
проводити	1.5
провокація	-1.5
провокувати	-1.5
провідний	1.5
проголошений	1.5
програвши	-1.5
програш	-1.5
прогрес	1.5
прогресивний	1.5
прогресувати	1.5
продуктивний	1.5
продуктивно	1.5
прозорий	1.5
проклятий	-1.5
прокляття	-1.5
промах	-1.5
промахів	-1.5
проміжок	-1.5
проникливий	1.5
пропаганда	-1.5
пропускати	-1.5
пропускає	-1.5
пропустив	-1.5
пропустити	-1.5
прорив	1.5
проривів	1.5
просвітлення	1.5
просити	-1.5
прославлений	1.5
простий	1.5
просторий	1.5
простота	1.5
протест	-1.5
протести	-1.5
протестувати	-1.5
противник	-1.5
протидіяти	-1.5
протиріччя	-1.5
протистояти	-1.5
професіонал	1.5
прохолодний	1.5
прохолодно	1.5
процвітання	1.5
процвітати	1.5
прощення	1.5
пружний	1.5
прямо	1.5
прірву	-1.5
психоз	-1.5
псування	-1.5
псувати	-1.5
псує	-1.5
пустельний	-1.5
пустеля	-1.5
пустир	-1.5
пухлина	-1.5
пюре	-1.5
підбурювання	-1.5
підвищення	1.5
підвищувати	1.5
підвищує	1.5
піддавати	-1.5
піддаватися	-1.5
піддається	1.5
підземелля	-1.5
підйом	1.5
підйому	1.5
підкорений	-1.5
підкорення	-1.5
підкреслювати	-1.5
підкреслює	-1.5
підлеглий	-1.5
підлеглих	-1.5
піднесений	1.5
піднесення	1.5
підняття	1.5
підозра	-1.5
підозри	-1.5
підозрювати	-1.5
підозріло	-1.5
підпорядкування	-1.5
підпорядкувати	-1.5
підрив	-1.5
підриває	-1.5
підробка	-1.5
підробляти	-1.5
підступний	-1.5
підтвердження	1.5
підтверджувати	1.5
підтекст	-1.5
підтриманий	1.5
підтримка	1.5
підтримувати	1.5
підтримуючий	1.5
підтримується	-1.5
підірваний	-1.5
пікет	-1.5
пікети	-1.5
піна	-1.5
піст	1.5
піхву	-1.5
піщаний	-1.5
раб	-1.5
раби	-1.5
рабиня	-1.5
рабство	-1.5
рада	1.5
радий	1.5
радикал	-1.5
радикальний	-1.5
радикально	-1.5
радикалів	-1.5
радує	1.5
радісний	1.5
радісно	1.5
радість	1.5
радіти	1.5
разюче	1.5
рай	1.5
рак	-1.5
раковина	-1.5
рамки	-1.5
рана	-1.5
рани	-1.5
раптом	-1.5
расизм	-1.5
раціональний	1.5
реабілітувати	1.5
реакційний	-1.5
реальний	1.5
реалістичний	1.5
ревнощі	-1.5
революційний	1.5
революціонер	1.5
регресія	-1.5
регульований	1.5
резервуар	-1.5
рейка	-1.5
рейок	-1.5
рекламувати	-1.5
рекламує	-1.5
рекомендація	1.5
рекомендації	1.5
рекомендований	1.5
рекомендувати	1.5
рельєф	1.5
рельєфний	1.5
ренесанс	1.5
реорганізація	1.5
репутація	1.5
реструктуризація	1.5
ретельний	1.5
ретельно	1.5
реформ	1.5
реформа	1.5
реформування	1.5
реформувати	1.5
рецидив	-1.5
решітка	-1.5
ривок	-1.5
ризик	-1.5
ризики	-1.5
ризикований	-1.5
ризикувати	-1.5
рити	-1.5
риторика	-1.5
робити	1.5
робота	1.5
родючий	1.5
рожевий	1.5
розбивати	-1.5
розбився	-1.5
розбити	-1.5
розбрат	-1.5
розбіжність	-1.5
розв'язати	-1.5
розв'язувати	-1.5
розвага	1.5
розважальний	1.5
розважати	1.5
розвал	-1.5
розглядати	1.5
розгніваний	-1.5
розгром	-1.5
розгромити	-1.5
роздратування	-1.5
розділяє	-1.5
розжарювання	1.5
розкладатися	-1.5
розкол	-1.5
розкрадання	-1.5
розкіш	1.5
розкішний	1.5
розлад	-1.5
розлючений	-1.5
розорений	-1.5
розорення	-1.5
розпався	-1.5
розпад	-1.5
розпадатися	-1.5
розпадається	-1.5
розпач	-1.5
розплавлення	-1.5
розподіл	-1.5
розрив	-1.5
розривати	-1.5
розруха	-1.5
розріджений	-1.5
розрізнення	1.5
розсудливість	1.5
розтин	-1.5
розумний	1.5
розумно	1.5
розходитися	-1.5
розходиться	-1.5
розчарований	-1.5
розчарувавшись	-1.5
розчарування	-1.5
розчарувань	-1.5
розчинення	-1.5
розширення	1.5
розщеплення	-1.5
розірвав	-1.5
розірваний	-1.5
романтик	1.5
романтичний	1.5
романтично	1.5
рояль	1.5
рубати	-1.5
рубець	-1.5
руйнування	-1.5
руйнувати	-1.5
руйнуватися	-1.5
руйнівний	-1.5
руйнівник	-1.5
рухливий	1.5
руїни	-1.5
рясний	1.5
рясно	1.5
рясніє	1.5
рівновага	1.5
рівномірно	1.5
різанина	-1.5
різкий	-1.5
різко	-1.5
різноманітний	1.5
різноманітність	1.5
різня	-1.5
саботаж	-1.5
саван	-1.5
салют	1.5
саме	-1.5
самогубство	-1.5
самотньо	-1.5
самотній	-1.5
самотність	-1.5
санітар	1.5
сатиричний	-1.5
сваволю	-1.5
сварка	-1.5
сварки	-1.5
свербіж	-1.5
свиней	-1.5
свинець	1.5
свиня	-1.5
свобод	1.5
свобода	1.5
своєрідний	-1.5
своєчасно	1.5
свята	1.5
святий	1.5
святиня	1.5
святковий	1.5
святкування	1.5
святкувати	1.5
священний	1.5
священних	1.5
свіже	1.5
свіжий	1.5
світ	1.5
світанок	1.5
світитися	1.5
світиться	1.5
світський	-1.5
світіння	1.5
сейф	1.5
сексуальний	1.5
серйозний	1.5
серйозність	-1.5
серцево	1.5
сидячий	-1.5
сильний	1.5
сильніше	1.5
сильніший	1.5
симпатичний	1.5
симпатія	1.5
симптом	-1.5
симптоми	-1.5
синдром	-1.5
сирота	-1.5
сирої	-1.5
скам'янілі	-1.5
скандал	-1.5
скандали	-1.5
скандальний	-1.5
скарб	1.5
скарга	-1.5
скарги	-1.5
скаржився	-1.5
скаржитися	-1.5
скаржиться	-1.5
скасовувати	-1.5
сквош	-1.5
скелет	-1.5
скелети	-1.5
скелястий	-1.5
скептицизм	-1.5
скидали	-1.5
скидати	-1.5
скинути	-1.5
складної	-1.5
скорбота	-1.5
скорочуватися	-1.5
скромний	1.5
скромність	1.5
скрутний	-1.5
скупчення	-1.5
слабкий	-1.5
слабкі	-1.5
слабкість	-1.5
слабшати	-1.5
слава	1.5
славетний	1.5
славний	1.5
слиз	-1.5
слуга	-1.5
слух	-1.5
сліпий	-1.5
смак	1.5
смачний	1.5
смердючий	-1.5
смертельний	-1.5
смертельно	-1.5
смертний	-1.5
смерть	-1.5
сморід	-1.5
смуток	-1.5
сміливий	1.5
сміливо	1.5
сміливість	1.5
смітник	-1.5
сміття	-1.5
смішний	-1.5
смішно	-1.5
сокира	-1.5
сокиру	-1.5
солодке	1.5
солодкий	1.5
солодко	1.5
солідарність	1.5
сонячний	1.5
сором	-1.5
сорт	1.5
спад	-1.5
спалах	-1.5
спалаху	-1.5
спалахів	-1.5
спалили	-1.5
спалити	-1.5
спалювання	-1.5
сперечатися	-1.5
спиратися	1.5
сповідувати	-1.5
сповідь	-1.5
сподобалося	1.5
сподобатися	1.5
спокуса	-1.5
спокутувати	1.5
спокій	1.5
спокійний	1.5
сполох	-1.5
спонтанний	1.5
спонукати	1.5
спортивний	1.5
спорідненість	1.5
спотворений	-1.5
спотворення	-1.5
спотворені	-1.5
спотворює	-1.5
спотикання	-1.5
справедливий	1.5
справедливо	1.5
справедливість	1.5
справжній	1.5
спрага	-1.5
спритний	1.5
спритність	1.5
сприяння	1.5
сприяти	1.5
сприятливий	1.5
спроба	-1.5
спровокувати	-1.5
спростити	1.5
спростовує	-1.5
спростування	-1.5
спрощений	1.5
спрощення	1.5
спрощує	1.5
спуск	-1.5
спустошений	-1.5
спустошення	-1.5
спустошувати	-1.5
співпереживання	1.5
співчуття	1.5
спільно	1.5
спір	-1.5
спірний	-1.5
спішно	-1.5
стабільний	1.5
стабільність	1.5
стабілізувати	1.5
стайня	1.5
сталого	1.5
становище	-1.5
старанно	1.5
старанність	1.5
статичний	-1.5
стереотип	-1.5
стикатися	-1.5
стильний	1.5
стилізований	1.5
стимулювати	1.5
стимулює	1.5
стиснутий	-1.5
сторонній	-1.5
стосуватися	-1.5
страждання	-1.5
страждати	-1.5
страждає	-1.5
страйк	-1.5
страх	-1.5
страхи	-1.5
страхування	1.5
страшний	-1.5
страшно	-1.5
стрес	-1.5
стриманий	-1.5
стримування	-1.5
стримувати	-1.5
строгий	-1.5
строго	-1.5
строкатий	-1.5
струмінь	1.5
струс	-1.5
стурбований	-1.5
стійка	-1.5
стійкий	1.5
стійко	1.5
стійкість	1.5
суворий	-1.5
суворо	-1.5
суворість	-1.5
судноплавний	1.5
сумлінну	1.5
сумний	-1.5
сумно	-1.5
сумнів	-1.5
сумніватися	-1.5
сумніви	-1.5
сумнівний	-1.5
сумнівів	-1.5
сумісний	1.5
супер	1.5
суперечили	-1.5
суперечити	-1.5
суперечка	-1.5
суперечливий	-1.5
суперник	-1.5
суперництво	-1.5
супротивник	-1.5
сутичка	-1.5
сучасний	1.5
схвалення	1.5
схвалив	1.5
схвалює	1.5
схильний	-1.5
схильність	-1.5
сховати	-1.5
сценічний	1.5
сюжет	-1.5
сяйво	1.5
сік	-1.5
сірий	-1.5
сіють	-1.5
сіяти	-1.5
табу	-1.5
талановитий	1.5
талант	1.5
таланти	1.5
танк	-1.5
танковий	-1.5
танків	-1.5
таємний	-1.5
таємниця	-1.5
таємничий	-1.5
тварина	-1.5
твердий	1.5
твердо	1.5
тверезий	-1.5
творчий	1.5
твіст	-1.5
текти	-1.5
темний	-1.5
темніше	-1.5
температура	-1.5
темрява	-1.5
тендер	1.5
тепло	1.5
тепліший	1.5
терор	-1.5
тероризм	-1.5
терпкий	-1.5
терпляче	1.5
терпіння	1.5
тертя	-1.5
тиран	-1.5
тиранія	-1.5
тихий	1.5
товариська	1.5
товариський	1.5
товстий	-1.5
товщі	-1.5
токсичний	-1.5
тому	-1.5
тонкий	1.5
тонко	1.5
тонкі	1.5
топ	1.5
топити	-1.5
торжество	1.5
тортурам	-1.5
тортури	-1.5
тоталітарний	-1.5
точний	1.5
точно	1.5
травма	-1.5
травмований	-1.5
травмувати	-1.5
трагедія	-1.5
трагічний	-1.5
трагічно	-1.5
траплятися	1.5
тремтіння	-1.5
тривалий	-1.5
тривога	-1.5
тривожний	-1.5
тривіально	1.5
триматися	1.5
трофей	1.5
труба	1.5
труднощі	-1.5
трюк	-1.5
трійка	-1.5
тріумф	1.5
тріумфальний	1.5
тріщин	-1.5
тріщина	-1.5
тріщини	-1.5
туга	-1.5
туман	-1.5
тупий	-1.5
тупик	-1.5
тупі	-1.5
турбот	-1.5
турбувати	-1.5
турбуватися	-1.5
турбуючись	-1.5
турбує	-1.5
тюремний	-1.5
тяга	1.5
тягар	-1.5
тягли	-1.5
тягне	-1.5
тяжкий	-1.5
тяжіння	1.5
тікати	-1.5
тіло	1.5
убезпечити	1.5
убивати	-1.5
убивця	-1.5
ув'язнення	-1.5
увага	1.5
уважний	1.5
увертюра	1.5
угода	1.5
удар	-1.5
ударний	-1.5
удача	1.5
удосконалювати	1.5
удушення	-1.5
узвіз	-1.5
узгодженість	1.5
узгодити	1.5
узурпатор	-1.5
укладений	-1.5
укол	-1.5
ультиматум	-1.5
улюблений	1.5
униз	-1.5
уникали	-1.5
уникати	-1.5
універсальний	1.5
універсальність	1.5
упевнений	1.5
упередження	-1.5
упередженість	-1.5
упорядкований	1.5
ура	1.5
уразливий	-1.5
урочистий	-1.5
ускладнення	-1.5
успіх	1.5
успіхи	1.5
успішний	1.5
успішно	1.5
усунення	-1.5
утримувати	-1.5
утруднення	-1.5
ухилення	-1.5
ухилятися	-1.5
ушкодження	-1.5
уявний	-1.5
фаворит	1.5
фактично	1.5
фальш	-1.5
фальшивий	-1.5
фанатизм	-1.5
фанатик	-1.5
фанатиків	-1.5
фантазія	1.5
фантастичний	1.5
фарс	-1.5
фартух	-1.5
фатальний	-1.5
фашизм	-1.5
фашист	-1.5
фашистський	-1.5
фокус	1.5
фон	1.5
фундаменталізм	-1.5
фурор	-1.5
футуристичний	1.5
фіаско	-1.5
фіктивний	-1.5
хабарництво	-1.5
хаос	-1.5
хаотичний	-1.5
характерний	1.5
харизматичний	1.5
харчування	1.5
хвала	1.5
хворий	-1.5
хвороба	-1.5
хворобливий	-1.5
хворіти	-1.5
хибно	-1.5
хижий	-1.5
хитрий	-1.5
хитрість	-1.5
хмара	-1.5
хмарний	-1.5
хмиз	-1.5
ховатися	-1.5
холод	-1.5
холодний	-1.5
холодно	-1.5
хоробрий	1.5
хоробрість	1.5
хороший	1.5
хребет	1.5
хронічний	-1.5
хуліган	-1.5
хуліганів	-1.5
цвісти	1.5
цвіт	1.5
цинізм	-1.5
цнотливість	1.5
цікавий	1.5
цікавитися	1.5
цілеспрямований	1.5
цілковито	1.5
цілком	1.5
цінний	1.5
цінність	1.5
цінувати	1.5
цінує	1.5
чаклунство	1.5
чарівний	1.5
чарівність	1.5
час	-1.5
чвар	-1.5
чвари	-1.5
чемпіон	1.5
черешня	1.5
чесний	1.5
чесно	1.5
чеснота	1.5
чесність	1.5
честь	1.5
чистий	1.5
чистити	1.5
чисто	1.5
чистота	1.5
чорт	-1.5
чортів	-1.5
чудеса	1.5
чудесний	1.5
чудо	1.5
чудовий	1.5
чудово	1.5
чудотворний	1.5
чума	-1.5
чутка	-1.5
чутки	-1.5
чутливий	1.5
чуття	-1.5
чіпкий	1.5
чітке	1.5
чіткий	1.5
чітко	1.5
шалений	-1.5
шалено	-1.5
шанобливо	1.5
шанований	1.5
шановний	1.5
шантаж	-1.5
шанувальник	1.5
шанувати	1.5
шахрай	-1.5
шахрайства	-1.5
шахрайство	-1.5
шахраї	-1.5
швидкий	1.5
швидко	1.5
швидше	1.5
шедевр	1.5
шедеври	1.5
шипіння	-1.5
шишки	-1.5
шкода	-1.5
шкоди	-1.5
шкодити	-1.5
шкоду	-1.5
шкідливий	-1.5
шкідливо	-1.5
шкідник	-1.5
шок	-1.5
шрам	-1.5
шрами	-1.5
штурмовий	-1.5
шум	-1.5
шуми	-1.5
щасливий	1.5
щасливо	1.5
щастя	1.5
щедрий	1.5
щедро	1.5
щедрість	1.5
щеплення	-1.5
щирий	1.5
щиро	1.5
щирість	1.5
щосили	-1.5
щільний	-1.5
явний	-1.5
язичницький	-1.5
як	1.5
янгол	1.5
ярмарок	1.5
яскравий	1.5
яскраво	1.5
яскраві	1.5
яскравіше	1.5
ясний	1.5
ясно	1.5
ясність	1.5
єдність	1.5
єресь	-1.5
єретик	-1.5
ігнорування	-1.5
ігнорувати	-1.5
ідеал	1.5
ідеальний	1.5
ідеально	1.5
ідол	1.5
ізольований	-1.5
ізолювати	-1.5
ізоляція	-1.5
ілюзія	-1.5
ілюзії	-1.5
іменник	1.5
імпеданс	-1.5
інвалід	-1.5
інгібування	-1.5
індивідуально	1.5
інноваційний	1.5
інструментальний	1.5
інтеграл	1.5
інтегральний	1.5
інтегрований	1.5
інтелект	1.5
інтелектуальний	1.5
інтенсивний	-1.5
інтереси	1.5
інтимний	1.5
інтрига	1.5
інтуїтивний	1.5
інфекцій	-1.5
інфекція	-1.5
іронічний	-1.5
іронія	-1.5
істерія	-1.5
істотний	1.5
їдалень	-1.5
їдкий	-1.5
